report_month,sl_no,project_code,legacy_ocms_code,identifier_status,project_name,agency,ministry,sector,state,date_of_approval,start_date,original_doc,revised_doc,original_cost,revised_cost,expenditure,physical_progress,source_file,source_page,source_section,extraction_status
2025-06,1,,N04000073,ALTERNATE_IDENTIFIER,"CONSTRUCTION OF NEW INTEGRATED TERMINAL BUILDING AT VSI AIRPORT, PORTBLAIR",AAI,,CIVIL AVIATION,Andaman and Nicobar Islands,10/2013,,09/2018,06/2023,417.23,707.73,698.8,100.0,QPISR_QR_1st_2025-26.pdf,59,Table 7: Project List: Ongoing Projects,SUCCESS
2025-06,2,,N22000584,ALTERNATE_IDENTIFIER,LUDHIANA KILA RAIPUR (19 KMS) WITH FREIGHT LINE AT GILL STATION ON LDH-JHL SECTION,NR,,RAILWAYS,Andaman and Nicobar Islands,03/2019,,03/2025,08/2025,235.72,,59.78,55.0,QPISR_QR_1st_2025-26.pdf,59,Table 7: Project List: Ongoing Projects,SUCCESS
2025-06,3,,N24002207,ALTERNATE_IDENTIFIER,MAJOR BRIDGE OVER MIDDLE STRAIT CREEK,NHIDCL,,ROAD TRANSPORT AND HIGHWAYS,Andaman and Nicobar Islands,12/2024,,02/2026,,371.8,207.99,,5.23,QPISR_QR_1st_2025-26.pdf,59,Table 7: Project List: Ongoing Projects,SUCCESS
2025-06,4,,N24002208,ALTERNATE_IDENTIFIER,PACKAGE-3A,NHIDCL,,ROAD TRANSPORT AND HIGHWAYS,Andaman and Nicobar Islands,02/2018,,09/2025,03/2024,207.54,154.01,16.21,39.27,QPISR_QR_1st_2025-26.pdf,59,Table 7: Project List: Ongoing Projects,SUCCESS
2025-06,5,,N24002209,ALTERNATE_IDENTIFIER,PACKAGE-3B,NHIDCL,,ROAD TRANSPORT AND HIGHWAYS,Andaman and Nicobar Islands,02/2018,,11/2025,,183.47,,18.36,34.01,QPISR_QR_1st_2025-26.pdf,59,Table 7: Project List: Ongoing Projects,SUCCESS
2025-06,6,,N24000745,ALTERNATE_IDENTIFIER,"2 LANE WITH HARD SHOLDER , REHABILITATION AND UP GRADATION OF SECTION FROM KM 242.0 TO KM 298.0 OF N",NHIDCL,,ROAD TRANSPORT AND HIGHWAYS,Andaman and Nicobar Islands,03/2017,,12/2019,03/2023,409.85,,214.23,95.23,QPISR_QR_1st_2025-26.pdf,59,Table 7: Project List: Ongoing Projects,SUCCESS
2025-06,7,,N24000749,ALTERNATE_IDENTIFIER,REHABILITATION AND UP GRADATION OF SECTION FROM KM 206.00 TO KM 242.00 (NIMBUTALA TO AUSTIN CREEK) O,NHIDCL,,ROAD TRANSPORT AND HIGHWAYS,Andaman and Nicobar Islands,03/2018,,09/2020,11/2022,234.27,,126.5,83.0,QPISR_QR_1st_2025-26.pdf,59,Table 7: Project List: Ongoing Projects,SUCCESS
2025-06,8,,N24000820,ALTERNATE_IDENTIFIER,Rehabilitation and up gradation to 2 lane with paved shoulder configuration from existing km. 122.00,MoRTH,,ROAD TRANSPORT AND HIGHWAYS,Andaman and Nicobar Islands,11/2017,,11/2019,,237.8,,222.13,98.23,QPISR_QR_1st_2025-26.pdf,59,Table 7: Project List: Ongoing Projects,SUCCESS
2025-06,9,,N24000821,ALTERNATE_IDENTIFIER,RECONSTRUCTION WITH GEOMETRIC IMPROVEMENT OF EXISTING 2 LANE/INTERMEDIATE LANE TO 2LANE WITH PAVED S,MoRTH,,ROAD TRANSPORT AND HIGHWAYS,Andaman and Nicobar Islands,11/2017,,11/2019,,257.34,,214.9,100.0,QPISR_QR_1st_2025-26.pdf,59,Table 7: Project List: Ongoing Projects,SUCCESS
2025-06,10,,N24001008,ALTERNATE_IDENTIFIER,AJANTHA TO BULDHANA,MoRTH,,ROAD TRANSPORT AND HIGHWAYS,Andaman and Nicobar Islands,02/2017,,07/2019,,401.0,401.0,246.39,96.75,QPISR_QR_1st_2025-26.pdf,60,Table 7: Project List: Ongoing Projects,SUCCESS
2025-06,11,,N04000089,ALTERNATE_IDENTIFIER,EXT AND STR. OF EXISTING RUNWAY 08/26 AT TIRUPATI AIRPORT,AAI,,CIVIL AVIATION,Andhra Pradesh,08/2017,,02/2020,12/2021,177.1,,143.08,100.0,QPISR_QR_1st_2025-26.pdf,60,Table 7: Project List: Ongoing Projects,SUCCESS
2025-06,12,,N04000091,ALTERNATE_IDENTIFIER,C/O OF NITB AND ASSOCIATED WORK AT VIJAYAWADA AIRPORT,AAI,,CIVIL AVIATION,Andhra Pradesh,04/2020,,03/2023,08/2025,611.8,,449.66,75.25,QPISR_QR_1st_2025-26.pdf,60,Table 7: Project List: Ongoing Projects,SUCCESS
2025-06,13,,N04000103,ALTERNATE_IDENTIFIER,RAJAHMUNDRY AIRPORT: CONSTRUCTION OF NEW DOMESTIC TERMINAL BUILDING AND MISCELLANEOUS WORKS INCLUD,AAI,,CIVIL AVIATION,Andhra Pradesh,12/2022,,08/2025,,347.15,347.15,76.86,46.0,QPISR_QR_1st_2025-26.pdf,60,Table 7: Project List: Ongoing Projects,SUCCESS
2025-06,14,,N04000106,ALTERNATE_IDENTIFIER,KADAPPA AIRPORT- CONSTRUCTION OF NEW DOMESTIC TERMINAL BUILDING AND MISCELLANEOUS WORKS INCLUDING MA,AAI,,CIVIL AVIATION,Andhra Pradesh,03/2023,,01/2026,03/2026,265.91,265.91,39.54,29.0,QPISR_QR_1st_2025-26.pdf,60,Table 7: Project List: Ongoing Projects,SUCCESS
2025-06,15,,N42000005,ALTERNATE_IDENTIFIER,CONSTRUCTION OF PERMANENT CAMPUS FOR INDIAN INSTITUTE OF TECHNOLOGY TIRUPATI AT MERLAPAKA VILLAGE YE,CPWD EDUCATION,,DEPARTMENT OF HIGHER EDUCATION,Andhra Pradesh,02/2019,,06/2020,,655.34,,366.21,95.0,QPISR_QR_1st_2025-26.pdf,60,Table 7: Project List: Ongoing Projects,SUCCESS
2025-06,16,,N42000007,ALTERNATE_IDENTIFIER,"CONSTRUCTION OF PERMANENT CAMPUS FOR IISER AT JANGALAPALLI VILLAGE, YERPEDU MANDAL, CHITTOOR DISTRIC",CPWD EDUCATION,,DEPARTMENT OF HIGHER EDUCATION,Andhra Pradesh,09/2019,,09/2022,,588.72,656.39,630.55,100.0,QPISR_QR_1st_2025-26.pdf,60,Table 7: Project List: Ongoing Projects,SUCCESS
2025-06,17,,N16000247,ALTERNATE_IDENTIFIER,KG-DWN-98-2 CLUSTER II DEVELOPMENT PROJECT,ONGC,,DEPARTMENT OF HIGHER EDUCATION,Andhra Pradesh,03/2016,,06/2020,03/2025,34012.0,,33167.16,96.4,QPISR_QR_1st_2025-26.pdf,60,Table 7: Project List: Ongoing Projects,SUCCESS
2025-06,18,,N16000343,ALTERNATE_IDENTIFIER,REVAMPING OF FACILITIES AT VIZAG TERMINAL,IOCL,,DEPARTMENT OF HIGHER EDUCATION,Andhra Pradesh,04/2018,,04/2022,03/2025,355.0,,249.0,100.0,QPISR_QR_1st_2025-26.pdf,60,Table 7: Project List: Ongoing Projects,SUCCESS
2025-06,19,,N16000432,ALTERNATE_IDENTIFIER,HP CRUDE TO OLEFINS AND AROMATICS TECHNOLOGY DEMO UNIT AT VISAKH REFINERY,HPCL,,DEPARTMENT OF HIGHER EDUCATION,Andhra Pradesh,09/2021,,06/2024,03/2026,160.0,220.0,75.86,59.4,QPISR_QR_1st_2025-26.pdf,61,Table 7: Project List: Ongoing Projects,SUCCESS
2025-06,20,,N16000485,ALTERNATE_IDENTIFIER,"CGD PROJECT AT KURNOOL, GUNTUR AND PRAKASAM DISTRICTS",IOCL,,DEPARTMENT OF HIGHER EDUCATION,Andhra Pradesh,03/2022,,03/2030,,1420.0,,153.86,6.2,QPISR_QR_1st_2025-26.pdf,61,Table 7: Project List: Ongoing Projects,SUCCESS
2025-06,21,,N16000499,ALTERNATE_IDENTIFIER,MULTI-PRODUCT PIPELINE FROM KRISHNAPATNAM COASTAL INSTALLATION TO THE PROPOSED INSTALLATION AT HYDER,BPCL,,DEPARTMENT OF HIGHER EDUCATION,Andhra Pradesh,09/2019,,03/2025,,1932.0,,1498.21,94.3,QPISR_QR_1st_2025-26.pdf,61,Table 7: Project List: Ongoing Projects,SUCCESS
2025-06,22,,N16000535,ALTERNATE_IDENTIFIER,HP TRIJET UNIT IN VR,HPCL,,DEPARTMENT OF HIGHER EDUCATION,Andhra Pradesh,07/2024,,07/2027,,193.0,,0.43,23.0,QPISR_QR_1st_2025-26.pdf,61,Table 7: Project List: Ongoing Projects,SUCCESS
2025-06,23,,N16000538,ALTERNATE_IDENTIFIER,CONSTRUCTION OF AVIATION FUEL FARM FACILITIES AT BHOGAPURAM AIRPORT,HPCL,,DEPARTMENT OF HIGHER EDUCATION,Andhra Pradesh,08/2024,,03/2026,,240.0,,22.34,42.8,QPISR_QR_1st_2025-26.pdf,61,Table 7: Project List: Ongoing Projects,SUCCESS
2025-06,24,,N16000539,ALTERNATE_IDENTIFIER,VISAKHA RAIPUR PIPELINE PROJECT,HPCL,,DEPARTMENT OF HIGHER EDUCATION,Andhra Pradesh,09/2024,,09/2027,,2212.0,,8.32,6.03,QPISR_QR_1st_2025-26.pdf,61,Table 7: Project List: Ongoing Projects,SUCCESS
2025-06,25,,N18000380,ALTERNATE_IDENTIFIER,TRANSMISSION SCHEME FOR SOLAR ENERGY ZONE IN ANANTHPURAM (2500MW) AND KURNOOL (1000MW),PGCIL,,DEPARTMENT OF HIGHER EDUCATION,Andhra Pradesh,09/2023,,03/2025,,1249.0,,761.69,67.5,QPISR_QR_1st_2025-26.pdf,61,Table 7: Project List: Ongoing Projects,SUCCESS
2025-06,26,,N18000395,ALTERNATE_IDENTIFIER,AUGMENTATION OF 1500MVA 3RD 765/400KV TRANSFORMATION CAPACITY AT KURNOOL NEW SUBSTATION,PGCIL,,DEPARTMENT OF HIGHER EDUCATION,Andhra Pradesh,05/2023,,09/2025,,164.0,,60.0,33.0,QPISR_QR_1st_2025-26.pdf,61,Table 7: Project List: Ongoing Projects,SUCCESS
2025-06,27,,N18000413,ALTERNATE_IDENTIFIER,TRANSMISSION SYSTEM FOR INTEGRATION OF KURNOOL-IV REZ PHASE-I (FOR 4.5 GW),PGCIL,,DEPARTMENT OF HIGHER EDUCATION,Andhra Pradesh,03/2025,,03/2027,,5000.0,,20.0,0.0,QPISR_QR_1st_2025-26.pdf,61,Table 7: Project List: Ongoing Projects,SUCCESS
2025-06,28,,N18000416,ALTERNATE_IDENTIFIER,TRANSMISSION SYSTEM STRENGTHENING AT KURNOOL- III PS FOR INTEGRATION OF ADDITIONAL RE GENERATION PRO,PGCIL,,DEPARTMENT OF HIGHER EDUCATION,Andhra Pradesh,03/2025,,03/2027,,2886.0,,20.2,0.0,QPISR_QR_1st_2025-26.pdf,62,Table 7: Project List: Ongoing Projects,SUCCESS
2025-06,29,220100265,,PRIMARY_IDENTIFIER,KOTLPALLI-NARASAPUR (NL) (SCR),SCR,,DEPARTMENT OF HIGHER EDUCATION,Andhra Pradesh,12/2001,,03/2028,,2500.98,,1141.44,18.0,QPISR_QR_1st_2025-26.pdf,62,Table 7: Project List: Ongoing Projects,SUCCESS
2025-06,30,,N22000286,ALTERNATE_IDENTIFIER,NADIKUDE-SRI KALAHASTI,SCR,,DEPARTMENT OF HIGHER EDUCATION,Andhra Pradesh,04/2011,,05/2027,,2312.0,,1977.09,0.0,QPISR_QR_1st_2025-26.pdf,62,Table 7: Project List: Ongoing Projects,SUCCESS
2025-06,31,,N22000368,ALTERNATE_IDENTIFIER,GUNTUR-GUNTAKAL,SCR,,DEPARTMENT OF HIGHER EDUCATION,Andhra Pradesh,04/2016,,12/2025,,3733.37,,3606.85,0.0,QPISR_QR_1st_2025-26.pdf,62,Table 7: Project List: Ongoing Projects,SUCCESS
2025-06,32,,N22000369,ALTERNATE_IDENTIFIER,VIJAYAWADA-GUDUR,RVNL,,DEPARTMENT OF HIGHER EDUCATION,Andhra Pradesh,04/2015,,11/2024,,6654.0,,5883.89,0.0,QPISR_QR_1st_2025-26.pdf,62,Table 7: Project List: Ongoing Projects,SUCCESS
2025-06,33,,N22000377,ALTERNATE_IDENTIFIER,KOTTAVALSA - KORAPUT DOUBLING,ECOR,,DEPARTMENT OF HIGHER EDUCATION,Andhra Pradesh,04/2015,,03/2022,,2499.71,,1965.11,70.0,QPISR_QR_1st_2025-26.pdf,62,Table 7: Project List: Ongoing Projects,SUCCESS
2025-06,34,,N22000555,ALTERNATE_IDENTIFIER,"PENUKONDA-DHARMAVARAM, EXCL. DHARMAVARAM (41.5 KM)",SWR,,DEPARTMENT OF HIGHER EDUCATION,Andhra Pradesh,04/2019,,03/2026,,294.67,307.66,213.03,60.0,QPISR_QR_1st_2025-26.pdf,62,Table 7: Project List: Ongoing Projects,SUCCESS
2025-06,35,,N22000556,ALTERNATE_IDENTIFIER,MALUGUR-PALASAMUDRAM (17.98 KM) (PB#29/NR/2022-23),SWR,,DEPARTMENT OF HIGHER EDUCATION,Andhra Pradesh,09/2022,,12/2025,,323.14,342.41,46.89,12.0,QPISR_QR_1st_2025-26.pdf,62,Table 7: Project List: Ongoing Projects,SUCCESS
2025-06,36,,N22000585,ALTERNATE_IDENTIFIER,DOUBLING BETWEEN GOOTY-PENDAKALLU (29.225),SCR,,DEPARTMENT OF HIGHER EDUCATION,Andhra Pradesh,03/2023,,03/2027,,351.83,,,0.0,QPISR_QR_1st_2025-26.pdf,62,Table 7: Project List: Ongoing Projects,SUCCESS
2025-06,37,,N22000586,ALTERNATE_IDENTIFIER,VIJAYAWADA KAZIPET BYEPASS LINE,SCR,,DEPARTMENT OF HIGHER EDUCATION,Andhra Pradesh,04/2016,,12/2025,,647.37,,261.07,0.0,QPISR_QR_1st_2025-26.pdf,62,Table 7: Project List: Ongoing Projects,SUCCESS
2025-06,38,,N22000587,ALTERNATE_IDENTIFIER,RENIGUNTA WADI GOOTY - BYPASS,SCR,,DEPARTMENT OF HIGHER EDUCATION,Andhra Pradesh,04/2016,,12/2025,,302.0,,226.67,50.0,QPISR_QR_1st_2025-26.pdf,63,Table 7: Project List: Ongoing Projects,SUCCESS
2025-06,39,,N24001301,ALTERNATE_IDENTIFIER,6-LANING OF VIJAYAWADA BYPASS FROM GOLLAPUDI (DESIGN CH. 30+000) TO CHINNAKAKANI (DESIGN CH. 47+881),NHAI,,ROAD TRANSPORT AND HIGHWAYS,Andhra Pradesh,11/2019,,01/2024,,1601.1,,1445.67,92.34,QPISR_QR_1st_2025-26.pdf,63,Table 7: Project List: Ongoing Projects,SUCCESS
2025-06,40,,N24001386,ALTERNATE_IDENTIFIER,REHABILITATION AND UPGRADATION TO 2- LANE WITH PAVED SHOULDERS CONFIGURATION OF PADERU-GONDIGUDA SECT,MoRTH,,ROAD TRANSPORT AND HIGHWAYS,Andhra Pradesh,08/2020,,03/2021,,222.61,,183.91,95.0,QPISR_QR_1st_2025-26.pdf,63,Table 7: Project List: Ongoing Projects,SUCCESS
2025-06,41,,N24001476,ALTERNATE_IDENTIFIER,CONSTRUCTION OF 4 LANE ACCESS CONTROLLED NEW GREENFIELD HIGHWAY SECTION OF NH 365BG FROM RECHARLA VI,NHAI,,ROAD TRANSPORT AND HIGHWAYS,Andhra Pradesh,09/2021,,09/2022,09/2024,517.05,,543.03,94.5,QPISR_QR_1st_2025-26.pdf,63,Table 7: Project List: Ongoing Projects,SUCCESS
2025-06,42,,N24001477,ALTERNATE_IDENTIFIER,CONSTRUCTION OF 4 LANE ACCESS CONTROLLED NEW GREENFIELD HIGHWAY SECTION OF NH-365BG (KHAMMAM-DEVARAP,NHAI,,ROAD TRANSPORT AND HIGHWAYS,Andhra Pradesh,09/2021,,09/2022,09/2024,622.0,,541.73,75.96,QPISR_QR_1st_2025-26.pdf,63,Table 7: Project List: Ongoing Projects,SUCCESS
2025-06,43,,N24001817,ALTERNATE_IDENTIFIER,6L OF CHILKARARUPET BYPASS FROM KM. 357.400 TO KM. 371.920 OF NH-16,NHAI,,ROAD TRANSPORT AND HIGHWAYS,Andhra Pradesh,02/2019,,03/2023,10/2024,757.45,,711.37,99.61,QPISR_QR_1st_2025-26.pdf,63,Table 7: Project List: Ongoing Projects,SUCCESS
2025-06,44,,N24001818,ALTERNATE_IDENTIFIER,6L OF PONDAVAKKAM TO KANNIGAIPAIR FROM KM 96.040 TO KM 116.100 OF NH 716B (PKG-IV),NHAI,,ROAD TRANSPORT AND HIGHWAYS,Andhra Pradesh,02/2021,,01/2025,,818.73,,564.03,25.32,QPISR_QR_1st_2025-26.pdf,63,Table 7: Project List: Ongoing Projects,SUCCESS
2025-06,45,,N24001819,ALTERNATE_IDENTIFIER,6L OF VEERA KAVERI RAJA PURAM TO PONDAVAKKAM FROM KM 61.380 TO KM 96.040 OF NH 716B (PKG-III),NHAI,,ROAD TRANSPORT AND HIGHWAYS,Andhra Pradesh,03/2021,,01/2025,,1102.63,,1171.71,97.26,QPISR_QR_1st_2025-26.pdf,63,Table 7: Project List: Ongoing Projects,SUCCESS
2025-06,46,,N24001820,ALTERNATE_IDENTIFIER,6L OF VARADHARAJULA TO KUMARAJAPET FROM KM 0.000 TO KM 43.800 OF NH-716B (PKG-I),NHAI,,ROAD TRANSPORT AND HIGHWAYS,Andhra Pradesh,02/2021,,12/2024,,1484.83,,1544.65,93.29,QPISR_QR_1st_2025-26.pdf,63,Table 7: Project List: Ongoing Projects,SUCCESS
2025-06,47,,N24001821,ALTERNATE_IDENTIFIER,BANGALORE CHENNAI EXPRESSWAY (PHASE- II PKG-III) FROM KM.127.000 TO KM 156.000 (BANGARUPALEM TO GUDIP,NHAI,,ROAD TRANSPORT AND HIGHWAYS,Andhra Pradesh,11/2020,,10/2024,,1137.74,,1256.44,97.43,QPISR_QR_1st_2025-26.pdf,64,Table 7: Project List: Ongoing Projects,SUCCESS
2025-06,48,,N24001822,ALTERNATE_IDENTIFIER,BANGALORE CHENNAI EXPRESSWAY (PHASE- II PKG-I) FROM KM.71.000 TO KM 96.000 (BETHAMANGALA IN THE STATE,NHAI,,ROAD TRANSPORT AND HIGHWAYS,Andhra Pradesh,12/2020,,10/2024,,1075.27,,1132.36,85.89,QPISR_QR_1st_2025-26.pdf,64,Table 7: Project List: Ongoing Projects,SUCCESS
2025-06,49,,N24001823,ALTERNATE_IDENTIFIER,4L OF MADANAPALLE TO PILERU SECTION FROM KM 0.000 TO KM 55.900 OF NH- 71(PACKAGE-I) - N/05060/01002/A,NHAI,,ROAD TRANSPORT AND HIGHWAYS,Andhra Pradesh,01/2022,,01/2025,01/2023,1852.12,,777.18,93.0,QPISR_QR_1st_2025-26.pdf,64,Table 7: Project List: Ongoing Projects,SUCCESS
2025-06,50,,N24001824,ALTERNATE_IDENTIFIER,RENIGUNTA - POYYA - NAIDUPETA KM 124.60 TO KM 183.4 OF NH 71 - N/04027/06001/AP,NHAI,,ROAD TRANSPORT AND HIGHWAYS,Andhra Pradesh,03/2020,,01/2024,12/2024,1863.09,,1227.61,98.76,QPISR_QR_1st_2025-26.pdf,64,Table 7: Project List: Ongoing Projects,SUCCESS
2025-06,51,,N24001836,ALTERNATE_IDENTIFIER,6L KANTAKAPALLE ? SABBAVARAM SECTION OF NH-130CD ROAD FROM KM 445.100 TO KM 464.662 (PKG-4),NHAI,,ROAD TRANSPORT AND HIGHWAYS,Andhra Pradesh,02/2021,,10/2024,,824.29,,521.51,76.13,QPISR_QR_1st_2025-26.pdf,64,Table 7: Project List: Ongoing Projects,SUCCESS
2025-06,52,,N24001837,ALTERNATE_IDENTIFIER,6L JAKKUVA ? KORLAM SECTION OF NH-130CD ROAD FROM KM 396.800 TO KM 421.100 (PKG 2),NHAI,,ROAD TRANSPORT AND HIGHWAYS,Andhra Pradesh,02/2021,,03/2024,07/2024,663.6,,464.74,98.84,QPISR_QR_1st_2025-26.pdf,64,Table 7: Project List: Ongoing Projects,SUCCESS
2025-06,53,,N24001838,ALTERNATE_IDENTIFIER,6L ALURU - JAKKUVA SECTION OF NH-130CD ROAD FROM KM 365.033 TO KM 396.800 (PKG. 1),NHAI,,ROAD TRANSPORT AND HIGHWAYS,Andhra Pradesh,02/2021,,03/2024,,922.5,,534.51,84.38,QPISR_QR_1st_2025-26.pdf,64,Table 7: Project List: Ongoing Projects,SUCCESS
2025-06,54,,N24001841,ALTERNATE_IDENTIFIER,6L ACCESS CONTROLLED GREENFIELD HIGHWAY FROM KODUR 0.000 KMS TO VANAVOLU 24.300 KMS OF NH 544G PACKA,NHAI,,ROAD TRANSPORT AND HIGHWAYS,Andhra Pradesh,12/2022,,09/2025,,912.94,,238.84,59.65,QPISR_QR_1st_2025-26.pdf,64,Table 7: Project List: Ongoing Projects,SUCCESS
2025-06,55,,N24001842,ALTERNATE_IDENTIFIER,6L ACCESS CONTROLLED GREENFIELD HIGHWAY FROM VANAVOLU 24.300 KM. TO VANKARAKUNTA 45.700 KM. OF NH 5,NHAI,,ROAD TRANSPORT AND HIGHWAYS,Andhra Pradesh,12/2022,,11/2025,,750.81,,145.15,50.78,QPISR_QR_1st_2025-26.pdf,64,Table 7: Project List: Ongoing Projects,SUCCESS
2025-06,56,,N24001843,ALTERNATE_IDENTIFIER,6L ACCESS CONTROLLED GREENFIELD HIGHWAY FROM VANKARAKUNTA 45.700 KM. TO ODULAPALLE 72.000 KM. OF NH,NHAI,,ROAD TRANSPORT AND HIGHWAYS,Andhra Pradesh,12/2022,,11/2025,,992.89,,197.36,47.0,QPISR_QR_1st_2025-26.pdf,65,Table 7: Project List: Ongoing Projects,SUCCESS
2025-06,57,,N24001844,ALTERNATE_IDENTIFIER,6L ACCESS CONTROLLED GREENFIELD HIGHWAY FROM ODULAPALLE 72.000 KM. TO NALLACHERUVUPALLI 96.300 KM.,NHAI,,ROAD TRANSPORT AND HIGHWAYS,Andhra Pradesh,12/2022,,10/2025,,1058.9,,251.41,47.64,QPISR_QR_1st_2025-26.pdf,65,Table 7: Project List: Ongoing Projects,SUCCESS
2025-06,58,,N24001845,ALTERNATE_IDENTIFIER,6L ACCESS CONTROLLED GREENFIELD HIGHWAY FROM NALLACHERUVU PALLI 96.300 KM. TO YERRAGUDIPADU 129.000,NHAI,,ROAD TRANSPORT AND HIGHWAYS,Andhra Pradesh,02/2023,,10/2025,,1253.24,,197.29,23.2,QPISR_QR_1st_2025-26.pdf,65,Table 7: Project List: Ongoing Projects,SUCCESS
2025-06,59,,N24001846,ALTERNATE_IDENTIFIER,6L ACCESS CONTROLLED GREENFIELD HIGHWAY FROM YERRAGUDIPADU 129.000 KM. TO AUDIREDDIPALLE 160.000 KM.,NHAI,,ROAD TRANSPORT AND HIGHWAYS,Andhra Pradesh,02/2023,,10/2025,,1200.42,,98.82,8.9,QPISR_QR_1st_2025-26.pdf,65,Table 7: Project List: Ongoing Projects,SUCCESS
2025-06,60,,N24001847,ALTERNATE_IDENTIFIER,6L ACCESS CONTROLLED GREENFIELD HIGHWAY FROM AUDIREDDIPALLE 160.000 KM. TO MALLAPALLE 176.000 KM. PA,NHAI,,ROAD TRANSPORT AND HIGHWAYS,Andhra Pradesh,01/2023,,11/2025,,956.14,,215.17,43.11,QPISR_QR_1st_2025-26.pdf,65,Table 7: Project List: Ongoing Projects,SUCCESS
2025-06,61,,N24001848,ALTERNATE_IDENTIFIER,6L ACCESS CONTROLLED GREENFIELD HIGHWAY FROM MALLAPALLE 176.000 KM. TO KAVULAKUNTLA 196.000 KM. PACK,NHAI,,ROAD TRANSPORT AND HIGHWAYS,Andhra Pradesh,02/2023,,10/2025,,909.02,,161.56,23.44,QPISR_QR_1st_2025-26.pdf,65,Table 7: Project List: Ongoing Projects,SUCCESS
2025-06,62,,N24001849,ALTERNATE_IDENTIFIER,4L PS MYDUKUR BADVEL FROM KM 585.820 TO KM 630.960 SECTION OF NH 67,NHAI,,ROAD TRANSPORT AND HIGHWAYS,Andhra Pradesh,05/2022,,07/2025,,1063.72,,467.94,82.1,QPISR_QR_1st_2025-26.pdf,65,Table 7: Project List: Ongoing Projects,SUCCESS
2025-06,63,,N24001856,ALTERNATE_IDENTIFIER,CONSTRUCTION OF 4-LANE HIGHWAY FROM SAMARLAKOTA TO ACHAMPETA JUNCTION (FROM KM. 0.000 TO KM. 12.250,NHAI,,ROAD TRANSPORT AND HIGHWAYS,Andhra Pradesh,05/2023,,08/2025,,648.75,,253.96,64.67,QPISR_QR_1st_2025-26.pdf,65,Table 7: Project List: Ongoing Projects,SUCCESS
2025-06,64,,N24001931,ALTERNATE_IDENTIFIER,4 LANING OF BATHALAPALLI TO MUDIGUBBA SECTION (DESIGN CHAINAGE KM. 96.300 TO 129.300) INCLUDING BATH,MoRTH,,ROAD TRANSPORT AND HIGHWAYS,Andhra Pradesh,03/2022,,02/2025,,536.0,,334.06,100.0,QPISR_QR_1st_2025-26.pdf,66,Table 7: Project List: Ongoing Projects,SUCCESS
2025-06,65,,N24001932,ALTERNATE_IDENTIFIER,2L+PS FROM KM. 0+000 TO KM. 32+000 (MUDIGUBBA TO PUTTAPARTHI) OF NH-342,MoRTH,,ROAD TRANSPORT AND HIGHWAYS,Andhra Pradesh,03/2022,,09/2024,,401.72,,190.74,80.0,QPISR_QR_1st_2025-26.pdf,66,Table 7: Project List: Ongoing Projects,SUCCESS
2025-06,66,,N24001934,ALTERNATE_IDENTIFIER,NH440 RAYACHOTY TOVEMPALLI 2LPS,MoRTH,,ROAD TRANSPORT AND HIGHWAYS,Andhra Pradesh,12/2021,,05/2024,,439.82,,174.96,0.0,QPISR_QR_1st_2025-26.pdf,66,Table 7: Project List: Ongoing Projects,SUCCESS
2025-06,67,,N24001935,ALTERNATE_IDENTIFIER,4 LANE WITH PAVED SHOULDER FROM KM 0.000 TO KM 51.119 OF TADIPATRI TO MUDDANUR OF NH67,MoRTH,,ROAD TRANSPORT AND HIGHWAYS,Andhra Pradesh,03/2022,,08/2025,,724.17,,464.48,0.0,QPISR_QR_1st_2025-26.pdf,66,Table 7: Project List: Ongoing Projects,SUCCESS
2025-06,68,,N24001939,ALTERNATE_IDENTIFIER,NH165 FROM KM 0.000 TO KM 64.020 PAMARRU TO AKIVEEDU SECTION TO TWO LANE WITH PAVED SHOULDERS,MoRTH,,ROAD TRANSPORT AND HIGHWAYS,Andhra Pradesh,03/2020,,09/2023,,529.24,,353.88,62.7,QPISR_QR_1st_2025-26.pdf,66,Table 7: Project List: Ongoing Projects,SUCCESS
2025-06,69,,N24001942,ALTERNATE_IDENTIFIER,2LPS FROM KM36.400 TO KM. 107.224 OF NH167BG FROM DUTTALUR TO KAVALI SECTION,MoRTH,,ROAD TRANSPORT AND HIGHWAYS,Andhra Pradesh,03/2021,,07/2024,,423.67,,222.39,83.59,QPISR_QR_1st_2025-26.pdf,66,Table 7: Project List: Ongoing Projects,SUCCESS
2025-06,70,,N24001949,ALTERNATE_IDENTIFIER,NH167B FROM KM 99.103 CS PURAM TO KM 143.320 MALAKONDA TO 2LPS,MoRTH,,ROAD TRANSPORT AND HIGHWAYS,Andhra Pradesh,12/2021,,03/2024,,277.3,,206.25,100.0,QPISR_QR_1st_2025-26.pdf,66,Table 7: Project List: Ongoing Projects,SUCCESS
2025-06,71,,N24001950,ALTERNATE_IDENTIFIER,NH167B FROM KM.143.320 MALAKONDA TO 189.050 SINGARAYAKONDA ON NH 16 TO TWO LANE WITH PAVED SHOULDERS,MoRTH,,ROAD TRANSPORT AND HIGHWAYS,Andhra Pradesh,03/2021,,02/2025,,369.81,,303.78,100.0,QPISR_QR_1st_2025-26.pdf,66,Table 7: Project List: Ongoing Projects,SUCCESS
2025-06,72,,N24001951,ALTERNATE_IDENTIFIER,NH167AD FROM MACHERLA TO DACHEPALLI FROM KM.0.000 TO 43.659 TO 2LPS,MoRTH,,ROAD TRANSPORT AND HIGHWAYS,Andhra Pradesh,01/2022,,01/2025,,403.22,,296.69,98.82,QPISR_QR_1st_2025-26.pdf,66,Table 7: Project List: Ongoing Projects,SUCCESS
2025-06,73,,N24001952,ALTERNATE_IDENTIFIER,NH 167 B KADAPA NELLORE BORDER TO CSPURAM I.E. FROM KM 58.635 TO KM 99.409,MoRTH,,ROAD TRANSPORT AND HIGHWAYS,Andhra Pradesh,03/2022,,08/2025,,285.5,,204.29,95.0,QPISR_QR_1st_2025-26.pdf,67,Table 7: Project List: Ongoing Projects,SUCCESS
2025-06,74,,N24001953,ALTERNATE_IDENTIFIER,NH-30-BHADRACHALAM TO KONTA SECTION 2LPS,MoRTH,,ROAD TRANSPORT AND HIGHWAYS,Andhra Pradesh,12/2021,,09/2024,,388.71,,242.09,89.6,QPISR_QR_1st_2025-26.pdf,67,Table 7: Project List: Ongoing Projects,SUCCESS
2025-06,75,,N24001954,ALTERNATE_IDENTIFIER,WIDENING TO 2LPS OF RAMPACHODAVARAM - KOYYURU SECTION OF NH516E FROM KM.43.700 TO KM 113.820,MoRTH,,ROAD TRANSPORT AND HIGHWAYS,Andhra Pradesh,03/2022,,01/2025,,568.12,,350.64,91.05,QPISR_QR_1st_2025-26.pdf,67,Table 7: Project List: Ongoing Projects,SUCCESS
2025-06,76,,N24001955,ALTERNATE_IDENTIFIER,GUDIWADA TOWN 2 LANE ROB AND ROAD IMPROVEMENT OF NH165 IN REPLACEMENT OF LC NO 3ESPL3 AT KM 231.700,MoRTH,,ROAD TRANSPORT AND HIGHWAYS,Andhra Pradesh,03/2022,,05/2025,,317.22,,190.9,80.0,QPISR_QR_1st_2025-26.pdf,67,Table 7: Project List: Ongoing Projects,SUCCESS
2025-06,77,,N24001956,ALTERNATE_IDENTIFIER,2LPS FROM GONDIGUDA TO ARAKU BHALLAGUDA KM 27.480 TO KM 51.772 SECTION OF NH 516E,MoRTH,,ROAD TRANSPORT AND HIGHWAYS,Andhra Pradesh,08/2020,,09/2023,,296.66,,246.11,87.49,QPISR_QR_1st_2025-26.pdf,67,Table 7: Project List: Ongoing Projects,SUCCESS
2025-06,78,,N24001957,ALTERNATE_IDENTIFIER,2LPS OF KOYYURU TO CHAPRATHIPALEM SECTION OF NH 516E,MoRTH,,ROAD TRANSPORT AND HIGHWAYS,Andhra Pradesh,08/2020,,07/2024,,349.29,,216.9,0.0,QPISR_QR_1st_2025-26.pdf,67,Table 7: Project List: Ongoing Projects,SUCCESS
2025-06,79,,N24001958,ALTERNATE_IDENTIFIER,2LPS OF CHAPRATHIPALEM TO LAMBASINGI SECTION OF NH 516E,MoRTH,,ROAD TRANSPORT AND HIGHWAYS,Andhra Pradesh,08/2020,,10/2024,,311.22,,151.24,72.0,QPISR_QR_1st_2025-26.pdf,67,Table 7: Project List: Ongoing Projects,SUCCESS
2025-06,80,,N24001959,ALTERNATE_IDENTIFIER,4 LANE FROM KM 56.400 TO KM 120.300 FROM B.KOTHAPALLI JUNCTION TO GORANTLA OF NH 716G,MoRTH,,ROAD TRANSPORT AND HIGHWAYS,Andhra Pradesh,03/2022,,09/2025,,839.98,,418.51,0.0,QPISR_QR_1st_2025-26.pdf,67,Table 7: Project List: Ongoing Projects,SUCCESS
2025-06,81,,N24001979,ALTERNATE_IDENTIFIER,4L GREENFIELD ROAD CONNECTING NORTH AND SOUTH INDUSTRIAL CLUSTER OF KHANDALERU CREEK NEAR KRISHNAPAT,NHAI,,ROAD TRANSPORT AND HIGHWAYS,Andhra Pradesh,08/2022,,09/2025,,609.43,,25.24,56.7,QPISR_QR_1st_2025-26.pdf,67,Table 7: Project List: Ongoing Projects,SUCCESS
2025-06,82,,N24001980,ALTERNATE_IDENTIFIER,4 LANING OF NH 544D FROM EXISTING KM 346.300 OF NH 44 (DESIGN CHAINAGE KM 0.000) TO KM 39.380 (DESIG,NHAI,,ROAD TRANSPORT AND HIGHWAYS,Andhra Pradesh,10/2022,,07/2025,,907.76,,388.7,84.29,QPISR_QR_1st_2025-26.pdf,68,Table 7: Project List: Ongoing Projects,SUCCESS
2025-06,83,,N24001981,ALTERNATE_IDENTIFIER,CONSTRUCTION OF SIX LANING OF NAIDUPETA JUNCTION - TURPUKANUPUR SECTION FROM KM.57+046 TO KM.91+927,NHAI,,ROAD TRANSPORT AND HIGHWAYS,Andhra Pradesh,07/2022,,10/2025,,1398.84,,58.68,19.1,QPISR_QR_1st_2025-26.pdf,68,Table 7: Project List: Ongoing Projects,SUCCESS
2025-06,84,,N24001982,ALTERNATE_IDENTIFIER,4L PS FROM KURNOOL (EXISTING KM. 5.400 OF NH-40/DESIGN KM.0.000) TO MANDLEM (EXISTING KM.38.000/DESI,NHAI,,ROAD TRANSPORT AND HIGHWAYS,Andhra Pradesh,03/2023,,10/2025,,827.39,,333.88,99.65,QPISR_QR_1st_2025-26.pdf,68,Table 7: Project List: Ongoing Projects,SUCCESS
2025-06,85,,N24001983,ALTERNATE_IDENTIFIER,4 LANING FROM EXISTING KM 39.380 (DESIGN CH. 37.000) TO KM 74.450 (DESIGN CH. 69.000) OF MUCHUKOTA ?,NHAI,,ROAD TRANSPORT AND HIGHWAYS,Andhra Pradesh,10/2022,,08/2025,,972.63,,310.77,54.96,QPISR_QR_1st_2025-26.pdf,68,Table 7: Project List: Ongoing Projects,SUCCESS
2025-06,86,,N24001984,ALTERNATE_IDENTIFIER,4L PS FROM MANDLEM (EXISTING KM. 38.000/DESIGN KM.30.600) TO ATMAKUR (EXISTING KM.73.000/DESIGN KM 6,NHAI,,ROAD TRANSPORT AND HIGHWAYS,Andhra Pradesh,03/2023,,10/2025,,887.28,,297.95,89.2,QPISR_QR_1st_2025-26.pdf,68,Table 7: Project List: Ongoing Projects,SUCCESS
2025-06,87,,N24001985,ALTERNATE_IDENTIFIER,BANGALORE CHENNAI EXPRESSWAY (PHASE- II PKG-II) FROM KM.96.000 TO KM 127.000 (BAIREDDYPALLE TO BANGAR,NHAI,,ROAD TRANSPORT AND HIGHWAYS,Andhra Pradesh,03/2021,,06/2025,,1942.94,2171.0,1736.95,64.5,QPISR_QR_1st_2025-26.pdf,68,Table 7: Project List: Ongoing Projects,SUCCESS
2025-06,88,,N24001986,ALTERNATE_IDENTIFIER,4L OF PILERU TO KALUR SECTION FROM KM 55.900 TO KM 92.800 AND KM 94.500 TO KM 95.717,NHAI,,ROAD TRANSPORT AND HIGHWAYS,Andhra Pradesh,10/2023,,04/2025,,1047.32,,301.2,93.0,QPISR_QR_1st_2025-26.pdf,68,Table 7: Project List: Ongoing Projects,SUCCESS
2025-06,89,,N24001987,ALTERNATE_IDENTIFIER,"CONSTRUCTION OF 1 NOS ROB, 2 NOS VUPS, SERVICE ROADS, PROVISION OF LIGHTING AND CONSTRUCTION OF OTHE",NHAI,,ROAD TRANSPORT AND HIGHWAYS,Andhra Pradesh,06/2023,,12/2024,,152.05,,139.12,76.83,QPISR_QR_1st_2025-26.pdf,68,Table 7: Project List: Ongoing Projects,SUCCESS
2025-06,90,,N24001988,ALTERNATE_IDENTIFIER,6L OF CHITTOOR TO THATCHUR FROM KUMARAJAPET TO VEERA KAVERI RAJA PURAM FROM KM 43.800 TO KM 61.380 O,NHAI,,ROAD TRANSPORT AND HIGHWAYS,Andhra Pradesh,02/2021,,10/2025,,591.99,703.0,506.67,70.95,QPISR_QR_1st_2025-26.pdf,69,Table 7: Project List: Ongoing Projects,SUCCESS
2025-06,91,,N24002033,ALTERNATE_IDENTIFIER,CONSTRUCTION OF 4 LANE ACCESS CONTROLLED HIGHWAY FROM CHILLAKURU CROSS ROAD TO TURPUKANUPUR KM 0+000,NHAI,,ROAD TRANSPORT AND HIGHWAYS,Andhra Pradesh,07/2022,,12/2025,,909.47,,97.03,32.3,QPISR_QR_1st_2025-26.pdf,69,Table 7: Project List: Ongoing Projects,SUCCESS
2025-06,92,,N24002103,ALTERNATE_IDENTIFIER,COMPLETION OF BALANCE WORKS PENDING IN BIT AND PIECES (INCOMPLETE STRETCH AT 7 LOCATIONS) AND LISTED,NHAI,,ROAD TRANSPORT AND HIGHWAYS,Andhra Pradesh,09/2022,,01/2025,,166.52,,60.34,98.0,QPISR_QR_1st_2025-26.pdf,69,Table 7: Project List: Ongoing Projects,SUCCESS
2025-06,93,,N24002122,ALTERNATE_IDENTIFIER,6L ACCESS CONTROLLED GREENFIELD HIGHWAY FROM NARAYANMPET (CH. 203+500) TO CHANDRASEKHARPURAM (CH. 22,NHAI,,ROAD TRANSPORT AND HIGHWAYS,Andhra Pradesh,02/2024,,02/2026,,813.66,,91.93,24.2,QPISR_QR_1st_2025-26.pdf,69,Table 7: Project List: Ongoing Projects,SUCCESS
2025-06,94,,N24002123,ALTERNATE_IDENTIFIER,6L ACCESS CONTROLLED GREENFIELD HIGHWAY FROM CHANDRASEKHARAPURAM (CH. 228+000) TO POLAVARAM (CH. 260,NHAI,,ROAD TRANSPORT AND HIGHWAYS,Andhra Pradesh,02/2024,,02/2026,,1292.65,,135.27,18.96,QPISR_QR_1st_2025-26.pdf,69,Table 7: Project List: Ongoing Projects,SUCCESS
2025-06,95,,N24002124,ALTERNATE_IDENTIFIER,6L ACCESS CONTROLLED GREENFIELD HIGHWAY FROM POLAVARAM (CH. 260+000) TO MARRIPUDI (CH. 285+500) OF [,NHAI,,ROAD TRANSPORT AND HIGHWAYS,Andhra Pradesh,02/2024,,02/2026,,747.29,,142.65,32.02,QPISR_QR_1st_2025-26.pdf,69,Table 7: Project List: Ongoing Projects,SUCCESS
2025-06,96,,N24002125,ALTERNATE_IDENTIFIER,6L ACCESS CONTROLLED GREENFIELD HIGHWAY FROM MARRIPUDI (CH. 285+500) TO SOMAVARAPPADU (CH. 314+600),NHAI,,ROAD TRANSPORT AND HIGHWAYS,Andhra Pradesh,02/2024,,02/2026,,976.4,,229.68,43.6,QPISR_QR_1st_2025-26.pdf,69,Table 7: Project List: Ongoing Projects,SUCCESS
2025-06,97,,N24002126,ALTERNATE_IDENTIFIER,6L ACCESS CONTROLLED GREENFIELD HIGHWAY FROM SOMAVARAPPADU (CH.314.600) TO MUPPAVARAM (CH.343+240) O,NHAI,,ROAD TRANSPORT AND HIGHWAYS,Andhra Pradesh,02/2024,,02/2026,,1103.89,,133.89,15.98,QPISR_QR_1st_2025-26.pdf,69,Table 7: Project List: Ongoing Projects,SUCCESS
2025-06,98,,N24002139,ALTERNATE_IDENTIFIER,4-LANE WITH PAVED SHOULDERS FROM KM 32/0 TO KM 79/650 (DESIGN CHAINAGE KM 32+000 TO KM 78+760) PUTTA,MoRTH,,ROAD TRANSPORT AND HIGHWAYS,Andhra Pradesh,03/2023,,12/2025,,1318.57,,424.42,0.0,QPISR_QR_1st_2025-26.pdf,70,Table 7: Project List: Ongoing Projects,SUCCESS
2025-06,99,,N24002140,ALTERNATE_IDENTIFIER,SOMAYAJULAPALLI ? DHONE SECTION OF NH ? 340B FROM KM.0/0 TO 56/200 [DESIGN CH. KM 0/00 TO KM 53/33],MoRTH,,ROAD TRANSPORT AND HIGHWAYS,Andhra Pradesh,04/2023,,12/2025,,629.73,,369.43,0.0,QPISR_QR_1st_2025-26.pdf,70,Table 7: Project List: Ongoing Projects,SUCCESS
2025-06,100,,N24002141,ALTERNATE_IDENTIFIER,2 LANE WITH PAVED SHOULDER CONFIGURATION FROM SEETHARAMAPURAM TO DUTTALURU SECTION OF NH-167 BG FROM,MoRTH,,ROAD TRANSPORT AND HIGHWAYS,Andhra Pradesh,06/2023,,07/2025,,364.07,,227.21,100.0,QPISR_QR_1st_2025-26.pdf,70,Table 7: Project List: Ongoing Projects,SUCCESS
2025-06,101,,N24002142,ALTERNATE_IDENTIFIER,2-LANE WITH PAVED SHOULDER CONFIGURATION OF LAMBASINGI TO PADERU SECTION (KM 205+000 TO KM 253+974),MoRTH,,ROAD TRANSPORT AND HIGHWAYS,Andhra Pradesh,08/2023,,11/2025,,361.24,,63.54,0.0,QPISR_QR_1st_2025-26.pdf,70,Table 7: Project List: Ongoing Projects,SUCCESS
2025-06,102,,N24002143,ALTERNATE_IDENTIFIER,BYPASS ROAD TO ADONI TOWN CONNECTING NH-167 (HAGARI - JADCHARLA ROAD) FROM KM.62/700 TO 71/400 IN KU,MoRTH,,ROAD TRANSPORT AND HIGHWAYS,Andhra Pradesh,08/2023,,02/2026,,361.24,,109.65,56.0,QPISR_QR_1st_2025-26.pdf,70,Table 7: Project List: Ongoing Projects,SUCCESS
2025-06,103,,N24002144,ALTERNATE_IDENTIFIER,VODAREVU-CHILAKALURIPET SECTION (DESIGN CHAINAGE 0+00 TO 47+000) OF NH- 167A (PACKAGE-I),MoRTH,,ROAD TRANSPORT AND HIGHWAYS,Andhra Pradesh,08/2023,,02/2026,,1064.24,,584.25,0.0,QPISR_QR_1st_2025-26.pdf,70,Table 7: Project List: Ongoing Projects,SUCCESS
2025-06,104,,N24002145,ALTERNATE_IDENTIFIER,TADIPATRI BYPASS (KM 0+000 TO KM 6+285) OF 4-LANE ON NH-67 IN ANANTAPURAMU,MoRTH,,ROAD TRANSPORT AND HIGHWAYS,Andhra Pradesh,11/2023,,03/2026,,159.66,,60.51,63.5,QPISR_QR_1st_2025-26.pdf,70,Table 7: Project List: Ongoing Projects,SUCCESS
2025-06,105,,N24002146,ALTERNATE_IDENTIFIER,KURNOOL/KADAPA BORDER- JAMMALAMADUGU SECTION OF NH-167K I.E. DESIGN CH. KM 248+010 TO KM 269+900,MoRTH,,ROAD TRANSPORT AND HIGHWAYS,Andhra Pradesh,11/2023,,11/2025,,292.63,,81.57,0.0,QPISR_QR_1st_2025-26.pdf,70,Table 7: Project List: Ongoing Projects,SUCCESS
2025-06,106,,N24002147,ALTERNATE_IDENTIFIER,DORNALA TO KUNTA JUNCTION FROM DESIGN CHAINAGE KM 244+000 TO 267+990 SECTION OF NH-765 (PACKAGE-2),MoRTH,,ROAD TRANSPORT AND HIGHWAYS,Andhra Pradesh,12/2022,,01/2024,,244.83,,111.65,0.0,QPISR_QR_1st_2025-26.pdf,71,Table 7: Project List: Ongoing Projects,SUCCESS
2025-06,107,,N24002148,ALTERNATE_IDENTIFIER,PADERU BYPASS (KM 0+000 TO KM 13+000) OF 2- LANE WITH PAVED SHOULDER ON NH-516E,MoRTH,,ROAD TRANSPORT AND HIGHWAYS,Andhra Pradesh,03/2023,,03/2024,,244.43,,23.4,0.0,QPISR_QR_1st_2025-26.pdf,71,Table 7: Project List: Ongoing Projects,SUCCESS
2025-06,108,,N24002149,ALTERNATE_IDENTIFIER,DAVUALAPALLY TO MALLAPALEM SECTION {DESIGN CH. KM 133+922 TO KM 154+216 (EXISTING CH. KM 133+922 TO,MoRTH,,ROAD TRANSPORT AND HIGHWAYS,Andhra Pradesh,01/2024,,02/2024,,393.61,,135.13,0.0,QPISR_QR_1st_2025-26.pdf,71,Table 7: Project List: Ongoing Projects,SUCCESS
2025-06,109,,N24002215,ALTERNATE_IDENTIFIER,DEVELOPMENT OF SIX LANE ACCESS CONTROLLED GREEN FIELD HIGHWAY FROM KAVULAKUNTLA (KM.196+000) TO NARA,NHAI,,ROAD TRANSPORT AND HIGHWAYS,Andhra Pradesh,02/2023,,02/2027,,1092.18,,0.14,0.0,QPISR_QR_1st_2025-26.pdf,71,Table 7: Project List: Ongoing Projects,SUCCESS
2025-06,110,,N24002217,ALTERNATE_IDENTIFIER,ACCESS CONTROLLED HIGHWAY OF 4 LANE WITH PAVED SHOULDERS FROM TN/AP BORDER (DESIGN CHAINAGE KM 61+51,NHAI,,ROAD TRANSPORT AND HIGHWAYS,Andhra Pradesh,12/2024,,12/2026,,1346.82,,37.35,8.2,QPISR_QR_1st_2025-26.pdf,71,Table 7: Project List: Ongoing Projects,SUCCESS
2025-06,111,,N24000301,ALTERNATE_IDENTIFIER,REHABILITATION AND UPGRADATION OF NH- 219 FROM KM 58-600 TO KM 140-750 IN THE STATE OF ANDHRA PRADES,MoRTH,,ROAD TRANSPORT AND HIGHWAYS,Andhra Pradesh,03/2015,,10/2015,,271.45,,240.23,100.0,QPISR_QR_1st_2025-26.pdf,71,Table 7: Project List: Ongoing Projects,SUCCESS
2025-06,112,,N24000811,ALTERNATE_IDENTIFIER,CONSTRUCTION OF SIX LANING OF DEDICATED PORT ROAD TO KRISHNAPATNAM PORT (PACKAGE-I) KM 0+000 TO KM 1,NHAI,,ROAD TRANSPORT AND HIGHWAYS,Andhra Pradesh,03/2018,,12/2020,12/2022,314.43,,85.61,71.49,QPISR_QR_1st_2025-26.pdf,71,Table 7: Project List: Ongoing Projects,SUCCESS
2025-06,113,,N24000931,ALTERNATE_IDENTIFIER,REHABILITATION AND UPGRADATION OF EXISTING NH-167 FROM KM 14.900 TO KM 70.00 (DESIGN CH.14.900 TO 69,MoRTH,,ROAD TRANSPORT AND HIGHWAYS,Andhra Pradesh,11/2016,,05/2017,,290.15,,205.03,90.0,QPISR_QR_1st_2025-26.pdf,71,Table 7: Project List: Ongoing Projects,SUCCESS
2025-06,114,,N24000937,ALTERNATE_IDENTIFIER,REHABILITATION AND UPGRADATION OF NEW NH-544DD FROM DESIGN CHAINAGE KM 56.00 TO 102.20 OF KALYANDURG,MoRTH,,ROAD TRANSPORT AND HIGHWAYS,Andhra Pradesh,03/2018,,08/2018,,289.67,290.0,256.6,98.5,QPISR_QR_1st_2025-26.pdf,72,Table 7: Project List: Ongoing Projects,SUCCESS
2025-06,115,,N24000964,ALTERNATE_IDENTIFIER,CONSTRUCTION OF TIMMAPURAM TO GURJANAPALLE SECTION FROM KM 26.150 TO 41.161 OF NH-214(NH216)(KAKINAD,MoRTH,,ROAD TRANSPORT AND HIGHWAYS,Andhra Pradesh,08/2016,,01/2017,,350.61,,390.28,98.2,QPISR_QR_1st_2025-26.pdf,72,Table 7: Project List: Ongoing Projects,SUCCESS
2025-06,116,,N24000969,ALTERNATE_IDENTIFIER,CONSTRUCTION OF 2L+PS FROM PASARLAPUDI-DHINDI (105/700 TO 127.500 OF NH-214) OF NH-216,MoRTH,,ROAD TRANSPORT AND HIGHWAYS,Andhra Pradesh,01/2017,,09/2017,,263.45,,265.51,85.0,QPISR_QR_1st_2025-26.pdf,72,Table 7: Project List: Ongoing Projects,SUCCESS
2025-06,117,,N30000002,ALTERNATE_IDENTIFIER,POLAVARAM IRRIGATION PROJECT,PPA,,WATER RESOURCES,Andhra Pradesh,02/2009,,03/2020,03/2027,10151.04,,23775.68,76.0,QPISR_QR_1st_2025-26.pdf,72,Table 7: Project List: Ongoing Projects,SUCCESS
2025-06,118,,N04000092,ALTERNATE_IDENTIFIER,CONSTRUCTION OF NEW GREEN FIELD AIRPORT AT HOLLONGI ITANAGAR ARUNACHAL PRADESH,AAI,,CIVIL AVIATION,Arunachal Pradesh,02/2019,,08/2022,07/2025,645.63,732.0,694.26,99.89,QPISR_QR_1st_2025-26.pdf,72,Table 7: Project List: Ongoing Projects,SUCCESS
2025-06,119,180100221,,PRIMARY_IDENTIFIER,SUBANSIRI LOWER H.E.P (8X250 MW) (NHPC),NHPC,,POWER,Arunachal Pradesh,09/2003,,09/2010,,6285.33,,24484.77,96.6,QPISR_QR_1st_2025-26.pdf,72,Table 7: Project List: Ongoing Projects,SUCCESS
2025-06,120,,N18000362,ALTERNATE_IDENTIFIER,DIBANG MULTIPURPOSE PROJECT 2880 MW ARUNACHAL PRADESH,NHPC,,POWER,Arunachal Pradesh,02/2023,,02/2032,,31876.39,,3380.24,15.81,QPISR_QR_1st_2025-26.pdf,72,Table 7: Project List: Ongoing Projects,SUCCESS
2025-06,121,,N24001297,ALTERNATE_IDENTIFIER,CONSTRUCTION OF 2 LANE ROAD OF POTIN TO PANGIN SECTION OF NH 13 FROM KM 163.59 TO KM 206.66 (PACKAGE,MoRTH,,ROAD TRANSPORT AND HIGHWAYS,Arunachal Pradesh,03/2019,,03/2027,,450.65,,398.18,95.84,QPISR_QR_1st_2025-26.pdf,72,Table 7: Project List: Ongoing Projects,SUCCESS
2025-06,122,,N24001375,ALTERNATE_IDENTIFIER,4 LANING OF ITANAGAR TO BANDARDEWA SECTION OF NH-415 FROM KM 40+430 TO KM 51+735 (PACKAGE B) ON EPC,MoRTH,,ROAD TRANSPORT AND HIGHWAYS,Arunachal Pradesh,06/2020,,03/2027,,496.47,,194.62,44.56,QPISR_QR_1st_2025-26.pdf,73,Table 7: Project List: Ongoing Projects,SUCCESS
2025-06,123,,N24001390,ALTERNATE_IDENTIFIER,JORAM ? KOLORIANG ROAD FROM EXISTING KM 50.050 TO KM 70.00 (PKG-3),NHIDCL,,ROAD TRANSPORT AND HIGHWAYS,Arunachal Pradesh,08/2020,,04/2022,08/2024,228.71,,98.86,99.52,QPISR_QR_1st_2025-26.pdf,73,Table 7: Project List: Ongoing Projects,SUCCESS
2025-06,124,,N24001391,ALTERNATE_IDENTIFIER,JORAM ? KOLORIANG ROAD FROM EXISTING KM 70.00 TO KM 88.700 (PKG-4),NHIDCL,,ROAD TRANSPORT AND HIGHWAYS,Arunachal Pradesh,08/2020,,04/2022,02/2024,294.04,,147.13,100.0,QPISR_QR_1st_2025-26.pdf,73,Table 7: Project List: Ongoing Projects,SUCCESS
2025-06,125,,N24001393,ALTERNATE_IDENTIFIER,JORAM ? KOLORIANG ROAD FROM EXISTING KM122.600 TO KM138.00 (PKG-7),NHIDCL,,ROAD TRANSPORT AND HIGHWAYS,Arunachal Pradesh,08/2020,,04/2022,02/2024,184.88,,99.32,97.42,QPISR_QR_1st_2025-26.pdf,73,Table 7: Project List: Ongoing Projects,SUCCESS
2025-06,126,,N24002222,ALTERNATE_IDENTIFIER,HUNLI TO HAYULIANG PKG-1,NHIDCL,,ROAD TRANSPORT AND HIGHWAYS,Arunachal Pradesh,02/2024,,02/2028,,1262.43,,12.12,2.76,QPISR_QR_1st_2025-26.pdf,73,Table 7: Project List: Ongoing Projects,SUCCESS
2025-06,127,,N24002223,ALTERNATE_IDENTIFIER,HUNLI TO ITHUN BRIDGE SECTION,NHIDCL,,ROAD TRANSPORT AND HIGHWAYS,Arunachal Pradesh,02/2024,,01/2027,,275.5,,7.61,7.88,QPISR_QR_1st_2025-26.pdf,73,Table 7: Project List: Ongoing Projects,SUCCESS
2025-06,128,,N24002224,ALTERNATE_IDENTIFIER,PANGO TO JORGING ROAD PKG-1,NHIDCL,,ROAD TRANSPORT AND HIGHWAYS,Arunachal Pradesh,01/2024,,07/2027,,898.19,,16.01,4.25,QPISR_QR_1st_2025-26.pdf,73,Table 7: Project List: Ongoing Projects,SUCCESS
2025-06,129,,N24000683,ALTERNATE_IDENTIFIER,TWO LANING OF JORAM KOLORIANG ROAD (NH 713) ON EPC BASIS FROM DESIGN KM. 138+000 TO KM. 154+036 [EX,NHIDCL,,ROAD TRANSPORT AND HIGHWAYS,Arunachal Pradesh,02/2017,,11/2023,03/2024,180.57,244.1,160.46,96.62,QPISR_QR_1st_2025-26.pdf,73,Table 7: Project List: Ongoing Projects,SUCCESS
2025-06,130,,N24000946,ALTERNATE_IDENTIFIER,CONSTRUCTION OF 2-LANE ROAD WITH PAVED SHOULDERS FROM KM16.00 OF ROING- HUNLI SECTION TO KM 21.500 OF,NHIDCL,,ROAD TRANSPORT AND HIGHWAYS,Arunachal Pradesh,03/2017,,03/2022,06/2025,1718.59,1718.59,742.36,73.84,QPISR_QR_1st_2025-26.pdf,73,Table 7: Project List: Ongoing Projects,SUCCESS
2025-06,131,,N24000948,ALTERNATE_IDENTIFIER,CONSTRUCTION OF 2 LANING OF EXISTING HUNLI-ANINI ROAD ON EPC BASIS FROM DESIGN KM 53.500 TO KM 92.50,NHIDCL,,ROAD TRANSPORT AND HIGHWAYS,Arunachal Pradesh,09/2016,,12/2019,08/2024,568.92,568.92,508.65,100.0,QPISR_QR_1st_2025-26.pdf,74,Table 7: Project List: Ongoing Projects,SUCCESS
2025-06,132,,N24000979,ALTERNATE_IDENTIFIER,TWO-LANING OF HAYULIANG? HAWAI BYPASS ROAD ON EPC BASIS FROM DESIGN KM. 51.825 TO KM. 63.131 EXISTI,NHIDCL,,ROAD TRANSPORT AND HIGHWAYS,Arunachal Pradesh,01/2017,,05/2023,05/2023,256.66,,,63.59,QPISR_QR_1st_2025-26.pdf,74,Table 7: Project List: Ongoing Projects,SUCCESS
2025-06,133,,N24001244,ALTERNATE_IDENTIFIER,CONSTRUCTION OF 2-LANING WITH HARD SHOULDERS OF ARROWA-KHUPA-HAYULIANG SECTION OF NH-113 FROM CH.68.,NHIDCL,,ROAD TRANSPORT AND HIGHWAYS,Arunachal Pradesh,08/2020,,04/2022,04/2025,301.06,,205.71,100.0,QPISR_QR_1st_2025-26.pdf,74,Table 7: Project List: Ongoing Projects,SUCCESS
2025-06,134,,N24001245,ALTERNATE_IDENTIFIER,CONSTRUCTION OF 2-LANING WITH HARD SHOULDERS OF DEMWE-BRAHMAKUND SECTION OF NH-13 FROM CH.0.00 KM TO,NHIDCL,,ROAD TRANSPORT AND HIGHWAYS,Arunachal Pradesh,09/2020,,05/2022,10/2022,353.9,,41.82,25.38,QPISR_QR_1st_2025-26.pdf,74,Table 7: Project List: Ongoing Projects,SUCCESS
2025-06,135,,N04000083,ALTERNATE_IDENTIFIER,CONSTRUCTION OF NEW INTEGRATED TERMINAL BUILDING AT LGBI AIRPORT GUWAHATI,AAI,,CIVIL AVIATION,Assam,12/2016,,03/2021,09/2025,1142.0,,1948.45,89.66,QPISR_QR_1st_2025-26.pdf,74,Table 7: Project List: Ongoing Projects,SUCCESS
2025-06,136,,N06000290,ALTERNATE_IDENTIFIER,TIKAK EXTENSION OCP - 0.2 MTY,CIL,,COAL,Assam,07/2022,,11/2030,,159.77,,81.45,0.0,QPISR_QR_1st_2025-26.pdf,74,Table 7: Project List: Ongoing Projects,SUCCESS
2025-06,137,,N06000291,ALTERNATE_IDENTIFIER,TIRAP OCP,CIL,,COAL,Assam,11/2022,,11/2027,,289.46,,105.59,0.0,QPISR_QR_1st_2025-26.pdf,74,Table 7: Project List: Ongoing Projects,SUCCESS
2025-06,138,,N21000027,ALTERNATE_IDENTIFIER,"ALL INDIA INSTITUTE OF MEDICAL SCIENCE AT GUWAHATI, ASSAM",HITES,,HEALTH AND FAMILY WELFARE,Assam,05/2017,,05/2021,04/2023,875.0,873.92,796.74,99.62,QPISR_QR_1st_2025-26.pdf,74,Table 7: Project List: Ongoing Projects,SUCCESS
2025-06,139,,N16000331,ALTERNATE_IDENTIFIER,DEVELOPMENT OF SURFACE FACILITIES FOR PRODUCTION AND EVACUATION OF CRUDE OIL AND NATURAL GAS FROM NA,OIL,,HEALTH AND FAMILY WELFARE,Assam,01/2018,,02/2020,06/2025,543.91,726.93,491.56,93.98,QPISR_QR_1st_2025-26.pdf,74,Table 7: Project List: Ongoing Projects,SUCCESS
2025-06,140,,N16000379,ALTERNATE_IDENTIFIER,NUMALIGARH REFINERY EXPANSION PROJECT 6 MMTPA REFINARY,NRL,,HEALTH AND FAMILY WELFARE,Assam,01/2019,,10/2024,,12366.0,,16357.82,74.92,QPISR_QR_1st_2025-26.pdf,75,Table 7: Project List: Ongoing Projects,SUCCESS
2025-06,141,,N16000394,ALTERNATE_IDENTIFIER,NUMALIGARH REFINERY EXPANSION PROJECT COIT AND PIPELINES,NRL,,HEALTH AND FAMILY WELFARE,Assam,01/2019,,10/2024,,10228.0,,9579.31,85.1,QPISR_QR_1st_2025-26.pdf,75,Table 7: Project List: Ongoing Projects,SUCCESS
2025-06,142,,N16000414,ALTERNATE_IDENTIFIER,EXPANSION OF GUWAHATI REFINERY FROM 1 TO 1.2 MMTPA ALONG WITH INSTALLATION OF CATALYTIC REFORMING UN,IOCL,,HEALTH AND FAMILY WELFARE,Assam,05/2021,,10/2023,05/2026,412.0,595.2,396.15,83.4,QPISR_QR_1st_2025-26.pdf,75,Table 7: Project List: Ongoing Projects,SUCCESS
2025-06,143,,N16000441,ALTERNATE_IDENTIFIER,"REVAMPING OF FACILITIES AT EXISTING GUWAHATI TERMINAL, ASSAM",IOCL,,HEALTH AND FAMILY WELFARE,Assam,03/2022,,07/2026,09/2026,277.0,,181.63,67.67,QPISR_QR_1st_2025-26.pdf,75,Table 7: Project List: Ongoing Projects,SUCCESS
2025-06,144,,N16000449,ALTERNATE_IDENTIFIER,UPGRADATION OF FACILITIES OF NUMALIGARH-SILIGURI PRODUCT PIPELINE (NSPL) FOR TRANSPORTATION OF ADDIT,OIL,,HEALTH AND FAMILY WELFARE,Assam,06/2021,,12/2024,07/2025,860.0,,535.46,97.5,QPISR_QR_1st_2025-26.pdf,75,Table 7: Project List: Ongoing Projects,SUCCESS
2025-06,145,,N16000450,ALTERNATE_IDENTIFIER,"PROJECT TO CONSTRUCT A FIELD GAS GATHERING STATION AT BAGHJAN AREA FOR COLLECTION,PROCESSING",OIL,,HEALTH AND FAMILY WELFARE,Assam,12/2020,,07/2024,06/2025,430.76,,320.71,83.94,QPISR_QR_1st_2025-26.pdf,75,Table 7: Project List: Ongoing Projects,SUCCESS
2025-06,146,,N16000457,ALTERNATE_IDENTIFIER,CAPACITY EXPANSION OF DIGBOI REFINERY FROM 0.65 TO 1.0 MMTPA,IOCL,,HEALTH AND FAMILY WELFARE,Assam,06/2022,,10/2025,,768.0,,101.15,34.6,QPISR_QR_1st_2025-26.pdf,75,Table 7: Project List: Ongoing Projects,SUCCESS
2025-06,147,,N16000484,ALTERNATE_IDENTIFIER,"CONSTRUCTION OF LPG FACILITIES AT KAMARDANGA, ASSAM",HPCL,,HEALTH AND FAMILY WELFARE,Assam,03/2023,,07/2027,07/2027,156.36,156.36,44.33,35.4,QPISR_QR_1st_2025-26.pdf,75,Table 7: Project List: Ongoing Projects,SUCCESS
2025-06,148,,N16000494,ALTERNATE_IDENTIFIER,"SETTING UP OF NEW RAIL FED POL FACILITY AT KAMARDANGA, ASSAM",HPCL,,HEALTH AND FAMILY WELFARE,Assam,03/2023,,07/2027,07/2027,384.04,,97.54,44.0,QPISR_QR_1st_2025-26.pdf,75,Table 7: Project List: Ongoing Projects,SUCCESS
2025-06,149,,N16000510,ALTERNATE_IDENTIFIER,POWER RECOVERY TURBINE IN PFCCU,NRL,,HEALTH AND FAMILY WELFARE,Assam,03/2023,,07/2025,,293.5,,97.22,92.0,QPISR_QR_1st_2025-26.pdf,76,Table 7: Project List: Ongoing Projects,SUCCESS
2025-06,150,,N16000511,ALTERNATE_IDENTIFIER,DCU REVAMP PROJECT,NRL,,HEALTH AND FAMILY WELFARE,Assam,08/2021,,03/2025,,370.0,,255.51,55.0,QPISR_QR_1st_2025-26.pdf,76,Table 7: Project List: Ongoing Projects,SUCCESS
2025-06,151,,N16000528,ALTERNATE_IDENTIFIER,PIPELINE NETWORK PROJECT RUDRASAGAR,ONGC,,HEALTH AND FAMILY WELFARE,Assam,01/2023,,04/2026,,344.99,,208.56,46.3,QPISR_QR_1st_2025-26.pdf,76,Table 7: Project List: Ongoing Projects,SUCCESS
2025-06,152,,N16000532,ALTERNATE_IDENTIFIER,BORHOLLA GGS LIFE EXTENSION PROJECT,ONGC,,HEALTH AND FAMILY WELFARE,Assam,09/2023,,05/2026,,198.7,,99.52,27.3,QPISR_QR_1st_2025-26.pdf,76,Table 7: Project List: Ongoing Projects,SUCCESS
2025-06,153,,N22000388,ALTERNATE_IDENTIFIER,BONGAIGAON-GOALPARA-GUWAHATI (176 KM),NFR,,RAILWAYS,Assam,04/2015,,03/2026,,4059.65,,3668.09,92.31,QPISR_QR_1st_2025-26.pdf,76,Table 7: Project List: Ongoing Projects,SUCCESS
2025-06,154,,N24001326,ALTERNATE_IDENTIFIER,4-L DHUBRI PHULBARI BRIDGE WITH APPROACH ROAD,NHIDCL,,ROAD TRANSPORT AND HIGHWAYS,Assam,11/2020,,09/2028,,4997.04,,2464.49,62.82,QPISR_QR_1st_2025-26.pdf,76,Table 7: Project List: Ongoing Projects,SUCCESS
2025-06,155,,N24001331,ALTERNATE_IDENTIFIER,2-LANING FROM YAINGANGPOKPI TO FINCH CORNER (PKG-I),NHIDCL,,ROAD TRANSPORT AND HIGHWAYS,Assam,03/2020,,06/2022,05/2025,261.13,,70.08,57.5,QPISR_QR_1st_2025-26.pdf,76,Table 7: Project List: Ongoing Projects,SUCCESS
2025-06,156,,N24001332,ALTERNATE_IDENTIFIER,2-LANING FROM YAINGANGPOKPI TO FINCH CORNER (PKG-II),NHIDCL,,ROAD TRANSPORT AND HIGHWAYS,Assam,03/2020,,06/2022,04/2025,217.5,,89.21,68.03,QPISR_QR_1st_2025-26.pdf,76,Table 7: Project List: Ongoing Projects,SUCCESS
2025-06,157,,N24001366,ALTERNATE_IDENTIFIER,DABOKA KATHKATI PACKAGE-5,NHIDCL,,ROAD TRANSPORT AND HIGHWAYS,Assam,03/2021,,01/2023,,288.85,,247.78,100.0,QPISR_QR_1st_2025-26.pdf,76,Table 7: Project List: Ongoing Projects,SUCCESS
2025-06,158,,N24001368,ALTERNATE_IDENTIFIER,TULUNGIA-JOGIGHOPA-PAIKAN ROAD PKG-7,NHIDCL,,ROAD TRANSPORT AND HIGHWAYS,Assam,03/2021,,01/2024,,286.72,,159.3,82.9,QPISR_QR_1st_2025-26.pdf,76,Table 7: Project List: Ongoing Projects,SUCCESS
2025-06,159,,N24001408,ALTERNATE_IDENTIFIER,CONSTRUCTION OF 2-LANE MAJOR BRIDGE INCLUDING APPROACHESOVER BRAHMAPUTRA BETWEEN MAJULI ON NORTH BAN,MoRTH,,ROAD TRANSPORT AND HIGHWAYS,Assam,02/2021,,07/2025,,925.47,1019.17,192.5,30.65,QPISR_QR_1st_2025-26.pdf,77,Table 7: Project List: Ongoing Projects,SUCCESS
2025-06,160,,N24001434,ALTERNATE_IDENTIFIER,JOGIGHOPA BRIDGE,NHIDCL,,ROAD TRANSPORT AND HIGHWAYS,Assam,08/2021,,11/2024,,746.76,,344.27,67.85,QPISR_QR_1st_2025-26.pdf,77,Table 7: Project List: Ongoing Projects,SUCCESS
2025-06,161,,N24001450,ALTERNATE_IDENTIFIER,DABOKA KATHKATI PACKAGE-6,NHIDCL,,ROAD TRANSPORT AND HIGHWAYS,Assam,09/2021,,07/2024,,625.64,,556.44,100.0,QPISR_QR_1st_2025-26.pdf,77,Table 7: Project List: Ongoing Projects,SUCCESS
2025-06,162,,N24001451,ALTERNATE_IDENTIFIER,DIBRUGARH-LAHOAL-CHABUA BYPASS PACKAGE-1,NHIDCL,,ROAD TRANSPORT AND HIGHWAYS,Assam,03/2022,,07/2024,,215.27,,105.4,100.0,QPISR_QR_1st_2025-26.pdf,77,Table 7: Project List: Ongoing Projects,SUCCESS
2025-06,163,,N24001537,ALTERNATE_IDENTIFIER,DABOKA KATHKATI PACKAGE-7,NHIDCL,,ROAD TRANSPORT AND HIGHWAYS,Assam,11/2021,,07/2024,,204.1,,143.66,96.8,QPISR_QR_1st_2025-26.pdf,77,Table 7: Project List: Ongoing Projects,SUCCESS
2025-06,164,,N24001544,ALTERNATE_IDENTIFIER,FOUR LANING OF SRIRAMPUR-DHUBRI PKG-2,NHIDCL,,ROAD TRANSPORT AND HIGHWAYS,Assam,03/2022,,01/2025,,909.02,,532.44,100.0,QPISR_QR_1st_2025-26.pdf,77,Table 7: Project List: Ongoing Projects,SUCCESS
2025-06,165,,N24001545,ALTERNATE_IDENTIFIER,"6L STANDALONE FLYOVERS AT RAHA, DEMOW, BORGHAT, KATHIATALI JUNCTIONS AND ROB AT JAGIROAD ON STRETCHE",NHAI,,ROAD TRANSPORT AND HIGHWAYS,Assam,08/2022,,12/2022,09/2024,175.0,,209.02,100.0,QPISR_QR_1st_2025-26.pdf,77,Table 7: Project List: Ongoing Projects,SUCCESS
2025-06,166,,N24001547,ALTERNATE_IDENTIFIER,BALANCE WORK OF 4L OF NARIMBANGLO?JATINGA JUNCTION- HARANGAJO ROAD SECTION FROM KM 0.000 TO KM 49.23,NHAI,,ROAD TRANSPORT AND HIGHWAYS,Assam,03/2022,,01/2026,,1909.98,,683.0,78.92,QPISR_QR_1st_2025-26.pdf,77,Table 7: Project List: Ongoing Projects,SUCCESS
2025-06,167,,N24001548,ALTERNATE_IDENTIFIER,"6L STANDALONE FLYOVERS AT BONGAIGAON, CHAPAGURI, PATHSALA, SIMLAGURI CHOWK AND BAIHATA BYPASS JUNCTI",NHAI,,ROAD TRANSPORT AND HIGHWAYS,Assam,03/2022,,06/2024,,457.72,,366.34,100.0,QPISR_QR_1st_2025-26.pdf,77,Table 7: Project List: Ongoing Projects,SUCCESS
2025-06,168,,N24001831,ALTERNATE_IDENTIFIER,SRIRAMPUR - DHUBRI PKG-1,NHIDCL,,ROAD TRANSPORT AND HIGHWAYS,Assam,03/2022,,02/2025,,613.89,,110.76,35.77,QPISR_QR_1st_2025-26.pdf,78,Table 7: Project List: Ongoing Projects,SUCCESS
2025-06,169,,N24001832,ALTERNATE_IDENTIFIER,DIBRUGARH-LAHOAL-CHABUA BYPASS PACKAGE-3,NHIDCL,,ROAD TRANSPORT AND HIGHWAYS,Assam,01/2023,,05/2025,,458.59,,205.87,66.12,QPISR_QR_1st_2025-26.pdf,78,Table 7: Project List: Ongoing Projects,SUCCESS
2025-06,170,,N24001840,ALTERNATE_IDENTIFIER,CONSTRUCTION OF MANGALDOI BYPASS (NH- 15) STARTING AT CH 26+400 AND TERMINATING AT CH 41+505 UNDER RA,MoRTH,,ROAD TRANSPORT AND HIGHWAYS,Assam,03/2022,,04/2025,,535.03,,102.23,34.54,QPISR_QR_1st_2025-26.pdf,78,Table 7: Project List: Ongoing Projects,SUCCESS
2025-06,171,,N24001969,ALTERNATE_IDENTIFIER,WIDENING AND UPGRADATION TO TWO LANES WITH PAVED SHOULDERS ROAD FROM TAMENGLONG TO MAHUR (NH-137) I,NHIDCL,,ROAD TRANSPORT AND HIGHWAYS,Assam,03/2023,,08/2025,,904.04,,409.15,68.26,QPISR_QR_1st_2025-26.pdf,78,Table 7: Project List: Ongoing Projects,SUCCESS
2025-06,172,,N24001970,ALTERNATE_IDENTIFIER,WIDENING AND UPGRADATION TO TWO LANES WITH PAVED SHOULDERS ROAD FROM TAMENGLONG TO MAHUR (NH-137) IN,NHIDCL,,ROAD TRANSPORT AND HIGHWAYS,Assam,03/2023,,08/2025,,860.37,,417.17,68.6,QPISR_QR_1st_2025-26.pdf,78,Table 7: Project List: Ongoing Projects,SUCCESS
2025-06,173,,N24001971,ALTERNATE_IDENTIFIER,WIDENING AND UPGRADATION TO TWO LANES WITH PAVED SHOULDERS ROAD FROM TAMENGLONG TO MAHUR (NH-137) IN,NHIDCL,,ROAD TRANSPORT AND HIGHWAYS,Assam,03/2023,,08/2025,,890.33,,467.83,65.56,QPISR_QR_1st_2025-26.pdf,78,Table 7: Project List: Ongoing Projects,SUCCESS
2025-06,174,,N24001972,ALTERNATE_IDENTIFIER,WIDENING/IMPROVEMENT TO 4-LANE WITH PAVED SHOULDER FROM KM 0+800 (KANDULIJAN GAON) TO KM 27+701 (SI,NHIDCL,,ROAD TRANSPORT AND HIGHWAYS,Assam,03/2023,,04/2026,,609.16,,323.24,98.48,QPISR_QR_1st_2025-26.pdf,78,Table 7: Project List: Ongoing Projects,SUCCESS
2025-06,175,,N24001973,ALTERNATE_IDENTIFIER,WIDENING/IMPROVEMENT TO 4-LANE WITH PAVED SHOULDER FROM KM 27+701 (SIMEN CHAPORI) TO KM 55+000 (NAG,NHIDCL,,ROAD TRANSPORT AND HIGHWAYS,Assam,03/2023,,02/2026,,562.05,,303.89,99.06,QPISR_QR_1st_2025-26.pdf,78,Table 7: Project List: Ongoing Projects,SUCCESS
2025-06,176,,N24002021,ALTERNATE_IDENTIFIER,BILASIPURA-GUWAHATI ROAD PKG-8,NHIDCL,,ROAD TRANSPORT AND HIGHWAYS,Assam,03/2023,,12/2026,,1457.59,,551.88,47.5,QPISR_QR_1st_2025-26.pdf,79,Table 7: Project List: Ongoing Projects,SUCCESS
2025-06,177,,N24002022,ALTERNATE_IDENTIFIER,BILASIPURA-GUWAHATI ROAD PKG-9,NHIDCL,,ROAD TRANSPORT AND HIGHWAYS,Assam,03/2023,,06/2026,,1000.27,,308.11,29.01,QPISR_QR_1st_2025-26.pdf,79,Table 7: Project List: Ongoing Projects,SUCCESS
2025-06,178,,N24002023,ALTERNATE_IDENTIFIER,BILASIPURA-GUWAHATI ROAD PKG-10,NHIDCL,,ROAD TRANSPORT AND HIGHWAYS,Assam,03/2023,,06/2026,,1264.9,,425.17,27.99,QPISR_QR_1st_2025-26.pdf,79,Table 7: Project List: Ongoing Projects,SUCCESS
2025-06,179,,N24002024,ALTERNATE_IDENTIFIER,DABOKA BYPASS OF DABOKA - PAROKHAOWA PKG -1,NHIDCL,,ROAD TRANSPORT AND HIGHWAYS,Assam,01/2023,,11/2025,,516.88,,242.92,75.51,QPISR_QR_1st_2025-26.pdf,79,Table 7: Project List: Ongoing Projects,SUCCESS
2025-06,180,,N24002025,ALTERNATE_IDENTIFIER,2 LANE WITH PAVED SHOULDER FROM KM 16+900 (BOGAPANI) TO KM 27+150 (GOLAI GAON) ON EXISTING DIBRUGARH,NHIDCL,,ROAD TRANSPORT AND HIGHWAYS,Assam,01/2023,,12/2025,,356.65,,134.02,18.15,QPISR_QR_1st_2025-26.pdf,79,Table 7: Project List: Ongoing Projects,SUCCESS
2025-06,181,,N24002026,ALTERNATE_IDENTIFIER,2 LANE WITH PAVED SHOULDER FROM KM 27+150 (GOLAI GAON) TO KM 47+682 (LEDO) ON EXISTING DIBRUGARH TO,NHIDCL,,ROAD TRANSPORT AND HIGHWAYS,Assam,03/2023,,12/2025,,643.42,,69.47,0.0,QPISR_QR_1st_2025-26.pdf,79,Table 7: Project List: Ongoing Projects,SUCCESS
2025-06,182,,N24002030,ALTERNATE_IDENTIFIER,DEVELOPMENT OF EXTERNAL TRUNK CONNECTIVITY AND INTERNAL INFRASTRUCTURE WORKS AT MULTI MODEL LOGISTIC,NHIDCL,,ROAD TRANSPORT AND HIGHWAYS,Assam,02/2020,,03/2022,,592.06,,308.87,100.0,QPISR_QR_1st_2025-26.pdf,79,Table 7: Project List: Ongoing Projects,SUCCESS
2025-06,183,,N24002127,ALTERNATE_IDENTIFIER,SILCHAR VAIRENGTE SAIRANG ROAD PKG-1,NHIDCL,,ROAD TRANSPORT AND HIGHWAYS,Assam,02/2023,,07/2026,,1256.9,,539.19,40.36,QPISR_QR_1st_2025-26.pdf,79,Table 7: Project List: Ongoing Projects,SUCCESS
2025-06,184,,N24002128,ALTERNATE_IDENTIFIER,SILCHAR VAIRENGTE SAIRANG ROAD PKG-2,NHIDCL,,ROAD TRANSPORT AND HIGHWAYS,Assam,03/2023,,08/2026,,1716.21,,989.94,64.56,QPISR_QR_1st_2025-26.pdf,79,Table 7: Project List: Ongoing Projects,SUCCESS
2025-06,185,,N24002129,ALTERNATE_IDENTIFIER,FOUR LANNING OF BADARPUR BYPASS FROM DESIGN CHAINAGE KM 27+300 AT CROSSING WITH NH-6,NHIDCL,,ROAD TRANSPORT AND HIGHWAYS,Assam,02/2023,,08/2026,,574.26,,297.7,54.97,QPISR_QR_1st_2025-26.pdf,80,Table 7: Project List: Ongoing Projects,SUCCESS
2025-06,186,,N24002130,ALTERNATE_IDENTIFIER,TAMENGLONG- MAHUR ROAD PKG-7,NHIDCL,,ROAD TRANSPORT AND HIGHWAYS,Assam,12/2023,,03/2026,,846.82,,407.11,68.95,QPISR_QR_1st_2025-26.pdf,80,Table 7: Project List: Ongoing Projects,SUCCESS
2025-06,187,,N24002154,ALTERNATE_IDENTIFIER,CONSTRUCTION OF 4-LANE PANCHGRAM BYPASS FROM DESIGN CHAINAGE KM 15+500 ON NH-37 (OLD NH-53) AT KALIN,NHIDCL,,ROAD TRANSPORT AND HIGHWAYS,Assam,03/2023,,02/2027,,728.97,,290.9,43.16,QPISR_QR_1st_2025-26.pdf,80,Table 7: Project List: Ongoing Projects,SUCCESS
2025-06,188,,N24002155,ALTERNATE_IDENTIFIER,WIDENING/IMPROVEMENT TO 4-LANE WITH PAVED SHOULDER FROM KM 55+000 (NAGABANG GAMSUK) TO KM 82+514 (OY,NHIDCL,,ROAD TRANSPORT AND HIGHWAYS,Assam,03/2023,,03/2027,,665.47,,213.67,50.88,QPISR_QR_1st_2025-26.pdf,80,Table 7: Project List: Ongoing Projects,SUCCESS
2025-06,189,,N24002225,ALTERNATE_IDENTIFIER,BILASIPURA- GUWAHATI ROAD PKG-1,NHIDCL,,ROAD TRANSPORT AND HIGHWAYS,Assam,02/2024,,08/2027,,1081.15,,33.93,2.76,QPISR_QR_1st_2025-26.pdf,80,Table 7: Project List: Ongoing Projects,SUCCESS
2025-06,190,,N24002226,ALTERNATE_IDENTIFIER,SILCHAR-JIRIBAM PKG-1,NHIDCL,,ROAD TRANSPORT AND HIGHWAYS,Assam,01/2024,,01/2028,,957.95,,,21.98,QPISR_QR_1st_2025-26.pdf,80,Table 7: Project List: Ongoing Projects,SUCCESS
2025-06,191,,N24002229,ALTERNATE_IDENTIFIER,BILASIPURA- GUWAHATI ROAD PKG-2,NHIDCL,,ROAD TRANSPORT AND HIGHWAYS,Assam,11/2023,,06/2027,,1338.61,,0.5,0.0,QPISR_QR_1st_2025-26.pdf,80,Table 7: Project List: Ongoing Projects,SUCCESS
2025-06,192,,N24002230,ALTERNATE_IDENTIFIER,BADARPUR ? CHURAIBARI PKG-6,NHIDCL,,ROAD TRANSPORT AND HIGHWAYS,Assam,03/2024,,03/2027,,870.0,,,5.86,QPISR_QR_1st_2025-26.pdf,80,Table 7: Project List: Ongoing Projects,SUCCESS
2025-06,193,,N24002231,ALTERNATE_IDENTIFIER,KARIMGANI - SUTARKANDI SECTION ON SILCHAR-CHURAIBARI PKG-7,NHIDCL,,ROAD TRANSPORT AND HIGHWAYS,Assam,02/2024,,02/2027,,791.79,,,1.02,QPISR_QR_1st_2025-26.pdf,80,Table 7: Project List: Ongoing Projects,SUCCESS
2025-06,194,,N24002237,ALTERNATE_IDENTIFIER,CONSTRUCTION OF 4 LANE GAURIPUR BYPASS ON NH-17 IN THE STATE OF ASSAM,MoRTH,,ROAD TRANSPORT AND HIGHWAYS,Assam,03/2024,,10/2026,,421.15,,,0.0,QPISR_QR_1st_2025-26.pdf,81,Table 7: Project List: Ongoing Projects,SUCCESS
2025-06,195,,N24002238,ALTERNATE_IDENTIFIER,CONSTRUCTION OF 2 LANE BARPETA BYPASS FROM KM 77+900(BARADI) TO KM 86+150( DEURIKUCHI) (LENGTH=8.25K,MoRTH,,ROAD TRANSPORT AND HIGHWAYS,Assam,03/2023,,08/2026,,173.65,,,0.0,QPISR_QR_1st_2025-26.pdf,81,Table 7: Project List: Ongoing Projects,SUCCESS
2025-06,196,,N24002243,ALTERNATE_IDENTIFIER,SILCHAR- CHURAIBARI PKG-5,NHIDCL,,ROAD TRANSPORT AND HIGHWAYS,Assam,02/2024,,10/2027,,1258.13,,,0.0,QPISR_QR_1st_2025-26.pdf,81,Table 7: Project List: Ongoing Projects,SUCCESS
2025-06,197,,N24000319,ALTERNATE_IDENTIFIER,4 LANING OF JORHAT TO JHANJI SECTION FROM KM. 453.00 TO KM. 491.08 (DESIGN KM 403.200 TO KM 454.240),NHIDCL,,ROAD TRANSPORT AND HIGHWAYS,Assam,06/2015,,08/2023,,437.39,,586.89,97.43,QPISR_QR_1st_2025-26.pdf,81,Table 7: Project List: Ongoing Projects,SUCCESS
2025-06,198,,N24000320,ALTERNATE_IDENTIFIER,FOUR LANING OF JHANJHI JN TO DEMOW SECTION FROM KM. 491.050 TO KM. 535.250(DESIGN KM 490.800 TO KM 5,NHIDCL,,ROAD TRANSPORT AND HIGHWAYS,Assam,06/2015,,03/2024,,463.49,,517.62,78.19,QPISR_QR_1st_2025-26.pdf,81,Table 7: Project List: Ongoing Projects,SUCCESS
2025-06,199,,N24000431,ALTERNATE_IDENTIFIER,4 LANING FROM JAMUGURI TO BISWANATH CHARIALI FROM KM 182 TO KM 208 OF NH-52,NHIDCL,,ROAD TRANSPORT AND HIGHWAYS,Assam,01/1991,,06/2019,06/2019,520.01,,306.13,98.42,QPISR_QR_1st_2025-26.pdf,81,Table 7: Project List: Ongoing Projects,SUCCESS
2025-06,200,,N24000438,ALTERNATE_IDENTIFIER,4 LANING FROM RANGAGARA TO KALIABHOR TINALI FROM KM 297.00 TO KM 315.315 OF NH- 37 ON EPC BASIS.,NHIDCL,,ROAD TRANSPORT AND HIGHWAYS,Assam,12/2015,,12/2018,07/2021,289.99,,233.23,88.03,QPISR_QR_1st_2025-26.pdf,81,Table 7: Project List: Ongoing Projects,SUCCESS
2025-06,201,,N24000582,ALTERNATE_IDENTIFIER,4 LANING OF NH-37 SECTION BETWEEN DEMOW TO END OF MORAN BYPASS (FROM KM. 534.800 TO KM. 561.700) O,NHIDCL,,ROAD TRANSPORT AND HIGHWAYS,Assam,01/2016,,01/2016,,294.17,,396.49,98.4,QPISR_QR_1st_2025-26.pdf,81,Table 7: Project List: Ongoing Projects,SUCCESS
2025-06,202,,N24000583,ALTERNATE_IDENTIFIER,4 LANING OF NH 37 SECTION BETWEEN END OF MORAN BYPASS TO BOGIBEEL JUNCTION NEAR LAPETKETA (KM. 561,NHIDCL,,ROAD TRANSPORT AND HIGHWAYS,Assam,01/2016,,12/2021,,252.0,,242.97,95.42,QPISR_QR_1st_2025-26.pdf,81,Table 7: Project List: Ongoing Projects,SUCCESS
2025-06,203,,N24001246,ALTERNATE_IDENTIFIER,4-LANING OF HAPACHARA - TULUNGIA SECTION,NHIDCL,,ROAD TRANSPORT AND HIGHWAYS,Assam,03/2020,,12/2022,,220.2,,217.31,97.76,QPISR_QR_1st_2025-26.pdf,82,Table 7: Project List: Ongoing Projects,SUCCESS
2025-06,204,,N24001269,ALTERNATE_IDENTIFIER,2-LANING OF CHURACHANDPUR TUIVAI SECTION OF NH-102B (PKG- IB),NHIDCL,,ROAD TRANSPORT AND HIGHWAYS,Assam,03/2020,,03/2022,06/2025,216.49,241.52,114.38,87.02,QPISR_QR_1st_2025-26.pdf,82,Table 7: Project List: Ongoing Projects,SUCCESS
2025-06,205,,N04000082,ALTERNATE_IDENTIFIER,"CONSTRUCTION OF NEW DORNESTIC TERMINAL BUILDING AND OTHER STRUCTURES, PHASE I AND II",AAI,,CIVIL AVIATION,Bihar,05/2018,,10/2022,11/2025,1216.9,,1029.05,93.14,QPISR_QR_1st_2025-26.pdf,82,Table 7: Project List: Ongoing Projects,SUCCESS
2025-06,206,,N04000112,ALTERNATE_IDENTIFIER,"DARBHANGA:DEVELOPMENT OF NEW CIVIL ENCLAVE AT DARBHANGA, BIHAR. SH- CONSTRUCTION OF NEW TERMINAL BUI",AAI,,CIVIL AVIATION,Bihar,07/2024,,07/2026,,911.66,,113.58,20.75,QPISR_QR_1st_2025-26.pdf,82,Table 7: Project List: Ongoing Projects,SUCCESS
2025-06,207,,N28000100,ALTERNATE_IDENTIFIER,CONSTRUCTION OF ACADEMIC AND RESIDENTIAL COMPLEX UNDER PHASE-II FOR THE CAMPUS OF IIT PATNA,CPWD EDUCATION,,DEPARTMENT OF HIGHER EDUCATION,Bihar,02/2016,,06/2017,,496.18,496.0,390.15,100.0,QPISR_QR_1st_2025-26.pdf,82,Table 7: Project List: Ongoing Projects,SUCCESS
2025-06,208,,N42000009,ALTERNATE_IDENTIFIER,PERMANENT CAMPUS FOR IIM BODH GAYA,CPWD EDUCATION,,DEPARTMENT OF HIGHER EDUCATION,Bihar,09/2018,,09/2020,,375.0,,342.18,100.0,QPISR_QR_1st_2025-26.pdf,82,Table 7: Project List: Ongoing Projects,SUCCESS
2025-06,209,,N16000386,ALTERNATE_IDENTIFIER,BARAUNI REFINERY CAPACITY EXPANSION FROM 6.0 TO 9.0 MMTPA,IOCL,,DEPARTMENT OF HIGHER EDUCATION,Bihar,01/2020,,04/2023,08/2026,14810.0,18113.0,11055.42,89.0,QPISR_QR_1st_2025-26.pdf,82,Table 7: Project List: Ongoing Projects,SUCCESS
2025-06,210,,N16000423,ALTERNATE_IDENTIFIER,"CGD PROJECT AT KHAGARIA, SAHARSA AND MADHEPURA",IOCL,,DEPARTMENT OF HIGHER EDUCATION,Bihar,06/2019,,12/2029,03/2030,163.0,,96.08,40.1,QPISR_QR_1st_2025-26.pdf,82,Table 7: Project List: Ongoing Projects,SUCCESS
2025-06,211,,N16000453,ALTERNATE_IDENTIFIER,INSTALLATION OF BITUMEN MANUFACTURING UNIT ALONG WITH ALLIED FACILITIES AT BARAUNI,IOCL,,DEPARTMENT OF HIGHER EDUCATION,Bihar,01/2022,,04/2025,,389.0,,38.25,35.4,QPISR_QR_1st_2025-26.pdf,82,Table 7: Project List: Ongoing Projects,SUCCESS
2025-06,212,,N16000523,ALTERNATE_IDENTIFIER,CITY GAS DISTRIBUTION PROJECTS AT GOPALGANJ SIWAN WEST CHAMPARAN EAST CHAMPARAN AND DEORIA DISTRICTS,BPCL,,DEPARTMENT OF HIGHER EDUCATION,Bihar,12/2022,,06/2030,,3919.0,,382.99,13.6,QPISR_QR_1st_2025-26.pdf,83,Table 7: Project List: Ongoing Projects,SUCCESS
2025-06,213,,N16000524,ALTERNATE_IDENTIFIER,"CITY GAS DISTRIBUTION PROJECTS AT DARBHANGA, MADHUBANI, SUPAUL, SITAMARHI AND SHEOHAR DISTRICTS",BPCL,,DEPARTMENT OF HIGHER EDUCATION,Bihar,12/2022,,03/2030,,3638.0,,390.34,20.8,QPISR_QR_1st_2025-26.pdf,83,Table 7: Project List: Ongoing Projects,SUCCESS
2025-06,214,180100242,,PRIMARY_IDENTIFIER,BARH STPP(3X660MW) NTPC,NTPC,,POWER,Bihar,02/2005,,10/2011,07/2023,8692.97,21312.11,22561.37,95.0,QPISR_QR_1st_2025-26.pdf,83,Table 7: Project List: Ongoing Projects,SUCCESS
2025-06,215,,N18000194,ALTERNATE_IDENTIFIER,BUXAR THERMAL POWER PLANT (1320 MW),SJVN,,POWER,Bihar,03/2019,,01/2024,,10439.09,,11845.16,91.56,QPISR_QR_1st_2025-26.pdf,83,Table 7: Project List: Ongoing Projects,SUCCESS
2025-06,216,,N18000421,ALTERNATE_IDENTIFIER,EASTERN REGION EXPANSION SCHEME: 43 [ERES: 43],PGCIL,,POWER,Bihar,05/2025,,05/2026,,343.0,,,0.0,QPISR_QR_1st_2025-26.pdf,83,Table 7: Project List: Ongoing Projects,SUCCESS
2025-06,217,,N18000422,ALTERNATE_IDENTIFIER,EASTERN REGION EXPANSION SCHEME: 44 [ERES: 44],PGCIL,,POWER,Bihar,05/2025,,05/2026,,409.0,,,0.0,QPISR_QR_1st_2025-26.pdf,83,Table 7: Project List: Ongoing Projects,SUCCESS
2025-06,218,220100257,,PRIMARY_IDENTIFIER,KHAGARIA-KUSHESHWAR ASTHAN (NL) (ECR),ECR,,POWER,Bihar,04/1997,,12/2024,,614.45,614.45,483.57,52.0,QPISR_QR_1st_2025-26.pdf,83,Table 7: Project List: Ongoing Projects,SUCCESS
2025-06,219,220100303,,PRIMARY_IDENTIFIER,"HAJIPUR-SUGAULI VIA VAISHALI (NL), ECR",ECR,,POWER,Bihar,04/2003,,12/2014,,2066.78,2087.36,2454.59,73.0,QPISR_QR_1st_2025-26.pdf,83,Table 7: Project List: Ongoing Projects,SUCCESS
2025-06,220,,N22000087,ALTERNATE_IDENTIFIER,"NEW B.G. LINE FROM ARARIA TO GALGALIA (THAKURGUNG), NEFR",NFR,,POWER,Bihar,09/2006,,12/2024,,2650.0,2132.03,4074.75,92.0,QPISR_QR_1st_2025-26.pdf,83,Table 7: Project List: Ongoing Projects,SUCCESS
2025-06,221,,N22000171,ALTERNATE_IDENTIFIER,SAKRI-HASANPUR ROAD (NL),ECR,,POWER,Bihar,04/1999,,,,325.0,735.2,604.94,78.0,QPISR_QR_1st_2025-26.pdf,84,Table 7: Project List: Ongoing Projects,SUCCESS
2025-06,222,,N22000177,ALTERNATE_IDENTIFIER,ARARIA-SUPAUL (NL),ECR,,POWER,Bihar,04/2008,,03/2024,,1605.17,1605.17,1749.92,65.0,QPISR_QR_1st_2025-26.pdf,84,Table 7: Project List: Ongoing Projects,SUCCESS
2025-06,223,,N22000181,ALTERNATE_IDENTIFIER,JAYNAGAR-BIJALPURA INCLUDING EXTENSION BIJALPURA-BARDIBAS(NEPAL) GC,ECR,,POWER,Bihar,04/2009,,03/2022,,819.0,548.0,566.62,75.0,QPISR_QR_1st_2025-26.pdf,84,Table 7: Project List: Ongoing Projects,SUCCESS
2025-06,224,,N22000329,ALTERNATE_IDENTIFIER,SAMASTIPUR-DARBANGHA,ECR,,POWER,Bihar,05/2015,,03/2025,,519.33,519.33,651.94,80.0,QPISR_QR_1st_2025-26.pdf,84,Table 7: Project List: Ongoing Projects,SUCCESS
2025-06,225,,N22000349,ALTERNATE_IDENTIFIER,KIUL - GAYA DOUBLING PROJECT,ECR,,POWER,Bihar,12/2015,,09/2024,,2462.11,1200.2,1896.91,99.0,QPISR_QR_1st_2025-26.pdf,84,Table 7: Project List: Ongoing Projects,SUCCESS
2025-06,226,,N22000350,ALTERNATE_IDENTIFIER,RAMPUR DUMRA - TAL - RAJENDRAPUL DOUBLING INCLUDING GANGA BRIDGE,ECR,,POWER,Bihar,12/2015,,12/2024,,2373.64,1491.47,1776.7,77.0,QPISR_QR_1st_2025-26.pdf,84,Table 7: Project List: Ongoing Projects,SUCCESS
2025-06,227,,N22000472,ALTERNATE_IDENTIFIER,SAGAULI VALMIKINAGAR DOUBLING 109.7 KM,ECR,,POWER,Bihar,04/2016,,12/2024,,1215.54,1215.54,1595.74,91.0,QPISR_QR_1st_2025-26.pdf,84,Table 7: Project List: Ongoing Projects,SUCCESS
2025-06,228,,N22000473,ALTERNATE_IDENTIFIER,MUZAFFARPUR SAGAULI DOUBLING 100.60 KM,ECR,,POWER,Bihar,04/2016,,06/2024,,1586.22,1185.73,1487.54,96.0,QPISR_QR_1st_2025-26.pdf,84,Table 7: Project List: Ongoing Projects,SUCCESS
2025-06,229,,N22000476,ALTERNATE_IDENTIFIER,"FATUHA-ISLAMPUR INCL. MM FOR EXTENSION OF NEW LINE FORM BIHARSHARIF-BARBIGHA, DANIYAWAN-BIHARSHARIF,",ECR,,POWER,Bihar,04/1991,,03/2023,,1473.3,803.09,2794.05,90.0,QPISR_QR_1st_2025-26.pdf,84,Table 7: Project List: Ongoing Projects,SUCCESS
2025-06,230,,N22000523,ALTERNATE_IDENTIFIER,DARBHANGA - BYPASS LINE CONNECTING SHISHO HALT AND KAKARGHATI EXCL DARBHANGA YARD (7.64 KM),ECR,,POWER,Bihar,06/2019,,06/2025,,983.62,253.23,417.57,100.0,QPISR_QR_1st_2025-26.pdf,85,Table 7: Project List: Ongoing Projects,SUCCESS
2025-06,231,,N22000524,ALTERNATE_IDENTIFIER,BARAUNI- BACHWARA 3RD AND 4TH LINE,ECR,,POWER,Bihar,07/2022,,07/2027,,486.0,,135.31,33.0,QPISR_QR_1st_2025-26.pdf,85,Table 7: Project List: Ongoing Projects,SUCCESS
2025-06,232,,N22000526,ALTERNATE_IDENTIFIER,JHAJHA - BATIA (UMBRELLA WORK PB#23/2018- 19/NR),ECR,,POWER,Bihar,02/2019,,06/2028,,496.47,,22.55,0.0,QPISR_QR_1st_2025-26.pdf,85,Table 7: Project List: Ongoing Projects,SUCCESS
2025-06,233,,N22000528,ALTERNATE_IDENTIFIER,SONENAGAR BYE PASS LINE FROM CHIRALAPOTHU TO BAGHA BISHUNPUR,ECR,,POWER,Bihar,10/2022,,10/2027,,234.0,223.69,22.57,0.0,QPISR_QR_1st_2025-26.pdf,85,Table 7: Project List: Ongoing Projects,SUCCESS
2025-06,234,,N22000570,ALTERNATE_IDENTIFIER,KATIHAR-KUMEDPUR AND KATIHAR-MUKURIA (64.5 KM) (UMBRELLA WORK PB#57/2019- 20/NR),NFR,,POWER,Bihar,08/2022,,08/2027,,745.0,,356.14,35.0,QPISR_QR_1st_2025-26.pdf,85,Table 7: Project List: Ongoing Projects,SUCCESS
2025-06,235,,N24001303,ALTERNATE_IDENTIFIER,BALANCE WORK OF 4- LANING OF PATNA- GAYA-DOBHI SECTION (KM. 0.00 TO KM. 127.217) OF NH-83 IN THE STAT,NHAI,,ROAD TRANSPORT AND HIGHWAYS,Bihar,10/2013,,12/2020,12/2024,649.9,,711.53,98.3,QPISR_QR_1st_2025-26.pdf,85,Table 7: Project List: Ongoing Projects,SUCCESS
2025-06,236,,N24001304,ALTERNATE_IDENTIFIER,BALANCE WORK OF 4- LANING OF PATNA- GAYA-DOBHI SECTION (KM. 39.00 TO KM. 83.00) OF NH-83 IN THE STATE,NHAI,,ROAD TRANSPORT AND HIGHWAYS,Bihar,10/2013,,11/2020,12/2024,446.97,598.48,638.8,96.3,QPISR_QR_1st_2025-26.pdf,85,Table 7: Project List: Ongoing Projects,SUCCESS
2025-06,237,,N24001305,ALTERNATE_IDENTIFIER,BALANCE WORK OF 4- L ANING OF PATNA- GAYA-DOBHI SECTION (KM.83.00 TO KM. 127.217) OF NH-83 IN THE STA,NHAI,,ROAD TRANSPORT AND HIGHWAYS,Bihar,10/2013,,11/2020,12/2024,464.09,605.53,698.25,97.3,QPISR_QR_1st_2025-26.pdf,85,Table 7: Project List: Ongoing Projects,SUCCESS
2025-06,238,,N24001371,ALTERNATE_IDENTIFIER,CONSTRUCTION OF 2 LANE BRIDGE ACROSS RIVER KOSI WITH APPROACH ROAD FROM BHEJA TO BAKAUR SECTION OF N,NHAI,,ROAD TRANSPORT AND HIGHWAYS,Bihar,10/2019,,08/2023,04/2026,1101.99,,890.2,78.48,QPISR_QR_1st_2025-26.pdf,85,Table 7: Project List: Ongoing Projects,SUCCESS
2025-06,239,,N24001697,ALTERNATE_IDENTIFIER,4L GREENFIELD ALIGNMENT FROM KALYANAPUR TO TAL DASHRAHA OF NH-119D (PKG-III),NHAI,,ROAD TRANSPORT AND HIGHWAYS,Bihar,02/2023,,02/2025,,1358.0,,228.72,22.0,QPISR_QR_1st_2025-26.pdf,86,Table 7: Project List: Ongoing Projects,SUCCESS
2025-06,240,,N24001698,ALTERNATE_IDENTIFIER,FOUR LANING OF MUNGER TO MIRZACHAUKI (NH-80) SECTION FROM NEAR RASULPUR TO MIRZACHAUKI (DESIGN CH,NHAI,,ROAD TRANSPORT AND HIGHWAYS,Bihar,08/2022,,08/2024,12/2025,1198.02,,43.77,0.0,QPISR_QR_1st_2025-26.pdf,86,Table 7: Project List: Ongoing Projects,SUCCESS
2025-06,241,,N24001699,ALTERNATE_IDENTIFIER,CONSTRUCTION OF 4 LANE ELEVATED SECTION AND AT- GRADE IMPROVEMENTS AT BEGUSARAI TOWN SECTION OF NH-3,NHAI,,ROAD TRANSPORT AND HIGHWAYS,Bihar,03/2022,,12/2024,12/2025,312.58,,205.99,85.88,QPISR_QR_1st_2025-26.pdf,86,Table 7: Project List: Ongoing Projects,SUCCESS
2025-06,242,,N24001700,ALTERNATE_IDENTIFIER,SIX LANNING OF AURANGABAD TO BIHAR/JHARKHAND BORDER SECTION OF NH- 19 (OLD NH-2) FROM KM. 209.827 TO,NHAI,,ROAD TRANSPORT AND HIGHWAYS,Bihar,12/2021,,03/2024,12/2024,552.55,553.0,378.25,86.6,QPISR_QR_1st_2025-26.pdf,86,Table 7: Project List: Ongoing Projects,SUCCESS
2025-06,243,,N24001701,ALTERNATE_IDENTIFIER,FOUR LANING OF MUNGER TO MIRZACHAUKI (NH-80) SECTION FROM START OF EXISTING BHAGALPUR BYPASS TO RASU,NHAI,,ROAD TRANSPORT AND HIGHWAYS,Bihar,04/2022,,04/2024,09/2025,1769.5,,69.23,0.0,QPISR_QR_1st_2025-26.pdf,86,Table 7: Project List: Ongoing Projects,SUCCESS
2025-06,244,,N24001702,ALTERNATE_IDENTIFIER,CONSTRUCTION OF 4 LANE ELEVATED HIGHWAY AND AT-GRADE IMPROVEMENTS AT GOPALGANJ TOWN FROM DESIGN CH:,NHAI,,ROAD TRANSPORT AND HIGHWAYS,Bihar,12/2021,,09/2024,,184.9,185.0,166.56,99.78,QPISR_QR_1st_2025-26.pdf,86,Table 7: Project List: Ongoing Projects,SUCCESS
2025-06,245,,N24001703,ALTERNATE_IDENTIFIER,6 L OF AURANGABAD TO BIHAR-JHARKHAND BORDER (CHORDAHA) SECTION FROM KM. 180.000 TO KM. 209.827 OF N,NHAI,,ROAD TRANSPORT AND HIGHWAYS,Bihar,02/2022,,05/2025,,786.81,787.0,,8.3,QPISR_QR_1st_2025-26.pdf,86,Table 7: Project List: Ongoing Projects,SUCCESS
2025-06,246,,N24001704,ALTERNATE_IDENTIFIER,FOUR LANING OF MUNGER TO MIRZACHAUKI (NH-80) SECTION FROM KHARIA VILLAGE JUNCTION TO START OF EXISTI,NHAI,,ROAD TRANSPORT AND HIGHWAYS,Bihar,03/2021,,03/2024,09/2025,1020.84,,163.19,0.0,QPISR_QR_1st_2025-26.pdf,86,Table 7: Project List: Ongoing Projects,SUCCESS
2025-06,247,,N24001705,ALTERNATE_IDENTIFIER,FOUR LANING OF MUNGER TO MIRZACHAUKI (NH-80) SECTION FROM MUNGER TO KHARIA VILLAGE JUNCTION DESIGN C,NHAI,,ROAD TRANSPORT AND HIGHWAYS,Bihar,03/2022,,03/2024,12/2025,1485.66,,35.16,0.0,QPISR_QR_1st_2025-26.pdf,87,Table 7: Project List: Ongoing Projects,SUCCESS
2025-06,248,,N24001708,ALTERNATE_IDENTIFIER,BAKHTIYARPUR RAJAULI PKG-III FROM KM 101.630 TO KM 152.520 NH20,NHAI,,ROAD TRANSPORT AND HIGHWAYS,Bihar,09/2020,,06/2024,,2156.22,,1397.72,99.14,QPISR_QR_1st_2025-26.pdf,87,Table 7: Project List: Ongoing Projects,SUCCESS
2025-06,249,,N24001709,ALTERNATE_IDENTIFIER,BAKHTIYARPUR RAJAULI PKG-II FROM KM 54.405 TO KM 101.630 NH20,NHAI,,ROAD TRANSPORT AND HIGHWAYS,Bihar,09/2020,,04/2023,12/2024,897.45,,1037.63,97.85,QPISR_QR_1st_2025-26.pdf,87,Table 7: Project List: Ongoing Projects,SUCCESS
2025-06,250,,N24001711,ALTERNATE_IDENTIFIER,6L OF KANHAULI RAMNAGAR PATNA RING ROAD PKG I FROM KM 0.000 TO KM 39.160 OF SH78 NEW NH131G,NHAI,,ROAD TRANSPORT AND HIGHWAYS,Bihar,09/2020,,03/2023,12/2024,939.43,,1030.75,100.0,QPISR_QR_1st_2025-26.pdf,87,Table 7: Project List: Ongoing Projects,SUCCESS
2025-06,251,,N24001712,ALTERNATE_IDENTIFIER,FOUR LANING OF PARARIA TO MOHANIA SECTION OF NH 319 (OLD NH 30) FROM KM. 54+530 (DESIGN CHAINAGE) TO,NHAI,,ROAD TRANSPORT AND HIGHWAYS,Bihar,08/2020,,07/2023,05/2025,690.0,,770.73,98.9,QPISR_QR_1st_2025-26.pdf,87,Table 7: Project List: Ongoing Projects,SUCCESS
2025-06,252,,N24001715,ALTERNATE_IDENTIFIER,BALANCE WORK OF TWO LANING WITH PAVED SHOULDER OF PIPRAKOTHI?MOTIHARI- RAXAUL SECTION OF NH-28A FRO,NHAI,,ROAD TRANSPORT AND HIGHWAYS,Bihar,12/2018,,10/2020,,333.6,466.59,460.38,100.0,QPISR_QR_1st_2025-26.pdf,87,Table 7: Project List: Ongoing Projects,SUCCESS
2025-06,253,,N24001870,ALTERNATE_IDENTIFIER,IMPROVEMENT TO TWO LANE WITH PAVED SHOULDERS OF NH 122B FROM KM 29.730 TO KM 72.348 IN STATE OF BIH,MoRTH,,ROAD TRANSPORT AND HIGHWAYS,Bihar,02/2022,,11/2024,,624.43,,292.16,88.0,QPISR_QR_1st_2025-26.pdf,87,Table 7: Project List: Ongoing Projects,SUCCESS
2025-06,254,,N24001875,ALTERNATE_IDENTIFIER,WIDENING AND STRENTHENING FROM KM 70.15 TO KM 121.025 OF NH-80,MoRTH,,ROAD TRANSPORT AND HIGHWAYS,Bihar,03/2021,,01/2025,,477.54,,360.27,94.5,QPISR_QR_1st_2025-26.pdf,87,Table 7: Project List: Ongoing Projects,SUCCESS
2025-06,255,,N24001876,ALTERNATE_IDENTIFIER,WIDENING and STRENTHENING FROM KM132.895 TO KM 190.15 NH-80,MoRTH,,ROAD TRANSPORT AND HIGHWAYS,Bihar,03/2021,,03/2024,,566.15,,258.29,58.6,QPISR_QR_1st_2025-26.pdf,88,Table 7: Project List: Ongoing Projects,SUCCESS
2025-06,256,,N24001877,ALTERNATE_IDENTIFIER,CONSTRUCTION OF NEW 4-LANE BRIDGE (PARALLEL TO EXISTING VIKRAMASHILA SETU)FROM KM 8+920 TO KM 13+375,MoRTH,,ROAD TRANSPORT AND HIGHWAYS,Bihar,07/2020,,05/2027,,1110.23,,478.96,42.9,QPISR_QR_1st_2025-26.pdf,88,Table 7: Project List: Ongoing Projects,SUCCESS
2025-06,257,,N24001878,ALTERNATE_IDENTIFIER,IMPROVEMENT TO TWO LANE WITH PAVED SHOULDERS OF NH-319A FROM KM 0 TO KM 45 IN STATE OF BIHAR UNDER,MoRTH,,ROAD TRANSPORT AND HIGHWAYS,Bihar,02/2022,,12/2024,,427.29,,210.22,80.0,QPISR_QR_1st_2025-26.pdf,88,Table 7: Project List: Ongoing Projects,SUCCESS
2025-06,258,,N24001879,ALTERNATE_IDENTIFIER,CONSTRUCTION OF PROPOSED 4_LANE REVELGUNJ BYPASS NH-19 IN THE STATE OF BIHAR ON EPC MODE CONNECTING,MoRTH,,ROAD TRANSPORT AND HIGHWAYS,Bihar,03/2022,,07/2025,,295.24,,93.14,63.05,QPISR_QR_1st_2025-26.pdf,88,Table 7: Project List: Ongoing Projects,SUCCESS
2025-06,259,,N24002062,ALTERNATE_IDENTIFIER,CONSTRUCTION OF 6- LANE BRIDGE AND ITS APPROACHES ACROSS RIVER GANGA AS PART OF PATNA RING ROAD (NH-,NHAI,,ROAD TRANSPORT AND HIGHWAYS,Bihar,03/2023,,09/2027,,3012.27,,303.67,10.83,QPISR_QR_1st_2025-26.pdf,88,Table 7: Project List: Ongoing Projects,SUCCESS
2025-06,260,,N24002063,ALTERNATE_IDENTIFIER,BALANCE WORK - WB-10 (GANDAK BRIDGE) KM 402.00 TO KM 440.00 (DEVANPUR - KOTWA),NHAI,,ROAD TRANSPORT AND HIGHWAYS,Bihar,12/2021,,01/2024,,210.05,,104.35,69.0,QPISR_QR_1st_2025-26.pdf,88,Table 7: Project List: Ongoing Projects,SUCCESS
2025-06,261,,N24002064,ALTERNATE_IDENTIFIER,PERMANENT RECTIFICATION OF 3 NOS. OF BLACK SPOTS IN PROJECT HIGHWAY NH-27 OF U.P BORDER - DEWAPUR -,NHAI,,ROAD TRANSPORT AND HIGHWAYS,Bihar,12/2022,,12/2025,,381.8,,119.56,52.0,QPISR_QR_1st_2025-26.pdf,88,Table 7: Project List: Ongoing Projects,SUCCESS
2025-06,262,,N24002065,ALTERNATE_IDENTIFIER,4L GREENFIELD ALIGNMENT OF AMAS TO SHIVRAMPUR FROM 0.000 KM. TO 55.002 KM. OF NH 119 D (PKG-I),NHAI,,ROAD TRANSPORT AND HIGHWAYS,Bihar,02/2022,,03/2025,,1390.92,,17.54,22.56,QPISR_QR_1st_2025-26.pdf,88,Table 7: Project List: Ongoing Projects,SUCCESS
2025-06,263,,N24002066,ALTERNATE_IDENTIFIER,4L GREENFIELD ALIGNMENT OF SHIVRAMPUR TO RAMNAGAR FROM KM. 55.002 TO KM. 109.300 OF NH 119 D (PKG-I,NHAI,,ROAD TRANSPORT AND HIGHWAYS,Bihar,02/2022,,07/2025,,1494.31,,38.28,4.59,QPISR_QR_1st_2025-26.pdf,89,Table 7: Project List: Ongoing Projects,SUCCESS
2025-06,264,,N24002133,ALTERNATE_IDENTIFIER,IMPROVEMENT OF 2 LANE WITH PAVED SHOULDER OF STRETCH FROM BIKRAMGANJ DAWATH MELAYABAGH NAWANAGR -DUM,MoRTH,,ROAD TRANSPORT AND HIGHWAYS,Bihar,03/2021,,03/2025,,178.63,,124.52,96.0,QPISR_QR_1st_2025-26.pdf,89,Table 7: Project List: Ongoing Projects,SUCCESS
2025-06,265,,N24002193,ALTERNATE_IDENTIFIER,CONSTRUCTION OF 4 LANE ROB AND ITS APPROACHES AT THE LEVEL OF CROSSING (L C NO. 29-B) OF KM 29 (EKAN,MoRTH,,ROAD TRANSPORT AND HIGHWAYS,Bihar,03/2023,,07/2026,,201.08,,25.42,28.0,QPISR_QR_1st_2025-26.pdf,89,Table 7: Project List: Ongoing Projects,SUCCESS
2025-06,266,,N24002194,ALTERNATE_IDENTIFIER,CONSTRUCTION OF 6-LANE ELEVATED / EXTRA DOSE CABLE BRIDGE ON RIVER GANGA PARALLEL TO AND WESTERN SID,MoRTH,,ROAD TRANSPORT AND HIGHWAYS,Bihar,01/2024,,11/2027,,3064.45,,142.38,5.19,QPISR_QR_1st_2025-26.pdf,89,Table 7: Project List: Ongoing Projects,SUCCESS
2025-06,267,,N24002195,ALTERNATE_IDENTIFIER,ESTIMATE FOR IMPROVEMENT TO TWO LANE WITH PAVED SHOULDER FROM RAMNAGAR TO ROSEDA FROM (KM 3.500 TO 4,MoRTH,,ROAD TRANSPORT AND HIGHWAYS,Bihar,01/2022,,04/2026,,495.16,,134.57,11.5,QPISR_QR_1st_2025-26.pdf,89,Table 7: Project List: Ongoing Projects,SUCCESS
2025-06,268,,N24002196,ALTERNATE_IDENTIFIER,CONSTRUCTION OF BHABHUA BYPASS FROM CH. 10+800(DESIGN CH. 10+800) TO CH. 19+860 (DESIGN CH. 18+150),MoRTH,,ROAD TRANSPORT AND HIGHWAYS,Bihar,02/2022,,03/2026,,179.86,,26.15,0.0,QPISR_QR_1st_2025-26.pdf,89,Table 7: Project List: Ongoing Projects,SUCCESS
2025-06,269,,N24002197,ALTERNATE_IDENTIFIER,IMPROVEMENT TO TWO LANE WITH PAVED SHOULDER FROM JUNCTION OF NH-22 NEAR HAJIPUR TO JUNCTION OF NH-12,MoRTH,,ROAD TRANSPORT AND HIGHWAYS,Bihar,02/2024,,02/2026,,226.15,,14.44,20.0,QPISR_QR_1st_2025-26.pdf,89,Table 7: Project List: Ongoing Projects,SUCCESS
2025-06,270,,N24002198,ALTERNATE_IDENTIFIER,IMPROVEMENT TO TWO LANE WITH PAVED SHOULDERS OF BH/WBBORDER-AMDABAD- MANIHARI SECTION FROM DESIGN KM,MoRTH,,ROAD TRANSPORT AND HIGHWAYS,Bihar,01/2022,,03/2026,,353.27,,29.82,2.5,QPISR_QR_1st_2025-26.pdf,89,Table 7: Project List: Ongoing Projects,SUCCESS
2025-06,271,,N24002220,ALTERNATE_IDENTIFIER,PERMANENT RECTIFICATION OF 4 NOS. OF BLACKSPOTS ON NH 27 OF KOTWA MEHSI MUZAFFARPUR SECTION FROM,NHAI,,ROAD TRANSPORT AND HIGHWAYS,Bihar,12/2022,,11/2026,,410.75,,50.64,26.2,QPISR_QR_1st_2025-26.pdf,90,Table 7: Project List: Ongoing Projects,SUCCESS
2025-06,272,,N24002221,ALTERNATE_IDENTIFIER,4L OF GREENFIELD ALIGNMENT FROM KM. 47.000 TO KM. 89.210 OF BALBHADARPUR TO BELA NAWDA SECTION OF NH,NHAI,,ROAD TRANSPORT AND HIGHWAYS,Bihar,02/2022,,03/2026,,2185.75,,595.71,12.84,QPISR_QR_1st_2025-26.pdf,90,Table 7: Project List: Ongoing Projects,SUCCESS
2025-06,273,,N24000165,ALTERNATE_IDENTIFIER,PATNA-MUZZAFFARPUR,NHAI,,ROAD TRANSPORT AND HIGHWAYS,Bihar,08/2010,,02/2013,,671.3,,1830.13,98.87,QPISR_QR_1st_2025-26.pdf,90,Table 7: Project List: Ongoing Projects,SUCCESS
2025-06,274,,N24000187,ALTERNATE_IDENTIFIER,4-LANNING OF CHAPRA-HAJIPUR,NHAI,,ROAD TRANSPORT AND HIGHWAYS,Bihar,01/2011,,07/2013,01/2026,575.0,,573.48,89.81,QPISR_QR_1st_2025-26.pdf,90,Table 7: Project List: Ongoing Projects,SUCCESS
2025-06,275,,N24000382,ALTERNATE_IDENTIFIER,REHABILITATION AND UPGRADING TO 2 LANES/2 LANE WITH PAVED SHOULDERS CONFIGURATION OF BIRPUR - BIHPUR,MoRTH,,ROAD TRANSPORT AND HIGHWAYS,Bihar,01/2014,,10/2019,08/2025,675.0,,764.76,97.5,QPISR_QR_1st_2025-26.pdf,90,Table 7: Project List: Ongoing Projects,SUCCESS
2025-06,276,,N24000473,ALTERNATE_IDENTIFIER,FOUR LANING OF PATNA TO KOILWAR,NHAI,,ROAD TRANSPORT AND HIGHWAYS,Bihar,08/2015,,,,556.07,,,0.0,QPISR_QR_1st_2025-26.pdf,90,Table 7: Project List: Ongoing Projects,SUCCESS
2025-06,277,,N24000480,ALTERNATE_IDENTIFIER,FOUR OF SIMARIA - KHAGARIA SECTION OF NH-31,NHAI,,ROAD TRANSPORT AND HIGHWAYS,Bihar,12/2015,,04/2019,03/2025,1041.1,567.0,553.73,97.68,QPISR_QR_1st_2025-26.pdf,90,Table 7: Project List: Ongoing Projects,SUCCESS
2025-06,278,,N24000507,ALTERNATE_IDENTIFIER,FOUR LANING OF BAKHTIYARPUR - MOKAMA SECTION OF NH-31,NHAI,,ROAD TRANSPORT AND HIGHWAYS,Bihar,12/2015,,12/2019,,1167.45,,775.79,99.43,QPISR_QR_1st_2025-26.pdf,90,Table 7: Project List: Ongoing Projects,SUCCESS
2025-06,279,,N24000531,ALTERNATE_IDENTIFIER,REHABILITATION AND UPGRADING TO 2 LANES/2 LANE WITH PAVED SHOULDERS (KM 40 TO KM 219.945) OF NH-104,MoRTH,,ROAD TRANSPORT AND HIGHWAYS,Bihar,02/2016,,11/2018,,319.68,,453.0,98.8,QPISR_QR_1st_2025-26.pdf,90,Table 7: Project List: Ongoing Projects,SUCCESS
2025-06,280,,N24000576,ALTERNATE_IDENTIFIER,CONSTRUCTION OF REHABILITATION AND UPGRADING TO 2 LANES/2 LANE(FOR LOT-I- KM 40.00 TO KM 65.400 AND K,MoRTH,,ROAD TRANSPORT AND HIGHWAYS,Bihar,02/2016,,05/2016,,178.85,,232.61,98.35,QPISR_QR_1st_2025-26.pdf,91,Table 7: Project List: Ongoing Projects,SUCCESS
2025-06,281,,N24000578,ALTERNATE_IDENTIFIER,"PROCUREMENT, AND CONSTRUCTION OF REHABILITATION AND UPGRADING TO 2 LANES/2 LANE(FOR LOT-III-KM 156.5",MoRTH,,ROAD TRANSPORT AND HIGHWAYS,Bihar,02/2016,,05/2016,,553.3,,712.38,98.0,QPISR_QR_1st_2025-26.pdf,91,Table 7: Project List: Ongoing Projects,SUCCESS
2025-06,282,,N24000579,ALTERNATE_IDENTIFIER,FOUR LANING OF GAYA-HISUA-RAJGIRI- NALANDA-BIHARSHARIF SECTION (KM0.00 TO 92.935) ON NH-82 IN BIHAR,MoRTH,,ROAD TRANSPORT AND HIGHWAYS,Bihar,01/2014,,10/2016,,1408.85,,1739.19,97.0,QPISR_QR_1st_2025-26.pdf,91,Table 7: Project List: Ongoing Projects,SUCCESS
2025-06,283,,N24000665,ALTERNATE_IDENTIFIER,TWO-LANNING WITH PAVED SHOULDER OF MAHSHKUNT-SAHARSA-PURNEA SECTION FROM EXISTING KM.89.020 (DESIGN,NHAI,,ROAD TRANSPORT AND HIGHWAYS,Bihar,03/2017,,03/2020,12/2025,672.89,893.92,714.74,86.71,QPISR_QR_1st_2025-26.pdf,91,Table 7: Project List: Ongoing Projects,SUCCESS
2025-06,284,,N24000696,ALTERNATE_IDENTIFIER,SIX LANNING OF AUNTA-SIMARIA(GANGA BRIDGE WITH APPROACH ROADS) SECTION OF NH-31,NHAI,,ROAD TRANSPORT AND HIGHWAYS,Bihar,08/2017,,02/2022,10/2024,950.64,1161.0,1156.29,99.56,QPISR_QR_1st_2025-26.pdf,91,Table 7: Project List: Ongoing Projects,SUCCESS
2025-06,285,,N24000714,ALTERNATE_IDENTIFIER,CONSTRUCTION OF NEW LINK (NH-133B) FROM KM 0/00 (KM 200/87 OF SAHIBANJ BYPASS) IN JHARKHAND TO KM 15,NHAI,,ROAD TRANSPORT AND HIGHWAYS,Bihar,12/2017,,10/2024,12/2026,2598.0,,1427.02,77.9,QPISR_QR_1st_2025-26.pdf,91,Table 7: Project List: Ongoing Projects,SUCCESS
2025-06,286,,N24000723,ALTERNATE_IDENTIFIER,REHABILITATION AND UPGRADATION OF TWO LANING OF MAHESHKHUNT - SAHARSA - PURNEA SECTION PKG - I,NHAI,,ROAD TRANSPORT AND HIGHWAYS,Bihar,01/2018,,12/2021,08/2025,573.7,644.5,509.99,82.51,QPISR_QR_1st_2025-26.pdf,91,Table 7: Project List: Ongoing Projects,SUCCESS
2025-06,287,,N24000724,ALTERNATE_IDENTIFIER,SIX LANING OF AURANGABAD TO BIHAR - JHARKHAND BORDER (CHORDAHA) SECTION,NHAI,,ROAD TRANSPORT AND HIGHWAYS,Bihar,01/2018,,04/2024,,895.39,,1632.71,0.0,QPISR_QR_1st_2025-26.pdf,91,Table 7: Project List: Ongoing Projects,SUCCESS
2025-06,288,,N24000813,ALTERNATE_IDENTIFIER,DEVELOPMENT OF NEWLY DECLARED NH- 527C FROM MAJHAULI TO CHAROUT SECTION TO 2 LANE WITH PAVED SHOULDER,NHAI,,ROAD TRANSPORT AND HIGHWAYS,Bihar,03/2018,,11/2021,12/2024,496.2,470.18,399.41,98.5,QPISR_QR_1st_2025-26.pdf,92,Table 7: Project List: Ongoing Projects,SUCCESS
2025-06,289,,N24000943,ALTERNATE_IDENTIFIER,CONSTRUCTION OF A NEW 4 LANE MAJOR BRIDGE ACROSS RIVER KOSI AT PHULAUT INCLUDING RHABILITATION AND,MoRTH,,ROAD TRANSPORT AND HIGHWAYS,Bihar,09/2018,,06/2024,,1478.4,,972.42,75.15,QPISR_QR_1st_2025-26.pdf,92,Table 7: Project List: Ongoing Projects,SUCCESS
2025-06,290,,N24001201,ALTERNATE_IDENTIFIER,CONSTRUCTION OF A NEW 4 LANE BRIDGE PARALLEL TO EXISTING MG SETU WITH ITS APPROACHES FROM KM 0.00,MoRTH,,ROAD TRANSPORT AND HIGHWAYS,Bihar,02/2019,,09/2024,,2926.42,,1354.63,59.29,QPISR_QR_1st_2025-26.pdf,92,Table 7: Project List: Ongoing Projects,SUCCESS
2025-06,291,,N28000148,ALTERNATE_IDENTIFIER,PATNA METRO RAIL CORPORATION LIMITED,PATNA METRO RAI,,URBAN DEVELOPMENT,Bihar,02/2019,,06/2024,,13365.77,,3318.85,45.31,QPISR_QR_1st_2025-26.pdf,92,Table 7: Project List: Ongoing Projects,SUCCESS
2025-06,292,,N30000026,ALTERNATE_IDENTIFIER,SEWER NETWORK SPS AND STP BEGUSARAI,BUIDCO,,URBAN DEVELOPMENT,Bihar,03/2018,,07/2021,12/2019,230.06,,261.47,97.0,QPISR_QR_1st_2025-26.pdf,92,Table 7: Project List: Ongoing Projects,SUCCESS
2025-06,293,,N30000027,ALTERNATE_IDENTIFIER,I AND D AND STP WORKS FOR BHAGALPUR,BUIDCO,,URBAN DEVELOPMENT,Bihar,10/2017,,09/2020,11/2020,254.13,413.29,126.67,90.0,QPISR_QR_1st_2025-26.pdf,92,Table 7: Project List: Ongoing Projects,SUCCESS
2025-06,294,,N30000035,ALTERNATE_IDENTIFIER,SEWER NETWORKS SPS AND STP HAJIPUR,BUIDCO,,URBAN DEVELOPMENT,Bihar,03/2018,,08/2021,03/2018,305.19,,346.46,95.0,QPISR_QR_1st_2025-26.pdf,92,Table 7: Project List: Ongoing Projects,SUCCESS
2025-06,295,,N30000036,ALTERNATE_IDENTIFIER,"SEWER NETWORKS, SPS AND STP, MUNGER",BUIDCO,,URBAN DEVELOPMENT,Bihar,03/2018,,10/2021,03/2018,294.02,350.79,428.7,100.0,QPISR_QR_1st_2025-26.pdf,92,Table 7: Project List: Ongoing Projects,SUCCESS
2025-06,296,,N30000039,ALTERNATE_IDENTIFIER,SAIDPUR SEWER NETWORK PATNA,BUIDCO,,URBAN DEVELOPMENT,Bihar,04/2015,,01/2021,,268.63,,491.13,100.0,QPISR_QR_1st_2025-26.pdf,92,Table 7: Project List: Ongoing Projects,SUCCESS
2025-06,297,,N30000044,ALTERNATE_IDENTIFIER,SEWERAGE SYSTEM WITH SEWER NETWORK PATNA KARMALICHAK,BUIDCO,,URBAN DEVELOPMENT,Bihar,03/2017,,05/2021,03/2017,277.42,253.98,355.31,100.0,QPISR_QR_1st_2025-26.pdf,93,Table 7: Project List: Ongoing Projects,SUCCESS
2025-06,298,,N30000050,ALTERNATE_IDENTIFIER,SEWERAGE SYSTEM AND STP FOR KANKARBAG ZONE PATNA,BUIDCO,,URBAN DEVELOPMENT,Bihar,08/2017,,06/2022,,578.89,453.83,165.88,53.0,QPISR_QR_1st_2025-26.pdf,93,Table 7: Project List: Ongoing Projects,SUCCESS
2025-06,299,,N30000051,ALTERNATE_IDENTIFIER,"SEWERAGE SYSTEM AND STP FOR DIGHA ZONE, PATNA",BUIDCO,,URBAN DEVELOPMENT,Bihar,08/2017,,06/2022,,824.0,734.09,385.33,55.0,QPISR_QR_1st_2025-26.pdf,93,Table 7: Project List: Ongoing Projects,SUCCESS
2025-06,300,060100093,,PRIMARY_IDENTIFIER,GEVRA EXPANSION OCP (SECL) (35-70) MTY,SECL,,URBAN DEVELOPMENT,Chhattisgarh,06/2010,,03/2023,03/2026,11816.4,,6617.04,77.2,QPISR_QR_1st_2025-26.pdf,93,Table 7: Project List: Ongoing Projects,SUCCESS
2025-06,301,,N06000045,ALTERNATE_IDENTIFIER,PELMA OCP(15.00MTY),SECL,,URBAN DEVELOPMENT,Chhattisgarh,10/2022,,03/2023,,1624.59,,15.53,17.0,QPISR_QR_1st_2025-26.pdf,93,Table 7: Project List: Ongoing Projects,SUCCESS
2025-06,302,,N06000104,ALTERNATE_IDENTIFIER,CHHAL OC SEAM -III (6.00 MTY),SECL,,URBAN DEVELOPMENT,Chhattisgarh,12/2013,,03/2022,06/2025,610.63,,576.48,85.0,QPISR_QR_1st_2025-26.pdf,93,Table 7: Project List: Ongoing Projects,SUCCESS
2025-06,303,,N06000123,ALTERNATE_IDENTIFIER,AMERA OC RCE,SECL,,URBAN DEVELOPMENT,Chhattisgarh,02/2015,,03/2018,03/2026,335.97,,87.47,42.0,QPISR_QR_1st_2025-26.pdf,93,Table 7: Project List: Ongoing Projects,SUCCESS
2025-06,304,,N06000135,ALTERNATE_IDENTIFIER,AMGAON OPENCAST PROJECT RCE,SECL,,URBAN DEVELOPMENT,Chhattisgarh,07/2015,,03/2020,03/2026,316.1,,188.33,71.0,QPISR_QR_1st_2025-26.pdf,93,Table 7: Project List: Ongoing Projects,SUCCESS
2025-06,305,,N06000164,ALTERNATE_IDENTIFIER,MAHAMAYA OPENCAST PROJECT,SECL,,URBAN DEVELOPMENT,Chhattisgarh,05/2018,,03/2026,,410.26,,180.94,38.0,QPISR_QR_1st_2025-26.pdf,93,Table 7: Project List: Ongoing Projects,SUCCESS
2025-06,306,,N06000166,ALTERNATE_IDENTIFIER,JHIRIA WEST OPENCAST PROJECT,SECL,,URBAN DEVELOPMENT,Chhattisgarh,01/2024,,03/2029,,366.94,,33.67,41.0,QPISR_QR_1st_2025-26.pdf,93,Table 7: Project List: Ongoing Projects,SUCCESS
2025-06,307,,N06000197,ALTERNATE_IDENTIFIER,BAROUD OC EXPANSION (3-10 MTY),SECL,,URBAN DEVELOPMENT,Chhattisgarh,08/2020,,03/2029,,2309.8,,916.35,47.0,QPISR_QR_1st_2025-26.pdf,94,Table 7: Project List: Ongoing Projects,SUCCESS
2025-06,308,,N06000198,ALTERNATE_IDENTIFIER,JAMPALI OCP RCE,SECL,,URBAN DEVELOPMENT,Chhattisgarh,05/2020,,03/2024,03/2025,278.64,,210.9,82.0,QPISR_QR_1st_2025-26.pdf,94,Table 7: Project List: Ongoing Projects,SUCCESS
2025-06,309,,N06000199,ALTERNATE_IDENTIFIER,PORDA CHIMTAPANI OCP (10 MTY),SECL,,URBAN DEVELOPMENT,Chhattisgarh,12/2020,,03/2029,,2310.12,,83.3,10.0,QPISR_QR_1st_2025-26.pdf,94,Table 7: Project List: Ongoing Projects,SUCCESS
2025-06,310,,N06000200,ALTERNATE_IDENTIFIER,DIPKA OC EXPANSION 40 MTY,SECL,,URBAN DEVELOPMENT,Chhattisgarh,12/2020,,03/2029,,5241.4,,2821.87,37.3,QPISR_QR_1st_2025-26.pdf,94,Table 7: Project List: Ongoing Projects,SUCCESS
2025-06,311,,N06000232,ALTERNATE_IDENTIFIER,JAGANNATHPUR OC RCE (3.0 MTY),SECL,,URBAN DEVELOPMENT,Chhattisgarh,07/2016,,03/2020,03/2026,459.49,,264.0,92.0,QPISR_QR_1st_2025-26.pdf,94,Table 7: Project List: Ongoing Projects,SUCCESS
2025-06,312,,N06000274,ALTERNATE_IDENTIFIER,KATKONA RO UG PROJECT (1.74 MTY),SECL,,URBAN DEVELOPMENT,Chhattisgarh,01/2023,,03/2029,,329.22,,60.38,2.0,QPISR_QR_1st_2025-26.pdf,94,Table 7: Project List: Ongoing Projects,SUCCESS
2025-06,313,,N28000141,ALTERNATE_IDENTIFIER,"C/O PERMANENT CAMPUS OF IIT BHILAI AT KUTHELABHATA, DURG CHHATTISGARH, STAGE I PHASE I.",CPWD EDUCATION,,DEPARTMENT OF HIGHER EDUCATION,Chhattisgarh,03/2020,,07/2022,02/2024,808.62,879.22,640.7,100.0,QPISR_QR_1st_2025-26.pdf,94,Table 7: Project List: Ongoing Projects,SUCCESS
2025-06,314,,N16000413,ALTERNATE_IDENTIFIER,AUGMENTATION OF FACILITIES AT THE EXISTING RAIPUR DEPOT,HPCL,,PETROLEUM,Chhattisgarh,03/2021,,03/2024,03/2025,456.0,,271.44,100.0,QPISR_QR_1st_2025-26.pdf,94,Table 7: Project List: Ongoing Projects,SUCCESS
2025-06,315,,N18000350,ALTERNATE_IDENTIFIER,WESTERN REGION EXPANSION SCHEME XXV,PGCIL,,PETROLEUM,Chhattisgarh,02/2023,,11/2023,,385.84,,370.41,95.0,QPISR_QR_1st_2025-26.pdf,94,Table 7: Project List: Ongoing Projects,SUCCESS
2025-06,316,,N18000354,ALTERNATE_IDENTIFIER,TRANSMISSION SYSTEM ASSOCIATED WITH WESTERN REGION EXPANSION SCHEME XXVII,PGCIL,,PETROLEUM,Chhattisgarh,03/2023,,09/2024,,271.69,,192.03,100.0,QPISR_QR_1st_2025-26.pdf,94,Table 7: Project List: Ongoing Projects,SUCCESS
2025-06,317,,N18000355,ALTERNATE_IDENTIFIER,TRANSMISSION SYSTEM ASSOCIATED WITH WESTERN REGION EXPANSION SCHEME- XXVIII AND XXIX,PGCIL,,PETROLEUM,Chhattisgarh,03/2023,,03/2025,,260.3,,197.79,100.0,QPISR_QR_1st_2025-26.pdf,95,Table 7: Project List: Ongoing Projects,SUCCESS
2025-06,318,,N18000381,ALTERNATE_IDENTIFIER,"LARA SUPER THERMAL POWER PROJECT, STAGE-II (2X800 MW)",NTPC,,PETROLEUM,Chhattisgarh,08/2023,,06/2028,,15530.0,,2124.99,6.5,QPISR_QR_1st_2025-26.pdf,95,Table 7: Project List: Ongoing Projects,SUCCESS
2025-06,319,,N22000318,ALTERNATE_IDENTIFIER,KIRANDUL - JAGDALPUR DOUBLING,ECOR,,PETROLEUM,Chhattisgarh,12/2012,,03/2020,,1588.7,,1534.73,94.9,QPISR_QR_1st_2025-26.pdf,95,Table 7: Project List: Ongoing Projects,SUCCESS
2025-06,320,,N22000484,ALTERNATE_IDENTIFIER,JHARSUGUDA-BILASPUR 4TH LINE,SECR,,PETROLEUM,Chhattisgarh,04/2015,,10/2024,12/2023,2140.34,2135.34,2306.8,88.0,QPISR_QR_1st_2025-26.pdf,95,Table 7: Project List: Ongoing Projects,SUCCESS
2025-06,321,,N22000489,ALTERNATE_IDENTIFIER,KHARSIA DHARAMJAIGARH WITH SPUR LINE EAST CORRIDOR-PHASE I,IRCON,,PETROLEUM,Chhattisgarh,04/2013,,09/2018,,3055.0,,3117.24,93.0,QPISR_QR_1st_2025-26.pdf,95,Table 7: Project List: Ongoing Projects,SUCCESS
2025-06,322,,N22000572,ALTERNATE_IDENTIFIER,Gauge conversion of Raipur(Kendri)-Dhamtari and Abhanpur-Rajim branch (67.20 km),SECR,,PETROLEUM,Chhattisgarh,07/2011,,10/2024,,1171.3,,617.69,82.0,QPISR_QR_1st_2025-26.pdf,95,Table 7: Project List: Ongoing Projects,SUCCESS
2025-06,323,,N22000573,ALTERNATE_IDENTIFIER,NIPANIA-BHATAPRA (14.4 KM) 4TH LINE (PB#72/NR/2022-23),SECR,,PETROLEUM,Chhattisgarh,09/2022,,12/2026,,170.49,,0.13,2.0,QPISR_QR_1st_2025-26.pdf,95,Table 7: Project List: Ongoing Projects,SUCCESS
2025-06,324,,N22000574,ALTERNATE_IDENTIFIER,4TH LINE - BHATAPARA-HATHBAND (8.8 KM) (PB#72/NR/2022-23),SECR,,PETROLEUM,Chhattisgarh,12/2022,,12/2026,,177.03,,14.52,2.0,QPISR_QR_1st_2025-26.pdf,95,Table 7: Project List: Ongoing Projects,SUCCESS
2025-06,325,,N22000575,ALTERNATE_IDENTIFIER,4TH LINE - BHILAI-BHILAI NAGAR (8.8 KM) (PB#72/NR/2022-23),SECR,,PETROLEUM,Chhattisgarh,09/2022,,09/2026,,169.06,,1.72,2.0,QPISR_QR_1st_2025-26.pdf,95,Table 7: Project List: Ongoing Projects,SUCCESS
2025-06,326,,N22000576,ALTERNATE_IDENTIFIER,4TH LINE - DADHAPARA-BELHA (9.2 KM) (PB#72/NR/2022-23),SECR,,PETROLEUM,Chhattisgarh,09/2022,,09/2026,,169.06,,17.96,30.0,QPISR_QR_1st_2025-26.pdf,96,Table 7: Project List: Ongoing Projects,SUCCESS
2025-06,327,,N22000577,ALTERNATE_IDENTIFIER,4TH LINE - RAJNANDGAON-DONGARHGARH (31.2 KM) (PB#72/NR/2022-23),SECR,,PETROLEUM,Chhattisgarh,09/2022,,09/2026,,328.34,,38.8,20.0,QPISR_QR_1st_2025-26.pdf,96,Table 7: Project List: Ongoing Projects,SUCCESS
2025-06,328,,N22000579,ALTERNATE_IDENTIFIER,3RD AND 4TH LINE - SARAGBUNDIA AND MADWARANI,SECR,,PETROLEUM,Chhattisgarh,09/2022,,09/2026,,167.64,,,0.0,QPISR_QR_1st_2025-26.pdf,96,Table 7: Project List: Ongoing Projects,SUCCESS
2025-06,329,,N22000580,ALTERNATE_IDENTIFIER,DOUBLING OF BORIDAND - AMBIKAPUR ( SURAJPUR),SECR,,PETROLEUM,Chhattisgarh,06/2022,,06/2030,,1376.2,1242.94,217.79,12.0,QPISR_QR_1st_2025-26.pdf,96,Table 7: Project List: Ongoing Projects,SUCCESS
2025-06,330,,N22000602,ALTERNATE_IDENTIFIER,DALLIRAJHARA - ROWGHAT (95 KM) {PART OF DALLIRAJHARA-JAGDALPUR (235 KM)},RVNL,,PETROLEUM,Chhattisgarh,03/2008,,06/2025,,1627.56,,1349.09,0.0,QPISR_QR_1st_2025-26.pdf,96,Table 7: Project List: Ongoing Projects,SUCCESS
2025-06,331,,N22000616,ALTERNATE_IDENTIFIER,CHIRIMIRI-NAGPUR HALT,SECR,,PETROLEUM,Chhattisgarh,10/2018,,06/2030,,241.0,,,0.0,QPISR_QR_1st_2025-26.pdf,96,Table 7: Project List: Ongoing Projects,SUCCESS
2025-06,332,,N24001588,ALTERNATE_IDENTIFIER,DEVELOPMENT OF SIX LANE SARGI- BASANWAHI OF NH 130 CD FROM KM.42+800 TO 99+500 UNDER RAIPUR VISAKHAPA,NHAI,,ROAD TRANSPORT AND HIGHWAYS,Chhattisgarh,12/2021,,01/2025,,1470.73,,700.39,83.0,QPISR_QR_1st_2025-26.pdf,96,Table 7: Project List: Ongoing Projects,SUCCESS
2025-06,333,,N24001593,ALTERNATE_IDENTIFIER,DEVELOPMENT OF SIX LANE JHANKI SARGI OF NH 130 CD FROM KM.0+000 TO 42+800 UNDER RAIPUR VISAKHAPATTNA,NHAI,,ROAD TRANSPORT AND HIGHWAYS,Chhattisgarh,11/2021,,09/2024,,1368.19,,928.78,96.5,QPISR_QR_1st_2025-26.pdf,96,Table 7: Project List: Ongoing Projects,SUCCESS
2025-06,334,,N24001611,ALTERNATE_IDENTIFIER,4 LANE OF BILASPUR TO URGA PROJECT (KM 0.00 TO KM 70.2) OF NH-130A,NHAI,,ROAD TRANSPORT AND HIGHWAYS,Chhattisgarh,04/2020,,03/2024,,1855.59,2523.86,730.18,94.27,QPISR_QR_1st_2025-26.pdf,96,Table 7: Project List: Ongoing Projects,SUCCESS
2025-06,335,,N24001917,ALTERNATE_IDENTIFIER,UP GRADATION OF NH 930 SHERPAR TO KOHKA FROM KM 67.880 TO KM 114.860 TO TWO LANE WITH PAVED SHOULDER,MoRTH,,ROAD TRANSPORT AND HIGHWAYS,Chhattisgarh,03/2020,,05/2024,,278.97,,206.61,87.0,QPISR_QR_1st_2025-26.pdf,97,Table 7: Project List: Ongoing Projects,SUCCESS
2025-06,336,,N24001919,ALTERNATE_IDENTIFIER,UP GRADATION OF NH 130C ABHANPUR TO PAUND FROM NK KM 0.000 TO KM. 40.380 TO TWO LANE WITH PAVED SHOU,MoRTH,,ROAD TRANSPORT AND HIGHWAYS,Chhattisgarh,12/2020,,09/2023,02/2025,193.16,,103.83,81.0,QPISR_QR_1st_2025-26.pdf,97,Table 7: Project List: Ongoing Projects,SUCCESS
2025-06,337,,N24001920,ALTERNATE_IDENTIFIER,UPGRADATION OF NH 130A MUNGELI TO PONDI FROM NH KM. 51.600 TO KM. 77.870 KM. 80.970 TO 96.970 TO 2,MoRTH,,ROAD TRANSPORT AND HIGHWAYS,Chhattisgarh,03/2021,,09/2024,,218.57,,136.26,89.0,QPISR_QR_1st_2025-26.pdf,97,Table 7: Project List: Ongoing Projects,SUCCESS
2025-06,338,,N24002017,ALTERNATE_IDENTIFIER,DEVELOPMENT OF SIX LANE BASANWAHI- MARANGPURI OF NH 130 CD FROM KM.99+500 TO 124+661 UNDER RAIPUR VIS,NHAI,,ROAD TRANSPORT AND HIGHWAYS,Chhattisgarh,03/2022,,10/2025,,1307.16,,252.68,36.23,QPISR_QR_1st_2025-26.pdf,97,Table 7: Project List: Ongoing Projects,SUCCESS
2025-06,339,,N24002045,ALTERNATE_IDENTIFIER,CONSTRUCTION OF 6 LANE DURG RAIPUR ARANG BYPASS PKG 1 SECTION OF NH 53 FROM CH 0.000 TO CH 44.50,NHAI,,ROAD TRANSPORT AND HIGHWAYS,Chhattisgarh,06/2022,,07/2025,,1828.0,,575.0,47.51,QPISR_QR_1st_2025-26.pdf,97,Table 7: Project List: Ongoing Projects,SUCCESS
2025-06,340,,N24002046,ALTERNATE_IDENTIFIER,CONSTRUCTION OF 6 LANE DURG RAIPUR ARANG BYPASS PKG 2 SECTION OF NH 53 FROM CH 44+500 TO CH.92+230 I,NHAI,,ROAD TRANSPORT AND HIGHWAYS,Chhattisgarh,06/2022,,05/2025,,1958.94,1959.0,725.2,40.88,QPISR_QR_1st_2025-26.pdf,97,Table 7: Project List: Ongoing Projects,SUCCESS
2025-06,341,,N24001217,ALTERNATE_IDENTIFIER,REHABILITATION AND UPGRADATION OF NH 43 KANKER TO BEDMA SECTION KM. 130 TO 180,MoRTH,,ROAD TRANSPORT AND HIGHWAYS,Chhattisgarh,01/2016,,08/2016,,497.14,572.66,385.27,60.0,QPISR_QR_1st_2025-26.pdf,97,Table 7: Project List: Ongoing Projects,SUCCESS
2025-06,342,,N24001221,ALTERNATE_IDENTIFIER,REHABILITATION AND UPGRADATION OF NH 78 FROM KM 373.505 TO 469.300 AMBIKAPUR TO PATHALGAON SECTION,MoRTH,,ROAD TRANSPORT AND HIGHWAYS,Chhattisgarh,01/2016,,10/2016,,624.98,,620.67,100.0,QPISR_QR_1st_2025-26.pdf,97,Table 7: Project List: Ongoing Projects,SUCCESS
2025-06,343,,N24001222,ALTERNATE_IDENTIFIER,REHABILITATION AND UPGRADATION OF NH 78 FROM KM 469.000 TO 531.000 PATTHALGAON TO KUNKURI,MoRTH,,ROAD TRANSPORT AND HIGHWAYS,Chhattisgarh,03/2016,,07/2016,,452.94,,322.59,70.0,QPISR_QR_1st_2025-26.pdf,97,Table 7: Project List: Ongoing Projects,SUCCESS
2025-06,344,,N24001226,ALTERNATE_IDENTIFIER,REHABILITATION AND UPGRADATION OF NH 216 FROM KM 3.800 TO 90.460 RAIGARH TO SARAIPALLI SECTION,MoRTH,,ROAD TRANSPORT AND HIGHWAYS,Chhattisgarh,12/2014,,03/2015,,496.02,,240.11,0.0,QPISR_QR_1st_2025-26.pdf,98,Table 7: Project List: Ongoing Projects,SUCCESS
2025-06,345,,N24001227,ALTERNATE_IDENTIFIER,CONSTRUCTION OF 4 NOS GRADE SEPARATOR BETWEEN KM. 281.000 TO KM 307.600 KM. 286.400 KUMHARI KM. 299.,MoRTH,,ROAD TRANSPORT AND HIGHWAYS,Chhattisgarh,03/2018,,01/2019,,349.03,,316.52,98.0,QPISR_QR_1st_2025-26.pdf,98,Table 7: Project List: Ongoing Projects,SUCCESS
2025-06,346,,N24001228,ALTERNATE_IDENTIFIER,UPGRADATION AND WIDENING OF BILASPUR TO MUNGELI SECTION NH-130A,MoRTH,,ROAD TRANSPORT AND HIGHWAYS,Chhattisgarh,11/2017,,05/2019,,188.8,,136.81,97.0,QPISR_QR_1st_2025-26.pdf,98,Table 7: Project List: Ongoing Projects,SUCCESS
2025-06,347,,N12000124,ALTERNATE_IDENTIFIER,NMDC SLURRY PIPE LINE PROJECT - PHASE-1,NMDC,,STEEL,Chhattisgarh,11/2015,,06/2023,07/2024,2907.0,5427.06,2955.56,80.7,QPISR_QR_1st_2025-26.pdf,98,Table 7: Project List: Ongoing Projects,SUCCESS
2025-06,348,,N12000127,ALTERNATE_IDENTIFIER,SCREENING PLANT-III AT KIRANDUL,NMDC,,STEEL,Chhattisgarh,03/2021,,08/2024,,2092.97,2718.84,1503.52,71.31,QPISR_QR_1st_2025-26.pdf,98,Table 7: Project List: Ongoing Projects,SUCCESS
2025-06,349,,N12000130,ALTERNATE_IDENTIFIER,CONSTRUCTION OF RESIDENTIAL TOWERS AT BIOM KIRANDUL COMPLEX,NMDC,,STEEL,Chhattisgarh,07/2021,,11/2024,,282.44,349.75,238.99,81.86,QPISR_QR_1st_2025-26.pdf,98,Table 7: Project List: Ongoing Projects,SUCCESS
2025-06,350,,N12000131,ALTERNATE_IDENTIFIER,"REPLACEMENT OF CONVERTER VESSELS, TRUNNION RINGS, SUPPORT SYSTEM AND INSTALLATION OF SECONDARY EMISS",SAIL,,STEEL,Chhattisgarh,10/2023,,06/2026,,471.83,,109.38,31.06,QPISR_QR_1st_2025-26.pdf,98,Table 7: Project List: Ongoing Projects,SUCCESS
2025-06,351,,N12000134,ALTERNATE_IDENTIFIER,REBUILDING OF COKE OVEN BATTERY NO.7 AND 8 OF BHILAI STEEL PLANT,SAIL,,STEEL,Chhattisgarh,11/2023,,10/2025,,884.1,,411.94,72.24,QPISR_QR_1st_2025-26.pdf,98,Table 7: Project List: Ongoing Projects,SUCCESS
2025-06,352,,N12000137,ALTERNATE_IDENTIFIER,REPLACEMENT OF HOT LEVELLER-1 OF PLATE MILL AT BHILAI STEEL PLANT,SAIL,,STEEL,Chhattisgarh,07/2024,,07/2026,,198.62,,,6.76,QPISR_QR_1st_2025-26.pdf,98,Table 7: Project List: Ongoing Projects,SUCCESS
2025-06,353,,N28000149,ALTERNATE_IDENTIFIER,CONSTRUCTION729 QUARTERS (TYPE II-180 TYPE III-364 TYPE IV-112 TYPE V-68 TYPE-VI- 5 SHOPS COMMUNI,CPWD,,URBAN DEVELOPMENT,Chhattisgarh,05/2019,,09/2020,10/2024,299.97,299.97,272.05,93.0,QPISR_QR_1st_2025-26.pdf,99,Table 7: Project List: Ongoing Projects,SUCCESS
2025-06,354,,N04000076,ALTERNATE_IDENTIFIER,"CONSTRUCTION OF COMBINED OPERATIONAL OFFICES FOR DGCA, BCAS, AAIB, AERA AND AAI AT SAFDARJUNG AIRPOR",AAI,,CIVIL AVIATION,Delhi,11/2016,,04/2020,04/2024,303.8,374.98,344.93,100.0,QPISR_QR_1st_2025-26.pdf,99,Table 7: Project List: Ongoing Projects,SUCCESS
2025-06,355,,N40000002,ALTERNATE_IDENTIFIER,INDIA INTERNATIONAL CONVENTION AND EXPO CENTRE,IICC FOR DPIIT,,DPIIT,Delhi,11/2017,,12/2019,,4773.0,,4969.89,100.0,QPISR_QR_1st_2025-26.pdf,99,Table 7: Project List: Ongoing Projects,SUCCESS
2025-06,356,,N07000001,ALTERNATE_IDENTIFIER,"C/O RESIDENTIAL COMPLEX BUILDING FOR CENTRAL BOARD OF INDIRECT TAXES AND CUSTOMS AT SECTOR-9, DWARKA",NPCC,,FINANCE,Delhi,07/2018,,04/2022,,228.5,,176.28,85.0,QPISR_QR_1st_2025-26.pdf,99,Table 7: Project List: Ongoing Projects,SUCCESS
2025-06,357,,N28000071,ALTERNATE_IDENTIFIER,ESTABLISHMENT OF CENTRAL ARMED POLICE FORCE INSTITUTE OF MEDICAL SCIENCES(CAPFIMS) AT NEW DELHI,CPWD FOR MHA,,HOME AFFAIRS,Delhi,10/2013,,10/2019,,1219.21,2091.53,1947.12,100.0,QPISR_QR_1st_2025-26.pdf,99,Table 7: Project List: Ongoing Projects,SUCCESS
2025-06,358,,N45000002,ALTERNATE_IDENTIFIER,CONSTRUCTION OF HEADQUARTER BUILDING OF CRPF AT LODHI ROAD NEW DELHI,CPWD FOR MHA,,HOME AFFAIRS,Delhi,06/2019,,07/2022,,277.35,,111.0,66.0,QPISR_QR_1st_2025-26.pdf,99,Table 7: Project List: Ongoing Projects,SUCCESS
2025-06,359,,N22000281,ALTERNATE_IDENTIFIER,ANAND VIHAR-TILAK BRIDGE 3RD AND 4TH LINE,NR,,RAILWAYS,Delhi,04/2012,,03/2023,,586.36,,178.54,45.0,QPISR_QR_1st_2025-26.pdf,99,Table 7: Project List: Ongoing Projects,SUCCESS
2025-06,360,,N24001771,ALTERNATE_IDENTIFIER,SIX LANE ACCESS CONTROLLED OF DELHI SAHARANPUR HIGHWAY FROM AKSHARDHAM NH 9 JUNCTION TO DELHI UP BOR,NHAI,,ROAD TRANSPORT AND HIGHWAYS,Delhi,06/2020,,12/2024,,1479.22,,1491.26,99.0,QPISR_QR_1st_2025-26.pdf,99,Table 7: Project List: Ongoing Projects,SUCCESS
2025-06,361,,N24001773,ALTERNATE_IDENTIFIER,6L ACCESS CONTROLLED HIGHWAY FROM DND MAHARANI BAGH JN. WITH JAITPUR PUSHTA ROAD OF NH 148NA FROM,NHAI,,ROAD TRANSPORT AND HIGHWAYS,Delhi,05/2020,,07/2024,,1467.44,,1214.36,91.58,QPISR_QR_1st_2025-26.pdf,100,Table 7: Project List: Ongoing Projects,SUCCESS
2025-06,362,,N24001777,ALTERNATE_IDENTIFIER,DEVELOPMENT OF 6L UER-II (PACKAGE-I) (NH- 1 NEAR BAKOLI TILL KARALA KANJHAWALA ROAD) FROM KM. (N.A.)0.70,NHAI,,ROAD TRANSPORT AND HIGHWAYS,Delhi,07/2020,,10/2023,,2171.8,,958.13,99.99,QPISR_QR_1st_2025-26.pdf,100,Table 7: Project List: Ongoing Projects,SUCCESS
2025-06,363,,N24001779,ALTERNATE_IDENTIFIER,DWARKA EXPRESSWAY FROM KM -0.600 TO KM 5.300 - PKG-I (SHIVMURTI CHOWK-RUB NEAR DWARKA SECTOR 21),NHAI,,ROAD TRANSPORT AND HIGHWAYS,Delhi,03/2018,,09/2022,,2507.0,,1155.7,95.05,QPISR_QR_1st_2025-26.pdf,100,Table 7: Project List: Ongoing Projects,SUCCESS
2025-06,364,,N24001781,ALTERNATE_IDENTIFIER,8L OF DWARKA EXPRESSWAY PKG-II (RUB NEAR DWARKA SECTOR 21-DL/HR BORDER) FROM 5.300 KM.TO 9.500 KM. O,NHAI,,ROAD TRANSPORT AND HIGHWAYS,Delhi,01/2018,,10/2021,,2067.67,,1496.49,99.4,QPISR_QR_1st_2025-26.pdf,100,Table 7: Project List: Ongoing Projects,SUCCESS
2025-06,365,,N24001825,ALTERNATE_IDENTIFIER,DEVELOPMENT OF 6L UER II [PACKAGE - II] (KARALA KANJHAWALA ROAD TILL NANGLOI - NAJAFGARH ROAD) FROM,NHAI,,ROAD TRANSPORT AND HIGHWAYS,Delhi,07/2020,,10/2023,,1894.96,,741.88,98.25,QPISR_QR_1st_2025-26.pdf,100,Table 7: Project List: Ongoing Projects,SUCCESS
2025-06,366,,N28000115,ALTERNATE_IDENTIFIER,SETTING UP PHYSICAL INFRASTRUCTURE FOR THE NATIONAL INSTITUTE OF COMMUNICATION FINANCE(NICF) AT GHIT,CPWD FOR TELECO,,TELECOMMUNIC,Delhi,10/2014,,03/2018,,248.2,,236.97,98.0,QPISR_QR_1st_2025-26.pdf,100,Table 7: Project List: Ongoing Projects,SUCCESS
2025-06,367,,N28000056,ALTERNATE_IDENTIFIER,DELHI MRTS PHASE-III,DMRC,,ATIONS,Delhi,09/2011,,03/2016,08/2021,38585.0,43095.35,40685.45,100.0,QPISR_QR_1st_2025-26.pdf,100,Table 7: Project List: Ongoing Projects,SUCCESS
2025-06,368,,N28000105,ALTERNATE_IDENTIFIER,REDEVELOPMENT OF GPRA COLONY AT NAUROJI NAGAR,NBCC,,ATIONS,Delhi,07/2016,,,,2694.0,,2247.61,98.0,QPISR_QR_1st_2025-26.pdf,100,Table 7: Project List: Ongoing Projects,SUCCESS
2025-06,369,,N28000128,ALTERNATE_IDENTIFIER,REDEVELOPMENT OF GENERAL POOL RESIDENTIAL COLONY AT SRINIWASPURI NEW DELHI PHASE-I,CPWD,,ATIONS,Delhi,10/2016,,07/2021,,1180.0,,36.69,2.0,QPISR_QR_1st_2025-26.pdf,101,Table 7: Project List: Ongoing Projects,SUCCESS
2025-06,370,,N28000129,ALTERNATE_IDENTIFIER,REDEVELOPMENT OF GPRA AT KASTURBA NAGAR PHASE I,CPWD,,ATIONS,Delhi,10/2016,,03/2022,,1128.0,,740.35,68.0,QPISR_QR_1st_2025-26.pdf,101,Table 7: Project List: Ongoing Projects,SUCCESS
2025-06,371,,N28000135,ALTERNATE_IDENTIFIER,DELHI METRO PHASE IV THREE PRIORITY CORRIDORS,DMRC,,ATIONS,Delhi,07/2019,,03/2025,,24948.65,,16369.75,67.19,QPISR_QR_1st_2025-26.pdf,101,Table 7: Project List: Ongoing Projects,SUCCESS
2025-06,372,,N28000153,ALTERNATE_IDENTIFIER,"CONSTRUCTION OF 184 MULTI STORIED FLATS FOR HON'BLE MPS AT BKS MARG, NEW DELHI",CPWD,,ATIONS,Delhi,01/2022,,11/2024,08/2025,646.52,,506.0,94.0,QPISR_QR_1st_2025-26.pdf,101,Table 7: Project List: Ongoing Projects,SUCCESS
2025-06,373,,N28000156,ALTERNATE_IDENTIFIER,REDEVELOPMENT OF GPRA AT NETAJI NAGAR NEW DELHI PACKAGE 2,NBCC,,ATIONS,Delhi,10/2016,,03/2024,08/2025,1536.72,,507.85,91.5,QPISR_QR_1st_2025-26.pdf,101,Table 7: Project List: Ongoing Projects,SUCCESS
2025-06,374,,N30000014,ALTERNATE_IDENTIFIER,CONSTRUCTION OF 564 MLD 124 MGD WASTE WATER TREATMENT PLANT WITH EFFLUENT STANDARDS OF BOD ? 10MG/L,DJB,,WATER RESOURCES,Delhi,03/2017,,12/2022,,665.78,,782.51,100.0,QPISR_QR_1st_2025-26.pdf,101,Table 7: Project List: Ongoing Projects,SUCCESS
2025-06,375,,N04000095,ALTERNATE_IDENTIFIER,EXTENSION OF EXISTING INTEGRATED TERMINAL BUILDING AND ALLIED WORKS AT GOA AIRPORT.,AAI,,CIVIL AVIATION,Goa,11/2017,,09/2021,08/2025,255.69,255.69,125.92,86.75,QPISR_QR_1st_2025-26.pdf,101,Table 7: Project List: Ongoing Projects,SUCCESS
2025-06,376,,N42000002,ALTERNATE_IDENTIFIER,"CONSTRUCTION OF PERMANENT CAMPUS FOR NATIONAL INSTITUTE OF TECHNOLOGY GOA AT CUNCOLIM, GOA.",CPWD EDUCATION,,DEPARTMENT OF HIGHER EDUCATION,Goa,05/2019,,08/2021,,303.9,,360.0,99.3,QPISR_QR_1st_2025-26.pdf,101,Table 7: Project List: Ongoing Projects,SUCCESS
2025-06,377,,N24002181,ALTERNATE_IDENTIFIER,CONSTRUCTION OF SIX LANE ELEVATED CORRIDOR FROM KM. 508.000 TO KM. 513.150 INCLUDING APPROACHES ON N,MoRTH,,ROAD TRANSPORT AND HIGHWAYS,Goa,04/2023,,04/2026,,641.46,,,0.0,QPISR_QR_1st_2025-26.pdf,102,Table 7: Project List: Ongoing Projects,SUCCESS
2025-06,378,,N04000088,ALTERNATE_IDENTIFIER,"C/O NEW GREENFIELD AIRPORT AT HISSAR, RAJKOT, GUJARAT",AAI,,CIVIL AVIATION,Gujarat,01/2018,,08/2022,12/2024,1405.0,,1304.63,100.0,QPISR_QR_1st_2025-26.pdf,102,Table 7: Project List: Ongoing Projects,SUCCESS
2025-06,379,,N04000093,ALTERNATE_IDENTIFIER,"EXTENSION OF TERMINAL BUILDING, PTT, APRON AND CAR PARK AT SURAT AIRPORT.",AAI,,CIVIL AVIATION,Gujarat,08/2018,,02/2021,03/2025,353.25,,348.78,100.0,QPISR_QR_1st_2025-26.pdf,102,Table 7: Project List: Ongoing Projects,SUCCESS
2025-06,380,,N04000099,ALTERNATE_IDENTIFIER,"DEVELOPMENT OF NEW GREENFIELD AIRPORT AT DHOLERA, AHMEDABAD (GUJARAT). PHASE-1.",AAI,,CIVIL AVIATION,Gujarat,06/2022,,12/2025,,1305.0,1143.95,648.65,61.0,QPISR_QR_1st_2025-26.pdf,102,Table 7: Project List: Ongoing Projects,SUCCESS
2025-06,381,,N06000292,ALTERNATE_IDENTIFIER,50 MW WIND POWER PROJECT PART OF 150 MW SECI HYBRID,NLC,,COAL,Gujarat,07/2022,,06/2025,01/2026,383.84,,303.5,41.0,QPISR_QR_1st_2025-26.pdf,102,Table 7: Project List: Ongoing Projects,SUCCESS
2025-06,382,,N16000279,ALTERNATE_IDENTIFIER,REDEVELOPMENT OF SANTHAL FIELD,ONGC,,COAL,Gujarat,02/2017,,03/2026,,1162.56,,1156.9,94.1,QPISR_QR_1st_2025-26.pdf,102,Table 7: Project List: Ongoing Projects,SUCCESS
2025-06,383,,N16000382,ALTERNATE_IDENTIFIER,ACRYLICS OR OXO-ALCOHOL PROJECT AT GUJARAT REFINERY,IOCL,,COAL,Gujarat,11/2019,,05/2023,03/2024,5251.0,5894.0,4689.83,99.7,QPISR_QR_1st_2025-26.pdf,102,Table 7: Project List: Ongoing Projects,SUCCESS
2025-06,384,,N16000409,ALTERNATE_IDENTIFIER,PETROCHEMICAL AND LUBE INTEGRATION PROJECT AT GUJARAT REFINERY,IOCL,,COAL,Gujarat,09/2020,,08/2024,12/2025,18936.0,,11161.74,82.5,QPISR_QR_1st_2025-26.pdf,102,Table 7: Project List: Ongoing Projects,SUCCESS
2025-06,385,,N16000411,ALTERNATE_IDENTIFIER,AUGUMENTATION OF SALAYA MATHURA CRUDE OIL PIPELINE SYSTEM,IOCL,,COAL,Gujarat,10/2020,,08/2023,06/2025,1614.0,,1139.6,100.0,QPISR_QR_1st_2025-26.pdf,102,Table 7: Project List: Ongoing Projects,SUCCESS
2025-06,386,,N16000428,ALTERNATE_IDENTIFIER,REDEVELOPMENT OF LINCH FIELD,ONGC,,COAL,Gujarat,04/2021,,03/2025,,631.03,860.04,435.64,76.6,QPISR_QR_1st_2025-26.pdf,103,Table 7: Project List: Ongoing Projects,SUCCESS
2025-06,387,,N16000431,ALTERNATE_IDENTIFIER,REDEVELOPMENT OF SOBHASAN COMPLEX,ONGC,,COAL,Gujarat,08/2021,,02/2026,,885.63,1286.67,584.23,71.4,QPISR_QR_1st_2025-26.pdf,103,Table 7: Project List: Ongoing Projects,SUCCESS
2025-06,388,,N16000444,ALTERNATE_IDENTIFIER,COMMERCIAL POLYMER FLOODING PROJECT IN BECHRAJI FIELD,ONGC,,COAL,Gujarat,01/2022,,11/2024,,621.4,,137.69,21.4,QPISR_QR_1st_2025-26.pdf,103,Table 7: Project List: Ongoing Projects,SUCCESS
2025-06,389,,N16000454,ALTERNATE_IDENTIFIER,INSTALLATION OF NEW BITUMEN UNIT ALONG WITH ALLIED FACILITIES AT GUJARAT,IOCL,,COAL,Gujarat,01/2022,,09/2024,,328.0,,101.12,51.3,QPISR_QR_1st_2025-26.pdf,103,Table 7: Project List: Ongoing Projects,SUCCESS
2025-06,390,,N16000477,ALTERNATE_IDENTIFIER,"RESTORATION OF GAS TERMINAL, PHASE-I (PART-A), HAZIRA PLANT",ONGC,,COAL,Gujarat,05/2022,,02/2025,,249.43,,209.42,93.7,QPISR_QR_1st_2025-26.pdf,103,Table 7: Project List: Ongoing Projects,SUCCESS
2025-06,391,,N16000481,ALTERNATE_IDENTIFIER,KALOL REDEVELOPMENT PROJECT,ONGC,,COAL,Gujarat,08/2022,,03/2027,,1487.41,,952.0,60.0,QPISR_QR_1st_2025-26.pdf,103,Table 7: Project List: Ongoing Projects,SUCCESS
2025-06,392,,N16000483,ALTERNATE_IDENTIFIER,OLD PIPE LINE REPLACEMENT (OPRP) GROUP- A,ONGC,,COAL,Gujarat,07/2021,,07/2025,,173.03,,143.32,86.5,QPISR_QR_1st_2025-26.pdf,103,Table 7: Project List: Ongoing Projects,SUCCESS
2025-06,393,,N16000514,ALTERNATE_IDENTIFIER,"REVAMPING OF SV STATIONS, GAS TERMINAL AND KRIBHCO TERMINAL",ONGC,,COAL,Gujarat,11/2022,,08/2026,,837.34,,187.1,46.7,QPISR_QR_1st_2025-26.pdf,103,Table 7: Project List: Ongoing Projects,SUCCESS
2025-06,394,,N18000295,ALTERNATE_IDENTIFIER,GUJARAT 200 MW (GUVNL TENDER),NTPC,,COAL,Gujarat,01/2021,,07/2022,03/2026,842.27,1049.61,779.79,66.0,QPISR_QR_1st_2025-26.pdf,103,Table 7: Project List: Ongoing Projects,SUCCESS
2025-06,395,,N18000296,ALTERNATE_IDENTIFIER,"150 MW SOLAR PV PROJECT IN GUJARAT (LIMBDI, MESANKA AND RADHANPUR)",NTPC,,COAL,Gujarat,05/2021,,09/2022,04/2025,674.92,726.79,572.53,100.0,QPISR_QR_1st_2025-26.pdf,104,Table 7: Project List: Ongoing Projects,SUCCESS
2025-06,396,,N18000297,ALTERNATE_IDENTIFIER,Bagodara Solar Power Project,SJVN,,COAL,Gujarat,05/2021,,10/2022,,339.35,,317.59,51.86,QPISR_QR_1st_2025-26.pdf,104,Table 7: Project List: Ongoing Projects,SUCCESS
2025-06,397,,N18000319,ALTERNATE_IDENTIFIER,DAYAPAR WIND ENERGY PROJECT 150MW,NTPC,,COAL,Gujarat,11/2021,,05/2023,08/2025,937.8,,803.82,100.0,QPISR_QR_1st_2025-26.pdf,104,Table 7: Project List: Ongoing Projects,SUCCESS
2025-06,398,,N18000345,ALTERNATE_IDENTIFIER,DAYAPAR WIND ENERGY PROJECT 200MW,NTPC,,COAL,Gujarat,07/2022,,03/2025,01/2026,1316.02,,324.36,28.0,QPISR_QR_1st_2025-26.pdf,104,Table 7: Project List: Ongoing Projects,SUCCESS
2025-06,399,,N18000346,ALTERNATE_IDENTIFIER,KHAWDA 1255MW SOLAR PROJECT (KHAWDA SOLAR PARK),NTPC,,COAL,Gujarat,09/2022,,09/2024,02/2026,7179.54,7235.79,5220.2,89.0,QPISR_QR_1st_2025-26.pdf,104,Table 7: Project List: Ongoing Projects,SUCCESS
2025-06,400,,N18000349,ALTERNATE_IDENTIFIER,BHUJ SOLAR 300MW (TRANCHE-IV WIND SOLAR HYBRID),NTPC,,COAL,Gujarat,11/2022,,03/2024,03/2026,1442.6,,793.56,2.51,QPISR_QR_1st_2025-26.pdf,104,Table 7: Project List: Ongoing Projects,SUCCESS
2025-06,401,,N18000357,ALTERNATE_IDENTIFIER,ESTABLISHMENT OF KHAVDA POOLING STATION 3 (KPS3) IN KHAVDA RE PARK,PGCIL,,COAL,Gujarat,03/2023,,12/2024,,922.3,,830.14,90.5,QPISR_QR_1st_2025-26.pdf,104,Table 7: Project List: Ongoing Projects,SUCCESS
2025-06,402,,N18000358,ALTERNATE_IDENTIFIER,TRANSMISSION NETWORK EXPANSION IN GUJARAT ASSOCIATED WITH INTEGRATION OF RE PROJECTS FROM KHAVDA POT,PGCIL,,COAL,Gujarat,03/2023,,03/2025,,815.12,,758.09,100.0,QPISR_QR_1st_2025-26.pdf,104,Table 7: Project List: Ongoing Projects,SUCCESS
2025-06,403,,N18000359,ALTERNATE_IDENTIFIER,"KHAVDA-2, GUJARAT- ESTABLISHMENT OF KHAVDA POOLING STATION-2 (KPS2) IN KHAVDA RE PARK",PGCIL,,COAL,Gujarat,03/2023,,12/2024,,966.79,,870.1,93.6,QPISR_QR_1st_2025-26.pdf,104,Table 7: Project List: Ongoing Projects,SUCCESS
2025-06,404,,N18000360,ALTERNATE_IDENTIFIER,"KHAVDA PHASE-II-PART B, GUJARAT- TRANSMISSION SCHEME FOR EVACUATION OF 4.5 GW RE INJECTION AT KHAVDA",PGCIL,,COAL,Gujarat,03/2023,,03/2025,,1167.55,,957.39,90.0,QPISR_QR_1st_2025-26.pdf,105,Table 7: Project List: Ongoing Projects,SUCCESS
2025-06,405,,N18000361,ALTERNATE_IDENTIFIER,"KHAVDA PHASE-II-PART C, GUJARAT- TRANSMISSION SCHEME FOR EVACUATION OF 4.5 GW RE INJECTION AT KHAVDA",PGCIL,,COAL,Gujarat,03/2023,,03/2025,,2820.99,,2418.0,82.6,QPISR_QR_1st_2025-26.pdf,105,Table 7: Project List: Ongoing Projects,SUCCESS
2025-06,406,,N18000365,ALTERNATE_IDENTIFIER,KHAVDA 1200MW (4X300MW) IN KHAVDA RE PARK,NTPC,,COAL,Gujarat,06/2023,,12/2024,01/2026,6283.81,,1828.84,42.0,QPISR_QR_1st_2025-26.pdf,105,Table 7: Project List: Ongoing Projects,SUCCESS
2025-06,407,,N18000366,ALTERNATE_IDENTIFIER,DAYAPAR WIND- III (HYBRID TRANCHE-V),NTPC,,COAL,Gujarat,05/2023,,01/2025,03/2026,1095.01,,382.54,18.0,QPISR_QR_1st_2025-26.pdf,105,Table 7: Project List: Ongoing Projects,SUCCESS
2025-06,408,,N18000383,ALTERNATE_IDENTIFIER,TS FOR EVACUATION OF POWER FROM POTENTIAL RE ZONE IN KHAVDA AREA OF GUJARAT UNDER PH-IV PART E3,PGCIL,,COAL,Gujarat,07/2023,,07/2025,,334.0,,63.46,21.0,QPISR_QR_1st_2025-26.pdf,105,Table 7: Project List: Ongoing Projects,SUCCESS
2025-06,409,,N18000384,ALTERNATE_IDENTIFIER,TS FOR EVACUATION OF ADDITIONAL 7GW RE POWER FROM KHAVDA RE PARK UNDER PHASE-III PART B [VATAMAN TRA,PGCIL,,COAL,Gujarat,12/2023,,12/2025,,3752.0,,1463.23,20.0,QPISR_QR_1st_2025-26.pdf,105,Table 7: Project List: Ongoing Projects,SUCCESS
2025-06,410,,N18000390,ALTERNATE_IDENTIFIER,TS FOR EVACUATION OF POWER FROM 7GW REZ IN KHAVDA AREA UNDER PHASE-IV PART E2,PGCIL,,COAL,Gujarat,05/2024,,05/2026,,679.0,,67.9,16.8,QPISR_QR_1st_2025-26.pdf,105,Table 7: Project List: Ongoing Projects,SUCCESS
2025-06,411,,N18000398,ALTERNATE_IDENTIFIER,AUGMENTATION OF TRANSFORMATION CAPACITY AT JAM KHAMBHALIYA PS [GIS] [SPV NAME POWERGRID JAM KHAMBHAL,PGCIL,,COAL,Gujarat,10/2024,,07/2026,,329.0,,9.87,1.0,QPISR_QR_1st_2025-26.pdf,105,Table 7: Project List: Ongoing Projects,SUCCESS
2025-06,412,,N18000400,ALTERNATE_IDENTIFIER,TRANSMISSION SYSTEM FOR EVACUATION OF POWER FROM POTENTIAL RENEWABLE ENERGY ZONE IN KHAVDA AREA OF G,PGCIL,,COAL,Gujarat,10/2024,,10/2026,,4766.0,,333.62,5.1,QPISR_QR_1st_2025-26.pdf,106,Table 7: Project List: Ongoing Projects,SUCCESS
2025-06,413,,N18000402,ALTERNATE_IDENTIFIER,PROVISION OF DYNAMIC REACTIVE COMPENSATION AT KHAVDA POOLING STATION 1 [KPS1] AND KHAVDA POOLING STA,PGCIL,,COAL,Gujarat,11/2024,,11/2026,,501.0,,5.01,1.0,QPISR_QR_1st_2025-26.pdf,106,Table 7: Project List: Ongoing Projects,SUCCESS
2025-06,414,,N18000405,ALTERNATE_IDENTIFIER,TRANSMISSION SYSTEM FOR EVACUATION OF POWER FROM POTENTIAL RENEWABLE ENERGY ZONE IN KHAVDA AREA OF G,PGCIL,,COAL,Gujarat,11/2024,,05/2029,,24819.0,,1240.3,1.0,QPISR_QR_1st_2025-26.pdf,106,Table 7: Project List: Ongoing Projects,SUCCESS
2025-06,415,,N18000406,ALTERNATE_IDENTIFIER,600 MW SOLAR POWER PROJECT UNDER CPSU SCHEME,NHPC,,COAL,Gujarat,04/2022,,03/2026,03/2023,4100.45,,11.05,5.0,QPISR_QR_1st_2025-26.pdf,106,Table 7: Project List: Ongoing Projects,SUCCESS
2025-06,416,,N18000411,ALTERNATE_IDENTIFIER,AUGMENTATION OF TRANSFORMATION CAPACITY AT KPS2 AND KPS2,PGCIL,,COAL,Gujarat,03/2025,,03/2027,,466.0,,6.52,0.0,QPISR_QR_1st_2025-26.pdf,106,Table 7: Project List: Ongoing Projects,SUCCESS
2025-06,417,,N18000412,ALTERNATE_IDENTIFIER,AUGMENTATION OF BANASKANTHA (RAGHANESDA) PS (GIS),PGCIL,,COAL,Gujarat,03/2025,,03/2027,,172.0,,1.72,0.0,QPISR_QR_1st_2025-26.pdf,106,Table 7: Project List: Ongoing Projects,SUCCESS
2025-06,418,,N22000142,ALTERNATE_IDENTIFIER,MIYAGAM-KARJAN-DABHOI-SAMLAYA (GC),WR,,COAL,Gujarat,04/2011,,03/2021,10/2026,844.1,844.1,605.51,41.0,QPISR_QR_1st_2025-26.pdf,106,Table 7: Project List: Ongoing Projects,SUCCESS
2025-06,419,,N22000504,ALTERNATE_IDENTIFIER,ANAND GODHRA DOUBLING PROJECT 79 KMS,WR,,COAL,Gujarat,04/2017,,12/2024,06/2025,692.26,692.26,688.88,100.0,QPISR_QR_1st_2025-26.pdf,106,Table 7: Project List: Ongoing Projects,SUCCESS
2025-06,420,,N22000505,ALTERNATE_IDENTIFIER,MEHSANA PALANPUR DOUBLING PROJECT 65.10 KMS,WR,,COAL,Gujarat,04/2018,,03/2024,10/2024,537.31,537.31,944.55,100.0,QPISR_QR_1st_2025-26.pdf,106,Table 7: Project List: Ongoing Projects,SUCCESS
2025-06,421,,N22000532,ALTERNATE_IDENTIFIER,4TH LINE BETWEEN BAREJADI NANDEJ (GERATPUR)- SANAND (38.20 KM) (AHMEDABAD BYPASS).,WR,,COAL,Gujarat,02/2023,,03/2027,03/2027,961.67,961.67,103.15,16.0,QPISR_QR_1st_2025-26.pdf,107,Table 7: Project List: Ongoing Projects,SUCCESS
2025-06,422,,N22000533,ALTERNATE_IDENTIFIER,QUADRUPLING BETWEEN GANDHIDHAM - ADIPUR WITH Y CONNECTION AT ADIPUR FOR PROVIDING DIRECT ENTRY TOWAR,WR,,COAL,Gujarat,02/2023,,12/2025,12/2025,152.44,152.44,19.54,63.0,QPISR_QR_1st_2025-26.pdf,107,Table 7: Project List: Ongoing Projects,SUCCESS
2025-06,423,,N22000535,ALTERNATE_IDENTIFIER,RAJKOT-KANALUS (111.20 KM),WR,,COAL,Gujarat,10/2021,,10/2026,06/2026,1080.58,1080.58,315.7,72.0,QPISR_QR_1st_2025-26.pdf,107,Table 7: Project List: Ongoing Projects,SUCCESS
2025-06,424,,N22000537,ALTERNATE_IDENTIFIER,HIMMATNAGAR-KHEDBRAHMA (54.83 KM),WR,,COAL,Gujarat,06/2022,,08/2025,07/2025,354.99,482.42,322.59,96.0,QPISR_QR_1st_2025-26.pdf,107,Table 7: Project List: Ongoing Projects,SUCCESS
2025-06,425,,N22000538,ALTERNATE_IDENTIFIER,PETLAD-BHADRAN (22.5 KM),WR,,COAL,Gujarat,05/2022,,05/2030,12/2025,202.5,307.12,81.76,8.0,QPISR_QR_1st_2025-26.pdf,107,Table 7: Project List: Ongoing Projects,SUCCESS
2025-06,426,,N22000539,ALTERNATE_IDENTIFIER,NADIAD-PETLAD (37.26 KM),WR,,COAL,Gujarat,05/2022,,06/2030,,335.34,461.91,74.35,7.0,QPISR_QR_1st_2025-26.pdf,107,Table 7: Project List: Ongoing Projects,SUCCESS
2025-06,427,,N22000540,ALTERNATE_IDENTIFIER,SAMLAYA-TIMBA ROAD (53.53 KM),WR,,COAL,Gujarat,02/2023,,03/2030,07/2026,670.0,670.17,101.79,12.0,QPISR_QR_1st_2025-26.pdf,107,Table 7: Project List: Ongoing Projects,SUCCESS
2025-06,428,,N22000541,ALTERNATE_IDENTIFIER,SAMNI-JAMBUSAR (24.08 KM),WR,,COAL,Gujarat,05/2022,,03/2030,12/2025,216.72,349.93,86.46,25.0,QPISR_QR_1st_2025-26.pdf,107,Table 7: Project List: Ongoing Projects,SUCCESS
2025-06,429,,N22000547,ALTERNATE_IDENTIFIER,VIJAPUR-AMBLIYASAN (41.53 KM),WR,,COAL,Gujarat,05/2022,,08/2025,10/2025,309.81,415.38,263.13,85.0,QPISR_QR_1st_2025-26.pdf,107,Table 7: Project List: Ongoing Projects,SUCCESS
2025-06,430,,N22000548,ALTERNATE_IDENTIFIER,ADRAJ MOTI-VIAJAPUR (39.75 KM),WR,,COAL,Gujarat,05/2022,,08/2025,09/2025,296.54,,178.95,80.0,QPISR_QR_1st_2025-26.pdf,107,Table 7: Project List: Ongoing Projects,SUCCESS
2025-06,431,,N22000550,ALTERNATE_IDENTIFIER,NEW BG LINE BETWEEN NALIYA-JAKHAU PORT,WR,,COAL,Gujarat,02/2023,,01/2028,12/2026,410.46,410.46,5.89,2.0,QPISR_QR_1st_2025-26.pdf,108,Table 7: Project List: Ongoing Projects,SUCCESS
2025-06,432,,N22000551,ALTERNATE_IDENTIFIER,NEW BG LINE INTERSECTION (5 NOS) BETWEEN GERATPUR-SANAND AND BOTAD- AHMEDABAD (16.51 KM) (PB29/NR/20,WR,,COAL,Gujarat,10/2022,,10/2027,10/2027,437.21,,43.26,9.0,QPISR_QR_1st_2025-26.pdf,108,Table 7: Project List: Ongoing Projects,SUCCESS
2025-06,433,,N22000592,ALTERNATE_IDENTIFIER,TARANGA HILL ABU ROAD VIA AMBAJI NEW LINE,NWR,,COAL,Gujarat,07/2022,,07/2030,,2798.16,,1103.16,12.5,QPISR_QR_1st_2025-26.pdf,108,Table 7: Project List: Ongoing Projects,SUCCESS
2025-06,434,,N22000600,ALTERNATE_IDENTIFIER,JUNAGARH -VISAVADAR (42.28) KM,RVNL,,COAL,Gujarat,06/2022,,09/2028,,493.0,,,0.0,QPISR_QR_1st_2025-26.pdf,108,Table 7: Project List: Ongoing Projects,SUCCESS
2025-06,435,,N22000622,ALTERNATE_IDENTIFIER,MODASA- SHAMLAJI NEW LINE ( MM OF AHMEDABAD-HIMMATNAGAR-UDAIPUR (299.2 KM)),WR,,COAL,Gujarat,09/2012,,03/2027,03/2026,261.68,261.68,202.7,58.0,QPISR_QR_1st_2025-26.pdf,108,Table 7: Project List: Ongoing Projects,SUCCESS
2025-06,436,,N24001427,ALTERNATE_IDENTIFIER,CONSTRUCTION OF ROB WITH APPROACHES IN LIEU OF L C NO 165 OF AHMEDABAD PALANPUR BETWEEN RAILWAY STAT,MoRTH,,ROAD TRANSPORT AND HIGHWAYS,Gujarat,06/2020,,04/2023,09/2024,166.21,,97.12,93.0,QPISR_QR_1st_2025-26.pdf,108,Table 7: Project List: Ongoing Projects,SUCCESS
2025-06,437,,N24001443,ALTERNATE_IDENTIFIER,CONSTRUCTION OF FOUR LANE EXPRESSWAY FROM START OF SARDAR PATEL RING ROAD TO SINDHREJ VILLAGE (CH. 0,NHAI,,ROAD TRANSPORT AND HIGHWAYS,Gujarat,05/2020,,03/2024,07/2025,690.3,929.95,841.74,94.22,QPISR_QR_1st_2025-26.pdf,108,Table 7: Project List: Ongoing Projects,SUCCESS
2025-06,438,,N24001444,ALTERNATE_IDENTIFIER,CONSTRUCTION OF FOUR LANE EXPRESSWAY FROM START OF SINDHREJ VILLAGE (CH. 22.00 TO CH. 48.52) SECTION,NHAI,,ROAD TRANSPORT AND HIGHWAYS,Gujarat,05/2020,,01/2024,07/2025,882.0,1229.37,1042.67,91.54,QPISR_QR_1st_2025-26.pdf,108,Table 7: Project List: Ongoing Projects,SUCCESS
2025-06,439,,N24001445,ALTERNATE_IDENTIFIER,CONSTRUCTION OF FOUR LANE EXPRESSWAY FROM START OF VEJALLKA VILLAGE TO START OF DSIR ZONE OF AHMEDAB,NHAI,,ROAD TRANSPORT AND HIGHWAYS,Gujarat,05/2020,,07/2023,06/2025,691.52,903.85,893.47,99.45,QPISR_QR_1st_2025-26.pdf,109,Table 7: Project List: Ongoing Projects,SUCCESS
2025-06,440,,N24001446,ALTERNATE_IDENTIFIER,CONSTRUCTION OF FOUR LANE EXPRESSWAY FROM START OF DSIR ZONE OF AHMEDABAD DISTRICT TO ADHELAI VILLAG,NHAI,,ROAD TRANSPORT AND HIGHWAYS,Gujarat,05/2020,,12/2023,06/2025,894.0,1261.58,1166.51,97.28,QPISR_QR_1st_2025-26.pdf,109,Table 7: Project List: Ongoing Projects,SUCCESS
2025-06,441,,N24001515,ALTERNATE_IDENTIFIER,DELHI VADODARA GREENFIELD ALIGNMENT SECTION OF NH 148N PACKAGE 26,NHAI,,ROAD TRANSPORT AND HIGHWAYS,Gujarat,09/2020,,02/2024,,1542.02,,989.98,68.5,QPISR_QR_1st_2025-26.pdf,109,Table 7: Project List: Ongoing Projects,SUCCESS
2025-06,442,,N24001516,ALTERNATE_IDENTIFIER,DELHI VADODARA GREENFIELD ALIGNMENT SECTION OF NH 148N PACKAGE 27,NHAI,,ROAD TRANSPORT AND HIGHWAYS,Gujarat,09/2020,,02/2024,08/2025,1185.69,,980.41,93.52,QPISR_QR_1st_2025-26.pdf,109,Table 7: Project List: Ongoing Projects,SUCCESS
2025-06,443,,N24001518,ALTERNATE_IDENTIFIER,DELHI VADODARA GREENFIELD ALIGNMENT SECTION OF NH 148N PACKAGE 30,NHAI,,ROAD TRANSPORT AND HIGHWAYS,Gujarat,11/2019,,09/2023,,1669.56,,1094.58,98.12,QPISR_QR_1st_2025-26.pdf,109,Table 7: Project List: Ongoing Projects,SUCCESS
2025-06,444,,N24001519,ALTERNATE_IDENTIFIER,DELHI VADODARA GREENFIELD ALIGNMENT SECTION OF NH 148N PACKAGE 28,NHAI,,ROAD TRANSPORT AND HIGHWAYS,Gujarat,09/2020,,11/2023,,1198.55,,911.23,95.78,QPISR_QR_1st_2025-26.pdf,109,Table 7: Project List: Ongoing Projects,SUCCESS
2025-06,445,,N24001520,ALTERNATE_IDENTIFIER,DELHI VADODARA GREENFIELD ALIGNMENT SECTION OF NH 148N PACKAGE 31,NHAI,,ROAD TRANSPORT AND HIGHWAYS,Gujarat,11/2019,,05/2024,,1604.06,,1245.52,95.73,QPISR_QR_1st_2025-26.pdf,109,Table 7: Project List: Ongoing Projects,SUCCESS
2025-06,446,,N24001785,ALTERNATE_IDENTIFIER,UP-GRADATION TO 4-LANE WITH PAVED SHOULDER OF BHIMASAR JUNCTION OF NH- 41 TO ANJAR BHUJ UPTO AIRPORT,NHAI,,ROAD TRANSPORT AND HIGHWAYS,Gujarat,03/2022,,06/2025,,1373.06,1085.0,662.04,90.67,QPISR_QR_1st_2025-26.pdf,109,Table 7: Project List: Ongoing Projects,SUCCESS
2025-06,447,,N24001786,ALTERNATE_IDENTIFIER,CONSTRUCTION OF EIGHT LANE ACCESS CONTROLLED EXPRESSWAY FROM KM 103.400 TO KM 128.000 OF VADODARA MU,NHAI,,ROAD TRANSPORT AND HIGHWAYS,Gujarat,03/2021,,03/2024,,1259.0,2652.24,278.29,34.08,QPISR_QR_1st_2025-26.pdf,109,Table 7: Project List: Ongoing Projects,SUCCESS
2025-06,448,,N24001788,ALTERNATE_IDENTIFIER,CONSTRUCTION OF EIGHT LANE ACCESS CONTROLLED EXPRESSWAY FROM KM 217.500 TO KM 254.430 OF VADODARA MU,NHAI,,ROAD TRANSPORT AND HIGHWAYS,Gujarat,07/2020,,12/2023,,2271.86,3372.97,2655.78,98.9,QPISR_QR_1st_2025-26.pdf,110,Table 7: Project List: Ongoing Projects,SUCCESS
2025-06,449,,N24001789,ALTERNATE_IDENTIFIER,CONSTRUCTION OF EIGHT LANE EXPRESSWAY FROM KM 190.000 TO KM 217.500 GANDEVA TO ENA SECTION OF VADODA,NHAI,,ROAD TRANSPORT AND HIGHWAYS,Gujarat,07/2020,,08/2023,,1710.3,2665.08,908.08,90.56,QPISR_QR_1st_2025-26.pdf,110,Table 7: Project List: Ongoing Projects,SUCCESS
2025-06,450,,N24001790,ALTERNATE_IDENTIFIER,SANCHORE - SANTALPUR FROM KM 67.000- KM 99.000 OF NH-754K (AJ-RGBS-PACKAGE-3),NHAI,,ROAD TRANSPORT AND HIGHWAYS,Gujarat,02/2020,,08/2023,12/2024,752.3,,452.13,98.14,QPISR_QR_1st_2025-26.pdf,110,Table 7: Project List: Ongoing Projects,SUCCESS
2025-06,451,,N24001791,ALTERNATE_IDENTIFIER,SANCHORE - SANTALPUR FROM KM 4.888 - KM 35.000 OF NH-754K (AJ-RGBS-PACKAGE-1),NHAI,,ROAD TRANSPORT AND HIGHWAYS,Gujarat,02/2020,,06/2023,03/2024,606.51,,453.89,98.99,QPISR_QR_1st_2025-26.pdf,110,Table 7: Project List: Ongoing Projects,SUCCESS
2025-06,452,,N24001792,ALTERNATE_IDENTIFIER,4L OF BAL WORKS OF TALAJA - MAHUVA FROM 54.990 KM. TO 100.450 KM. OF OLD NH- 8E (PACKAGE-II),NHAI,,ROAD TRANSPORT AND HIGHWAYS,Gujarat,03/2021,,09/2022,,536.03,,480.77,100.0,QPISR_QR_1st_2025-26.pdf,110,Table 7: Project List: Ongoing Projects,SUCCESS
2025-06,453,,N24001793,ALTERNATE_IDENTIFIER,4L OF BAL WORKS OF MAHUVA TO KAGVADAR FROM 100.450 KM. TO 140.470 KM. OF NH-8E (PKG- III),NHAI,,ROAD TRANSPORT AND HIGHWAYS,Gujarat,03/2021,,09/2022,,485.75,,393.88,99.57,QPISR_QR_1st_2025-26.pdf,110,Table 7: Project List: Ongoing Projects,SUCCESS
2025-06,454,,N24001794,ALTERNATE_IDENTIFIER,SANCHORE - SANTALPUR FROM KM 99.000- KM 130.073 OF NH-754K (AJ-RGBS-PACKAGE-4),NHAI,,ROAD TRANSPORT AND HIGHWAYS,Gujarat,02/2020,,03/2023,12/2024,778.15,,547.22,99.7,QPISR_QR_1st_2025-26.pdf,110,Table 7: Project List: Ongoing Projects,SUCCESS
2025-06,455,,N24001827,ALTERNATE_IDENTIFIER,4L KODINAR - VERAVAL (PACKAGE VI) FROM KM. 222.400 TO KM. 230.00 (KODINAR BYPASS) OF NH-8E (NH 51 NE,NHAI,,ROAD TRANSPORT AND HIGHWAYS,Gujarat,03/2022,,03/2023,,162.73,,131.79,100.0,QPISR_QR_1st_2025-26.pdf,110,Table 7: Project List: Ongoing Projects,SUCCESS
2025-06,456,,N24002014,ALTERNATE_IDENTIFIER,UPGRADATION AND STRENGTHENING TO 2 LANE PS FROM KM 95/500 TO KM 129/775 OF NH 168 G IDAR BHILODA SA,MoRTH,,ROAD TRANSPORT AND HIGHWAYS,Gujarat,09/2022,,12/2023,12/2025,237.28,,0.34,0.0,QPISR_QR_1st_2025-26.pdf,110,Table 7: Project List: Ongoing Projects,SUCCESS
2025-06,457,,N24002034,ALTERNATE_IDENTIFIER,UPGRADATION TO 4L PS DIVIDED CARRIAGEWAY FROM PATAN (NEAR RAJPUR) TO GOJARIYA FROM KM 52.000 TO KM 1,NHAI,,ROAD TRANSPORT AND HIGHWAYS,Gujarat,12/2021,,03/2025,,1181.34,1181.0,555.81,79.5,QPISR_QR_1st_2025-26.pdf,111,Table 7: Project List: Ongoing Projects,SUCCESS
2025-06,458,,N24002035,ALTERNATE_IDENTIFIER,WIDENING TO 6L OF EXISTING 4L JETPUR - GONDAL - RAJKOT SECTION FROM KM. 117.600 TO KM. 185.00 ON NH-,NHAI,,ROAD TRANSPORT AND HIGHWAYS,Gujarat,09/2023,,09/2025,,2070.44,,545.53,37.86,QPISR_QR_1st_2025-26.pdf,111,Table 7: Project List: Ongoing Projects,SUCCESS
2025-06,459,,N24002117,ALTERNATE_IDENTIFIER,UPGRADATION OF DHORAJI JAMKANDORNA KALAVAD SECTION OF NH 927D FROM DESIGN CHAINAGE KM 00 TO KM 58.11,MoRTH,,ROAD TRANSPORT AND HIGHWAYS,Gujarat,10/2022,,02/2024,02/2026,246.6,291.0,27.57,15.0,QPISR_QR_1st_2025-26.pdf,111,Table 7: Project List: Ongoing Projects,SUCCESS
2025-06,460,,N24002118,ALTERNATE_IDENTIFIER,UPGRADATION TO TWO LANE WITH PAVED SHULDER CONFIGUARATION FROM KM 00 TO 47 OF NH 351 MAHUVA TO BADHA,MoRTH,,ROAD TRANSPORT AND HIGHWAYS,Gujarat,12/2022,,02/2024,08/2025,173.06,,0.15,0.0,QPISR_QR_1st_2025-26.pdf,111,Table 7: Project List: Ongoing Projects,SUCCESS
2025-06,461,,N24002182,ALTERNATE_IDENTIFIER,WORK OF DEVELOPMENT AND CONSTRUCTION OF ELEVATED CORRIDORFROM KM 38/660 TO KM 42/690 (ISCON JUNCTION,MoRTH,,ROAD TRANSPORT AND HIGHWAYS,Gujarat,03/2023,,03/2026,,530.2,,,0.0,QPISR_QR_1st_2025-26.pdf,111,Table 7: Project List: Ongoing Projects,SUCCESS
2025-06,462,,N24002183,ALTERNATE_IDENTIFIER,"WIDENING 2 LANE TO 4-LANE FROM KM 92/320 TO KM 115/320 (VAV CHOKDI-SATLASANA TO TO VRUNDAVAN CHOKDI,",MoRTH,,ROAD TRANSPORT AND HIGHWAYS,Gujarat,03/2022,,03/2026,,151.13,,,0.0,QPISR_QR_1st_2025-26.pdf,111,Table 7: Project List: Ongoing Projects,SUCCESS
2025-06,463,,N24000567,ALTERNATE_IDENTIFIER,FOUR LANING OF BHAVNAGAR-TALAJA SECTION OF NH-8E FROM KM. 7.090 TO KM. 53.585 (DESIGN CH FROM KM. 6.,NHAI,,ROAD TRANSPORT AND HIGHWAYS,Gujarat,05/2016,,08/2019,,998.18,,802.89,100.0,QPISR_QR_1st_2025-26.pdf,111,Table 7: Project List: Ongoing Projects,SUCCESS
2025-06,464,,N24000569,ALTERNATE_IDENTIFIER,FOUR LANING OF KAGAVADAR - UNA SECTION OF NH-8E FROM KM 139.915 TO KM 180.478 (PACKAGE-IV) IN THE ST,NHAI,,ROAD TRANSPORT AND HIGHWAYS,Gujarat,05/2016,,09/2019,05/2024,723.64,,562.31,97.0,QPISR_QR_1st_2025-26.pdf,111,Table 7: Project List: Ongoing Projects,SUCCESS
2025-06,465,,N24000570,ALTERNATE_IDENTIFIER,FOUR LANING OF UNA TO KODINAR OF NH-8E FROM KM. 180.478 TO KM 221.610 (PACKAGE- V) IN THE STATE OF GU,NHAI,,ROAD TRANSPORT AND HIGHWAYS,Gujarat,05/2016,,08/2019,,763.08,,520.19,99.54,QPISR_QR_1st_2025-26.pdf,112,Table 7: Project List: Ongoing Projects,SUCCESS
2025-06,466,,N24000592,ALTERNATE_IDENTIFIER,4-LANNING OF KODINAR TO VERAVAL SECTION OF NH-8E FROM KM 221.610 TO KM 263.000,NHAI,,ROAD TRANSPORT AND HIGHWAYS,Gujarat,07/2016,,07/2020,,829.97,,486.93,96.98,QPISR_QR_1st_2025-26.pdf,112,Table 7: Project List: Ongoing Projects,SUCCESS
2025-06,467,,N24000649,ALTERNATE_IDENTIFIER,SIX LANNING FROM KM. 401.200 TO 494.410 OF NH-8 ON HYBRID ANNUITY MODE UNDER NHDP-V(PKG VI)REG.,NHAI,,ROAD TRANSPORT AND HIGHWAYS,Gujarat,01/2017,,12/2020,10/2025,1251.11,1527.75,685.73,91.08,QPISR_QR_1st_2025-26.pdf,112,Table 7: Project List: Ongoing Projects,SUCCESS
2025-06,468,,N24000834,ALTERNATE_IDENTIFIER,CONSTRUCTION OF EIGHT LANE VADODARA KIM EXPRESSWAY FROM KM 254.430 TO KM 279.000 (KIM TO ANKLESHWAR,NHAI,,ROAD TRANSPORT AND HIGHWAYS,Gujarat,03/2018,,10/2021,05/2025,1161.39,1738.03,684.22,83.0,QPISR_QR_1st_2025-26.pdf,112,Table 7: Project List: Ongoing Projects,SUCCESS
2025-06,469,,N24000925,ALTERNATE_IDENTIFIER,CONSTRUCTION OF MISSING LINKS (SINGLE LANE) IN LAKHPAT GADULI HAJIPIR ODMA KHAVDA DHOLAVIRA MAUVANA,MoRTH,,ROAD TRANSPORT AND HIGHWAYS,Gujarat,10/2018,,11/2020,09/2024,400.76,394.44,287.04,87.0,QPISR_QR_1st_2025-26.pdf,112,Table 7: Project List: Ongoing Projects,SUCCESS
2025-06,470,,N28000122,ALTERNATE_IDENTIFIER,AHMEDABAD METRO RAIL PROJECT PHASE 1,AMR,,URBAN DEVELOPMENT,Gujarat,11/2014,,12/2018,,10773.0,,12486.28,99.9,QPISR_QR_1st_2025-26.pdf,112,Table 7: Project List: Ongoing Projects,SUCCESS
2025-06,471,,N28000137,ALTERNATE_IDENTIFIER,AHMEDABAD METRO RAIL PROJECT PHASE II,AMR,,URBAN DEVELOPMENT,Gujarat,03/2019,,03/2024,,5384.17,,4135.88,87.68,QPISR_QR_1st_2025-26.pdf,112,Table 7: Project List: Ongoing Projects,SUCCESS
2025-06,472,,N28000138,ALTERNATE_IDENTIFIER,SURAT METRO RAIL PROJECT,AMR,,URBAN DEVELOPMENT,Gujarat,03/2019,,03/2024,,12020.32,,7043.17,67.49,QPISR_QR_1st_2025-26.pdf,112,Table 7: Project List: Ongoing Projects,SUCCESS
2025-06,473,,N21000032,ALTERNATE_IDENTIFIER,"ALL INDIA INSTITUTE OF MEDICAL SCIENCES AT MANETHI, HARYANA.",HITES,,HEALTH AND FAMILY WELFARE,Haryana,03/2019,,03/2023,03/2026,1294.34,1294.34,307.21,26.14,QPISR_QR_1st_2025-26.pdf,112,Table 7: Project List: Ongoing Projects,SUCCESS
2025-06,474,,N28000147,ALTERNATE_IDENTIFIER,"C/o separate family accommodation (Phase-I) on EPC basis for SSB at Faridabad (Haryana)""",CPWD FOR MHA,,HOME AFFAIRS,Haryana,01/2020,,10/2023,03/2025,166.98,170.23,150.98,97.5,QPISR_QR_1st_2025-26.pdf,113,Table 7: Project List: Ongoing Projects,SUCCESS
2025-06,475,,N16000375,ALTERNATE_IDENTIFIER,R and D CAMPUS II AT FARIDABAD,IOCL,,PETROLEUM,Haryana,06/2019,,12/2022,07/2025,2281.94,3219.94,1744.23,63.1,QPISR_QR_1st_2025-26.pdf,113,Table 7: Project List: Ongoing Projects,SUCCESS
2025-06,476,,N16000412,ALTERNATE_IDENTIFIER,CAPACITY EXPANSION OF PANIPAT REFINERY FROM 15 TO 25 MMTPA,IOCL,,PETROLEUM,Haryana,02/2021,,09/2024,12/2025,34627.0,38231.0,21454.9,87.6,QPISR_QR_1st_2025-26.pdf,113,Table 7: Project List: Ongoing Projects,SUCCESS
2025-06,477,,N16000458,ALTERNATE_IDENTIFIER,POLY BUTADIENE RUBBER PLANT AT PANIPAT,IOCL,,PETROLEUM,Haryana,03/2022,,03/2025,06/2026,1459.0,2948.62,930.86,68.3,QPISR_QR_1st_2025-26.pdf,113,Table 7: Project List: Ongoing Projects,SUCCESS
2025-06,478,,N18000420,ALTERNATE_IDENTIFIER,IMPLEMENTATION OF LILO OF BOTH CIRCUITS OF 400KV VIDHYACHAL PS TO SASAN D/C LINE AT HINDALCO SWITCHY,PGCIL,,POWER,Haryana,02/2025,,12/2026,,370.0,,,0.0,QPISR_QR_1st_2025-26.pdf,113,Table 7: Project List: Ongoing Projects,SUCCESS
2025-06,479,,N22000604,ALTERNATE_IDENTIFIER,DOUBLING BETWEEN BHIWANI-DOBH BAHALI,NWR,,RAILWAYS,Haryana,02/2023,,02/2028,03/2026,471.06,,121.18,55.0,QPISR_QR_1st_2025-26.pdf,113,Table 7: Project List: Ongoing Projects,SUCCESS
2025-06,480,,N22000606,ALTERNATE_IDENTIFIER,DOUBLING BETWEEN REWARI-KATHUWAS (27.73 KM),NWR,,RAILWAYS,Haryana,02/2023,,06/2027,05/2026,352.41,,179.38,53.0,QPISR_QR_1st_2025-26.pdf,113,Table 7: Project List: Ongoing Projects,SUCCESS
2025-06,481,,N24001532,ALTERNATE_IDENTIFIER,"CONSTRUCTION OF 4-LANE NH-344P- PACKAGE-4 (FROM KM 0+000 TO KM 29+600, 29.6KM), STARTING FROM BAWANA",NHAI,,ROAD TRANSPORT AND HIGHWAYS,Haryana,11/2021,,11/2023,01/2024,694.0,1918.0,1466.82,100.0,QPISR_QR_1st_2025-26.pdf,113,Table 7: Project List: Ongoing Projects,SUCCESS
2025-06,482,,N24001533,ALTERNATE_IDENTIFIER,CONSTRUCTION OF 4-LANE GREEN FIELD DELHI-AMRITSAR-KATRA EXPRESSWAY (NE- 05) FROM JUSSUR KHERI ON KMP,NHAI,,ROAD TRANSPORT AND HIGHWAYS,Haryana,11/2020,,12/2023,,1690.23,,1462.45,99.91,QPISR_QR_1st_2025-26.pdf,113,Table 7: Project List: Ongoing Projects,SUCCESS
2025-06,483,,N24001534,ALTERNATE_IDENTIFIER,CONSTRUCTION OF FOUR-LANE GREENFIELD DELHI-AMRITSAR-KATRA EXPRESSWAY FROM JUNCTION WITH ROHTAK-PANIP,NHAI,,ROAD TRANSPORT AND HIGHWAYS,Haryana,12/2020,,01/2024,04/2024,1334.04,,1048.12,99.89,QPISR_QR_1st_2025-26.pdf,114,Table 7: Project List: Ongoing Projects,SUCCESS
2025-06,484,,N24001535,ALTERNATE_IDENTIFIER,4-LANING OF GOHANA-SONIPAT (PKG-2) SECTION FROM KM 40.601 TO KM 78.837 (LENGTH = 38.236KM) OF NH-352,NHAI,,ROAD TRANSPORT AND HIGHWAYS,Haryana,07/2020,,07/2022,05/2024,899.0,1882.46,1123.98,97.86,QPISR_QR_1st_2025-26.pdf,114,Table 7: Project List: Ongoing Projects,SUCCESS
2025-06,485,,N24001536,ALTERNATE_IDENTIFIER,FOUR LANING OF JIND GOHANA GREENFIELD ALIGNMENT PACKAGE 1 IN THE STATE OF HARYANA UNDER HYBRID ANNUI,NHAI,,ROAD TRANSPORT AND HIGHWAYS,Haryana,07/2020,,07/2022,,817.0,1605.0,986.08,99.93,QPISR_QR_1st_2025-26.pdf,114,Table 7: Project List: Ongoing Projects,SUCCESS
2025-06,486,,N24001633,ALTERNATE_IDENTIFIER,CONSTRUCTION OF FOUR LANE GREENFIELD PROJECT OF DELHI-AMRITSAR-KATRA EXPRESSWAY (PHASE-I PKG-III) F,NHAI,,ROAD TRANSPORT AND HIGHWAYS,Haryana,12/2020,,12/2023,03/2024,1430.88,1813.91,1190.27,99.9,QPISR_QR_1st_2025-26.pdf,114,Table 7: Project List: Ongoing Projects,SUCCESS
2025-06,487,,N24001634,ALTERNATE_IDENTIFIER,CONSTRUCTION OF FOUR LANE GREENFIELD PROJECT OF DELHI-AMRITSAR-KATRA EXPRESSWAY (PHASE-I PKG-IV) FRO,NHAI,,ROAD TRANSPORT AND HIGHWAYS,Haryana,01/2021,,12/2023,03/2024,1306.95,1564.14,949.76,99.97,QPISR_QR_1st_2025-26.pdf,114,Table 7: Project List: Ongoing Projects,SUCCESS
2025-06,488,,N24001635,ALTERNATE_IDENTIFIER,4 LANING OF JAGADHRI TAJEWALA ROAD SECTION OF NH 907 (OLD NH 73A) UNDER NH(O) (PKG 1) IN THE STATE O,NHAI,,ROAD TRANSPORT AND HIGHWAYS,Haryana,03/2022,,02/2025,,1269.5,,176.0,53.0,QPISR_QR_1st_2025-26.pdf,114,Table 7: Project List: Ongoing Projects,SUCCESS
2025-06,489,,N24001673,ALTERNATE_IDENTIFIER,4- LANING OF ROHTAK-JIND SECTION FROM KM. 307+000 TO KM. 347+800 OF NH-71 AND CONNECTING LINK FROM K,NHAI,,ROAD TRANSPORT AND HIGHWAYS,Haryana,03/2020,,03/2023,11/2024,510.97,,529.0,97.3,QPISR_QR_1st_2025-26.pdf,114,Table 7: Project List: Ongoing Projects,SUCCESS
2025-06,490,,N24001774,ALTERNATE_IDENTIFIER,CONSTRUCTION OF GURGAON - PATAUDI - REWARI SECTION OF NH-352W (DESIGN LENGTH 46.11 KM) AS FEEDER ROU,NHAI,,ROAD TRANSPORT AND HIGHWAYS,Haryana,12/2020,,11/2023,,1524.03,,1105.1,67.61,QPISR_QR_1st_2025-26.pdf,114,Table 7: Project List: Ongoing Projects,SUCCESS
2025-06,491,,N24001775,ALTERNATE_IDENTIFIER,CONSTRUCTION OF PROPOSED REWARI BYPASS (DESIGN LENGTH 14.4 KM) NH-11 AS A FEEDER ROUTE IN THE STATE,NHAI,,ROAD TRANSPORT AND HIGHWAYS,Haryana,02/2020,,01/2023,12/2024,808.31,,930.44,100.0,QPISR_QR_1st_2025-26.pdf,115,Table 7: Project List: Ongoing Projects,SUCCESS
2025-06,492,,N24001783,ALTERNATE_IDENTIFIER,CONSTRUCTION OF 8LANE EXPRESSWAY NE4 STARTING BEFORE KMP EXPRESSWAY AND ENDS AT CH. 47+000 NEAR KHAN,NHAI,,ROAD TRANSPORT AND HIGHWAYS,Haryana,11/2018,,09/2021,,2252.75,,1223.07,99.95,QPISR_QR_1st_2025-26.pdf,115,Table 7: Project List: Ongoing Projects,SUCCESS
2025-06,493,,N24002037,ALTERNATE_IDENTIFIER,UPGRADATION OF EXISTING 4 LANE ISMAILABAD-AMBALA SECTION (KM. 0+000 TO KM 42+500) (PART OF AMBALA-KO,NHAI,,ROAD TRANSPORT AND HIGHWAYS,Haryana,01/2023,,12/2025,,609.32,609.0,204.06,52.5,QPISR_QR_1st_2025-26.pdf,115,Table 7: Project List: Ongoing Projects,SUCCESS
2025-06,494,,N24002038,ALTERNATE_IDENTIFIER,CONSTRUCTION OF 6-LANE GREENFIELD KARNAL RING ROAD STARTING FROM NH-44 NEAR VILLAGE SHAMGARH (DESIGN,NHAI,,ROAD TRANSPORT AND HIGHWAYS,Haryana,11/2022,,08/2025,,1691.45,1998.0,649.71,58.76,QPISR_QR_1st_2025-26.pdf,115,Table 7: Project List: Ongoing Projects,SUCCESS
2025-06,495,,N24002039,ALTERNATE_IDENTIFIER,CONSTRUCTION OF 6-LANE GREENFIELD AMBALA RING ROAD STARTING FROM JUNCTION WITH SHAMLI-AMBALA SECTION,NHAI,,ROAD TRANSPORT AND HIGHWAYS,Haryana,02/2023,,10/2025,,1088.64,1178.0,425.85,53.55,QPISR_QR_1st_2025-26.pdf,115,Table 7: Project List: Ongoing Projects,SUCCESS
2025-06,496,,N24002040,ALTERNATE_IDENTIFIER,DEVELOPMENT OF SIX-LANE ACCESS CONTROLLED HIGHWAY FROM RANIPUR BARSI (SAHARANPUR DISTRICT) TO ADHOYA,NHAI,,ROAD TRANSPORT AND HIGHWAYS,Haryana,04/2022,,05/2025,,1554.21,,522.92,54.0,QPISR_QR_1st_2025-26.pdf,115,Table 7: Project List: Ongoing Projects,SUCCESS
2025-06,497,,N24002041,ALTERNATE_IDENTIFIER,DEVELOPMENT OF SIX-LANE ACCESS CONTROLLED HIGHWAY FROM ADHOYA MUSALMANA (AMBALA DISTRICT) TO SADOPUR,NHAI,,ROAD TRANSPORT AND HIGHWAYS,Haryana,04/2022,,05/2025,,1491.71,,706.26,49.7,QPISR_QR_1st_2025-26.pdf,115,Table 7: Project List: Ongoing Projects,SUCCESS
2025-06,498,,N24002042,ALTERNATE_IDENTIFIER,CONSTRUCTION OF 4-LANING OF BHIWANI HANSI ROAD SECTION OF NH 148B (DESIGN LENGTH 42.934 KM) UNDER BH,NHAI,,ROAD TRANSPORT AND HIGHWAYS,Haryana,11/2022,,12/2025,,1322.13,,393.46,93.01,QPISR_QR_1st_2025-26.pdf,115,Table 7: Project List: Ongoing Projects,SUCCESS
2025-06,499,,N24002043,ALTERNATE_IDENTIFIER,CONSTRUCTION OF 4-LANE GREENFIELD JALBEHRA - SHAHBAD SECTION OF NH ? 152G FROM KM 0+000 TO KM 22+850,NHAI,,ROAD TRANSPORT AND HIGHWAYS,Haryana,03/2022,,06/2025,,927.22,1173.66,504.21,83.5,QPISR_QR_1st_2025-26.pdf,116,Table 7: Project List: Ongoing Projects,SUCCESS
2025-06,500,,N24002044,ALTERNATE_IDENTIFIER,4L AMBALA - KALAAMB FROM KM. -0.800 TO KM. 33.015 OF OLD NH-72,NHAI,,ROAD TRANSPORT AND HIGHWAYS,Haryana,06/2023,,06/2025,,629.16,,154.0,98.9,QPISR_QR_1st_2025-26.pdf,116,Table 7: Project List: Ongoing Projects,SUCCESS
2025-06,501,,N24002048,ALTERNATE_IDENTIFIER,CONSTRUCTION OF GREENFIELD CONNECTIVITY TO JEWAR INTERNATIONAL AIRPORT FROM DND FARIDABAD BALLABHGAR,NHAI,,ROAD TRANSPORT AND HIGHWAYS,Haryana,07/2022,,06/2025,,2414.67,2898.0,1232.13,49.1,QPISR_QR_1st_2025-26.pdf,116,Table 7: Project List: Ongoing Projects,SUCCESS
2025-06,502,,N42000008,ALTERNATE_IDENTIFIER,ESTABLISHMENT OF PERMANENT CAMPUS PHASE 1 OF IIM SIRMAUR,CPWD EDUCATION,,DEPARTMENT OF HIGHER EDUCATION,Himachal Pradesh,09/2018,,06/2022,12/2024,392.51,,316.16,91.5,QPISR_QR_1st_2025-26.pdf,116,Table 7: Project List: Ongoing Projects,SUCCESS
2025-06,503,,N42000011,ALTERNATE_IDENTIFIER,CONSTRUCTION OF PERMANENT CAMPUSES OF CENTRAL UNIVERSITY OF HIMACHAL PRADESH AT DEHRA AND DHARAMSHAL,CPWD,,DEPARTMENT OF HIGHER EDUCATION,Himachal Pradesh,03/2021,,11/2024,07/2025,512.37,300.45,169.63,74.0,QPISR_QR_1st_2025-26.pdf,116,Table 7: Project List: Ongoing Projects,SUCCESS
2025-06,504,180100210,,PRIMARY_IDENTIFIER,PARBATI HEP (4X200 MW) (NHPC) II,NHPC,,POWER,Himachal Pradesh,09/2002,,09/2009,04/2025,3919.59,,12832.59,100.0,QPISR_QR_1st_2025-26.pdf,116,Table 7: Project List: Ongoing Projects,SUCCESS
2025-06,505,,N18000279,ALTERNATE_IDENTIFIER,LUHRI HYDROELECTRIC PROJECT (STAGE1),SJVN,,POWER,Himachal Pradesh,11/2020,,01/2026,,1810.56,,1732.67,51.32,QPISR_QR_1st_2025-26.pdf,116,Table 7: Project List: Ongoing Projects,SUCCESS
2025-06,506,,N18000291,ALTERNATE_IDENTIFIER,DHAULASIDH HYDROELECTRIC PROJECT (66 MW),SJVN,,POWER,Himachal Pradesh,10/2020,,11/2025,,687.97,,891.77,67.61,QPISR_QR_1st_2025-26.pdf,116,Table 7: Project List: Ongoing Projects,SUCCESS
2025-06,507,,N18000344,ALTERNATE_IDENTIFIER,SUNNI DAM HYDRO ELECTRIC PROJECT,SJVN,,POWER,Himachal Pradesh,01/2023,,04/2028,,2614.51,,948.35,29.41,QPISR_QR_1st_2025-26.pdf,116,Table 7: Project List: Ongoing Projects,SUCCESS
2025-06,508,,N22000273,ALTERNATE_IDENTIFIER,BHANUPALI-BILASPUR BERI NL,RVNL,,RAILWAYS,Himachal Pradesh,04/2008,,12/2026,,13370.29,,5369.57,0.0,QPISR_QR_1st_2025-26.pdf,117,Table 7: Project List: Ongoing Projects,SUCCESS
2025-06,509,,N24001381,ALTERNATE_IDENTIFIER,REHABILITATION AND UPGRADATION TO 2- LANE/2-LANE WITH PAVED SHOULDERS/4- LANE CONFIGURATION OF PAONTA,MoRTH,,ROAD TRANSPORT AND HIGHWAYS,Himachal Pradesh,08/2020,,04/2021,,272.98,,140.69,100.0,QPISR_QR_1st_2025-26.pdf,117,Table 7: Project List: Ongoing Projects,SUCCESS
2025-06,510,,N24001382,ALTERNATE_IDENTIFIER,REHABILITATION AND UPGRADATION TO 2- LANE CONFIGURATION OF HEWNA-ASHYARI SECTION (KM 25.000 TO KM 50.,MoRTH,,ROAD TRANSPORT AND HIGHWAYS,Himachal Pradesh,08/2020,,03/2021,,242.8,,100.95,94.76,QPISR_QR_1st_2025-26.pdf,117,Table 7: Project List: Ongoing Projects,SUCCESS
2025-06,511,,N24001383,ALTERNATE_IDENTIFIER,REHABILITATION AND UPGRADATION TO INTERMEDIATE LANE CONFIGURATION OF SHRI KYARI-GUMMA SECTION (KM 75,MoRTH,,ROAD TRANSPORT AND HIGHWAYS,Himachal Pradesh,08/2020,,04/2021,,349.2,,239.34,100.0,QPISR_QR_1st_2025-26.pdf,117,Table 7: Project List: Ongoing Projects,SUCCESS
2025-06,512,,N24001422,ALTERNATE_IDENTIFIER,REHABILITATION AND UPGRADATION TO 2- LANE CONFIGURATION OF ASHYARI-SHRI KYARI SECTION (KM 50.000 TO K,MoRTH,,ROAD TRANSPORT AND HIGHWAYS,Himachal Pradesh,02/2021,,09/2021,,345.89,,178.19,95.08,QPISR_QR_1st_2025-26.pdf,117,Table 7: Project List: Ongoing Projects,SUCCESS
2025-06,513,,N24001447,ALTERNATE_IDENTIFIER,REHABILITATION AND UPGRADATION TO 2- LANE CONFIGURATION OF HAMIRPUR- KARNOHAL SECTION (KM 141.000 TO K,MoRTH,,ROAD TRANSPORT AND HIGHWAYS,Himachal Pradesh,08/2020,,12/2024,,371.93,,154.04,81.0,QPISR_QR_1st_2025-26.pdf,117,Table 7: Project List: Ongoing Projects,SUCCESS
2025-06,514,,N24001470,ALTERNATE_IDENTIFIER,REHABILITATION AND UPGRADATION TO 2- LANE CONFIGURATION OF KALWAHAN-MANDI SECTION (KM 208.950 TO KM 2,MoRTH,,ROAD TRANSPORT AND HIGHWAYS,Himachal Pradesh,08/2020,,04/2025,,314.32,,49.26,51.0,QPISR_QR_1st_2025-26.pdf,117,Table 7: Project List: Ongoing Projects,SUCCESS
2025-06,515,,N24001808,ALTERNATE_IDENTIFIER,REHABILITATION AND UPGRADING FROM 2 L TO 4 L FROM BHANGBAR(NEAR RANITAL) TO KANGRA BYPASS SECTION OF,NHAI,,ROAD TRANSPORT AND HIGHWAYS,Himachal Pradesh,03/2021,,12/2024,12/2024,1322.95,1442.47,888.73,96.61,QPISR_QR_1st_2025-26.pdf,117,Table 7: Project List: Ongoing Projects,SUCCESS
2025-06,516,,N24001809,ALTERNATE_IDENTIFIER,CONVERSION OF PARTIALLY EXCAVATED ESCAPE TUNNEL TO UNIDIRECTIONAL TWO LANE TUNNEL (INCLUDING CONSTRU,NHAI,,ROAD TRANSPORT AND HIGHWAYS,Himachal Pradesh,05/2022,,03/2024,12/2024,469.95,,302.91,98.57,QPISR_QR_1st_2025-26.pdf,117,Table 7: Project List: Ongoing Projects,SUCCESS
2025-06,517,,N24001810,ALTERNATE_IDENTIFIER,4L SUNDER NAGAR BYPASS FROM KM173.900 TO KM 179.600 OF NH-21 IN THE STATE OF HP,NHAI,,ROAD TRANSPORT AND HIGHWAYS,Himachal Pradesh,02/2022,,06/2024,,190.6,,103.48,100.0,QPISR_QR_1st_2025-26.pdf,118,Table 7: Project List: Ongoing Projects,SUCCESS
2025-06,518,,N24001811,ALTERNATE_IDENTIFIER,4L OF MO - SIHUNI FROM KM. 42.00 TO KM. 51.00 OF OLD NH-20 (NEW NH-154) (PACKAGE- IB),NHAI,,ROAD TRANSPORT AND HIGHWAYS,Himachal Pradesh,04/2021,,06/2024,,583.93,770.0,173.6,100.0,QPISR_QR_1st_2025-26.pdf,118,Table 7: Project List: Ongoing Projects,SUCCESS
2025-06,519,,N24001812,ALTERNATE_IDENTIFIER,4L OF HP/PUNJAB BO4L OF HP/PUNJAB BORDER - MO FROM KM. 11.00 TO KM. 42.00 OF OLD NH-20 (NEW NH-154),NHAI,,ROAD TRANSPORT AND HIGHWAYS,Himachal Pradesh,03/2021,,05/2024,,1002.11,1361.79,190.3,46.68,QPISR_QR_1st_2025-26.pdf,118,Table 7: Project List: Ongoing Projects,SUCCESS
2025-06,520,,N24001813,ALTERNATE_IDENTIFIER,4L OF END OF PINJORE BYPASS - BADDI - NALAGARH SECTION (KM. 4.200 TO KM. 35.370) OF NH21A,NHAI,,ROAD TRANSPORT AND HIGHWAYS,Himachal Pradesh,07/2021,,09/2024,,1692.05,,942.14,21.6,QPISR_QR_1st_2025-26.pdf,118,Table 7: Project List: Ongoing Projects,SUCCESS
2025-06,521,,N24001915,ALTERNATE_IDENTIFIER,IMPROVEMENT/CONSTRUCTION OF EXISTING CLASS-5 ROAD TO NH INTERMEDIATE LANE SPECIFICATION WITH HARD SH,BRO,,ROAD TRANSPORT AND HIGHWAYS,Himachal Pradesh,03/2021,,06/2026,,230.54,,20.16,28.0,QPISR_QR_1st_2025-26.pdf,118,Table 7: Project List: Ongoing Projects,SUCCESS
2025-06,522,,N24001916,ALTERNATE_IDENTIFIER,IMPROVEMENT/CONSTRUCTION OF EXISTING CLASS 5 ROAD TO NH INTERMEDIATE LANE SPECIFICATION WITH HARD SH,BRO,,ROAD TRANSPORT AND HIGHWAYS,Himachal Pradesh,03/2021,,05/2026,,314.67,,76.05,47.0,QPISR_QR_1st_2025-26.pdf,118,Table 7: Project List: Ongoing Projects,SUCCESS
2025-06,523,,N24002049,ALTERNATE_IDENTIFIER,PKG NAME: 4L OF KATHLIGHAT TO SHAKRAL VILLAGE FROM KM 128.835 TO KM 146.300 OF NH- 5 (SHIMLA BYPASS,NHAI,,ROAD TRANSPORT AND HIGHWAYS,Himachal Pradesh,03/2022,,04/2026,,1703.48,2278.0,651.98,14.5,QPISR_QR_1st_2025-26.pdf,118,Table 7: Project List: Ongoing Projects,SUCCESS
2025-06,524,,N24002050,ALTERNATE_IDENTIFIER,REHABILITATION AND UPGRADATION TO 4L CONFIGURATION and STRENGTHENING OF SIHUNI TO RAJOL FROM KM 51.0,NHAI,,ROAD TRANSPORT AND HIGHWAYS,Himachal Pradesh,02/2022,,09/2025,,696.65,698.46,391.62,67.73,QPISR_QR_1st_2025-26.pdf,118,Table 7: Project List: Ongoing Projects,SUCCESS
2025-06,525,,N24002051,ALTERNATE_IDENTIFIER,CONSTRUCTION OF NEW 2 LANE WITH PAVED SHOULDER OF HAMIRPUR BYPASS (PACKAGE IVA) OF NH-88 (NEW NH-103,NHAI,,ROAD TRANSPORT AND HIGHWAYS,Himachal Pradesh,07/2022,,10/2025,,739.39,,347.45,81.53,QPISR_QR_1st_2025-26.pdf,119,Table 7: Project List: Ongoing Projects,SUCCESS
2025-06,526,,N24002052,ALTERNATE_IDENTIFIER,REHABILITATION AND UP-GRADATION OF EXISTING ROAD TO 2L PS FROM END OF HAMIRPUR BYPASS (NEAR CHILBAHA,NHAI,,ROAD TRANSPORT AND HIGHWAYS,Himachal Pradesh,02/2022,,04/2025,,1146.19,,940.81,71.23,QPISR_QR_1st_2025-26.pdf,119,Table 7: Project List: Ongoing Projects,SUCCESS
2025-06,527,,N24002192,ALTERNATE_IDENTIFIER,REHABILITATION AND UP-GRADATION TO 4L CONFIGURATION AND STRENGTHENING OF THANPURI TO PAROR SECTION F,NHAI,,ROAD TRANSPORT AND HIGHWAYS,Himachal Pradesh,06/2022,,12/2025,,815.69,815.69,400.63,33.56,QPISR_QR_1st_2025-26.pdf,119,Table 7: Project List: Ongoing Projects,SUCCESS
2025-06,528,,N24000232,ALTERNATE_IDENTIFIER,FOUR LANING OF KIRATPUR NEAR CHOUK SECTION (73.20 KM TO186.50 KM),NHAI,,ROAD TRANSPORT AND HIGHWAYS,Himachal Pradesh,11/2013,,11/2016,,1916.79,,1660.92,0.0,QPISR_QR_1st_2025-26.pdf,119,Table 7: Project List: Ongoing Projects,SUCCESS
2025-06,529,,N24000606,ALTERNATE_IDENTIFIER,TWO LANNING WITH FORMATION OF FOUR LANE OF PROPOSED SHIMLA BYPASS,NHAI,,ROAD TRANSPORT AND HIGHWAYS,Himachal Pradesh,08/2016,,09/2020,,1583.18,,,0.0,QPISR_QR_1st_2025-26.pdf,119,Table 7: Project List: Ongoing Projects,SUCCESS
2025-06,530,,N24000613,ALTERNATE_IDENTIFIER,FOUR LANNING OF NERCHOWK-PANDOH BYPASS SECTION OF NH-21(PACKAGE-I KM 190.000 TO KM 221.305) UNDER NH,NHAI,,ROAD TRANSPORT AND HIGHWAYS,Himachal Pradesh,09/2016,,07/2020,,1273.71,,1450.53,97.43,QPISR_QR_1st_2025-26.pdf,119,Table 7: Project List: Ongoing Projects,SUCCESS
2025-06,531,,N24000852,ALTERNATE_IDENTIFIER,"FOUR LANING OF SOLAN-KAITHLIGHAT SECTION OF NH-22 (NOW NH-5) FROM KM 106.139 TO KM 129.050, ON EPC M",NHAI,,ROAD TRANSPORT AND HIGHWAYS,Himachal Pradesh,03/2018,,05/2021,12/2024,478.74,,1349.59,83.0,QPISR_QR_1st_2025-26.pdf,119,Table 7: Project List: Ongoing Projects,SUCCESS
2025-06,532,,N28000154,ALTERNATE_IDENTIFIER,CONSTRUCTION OF PERMANENT CAMPUS OF CENTRAL UNIVERSITY OF HIMACHAL PRADESH AT DEHRA AND JADRANGAL (D,CPWD,,URBAN DEVELOPMENT,Himachal Pradesh,04/2022,,11/2024,,512.34,,,0.0,QPISR_QR_1st_2025-26.pdf,119,Table 7: Project List: Ongoing Projects,SUCCESS
2025-06,533,,N04000107,ALTERNATE_IDENTIFIER,JAMMU - CONSTRUCTION OF NEW CIVIL ENCLAVE,AAI,,CIVIL AVIATION,Jammu and Kashmir,07/2022,,06/2026,,861.37,,154.3,30.25,QPISR_QR_1st_2025-26.pdf,120,Table 7: Project List: Ongoing Projects,SUCCESS
2025-06,534,,N28000130,ALTERNATE_IDENTIFIER,CONSTRUCTION OF PERMANENT CAMPUS OF IIM JAMMU (PHASE 1),CPWD EDUCATION,,DEPARTMENT OF HIGHER EDUCATION,Jammu and Kashmir,03/2019,,07/2022,01/2025,424.93,,448.15,96.0,QPISR_QR_1st_2025-26.pdf,120,Table 7: Project List: Ongoing Projects,SUCCESS
2025-06,535,,N28000131,ALTERNATE_IDENTIFIER,CONSTRUCTION OF PERMANENT CAMPUS IIT JAMMU (PHASE 1C),CPWD EDUCATION,,DEPARTMENT OF HIGHER EDUCATION,Jammu and Kashmir,01/2018,,04/2023,04/2025,676.0,1144.68,54.75,100.0,QPISR_QR_1st_2025-26.pdf,120,Table 7: Project List: Ongoing Projects,SUCCESS
2025-06,536,,N28000150,ALTERNATE_IDENTIFIER,C/O AIIMS AT AWANTIPORA (KASHMIR) JAMMU AND KASHMIR,CPWD FOR HEALTH,,HEALTH AND FAMILY WELFARE,Jammu and Kashmir,03/2019,,09/2025,,1828.0,,1302.38,64.5,QPISR_QR_1st_2025-26.pdf,120,Table 7: Project List: Ongoing Projects,SUCCESS
2025-06,537,,N21000029,ALTERNATE_IDENTIFIER,"CONSTRUCTION OF AIIMS AT JAMMU VIJAYPUR, SAMBA JAMMU AND KASHMIR",CPWD FOR HEALTH,,HEALTH AND FAMILY WELFARE,Jammu and Kashmir,03/2019,,09/2023,05/2025,1404.0,1642.0,1461.68,100.0,QPISR_QR_1st_2025-26.pdf,120,Table 7: Project List: Ongoing Projects,SUCCESS
2025-06,538,,N16000500,ALTERNATE_IDENTIFIER,SETTING UP A COMMON USER PETROLEUM TERMINAL AT JAMMU FOR RE-SITEMENT OF EXISTING DEPOTS OF PSU OMCS,BPCL,,PETROLEUM,Jammu and Kashmir,04/2021,,03/2025,,676.89,,503.55,76.0,QPISR_QR_1st_2025-26.pdf,120,Table 7: Project List: Ongoing Projects,SUCCESS
2025-06,539,,N16000527,ALTERNATE_IDENTIFIER,CGD PROJECT AT JAMMU DISTRICTS,IOCL,,PETROLEUM,Jammu and Kashmir,03/2022,,03/2032,09/2034,538.0,,4.09,0.6,QPISR_QR_1st_2025-26.pdf,120,Table 7: Project List: Ongoing Projects,SUCCESS
2025-06,540,,N18000172,ALTERNATE_IDENTIFIER,PAKAL DUL HYDRO ELECTRIC PROJECT (1000 MW),CVPPPL,,PETROLEUM,Jammu and Kashmir,10/2014,,04/2020,07/2025,8112.12,,6692.58,70.0,QPISR_QR_1st_2025-26.pdf,120,Table 7: Project List: Ongoing Projects,SUCCESS
2025-06,541,,N18000278,ALTERNATE_IDENTIFIER,KIRU HYDRO ELECTRIC PROJECT,CVPPPL,,PETROLEUM,Jammu and Kashmir,03/2019,,08/2024,,4287.59,,2713.25,63.87,QPISR_QR_1st_2025-26.pdf,120,Table 7: Project List: Ongoing Projects,SUCCESS
2025-06,542,,N18000324,ALTERNATE_IDENTIFIER,RATLE HE PROJECT,NHPC,,PETROLEUM,Jammu and Kashmir,02/2021,,02/2026,,5281.94,,1011.56,23.57,QPISR_QR_1st_2025-26.pdf,121,Table 7: Project List: Ongoing Projects,SUCCESS
2025-06,543,,N18000363,ALTERNATE_IDENTIFIER,KWAR HE PROJECT,CVPPPL,,PETROLEUM,Jammu and Kashmir,05/2022,,11/2026,,4526.12,,1159.97,22.15,QPISR_QR_1st_2025-26.pdf,121,Table 7: Project List: Ongoing Projects,SUCCESS
2025-06,544,,N18000417,ALTERNATE_IDENTIFIER,TRANSMISSION SCHEME FOR EVACUATION OF POWER FROM RATLE HEP (850 MW) AND KIRU (624 MW): PART B,PGCIL,,PETROLEUM,Jammu and Kashmir,03/2025,,03/2027,,219.0,,,0.0,QPISR_QR_1st_2025-26.pdf,121,Table 7: Project List: Ongoing Projects,SUCCESS
2025-06,545,220100133,,PRIMARY_IDENTIFIER,"UDHAMPUR-SRINAGAR-BARAMULLA (NL),NR",NR,,RAILWAYS,Jammu and Kashmir,03/1995,,08/2024,12/2024,37012.0,37012.26,42328.83,100.0,QPISR_QR_1st_2025-26.pdf,121,Table 7: Project List: Ongoing Projects,SUCCESS
2025-06,546,,N24001323,ALTERNATE_IDENTIFIER,KHELLANI-KHANABAL PKG-1,NHIDCL,,ROAD TRANSPORT AND HIGHWAYS,Jammu and Kashmir,03/2021,,09/2022,10/2024,486.45,,126.73,96.84,QPISR_QR_1st_2025-26.pdf,121,Table 7: Project List: Ongoing Projects,SUCCESS
2025-06,547,,N24001341,ALTERNATE_IDENTIFIER,KHELLANI-KHANABAL PKG-3,NHIDCL,,ROAD TRANSPORT AND HIGHWAYS,Jammu and Kashmir,03/2021,,12/2022,10/2024,398.51,,80.64,98.36,QPISR_QR_1st_2025-26.pdf,121,Table 7: Project List: Ongoing Projects,SUCCESS
2025-06,548,,N24001394,ALTERNATE_IDENTIFIER,KHELLANI-KHANABAL PKG-2,NHIDCL,,ROAD TRANSPORT AND HIGHWAYS,Jammu and Kashmir,07/2021,,02/2023,06/2025,512.43,,71.65,51.75,QPISR_QR_1st_2025-26.pdf,121,Table 7: Project List: Ongoing Projects,SUCCESS
2025-06,549,,N24001395,ALTERNATE_IDENTIFIER,KHELLANI-KHANABAL PKG-4,NHIDCL,,ROAD TRANSPORT AND HIGHWAYS,Jammu and Kashmir,07/2021,,08/2023,12/2025,859.67,,196.0,44.02,QPISR_QR_1st_2025-26.pdf,121,Table 7: Project List: Ongoing Projects,SUCCESS
2025-06,550,,N24001396,ALTERNATE_IDENTIFIER,KHELLANI-KHANABAL PKG-5,NHIDCL,,ROAD TRANSPORT AND HIGHWAYS,Jammu and Kashmir,07/2021,,02/2023,03/2025,497.09,,178.73,90.01,QPISR_QR_1st_2025-26.pdf,121,Table 7: Project List: Ongoing Projects,SUCCESS
2025-06,551,,N24001397,ALTERNATE_IDENTIFIER,GOHA-KHELLANI PKG-3,NHIDCL,,ROAD TRANSPORT AND HIGHWAYS,Jammu and Kashmir,02/2021,,03/2023,02/2025,431.28,433.08,372.31,100.0,QPISR_QR_1st_2025-26.pdf,121,Table 7: Project List: Ongoing Projects,SUCCESS
2025-06,552,,N24001472,ALTERNATE_IDENTIFIER,BALANCE WORKS OF FOUR LANING FROM RAMBAN KM 151.00 TO BANIHAL KM 187.00 OF NH-1A (NOW NH-44) WITH VA,NHAI,,ROAD TRANSPORT AND HIGHWAYS,Jammu and Kashmir,09/2021,,12/2023,06/2024,811.19,,848.72,99.0,QPISR_QR_1st_2025-26.pdf,122,Table 7: Project List: Ongoing Projects,SUCCESS
2025-06,553,,N24001511,ALTERNATE_IDENTIFIER,CONSTRUCTION OF FOUR LANE RINGROAD BYPASS SRINAGAR CITY,NHAI,,ROAD TRANSPORT AND HIGHWAYS,Jammu and Kashmir,03/2021,,02/2024,10/2025,2919.96,,2334.99,70.0,QPISR_QR_1st_2025-26.pdf,122,Table 7: Project List: Ongoing Projects,SUCCESS
2025-06,554,,N24001543,ALTERNATE_IDENTIFIER,FOUR LANING OF JAMMU-AKHNOOR PKG-1,NHIDCL,,ROAD TRANSPORT AND HIGHWAYS,Jammu and Kashmir,07/2022,,01/2025,,245.34,,57.2,40.95,QPISR_QR_1st_2025-26.pdf,122,Table 7: Project List: Ongoing Projects,SUCCESS
2025-06,555,,N24001550,ALTERNATE_IDENTIFIER,DELHI-AMRITSAR-KATRA EXPRESSWAY (PHASE-II PKG-XVI) EXISTING JAKH (VIJAYPUR)- KUNJWANI SECTION OF NH-4,NHAI,,ROAD TRANSPORT AND HIGHWAYS,Jammu and Kashmir,09/2021,,09/2024,12/2025,1821.72,1917.32,1005.37,83.71,QPISR_QR_1st_2025-26.pdf,122,Table 7: Project List: Ongoing Projects,SUCCESS
2025-06,556,,N24001551,ALTERNATE_IDENTIFIER,DELHI-AMRITSAR-KATRA EXPRESSWAY (PHASE-II PKG-XIV) FROM JUNCTION WITH PATHANKOT-GURDASPUR ROAD (NH-5,NHAI,,ROAD TRANSPORT AND HIGHWAYS,Jammu and Kashmir,10/2021,,09/2024,12/2025,3044.02,3044.02,1589.44,70.21,QPISR_QR_1st_2025-26.pdf,122,Table 7: Project List: Ongoing Projects,SUCCESS
2025-06,557,,N24001552,ALTERNATE_IDENTIFIER,DELHI-AMRITSAR-KATRA EXPRESSWAY (PHASE-II PKG-XV) [JUNCTION WITH HIRANAGAR ROAD NEAR VILLAGE GURHA B,NHAI,,ROAD TRANSPORT AND HIGHWAYS,Jammu and Kashmir,10/2021,,09/2024,02/2026,2714.95,2714.95,1663.19,85.78,QPISR_QR_1st_2025-26.pdf,122,Table 7: Project List: Ongoing Projects,SUCCESS
2025-06,558,,N24001619,ALTERNATE_IDENTIFIER,CORRIDOR EFFICIENCY IMPROVEMENT INCLUDING REMOVAL OF BLACK SPOTS IN LAKHANPUR - SAMBA SECTION OF NH-,NHAI,,ROAD TRANSPORT AND HIGHWAYS,Jammu and Kashmir,08/2022,,06/2024,06/2025,200.05,200.05,153.3,63.2,QPISR_QR_1st_2025-26.pdf,122,Table 7: Project List: Ongoing Projects,SUCCESS
2025-06,559,,N24001620,ALTERNATE_IDENTIFIER,CONSTRUCTION OF TUNNELS/VIADUCTS AT IDENTIFIED SLIDING/SLIP ZONES AT KM 130.550 TO KM.130.750; KM.,NHAI,,ROAD TRANSPORT AND HIGHWAYS,Jammu and Kashmir,09/2021,,10/2023,12/2025,442.14,,352.62,19.88,QPISR_QR_1st_2025-26.pdf,122,Table 7: Project List: Ongoing Projects,SUCCESS
2025-06,560,,N24001621,ALTERNATE_IDENTIFIER,"4L OF KM.165.092 TO KM.171.855 (NORTH BOUND) AND FROM KM.166.895 TO KM.173.638 (SOUTH BOUND), EXCL.",NHAI,,ROAD TRANSPORT AND HIGHWAYS,Jammu and Kashmir,07/2021,,08/2024,07/2025,614.48,,187.59,7.0,QPISR_QR_1st_2025-26.pdf,123,Table 7: Project List: Ongoing Projects,SUCCESS
2025-06,561,,N24001622,ALTERNATE_IDENTIFIER,4L TWIN TUBE TUNNEL INCLUDING APPROACHES FROM DIGDOL TO KHUNI NALLAH (NORTH BOUND CONNECTING WITH EX,NHAI,,ROAD TRANSPORT AND HIGHWAYS,Jammu and Kashmir,07/2021,,06/2024,07/2025,1401.87,,751.11,0.0,QPISR_QR_1st_2025-26.pdf,123,Table 7: Project List: Ongoing Projects,SUCCESS
2025-06,562,,N24001623,ALTERNATE_IDENTIFIER,BANIHAL BYPASS (DELINKED FROM SRINAGAR - BANIHAL) FROM KM. 187.00 TO KM. 189.350,NHAI,,ROAD TRANSPORT AND HIGHWAYS,Jammu and Kashmir,01/2020,,01/2024,02/2025,336.01,,223.02,34.0,QPISR_QR_1st_2025-26.pdf,123,Table 7: Project List: Ongoing Projects,SUCCESS
2025-06,563,,N24001624,ALTERNATE_IDENTIFIER,CONSTRUCTION OF EMERGENCY LANDING FACILITY FROM KM. 246.60 TO KM. 249.70 ON SRINAGAR - BANIHAL SECTI,NHAI,,ROAD TRANSPORT AND HIGHWAYS,Jammu and Kashmir,07/2019,,10/2020,04/2023,157.05,,139.54,100.0,QPISR_QR_1st_2025-26.pdf,123,Table 7: Project List: Ongoing Projects,SUCCESS
2025-06,564,,N24001627,ALTERNATE_IDENTIFIER,4L OF TWIN TUBE TUNNEL CONFIGURATION INCLUDING APPROACHES FROM MAROG TO DIGDOL (FROM KM.154.210 TO K,NHAI,,ROAD TRANSPORT AND HIGHWAYS,Jammu and Kashmir,07/2021,,02/2025,05/2026,1912.17,,148.88,0.0,QPISR_QR_1st_2025-26.pdf,123,Table 7: Project List: Ongoing Projects,SUCCESS
2025-06,565,,N24001833,ALTERNATE_IDENTIFIER,JAMMU - AKHNOOR SECTION OF NH 144A PKG- 3B,NHIDCL,,ROAD TRANSPORT AND HIGHWAYS,Jammu and Kashmir,07/2022,,03/2025,,198.28,,85.49,71.09,QPISR_QR_1st_2025-26.pdf,123,Table 7: Project List: Ongoing Projects,SUCCESS
2025-06,566,,N24001897,ALTERNATE_IDENTIFIER,REHABILITATION AND UPGRADATION TO 2 LANE WITH PAVED SHOULDER FROM EXISTING CHAINAGE KM 102 TO KM 13,BRO,,ROAD TRANSPORT AND HIGHWAYS,Jammu and Kashmir,03/2021,,07/2024,03/2025,642.24,,345.14,95.0,QPISR_QR_1st_2025-26.pdf,123,Table 7: Project List: Ongoing Projects,SUCCESS
2025-06,567,,N24001898,ALTERNATE_IDENTIFIER,REHABILITATION AND UPGRADATION TO 2 LANE WITH PAVED SHOULDER FROM EXISTING CHAINAGE KM 30.000 TO K,BRO,,ROAD TRANSPORT AND HIGHWAYS,Jammu and Kashmir,07/2020,,11/2024,,272.49,,133.66,87.24,QPISR_QR_1st_2025-26.pdf,123,Table 7: Project List: Ongoing Projects,SUCCESS
2025-06,568,,N24001899,ALTERNATE_IDENTIFIER,REHABILITATION AND UPGRADATION TO 2 LANE WITH PAVED SHOULDER FROM EXISTING CHAINAGE KM 134.95 TO KM,BRO,,ROAD TRANSPORT AND HIGHWAYS,Jammu and Kashmir,02/2021,,07/2024,,395.25,,140.42,64.0,QPISR_QR_1st_2025-26.pdf,123,Table 7: Project List: Ongoing Projects,SUCCESS
2025-06,569,,N24001900,ALTERNATE_IDENTIFIER,REHABILITATION AND UPGRADATION TO 2 LANE WITH PAVED SHOULDER FROM EXISTING CHAINAGE KM 49.150 TO KM,BRO,,ROAD TRANSPORT AND HIGHWAYS,Jammu and Kashmir,03/2020,,08/2024,,796.97,,323.85,79.0,QPISR_QR_1st_2025-26.pdf,124,Table 7: Project List: Ongoing Projects,SUCCESS
2025-06,570,,N24001901,ALTERNATE_IDENTIFIER,REHABILITATION AND UPGRADATION TO 2 LANE WITH PAVED SHOULDER FROM EXISTING CHAINAGE KM 64.535 TO K,BRO,,ROAD TRANSPORT AND HIGHWAYS,Jammu and Kashmir,03/2020,,09/2023,,152.93,,90.3,78.27,QPISR_QR_1st_2025-26.pdf,124,Table 7: Project List: Ongoing Projects,SUCCESS
2025-06,571,,N24001926,ALTERNATE_IDENTIFIER,CONSTRUCTION OF TWIN TUBE TUNNELS ON JAMMU KASHMIR RING ROAD (NH-244A) BETWEEN DESIGN CH. 50+600 TO,NHAI,,ROAD TRANSPORT AND HIGHWAYS,Jammu and Kashmir,03/2023,,06/2025,,939.86,,475.07,69.93,QPISR_QR_1st_2025-26.pdf,124,Table 7: Project List: Ongoing Projects,SUCCESS
2025-06,572,,N24001998,ALTERNATE_IDENTIFIER,"CONSTRUCTION OF 4 LANE WITH PAVED SHOULDER FROM (DESIGN CH. 14+200 TO 24+400), (DESIGN CH. 35+300 TO",BRO,,ROAD TRANSPORT AND HIGHWAYS,Jammu and Kashmir,06/2022,,08/2025,,832.46,,227.5,46.0,QPISR_QR_1st_2025-26.pdf,124,Table 7: Project List: Ongoing Projects,SUCCESS
2025-06,573,,N24002059,ALTERNATE_IDENTIFIER,2L NH-1 FROM KM 8.660 TO KM 33.775 (SUMBAL TO WAYUL) TO 4L DUAL CARRIAGEWAY NH STANDARD AS PART OF S,NHAI,,ROAD TRANSPORT AND HIGHWAYS,Jammu and Kashmir,09/2022,,06/2026,06/2026,1183.6,,197.13,16.63,QPISR_QR_1st_2025-26.pdf,124,Table 7: Project List: Ongoing Projects,SUCCESS
2025-06,574,,N24002060,ALTERNATE_IDENTIFIER,DELHI AMRITSAR KATRA EXPRESSWAY (PHASE-II PKG XVIII) DEVELOPMENT AND UPGRADATION OF FOUR LANE ACCESS,NHAI,,ROAD TRANSPORT AND HIGHWAYS,Jammu and Kashmir,03/2023,,11/2025,,1107.0,,338.91,38.81,QPISR_QR_1st_2025-26.pdf,124,Table 7: Project List: Ongoing Projects,SUCCESS
2025-06,575,,N24002061,ALTERNATE_IDENTIFIER,4/6L ACCESS CONTROL EXPRESSWAY FROM DESIGN CHAINAGE KM 515.000 TO 528.300 (KUNJWANI TO SIDHRA SECTIO,NHAI,,ROAD TRANSPORT AND HIGHWAYS,Jammu and Kashmir,08/2022,,06/2025,,2474.47,,923.64,40.17,QPISR_QR_1st_2025-26.pdf,124,Table 7: Project List: Ongoing Projects,SUCCESS
2025-06,576,,N24002119,ALTERNATE_IDENTIFIER,REHABILITATION AND UPGRADATION TO 2 LANE WITH PAVED SHOULDER FROM DESIGN CHAINAGE KM 162.800 TO KM,BRO,,ROAD TRANSPORT AND HIGHWAYS,Jammu and Kashmir,10/2022,,01/2026,,562.45,,99.06,25.0,QPISR_QR_1st_2025-26.pdf,124,Table 7: Project List: Ongoing Projects,SUCCESS
2025-06,577,,N24002179,ALTERNATE_IDENTIFIER,CONSTRUCTION OF 4 LANE WITH PAVED SHOULDER (PATTAN BYPASS) GREENFIELD BYPASS FROM EXISTING CH. KM 24,BRO,,ROAD TRANSPORT AND HIGHWAYS,Jammu and Kashmir,03/2023,,07/2026,,980.21,,300.02,8.0,QPISR_QR_1st_2025-26.pdf,125,Table 7: Project List: Ongoing Projects,SUCCESS
2025-06,578,,N24002180,ALTERNATE_IDENTIFIER,REHABILITATION AND UPGRADATION TO 2 LANE WITH PAVED SHOULDER FROM EXISTING CHAINAGE KM 166.100 TO KM,BRO,,ROAD TRANSPORT AND HIGHWAYS,Jammu and Kashmir,09/2021,,07/2026,,734.64,,19.6,8.0,QPISR_QR_1st_2025-26.pdf,125,Table 7: Project List: Ongoing Projects,SUCCESS
2025-06,579,,N24002185,ALTERNATE_IDENTIFIER,CONSTRUCTION OF 2 LANE WITH PAVED SHOULDERS (BARAMULLA BYPASS) GREENFIELD BYPASS FROM EXISTING CH. K,BRO,,ROAD TRANSPORT AND HIGHWAYS,Jammu and Kashmir,03/2023,,09/2026,,992.43,,338.33,0.0,QPISR_QR_1st_2025-26.pdf,125,Table 7: Project List: Ongoing Projects,SUCCESS
2025-06,580,,N24002210,ALTERNATE_IDENTIFIER,WIDENING AND STRENGTHENING OF RAFIABAD-KUPWARA-CHOWKIBAL-TANGDHAR- CHAMKOT (NH-701) ROAD FROM DESIGN,BRO,,ROAD TRANSPORT AND HIGHWAYS,Jammu and Kashmir,03/2024,,05/2027,,1404.94,,,0.0,QPISR_QR_1st_2025-26.pdf,125,Table 7: Project List: Ongoing Projects,SUCCESS
2025-06,581,,N24000471,ALTERNATE_IDENTIFIER,FOUR LANING OF RAMBAN - BANIHAL SECTION OF NH-1A,NHAI,,ROAD TRANSPORT AND HIGHWAYS,Jammu and Kashmir,12/2015,,06/2019,,2168.66,,,0.0,QPISR_QR_1st_2025-26.pdf,125,Table 7: Project List: Ongoing Projects,SUCCESS
2025-06,582,,N24000488,ALTERNATE_IDENTIFIER,FOUR LANING OF UDHAMBUR - RAMBAN SECTION OF NH-1A,NHAI,,ROAD TRANSPORT AND HIGHWAYS,Jammu and Kashmir,12/2015,,12/2018,11/2024,2136.97,2644.0,2386.51,99.5,QPISR_QR_1st_2025-26.pdf,125,Table 7: Project List: Ongoing Projects,SUCCESS
2025-06,583,,N24000717,ALTERNATE_IDENTIFIER,CONSTRUCTION OF STAND ALONE RING ROAD/ BYPASS AROUND JAMMU CITY IN THE STATE OF J AND K ON EPC MODE,NHAI,,ROAD TRANSPORT AND HIGHWAYS,Jammu and Kashmir,12/2017,,07/2021,07/2025,1471.75,1471.75,1731.65,98.94,QPISR_QR_1st_2025-26.pdf,125,Table 7: Project List: Ongoing Projects,SUCCESS
2025-06,584,,N24000868,ALTERNATE_IDENTIFIER,UP-GRADATION TO 4-LANE WITH PAVED SHOULDER OF JAMMU-AKHNOOR ROAD SECTION OF NH-144A FROM GANESH VIHA,NHIDCL,,ROAD TRANSPORT AND HIGHWAYS,Jammu and Kashmir,03/2018,,07/2021,08/2023,253.44,,191.14,83.23,QPISR_QR_1st_2025-26.pdf,125,Table 7: Project List: Ongoing Projects,SUCCESS
2025-06,585,,N24001256,ALTERNATE_IDENTIFIER,CONSTRUCTION OF (I) CONNECTING ROAD FROM Z-MORH TUNNEL TO ZOJILA TUNNEL AND (II) 14.150 KM LONG BI-D,NHIDCL,,ROAD TRANSPORT AND HIGHWAYS,Jammu and Kashmir,08/2020,,09/2026,,6808.69,,3013.84,49.92,QPISR_QR_1st_2025-26.pdf,126,Table 7: Project List: Ongoing Projects,SUCCESS
2025-06,586,,N24001264,ALTERNATE_IDENTIFIER,UP-GRADATION TO 2-LANE WITH PAVED SHOULDER FROM KM 12.850 TO KM20.300 OF 7.450KM LENGTH ON GOHA-KHEL,NHIDCL,,ROAD TRANSPORT AND HIGHWAYS,Jammu and Kashmir,07/2020,,04/2022,10/2024,228.39,,69.32,88.09,QPISR_QR_1st_2025-26.pdf,126,Table 7: Project List: Ongoing Projects,SUCCESS
2025-06,587,,N24001266,ALTERNATE_IDENTIFIER,UP-GRADATION TO 2-LANE WITH PAVED SHOULDER FROM KM 20.300 TO KM 29.030 OF 8.730 KM LENGTH ON GOHA-K,NHIDCL,,ROAD TRANSPORT AND HIGHWAYS,Jammu and Kashmir,07/2020,,04/2022,11/2023,210.79,,72.72,93.63,QPISR_QR_1st_2025-26.pdf,126,Table 7: Project List: Ongoing Projects,SUCCESS
2025-06,588,,N06000087,ALTERNATE_IDENTIFIER,RAJRAPPA RCE OCP ( 3.0 MTY),CCL,,ROAD TRANSPORT AND HIGHWAYS,Jharkhand,12/2009,,03/2016,,510.85,,488.57,75.0,QPISR_QR_1st_2025-26.pdf,126,Table 7: Project List: Ongoing Projects,SUCCESS
2025-06,589,,N06000096,ALTERNATE_IDENTIFIER,MURAIDIH UG TURN-KEY PROJECT,BCCL,,ROAD TRANSPORT AND HIGHWAYS,Jharkhand,02/2011,,04/2014,,339.88,,190.48,70.0,QPISR_QR_1st_2025-26.pdf,126,Table 7: Project List: Ongoing Projects,SUCCESS
2025-06,590,,N06000098,ALTERNATE_IDENTIFIER,MOONIDIH XV SEAM UG,BCCL,,ROAD TRANSPORT AND HIGHWAYS,Jharkhand,08/2011,,03/2019,,1230.27,,620.97,81.0,QPISR_QR_1st_2025-26.pdf,126,Table 7: Project List: Ongoing Projects,SUCCESS
2025-06,591,,N06000169,ALTERNATE_IDENTIFIER,CHITRA EAST (RCE) OCP,ECL,,ROAD TRANSPORT AND HIGHWAYS,Jharkhand,08/2018,,03/2026,03/2026,513.98,,228.35,51.0,QPISR_QR_1st_2025-26.pdf,126,Table 7: Project List: Ongoing Projects,SUCCESS
2025-06,592,,N06000186,ALTERNATE_IDENTIFIER,TETARIAKHAR EXPANSION OCP,CCL,,ROAD TRANSPORT AND HIGHWAYS,Jharkhand,11/2019,,03/2023,,243.52,,44.64,26.0,QPISR_QR_1st_2025-26.pdf,126,Table 7: Project List: Ongoing Projects,SUCCESS
2025-06,593,,N06000193,ALTERNATE_IDENTIFIER,PACHWARA SOUTH COAL BLOCK,NLC,,ROAD TRANSPORT AND HIGHWAYS,Jharkhand,07/2013,,09/2028,,2242.92,2242.9,1151.23,54.0,QPISR_QR_1st_2025-26.pdf,126,Table 7: Project List: Ongoing Projects,SUCCESS
2025-06,594,,N06000194,ALTERNATE_IDENTIFIER,PATHERDIH 2.5 NLW COAL WASHERY,BCCL,,ROAD TRANSPORT AND HIGHWAYS,Jharkhand,10/2015,,04/2018,,334.27,,135.86,47.0,QPISR_QR_1st_2025-26.pdf,126,Table 7: Project List: Ongoing Projects,SUCCESS
2025-06,595,,N06000216,ALTERNATE_IDENTIFIER,REVISED PROJECT REPORT MAGADH EXPANSION OCP,CCL,,ROAD TRANSPORT AND HIGHWAYS,Jharkhand,08/2020,,03/2028,,7254.37,,1527.57,38.0,QPISR_QR_1st_2025-26.pdf,127,Table 7: Project List: Ongoing Projects,SUCCESS
2025-06,596,,N06000217,ALTERNATE_IDENTIFIER,EXPANSION PROJECT AMRAPALI OCP,CCL,,ROAD TRANSPORT AND HIGHWAYS,Jharkhand,08/2020,,03/2028,,5136.15,,1092.17,43.0,QPISR_QR_1st_2025-26.pdf,127,Table 7: Project List: Ongoing Projects,SUCCESS
2025-06,597,,N06000218,ALTERNATE_IDENTIFIER,UCE OF EPR OF NORTH URIMARI OCP,CCL,,ROAD TRANSPORT AND HIGHWAYS,Jharkhand,07/2021,,03/2029,,778.8,,694.11,75.0,QPISR_QR_1st_2025-26.pdf,127,Table 7: Project List: Ongoing Projects,SUCCESS
2025-06,598,,N06000237,ALTERNATE_IDENTIFIER,KOTRE BASANTPUR PACHMO OCP,CCL,,ROAD TRANSPORT AND HIGHWAYS,Jharkhand,08/2020,,03/2032,,625.4,625.4,441.24,41.0,QPISR_QR_1st_2025-26.pdf,127,Table 7: Project List: Ongoing Projects,SUCCESS
2025-06,599,,N06000238,ALTERNATE_IDENTIFIER,CHANDRAGUPT OCP,CCL,,ROAD TRANSPORT AND HIGHWAYS,Jharkhand,08/2020,,03/2032,,973.5,,440.56,12.4,QPISR_QR_1st_2025-26.pdf,127,Table 7: Project List: Ongoing Projects,SUCCESS
2025-06,600,,N06000239,ALTERNATE_IDENTIFIER,SIRKA OCP,CCL,,ROAD TRANSPORT AND HIGHWAYS,Jharkhand,05/2020,,03/2028,,222.82,,139.31,51.0,QPISR_QR_1st_2025-26.pdf,127,Table 7: Project List: Ongoing Projects,SUCCESS
2025-06,601,,N06000240,ALTERNATE_IDENTIFIER,JHARKHAND LAIYO OCP,CCL,,ROAD TRANSPORT AND HIGHWAYS,Jharkhand,08/2020,,03/2031,,764.57,,145.8,28.0,QPISR_QR_1st_2025-26.pdf,127,Table 7: Project List: Ongoing Projects,SUCCESS
2025-06,602,,N06000241,ALTERNATE_IDENTIFIER,EPR TAPIN SOUTH OCP,CCL,,ROAD TRANSPORT AND HIGHWAYS,Jharkhand,11/2020,,03/2028,,230.41,,21.12,18.3,QPISR_QR_1st_2025-26.pdf,127,Table 7: Project List: Ongoing Projects,SUCCESS
2025-06,603,,N06000242,ALTERNATE_IDENTIFIER,EPR PUNDI OCP,CCL,,ROAD TRANSPORT AND HIGHWAYS,Jharkhand,11/2020,,03/2027,,713.35,,236.57,21.0,QPISR_QR_1st_2025-26.pdf,127,Table 7: Project List: Ongoing Projects,SUCCESS
2025-06,604,,N06000243,ALTERNATE_IDENTIFIER,EPR ROHINI KARKATA OCP,CCL,,ROAD TRANSPORT AND HIGHWAYS,Jharkhand,01/2021,,03/2028,,1020.42,,83.44,18.0,QPISR_QR_1st_2025-26.pdf,127,Table 7: Project List: Ongoing Projects,SUCCESS
2025-06,605,,N06000245,ALTERNATE_IDENTIFIER,EXPANSION OF KONAR OCP,CCL,,ROAD TRANSPORT AND HIGHWAYS,Jharkhand,01/2022,,03/2032,,799.34,,416.73,32.0,QPISR_QR_1st_2025-26.pdf,127,Table 7: Project List: Ongoing Projects,SUCCESS
2025-06,606,,N06000246,ALTERNATE_IDENTIFIER,EXPANSION OF KARO OCP,CCL,,ROAD TRANSPORT AND HIGHWAYS,Jharkhand,01/2022,,03/2029,,908.47,,217.68,21.0,QPISR_QR_1st_2025-26.pdf,128,Table 7: Project List: Ongoing Projects,SUCCESS
2025-06,607,,N06000247,ALTERNATE_IDENTIFIER,EXPANSION OF ASHOK OCP,CCL,,ROAD TRANSPORT AND HIGHWAYS,Jharkhand,05/2021,,03/2028,,2898.28,,176.5,20.0,QPISR_QR_1st_2025-26.pdf,128,Table 7: Project List: Ongoing Projects,SUCCESS
2025-06,608,,N06000273,ALTERNATE_IDENTIFIER,AMALGAMATED NTST KUJAMA OCP 8.5 MTY,BCCL,,ROAD TRANSPORT AND HIGHWAYS,Jharkhand,01/2023,,03/2030,,4011.85,,398.49,25.1,QPISR_QR_1st_2025-26.pdf,128,Table 7: Project List: Ongoing Projects,SUCCESS
2025-06,609,,N06000275,ALTERNATE_IDENTIFIER,HURA C OC,ECL,,ROAD TRANSPORT AND HIGHWAYS,Jharkhand,08/2022,,03/2029,,859.41,,448.72,62.0,QPISR_QR_1st_2025-26.pdf,128,Table 7: Project List: Ongoing Projects,SUCCESS
2025-06,610,,N06000280,ALTERNATE_IDENTIFIER,CHUPERBHITA- SIMLONG OCP,ECL,,ROAD TRANSPORT AND HIGHWAYS,Jharkhand,12/2023,,03/2037,03/2037,979.08,,,0.01,QPISR_QR_1st_2025-26.pdf,128,Table 7: Project List: Ongoing Projects,SUCCESS
2025-06,611,,N06000287,ALTERNATE_IDENTIFIER,BLOCK-E OCP (15 MTY),BCCL,,ROAD TRANSPORT AND HIGHWAYS,Jharkhand,03/2024,,03/2029,,5850.83,,5.96,2.0,QPISR_QR_1st_2025-26.pdf,128,Table 7: Project List: Ongoing Projects,SUCCESS
2025-06,612,,N06000295,ALTERNATE_IDENTIFIER,JARANGDIH OCP,CCL,,ROAD TRANSPORT AND HIGHWAYS,Jharkhand,02/2020,,03/2029,,414.37,,85.6,0.0,QPISR_QR_1st_2025-26.pdf,128,Table 7: Project List: Ongoing Projects,SUCCESS
2025-06,613,,N28000067,ALTERNATE_IDENTIFIER,2000 BOYS HOSTEL(1000 DOUBLE BEDDED ROOM) AT ISM DHANBAD,CPWD EDUCATION,,DEPARTMENT OF HIGHER EDUCATION,Jharkhand,09/2012,,03/2016,,171.86,,174.48,99.0,QPISR_QR_1st_2025-26.pdf,128,Table 7: Project List: Ongoing Projects,SUCCESS
2025-06,614,,N16000445,ALTERNATE_IDENTIFIER,DEVELOPMENT OF JHARIA CBM BLOCK (PHASE-1),ONGC,,DEPARTMENT OF HIGHER EDUCATION,Jharkhand,11/2019,,01/2024,03/2025,431.0,,204.31,58.0,QPISR_QR_1st_2025-26.pdf,128,Table 7: Project List: Ongoing Projects,SUCCESS
2025-06,615,,N16000480,ALTERNATE_IDENTIFIER,LAYING OF NATURAL GAS PIPELINE FROM HAZARIBAGH TO RANCHI,IOCL,,DEPARTMENT OF HIGHER EDUCATION,Jharkhand,03/2023,,02/2026,,202.07,,52.94,42.95,QPISR_QR_1st_2025-26.pdf,128,Table 7: Project List: Ongoing Projects,SUCCESS
2025-06,616,,N16000497,ALTERNATE_IDENTIFIER,CGD PROJECT IN BIHAR JHARKHAND,HPCL,,DEPARTMENT OF HIGHER EDUCATION,Jharkhand,06/2022,,06/2030,,1377.0,,282.88,24.15,QPISR_QR_1st_2025-26.pdf,129,Table 7: Project List: Ongoing Projects,SUCCESS
2025-06,617,,N18000177,ALTERNATE_IDENTIFIER,NORTH KARANPURA STPP (3X660 MW),NTPC,,POWER,Jharkhand,02/2014,,06/2019,10/2022,16242.9,,17323.08,98.0,QPISR_QR_1st_2025-26.pdf,129,Table 7: Project List: Ongoing Projects,SUCCESS
2025-06,618,,N18000275,ALTERNATE_IDENTIFIER,PATRATU STPP-I (3X800MW),NTPC,,POWER,Jharkhand,11/2017,,03/2023,,17112.0,,17219.35,81.0,QPISR_QR_1st_2025-26.pdf,129,Table 7: Project List: Ongoing Projects,SUCCESS
2025-06,619,,N18000367,ALTERNATE_IDENTIFIER,BADAM COAL MINING PROJECT,NTPC,,POWER,Jharkhand,02/2019,,10/2024,04/2027,501.79,784.39,368.94,59.79,QPISR_QR_1st_2025-26.pdf,129,Table 7: Project List: Ongoing Projects,SUCCESS
2025-06,620,,N18000370,ALTERNATE_IDENTIFIER,KERANDARI COAL MINING PROJECT,NTPC,,POWER,Jharkhand,09/2015,,11/2019,03/2025,1553.0,2896.64,2095.17,64.0,QPISR_QR_1st_2025-26.pdf,129,Table 7: Project List: Ongoing Projects,SUCCESS
2025-06,621,220100305,,PRIMARY_IDENTIFIER,"KODERMA-TILAIYA (NL), ECR",ECR,,POWER,Jharkhand,04/2002,,03/2023,,1625.87,1625.87,2039.52,80.0,QPISR_QR_1st_2025-26.pdf,129,Table 7: Project List: Ongoing Projects,SUCCESS
2025-06,622,,N22000396,ALTERNATE_IDENTIFIER,BONDAMUNDA RANCHI DOUBLING,SER,,POWER,Jharkhand,03/2016,,06/2024,,3029.04,3029.04,2436.91,84.5,QPISR_QR_1st_2025-26.pdf,129,Table 7: Project List: Ongoing Projects,SUCCESS
2025-06,623,,N22000508,ALTERNATE_IDENTIFIER,LODHMA TO PISKA LINK LINE BY PASSING HATIA/RANCHI WITH Y CONNECTION (17.2 KM),SER,,POWER,Jharkhand,04/2018,,06/2026,,501.52,,275.97,4.0,QPISR_QR_1st_2025-26.pdf,129,Table 7: Project List: Ongoing Projects,SUCCESS
2025-06,624,,N22000529,ALTERNATE_IDENTIFIER,DOUBLING OF PRADHANKHUNTA JN - PATHERDIH BAZAR-BHOJUDIH,ECR,,POWER,Jharkhand,11/2022,,11/2027,,202.0,349.22,76.94,2.0,QPISR_QR_1st_2025-26.pdf,129,Table 7: Project List: Ongoing Projects,SUCCESS
2025-06,625,,N22000595,ALTERNATE_IDENTIFIER,KHARAGPUR-ADITYAPUR - 3RD LINE (132 KM),RVNL,,POWER,Jharkhand,12/2015,,03/2025,,3249.98,,2899.45,0.0,QPISR_QR_1st_2025-26.pdf,129,Table 7: Project List: Ongoing Projects,SUCCESS
2025-06,626,,N22000599,ALTERNATE_IDENTIFIER,3RD LINE BETWEEN DHANBAD SONNAGAR,RVNL,,POWER,Jharkhand,11/2016,,03/2026,,8975.0,,4705.38,0.0,QPISR_QR_1st_2025-26.pdf,130,Table 7: Project List: Ongoing Projects,SUCCESS
2025-06,627,,N22000610,ALTERNATE_IDENTIFIER,GARHWA ROAD - RAIL OVER RAIL,ECR,,POWER,Jharkhand,03/2017,,06/2024,,262.71,,227.86,70.0,QPISR_QR_1st_2025-26.pdf,130,Table 7: Project List: Ongoing Projects,SUCCESS
2025-06,628,,N22000611,ALTERNATE_IDENTIFIER,GOMOH - FLYOVER FOR DOWN TRAINS,ECR,,POWER,Jharkhand,01/2018,,03/2023,,686.03,,419.46,45.0,QPISR_QR_1st_2025-26.pdf,130,Table 7: Project List: Ongoing Projects,SUCCESS
2025-06,629,,N24001589,ALTERNATE_IDENTIFIER,HARIHARGANJ TO PARWA MODE SECTION FROM KM 23.284 TO KM 57.049 OF NH-98,NHAI,,ROAD TRANSPORT AND HIGHWAYS,Jharkhand,09/2020,,03/2024,12/2024,755.26,,635.78,88.1,QPISR_QR_1st_2025-26.pdf,130,Table 7: Project List: Ongoing Projects,SUCCESS
2025-06,630,,N24001590,ALTERNATE_IDENTIFIER,4L FROM KM 196.87 (SANKHA) TO KM 219.6 (KHAJURI) ON NH-75 [REHLA / GARHWA BYPASS],NHAI,,ROAD TRANSPORT AND HIGHWAYS,Jharkhand,09/2020,,10/2023,12/2024,748.99,,831.75,100.0,QPISR_QR_1st_2025-26.pdf,130,Table 7: Project List: Ongoing Projects,SUCCESS
2025-06,631,,N24001594,ALTERNATE_IDENTIFIER,ELEVATED CORRIDOR IN RANCHI CITY FROM KM 0.00 TO KM 3.260 OF NH-75 INCLUDING DOWN RAMP ON NH-23 FROM,NHAI,,ROAD TRANSPORT AND HIGHWAYS,Jharkhand,02/2022,,01/2025,03/2025,534.73,,282.33,99.57,QPISR_QR_1st_2025-26.pdf,130,Table 7: Project List: Ongoing Projects,SUCCESS
2025-06,632,,N24001595,ALTERNATE_IDENTIFIER,4L OF PALMA TO GUMLA SECTION OF NH23 FROM KM. 26.00 TO KM. 89.170 ON HAM MODE IN THE STATE OF JHARKH,NHAI,,ROAD TRANSPORT AND HIGHWAYS,Jharkhand,08/2020,,03/2024,09/2025,1034.0,1879.55,41.5,97.3,QPISR_QR_1st_2025-26.pdf,130,Table 7: Project List: Ongoing Projects,SUCCESS
2025-06,633,,N24001596,ALTERNATE_IDENTIFIER,4L OF MIRZA CHAUKI TO FARKKA SECTION OF NH80 FROM KM 215.00 TO KM 260.00 ON HAM MODE IN THE STATE OF,NHAI,,ROAD TRANSPORT AND HIGHWAYS,Jharkhand,11/2021,,07/2023,06/2025,1302.72,1504.8,957.0,75.74,QPISR_QR_1st_2025-26.pdf,130,Table 7: Project List: Ongoing Projects,SUCCESS
2025-06,634,,N24001854,ALTERNATE_IDENTIFIER,FOUR LANING WITH PAVED SHOULDER OF SECTION FROM KM 53.600 (GOLA ON NH-320) TO KM 81.446 (ORMANJHI ON,NHAI,,ROAD TRANSPORT AND HIGHWAYS,Jharkhand,06/2023,,06/2025,,1214.93,1324.95,808.69,75.5,QPISR_QR_1st_2025-26.pdf,130,Table 7: Project List: Ongoing Projects,SUCCESS
2025-06,635,,N24001922,ALTERNATE_IDENTIFIER,WIDENING TO 2-LANE WITH PAVED SHOULDER FROM KM 0.00 TO 44.00 (KURU- GHAGHRA SECTION) OF NH-143A INCLU,MoRTH,,ROAD TRANSPORT AND HIGHWAYS,Jharkhand,02/2020,,08/2023,,153.01,,83.63,96.23,QPISR_QR_1st_2025-26.pdf,131,Table 7: Project List: Ongoing Projects,SUCCESS
2025-06,636,,N24001923,ALTERNATE_IDENTIFIER,WIDENING AND STRENGTHENING OF EXISTING PAVEEMNT TO TWO LANE WITH PAVED SHOULDERS FROM KM 116.00 TO K,MoRTH,,ROAD TRANSPORT AND HIGHWAYS,Jharkhand,01/2022,,07/2024,,315.21,,117.26,80.0,QPISR_QR_1st_2025-26.pdf,131,Table 7: Project List: Ongoing Projects,SUCCESS
2025-06,637,,N24001924,ALTERNATE_IDENTIFIER,WIDENING AND STRENGTHENING TO TWO LANE WITH PAVED SHOULDER/TWO LANE+ PAVED SHOULDER WITH SERVICE ROA,MoRTH,,ROAD TRANSPORT AND HIGHWAYS,Jharkhand,03/2022,,08/2025,,514.22,,15.19,6.1,QPISR_QR_1st_2025-26.pdf,131,Table 7: Project List: Ongoing Projects,SUCCESS
2025-06,638,,N24001925,ALTERNATE_IDENTIFIER,WIDENING AND STRENGTHENING/RECONSTRUCTION TO TWO LANE WITH PAVED SHOULDER/ TWO LANE WITH PAVED SHOUL,MoRTH,,ROAD TRANSPORT AND HIGHWAYS,Jharkhand,03/2022,,08/2025,,423.18,,0.11,0.0,QPISR_QR_1st_2025-26.pdf,131,Table 7: Project List: Ongoing Projects,SUCCESS
2025-06,639,,N24002053,ALTERNATE_IDENTIFIER,FOUR LANING OF KHAJURI TO WYNDHAMGANJ FROM KM 219.600 TO KM 260.483 ON NH-75 PKG SEC-V ON HAM,NHAI,,ROAD TRANSPORT AND HIGHWAYS,Jharkhand,04/2022,,09/2025,,1232.0,1343.0,606.6,81.76,QPISR_QR_1st_2025-26.pdf,131,Table 7: Project List: Ongoing Projects,SUCCESS
2025-06,640,,N24002054,ALTERNATE_IDENTIFIER,FOUR LANING OF BHOGU TO SANKHA FROM KM 147.450 TO KM 196.870 ON NH-75 PKG SEC- III,NHAI,,ROAD TRANSPORT AND HIGHWAYS,Jharkhand,10/2022,,11/2025,,1390.77,1391.0,319.69,75.01,QPISR_QR_1st_2025-26.pdf,131,Table 7: Project List: Ongoing Projects,SUCCESS
2025-06,641,,N24002055,ALTERNATE_IDENTIFIER,FOUR LANING OF BASUKINATH-DEOGHAR SECTION OF NH-114A FROM KM 85.081 TO KM 130.240 UNDER NHDP PHASE-I,NHAI,,ROAD TRANSPORT AND HIGHWAYS,Jharkhand,03/2023,,12/2025,,1444.94,,,0.0,QPISR_QR_1st_2025-26.pdf,131,Table 7: Project List: Ongoing Projects,SUCCESS
2025-06,642,,N24002056,ALTERNATE_IDENTIFIER,BHARATMALA PARIYOJANA OF BOKARO JAINA MORE - GOLA SECTION OF NH-320 FROM KM. 21.110 TO KM. 53.600 IN,NHAI,,ROAD TRANSPORT AND HIGHWAYS,Jharkhand,06/2020,,06/2025,,964.64,,458.58,61.2,QPISR_QR_1st_2025-26.pdf,131,Table 7: Project List: Ongoing Projects,SUCCESS
2025-06,643,,N24002057,ALTERNATE_IDENTIFIER,FOUR LANING OF MEHGAMA HANSDIHA SECTION OF NH-33 FROM EXISTING KM 41.900 TO 93.000 IN THE STATE OF J,NHAI,,ROAD TRANSPORT AND HIGHWAYS,Jharkhand,12/2022,,05/2025,,1443.77,,,0.0,QPISR_QR_1st_2025-26.pdf,132,Table 7: Project List: Ongoing Projects,SUCCESS
2025-06,644,,N24000726,ALTERNATE_IDENTIFIER,SIX LANING OF BIHAR - JHARKHAND BORDER (CHORDAHA) TO GORHAR SECTION,NHAI,,ROAD TRANSPORT AND HIGHWAYS,Jharkhand,01/2018,,11/2021,05/2026,1155.16,,657.82,73.0,QPISR_QR_1st_2025-26.pdf,132,Table 7: Project List: Ongoing Projects,SUCCESS
2025-06,645,,N24001216,ALTERNATE_IDENTIFIER,WIDENING TO 2 LANE WITH PAVED SHOULDERS AND GEOMETRIC IMPROVEMENT OF NH-114A FROM KM 141 TO KM 184 I,MoRTH,,ROAD TRANSPORT AND HIGHWAYS,Jharkhand,12/2016,,09/2021,,196.0,,164.21,90.1,QPISR_QR_1st_2025-26.pdf,132,Table 7: Project List: Ongoing Projects,SUCCESS
2025-06,646,,N12000095,ALTERNATE_IDENTIFIER,NEW SINTER PLANT AT BOKARO STEEL PLANT,SAIL,,STEEL,Jharkhand,03/2015,,10/2017,11/2026,1034.01,1752.3,882.41,51.75,QPISR_QR_1st_2025-26.pdf,132,Table 7: Project List: Ongoing Projects,SUCCESS
2025-06,647,,N12000129,ALTERNATE_IDENTIFIER,REVAMPING OF OLD SUB SYSTEM OF BLAST FURNACE 3 AT BOKARO STEEL PLANT,SAIL,,STEEL,Jharkhand,09/2023,,07/2025,11/2025,513.82,,195.71,67.0,QPISR_QR_1st_2025-26.pdf,132,Table 7: Project List: Ongoing Projects,SUCCESS
2025-06,648,,N12000133,ALTERNATE_IDENTIFIER,REBUILDING OF COKE OVEN BATTERY NO.6 OF BOKARO STEEL PLANT,SAIL,,STEEL,Jharkhand,11/2023,,11/2026,,627.31,,84.56,35.0,QPISR_QR_1st_2025-26.pdf,132,Table 7: Project List: Ongoing Projects,SUCCESS
2025-06,649,,N12000135,ALTERNATE_IDENTIFIER,REPLACEMENT OF REMAINING 04 NOS. OF BATTERY CYCLONES WITH 04 NOS. OF ESPS IN SINTER PLANT-1 AT BSL,SAIL,,STEEL,Jharkhand,03/2024,,06/2026,,260.37,,44.22,18.0,QPISR_QR_1st_2025-26.pdf,132,Table 7: Project List: Ongoing Projects,SUCCESS
2025-06,650,,N12000142,ALTERNATE_IDENTIFIER,REPLACEMENT OF EXISTING GRINDERS IN CRM-I & II AT BOKARO STEEL PLANT,SAIL,,STEEL,Jharkhand,01/2025,,01/2027,,211.94,,,0.0,QPISR_QR_1st_2025-26.pdf,132,Table 7: Project List: Ongoing Projects,SUCCESS
2025-06,651,,N12000143,ALTERNATE_IDENTIFIER,SECONDARY EMISSION CONTROL IN CONVERTERS OF SMS-II AT BOKARO STEEL PLANT,SAIL,,STEEL,Jharkhand,01/2025,,10/2026,,207.13,,,5.0,QPISR_QR_1st_2025-26.pdf,132,Table 7: Project List: Ongoing Projects,SUCCESS
2025-06,652,,N04000105,ALTERNATE_IDENTIFIER,BELAGAVI AIRPORT- EXPANSION OF TERMINAL BUILDING AND ASSOCIATED WORKS,AAI,,CIVIL AVIATION,Karnataka,06/2023,,02/2026,,322.45,,104.38,43.0,QPISR_QR_1st_2025-26.pdf,133,Table 7: Project List: Ongoing Projects,SUCCESS
2025-06,653,,N04000108,ALTERNATE_IDENTIFIER,HUBBALI AIRPORT - CONSTRUCTION OF NEW DOMESTIC TERMINAL BUILDING AND MISCELLANEOUS WORKS,AAI,,CIVIL AVIATION,Karnataka,06/2023,,02/2026,,320.47,,53.87,32.5,QPISR_QR_1st_2025-26.pdf,133,Table 7: Project List: Ongoing Projects,SUCCESS
2025-06,654,,N42000006,ALTERNATE_IDENTIFIER,"CONSTRUCTION OF PERMANENT CAMPUS FOR INDIAN INSTITUTE OF TECHNOLOGY, DHARWAD (PHASE 1A)",CPWD EDUCATION,,DEPARTMENT OF HIGHER EDUCATION,Karnataka,07/2019,,03/2022,,851.0,851.0,918.06,0.0,QPISR_QR_1st_2025-26.pdf,133,Table 7: Project List: Ongoing Projects,SUCCESS
2025-06,655,,N42000010,ALTERNATE_IDENTIFIER,ADDITIONAL INFRASTRUCTURE AT IISC BANGALORE SH RCC MONOLITHIC FOR MEN WOMEN HOSTEL,CPWD,,DEPARTMENT OF HIGHER EDUCATION,Karnataka,08/2021,,02/2024,11/2024,316.25,,281.32,91.0,QPISR_QR_1st_2025-26.pdf,133,Table 7: Project List: Ongoing Projects,SUCCESS
2025-06,656,,N16000369,ALTERNATE_IDENTIFIER,CONSTRUCTION OF 80000MT LPG CAVERN AT MANGALORE,HPCL,,PETROLEUM,Karnataka,12/2018,,12/2022,08/2025,854.0,854.0,717.44,99.7,QPISR_QR_1st_2025-26.pdf,133,Table 7: Project List: Ongoing Projects,SUCCESS
2025-06,657,,N16000437,ALTERNATE_IDENTIFIER,"REVAMPING, AUGMENTATION OF FACILITIES AT EXISTING PORT TERMINAL AT MANGALORE",IOCL,,PETROLEUM,Karnataka,01/2022,,07/2025,12/2025,463.0,500.62,244.46,71.1,QPISR_QR_1st_2025-26.pdf,133,Table 7: Project List: Ongoing Projects,SUCCESS
2025-06,658,,N16000509,ALTERNATE_IDENTIFIER,POWER SYSTEM UPGRADATION PROJECT,MANGALORE REFIN,,PETROLEUM,Karnataka,10/2023,,02/2026,,385.0,,129.72,59.7,QPISR_QR_1st_2025-26.pdf,133,Table 7: Project List: Ongoing Projects,SUCCESS
2025-06,659,,N16000536,ALTERNATE_IDENTIFIER,DEMO PLANT FOR PRODUCTION OF BIO-ATF,MANGALORE REFIN,,PETROLEUM,Karnataka,03/2024,,03/2027,,364.0,,22.78,10.1,QPISR_QR_1st_2025-26.pdf,133,Table 7: Project List: Ongoing Projects,SUCCESS
2025-06,660,,N18000385,ALTERNATE_IDENTIFIER,TS FOR INTRGRATION OF RE ZONE (PHASE II) IN KOPPAL II (PHASE A and B) AND GADAG II (PHASE A) IN KARN,PGCIL,,PETROLEUM,Karnataka,12/2023,,12/2025,,2889.0,,1011.29,36.7,QPISR_QR_1st_2025-26.pdf,133,Table 7: Project List: Ongoing Projects,SUCCESS
2025-06,661,,N18000388,ALTERNATE_IDENTIFIER,"TS FOR SOLAR ENERGY ZONE IN BIDAR (2500MW), KARNATAKA [BIDAR TRANSMISSION LTD]",PGCIL,,PETROLEUM,Karnataka,02/2024,,02/2026,,2148.0,,923.47,52.2,QPISR_QR_1st_2025-26.pdf,134,Table 7: Project List: Ongoing Projects,SUCCESS
2025-06,662,,N18000409,ALTERNATE_IDENTIFIER,SYSTEM STRENGTHENING AT KOPPAL-II AND GADAG-II FOR INTEGRATION OF RE GENERATION PROJECTS,PGCIL,,PETROLEUM,Karnataka,01/2025,,01/2027,,1354.0,,16.25,0.0,QPISR_QR_1st_2025-26.pdf,134,Table 7: Project List: Ongoing Projects,SUCCESS
2025-06,663,,N18000410,ALTERNATE_IDENTIFIER,AUGMENTATION OF TRANSFORMATION CAPACITY AT BIDAR PS,PGCIL,,PETROLEUM,Karnataka,02/2025,,02/2027,,288.0,,4.03,0.0,QPISR_QR_1st_2025-26.pdf,134,Table 7: Project List: Ongoing Projects,SUCCESS
2025-06,664,,N18000419,ALTERNATE_IDENTIFIER,TRANSMISSION SCHEME FOR INTEGRATION OF DAVANAGERE / CHITRADURGA AND BELLARY REZ IN KARNATAKA,PGCIL,,PETROLEUM,Karnataka,03/2025,,03/2027,,3453.0,,20.7,0.0,QPISR_QR_1st_2025-26.pdf,134,Table 7: Project List: Ongoing Projects,SUCCESS
2025-06,665,,N22000256,ALTERNATE_IDENTIFIER,TUMKUR-CHITRADURGA-DAVENGERE NL,SWR,,PETROLEUM,Karnataka,04/2011,,03/2019,,1876.0,,503.99,12.0,QPISR_QR_1st_2025-26.pdf,134,Table 7: Project List: Ongoing Projects,SUCCESS
2025-06,666,,N22000258,ALTERNATE_IDENTIFIER,BAGALKOT-KUDACHI NL,SWR,,PETROLEUM,Karnataka,04/2010,,03/2027,,1378.0,1378.0,646.95,34.0,QPISR_QR_1st_2025-26.pdf,134,Table 7: Project List: Ongoing Projects,SUCCESS
2025-06,667,,N22000297,ALTERNATE_IDENTIFIER,HOSPET-HUBLI-LONDA-VASCODAGAMA DL,RVNL,,PETROLEUM,Karnataka,04/2010,,03/2027,,5060.36,,3505.49,0.0,QPISR_QR_1st_2025-26.pdf,134,Table 7: Project List: Ongoing Projects,SUCCESS
2025-06,668,,N22000299,ALTERNATE_IDENTIFIER,GADAG-WADI NL,SWR,,PETROLEUM,Karnataka,04/2013,,03/2027,,2841.84,,1352.94,29.0,QPISR_QR_1st_2025-26.pdf,134,Table 7: Project List: Ongoing Projects,SUCCESS
2025-06,669,,N22000308,ALTERNATE_IDENTIFIER,MARIKUPPAM - KUPPAM,SWR,,PETROLEUM,Karnataka,04/2012,,03/2016,,279.54,296.72,121.12,14.0,QPISR_QR_1st_2025-26.pdf,134,Table 7: Project List: Ongoing Projects,SUCCESS
2025-06,670,,N22000486,ALTERNATE_IDENTIFIER,KADUR CHIKMAGALUR SAKLESHPUR NEW LINE (93 KM),SWR,,PETROLEUM,Karnataka,03/1996,,06/2025,,825.31,825.31,692.24,83.0,QPISR_QR_1st_2025-26.pdf,134,Table 7: Project List: Ongoing Projects,SUCCESS
2025-06,671,,N22000542,ALTERNATE_IDENTIFIER,BAIYYAPPANAHALLI-HOSUR (48 KM),NCRTC,,PETROLEUM,Karnataka,04/2019,,03/2026,,375.67,,,0.0,QPISR_QR_1st_2025-26.pdf,135,Table 7: Project List: Ongoing Projects,SUCCESS
2025-06,672,,N22000543,ALTERNATE_IDENTIFIER,YESHVANTHPUR-CHANNASANDRA (21.7 KM),NCRTC,,PETROLEUM,Karnataka,04/2019,,03/2026,,169.65,,71.75,0.0,QPISR_QR_1st_2025-26.pdf,135,Table 7: Project List: Ongoing Projects,SUCCESS
2025-06,673,,N22000557,ALTERNATE_IDENTIFIER,BELGAUM-DHARWAD VIA KITTUR (73.10 KM) (UMBRELLA WORK PB#22/2019-20/NR),SWR,,PETROLEUM,Karnataka,09/2020,,12/2027,,1590.8,927.42,0.75,0.0,QPISR_QR_1st_2025-26.pdf,135,Table 7: Project List: Ongoing Projects,SUCCESS
2025-06,674,,N22000558,ALTERNATE_IDENTIFIER,HASSAN (ALUR) - BELUR (32 KM) (UMBRELLA WORK PB#23/2018-19/NR),SWR,,PETROLEUM,Karnataka,06/2019,,04/2028,,748.86,748.85,0.88,1.0,QPISR_QR_1st_2025-26.pdf,135,Table 7: Project List: Ongoing Projects,SUCCESS
2025-06,675,,N22000559,ALTERNATE_IDENTIFIER,SHIMOGA-SHIKARIPURA-RANEBENNUR (UMBRELLA WORK PB#23/2018-19/NR),SWR,,PETROLEUM,Karnataka,09/2019,,12/2027,,1453.73,994.47,87.33,7.0,QPISR_QR_1st_2025-26.pdf,135,Table 7: Project List: Ongoing Projects,SUCCESS
2025-06,676,,N22000621,ALTERNATE_IDENTIFIER,BANGALORE-WHITEFIELD-BANGALORE CITY- KRISHNARAJAPURAM QUADRUPLING,SWR,,PETROLEUM,Karnataka,03/2018,,06/2025,,492.87,492.87,254.35,75.0,QPISR_QR_1st_2025-26.pdf,135,Table 7: Project List: Ongoing Projects,SUCCESS
2025-06,677,,N24001387,ALTERNATE_IDENTIFIER,WIDENING TO 2-LANE WIH PAVED SHOULDER FROM KM. 544.20 TO 594.00 (HOSAMANE CROSS TO PANDAVAPURA) SECT,MoRTH,,ROAD TRANSPORT AND HIGHWAYS,Karnataka,01/2017,,09/2017,05/2023,264.34,,201.07,100.0,QPISR_QR_1st_2025-26.pdf,135,Table 7: Project List: Ongoing Projects,SUCCESS
2025-06,678,,N24001388,ALTERNATE_IDENTIFIER,CONSTRUCTION OF MAJOR BRIDGE ACROSS SHARAVATHI BACKWATERS AND APPROCHES BETWEEN AMBARGODU AND KALASA,MoRTH,,ROAD TRANSPORT AND HIGHWAYS,Karnataka,03/2019,,12/2019,11/2024,423.15,,268.97,82.0,QPISR_QR_1st_2025-26.pdf,135,Table 7: Project List: Ongoing Projects,SUCCESS
2025-06,679,,N24001425,ALTERNATE_IDENTIFIER,4L OF ADDAHOLE TO BANTWAL CROSS SECTION INCLUDING FLYOVER AT KALLADKA TOWN,NHAI,,ROAD TRANSPORT AND HIGHWAYS,Karnataka,03/2021,,11/2021,11/2025,1100.88,1687.31,1156.26,80.3,QPISR_QR_1st_2025-26.pdf,135,Table 7: Project List: Ongoing Projects,SUCCESS
2025-06,680,,N24001426,ALTERNATE_IDENTIFIER,4L OF ADDAHOLE TO BANTWAL CROSS SECTION,NHAI,,ROAD TRANSPORT AND HIGHWAYS,Karnataka,03/2021,,10/2021,07/2025,317.9,572.01,370.84,98.0,QPISR_QR_1st_2025-26.pdf,136,Table 7: Project List: Ongoing Projects,SUCCESS
2025-06,681,,N24001598,ALTERNATE_IDENTIFIER,6L FROM SANKESHWAR BYPASS TO MH KNT BORDER FROM KM. 555.017 TO KM. 592.853 OF NH-48 (PKG II),NHAI,,ROAD TRANSPORT AND HIGHWAYS,Karnataka,01/2022,,04/2025,05/2026,1388.7,1388.7,509.84,71.6,QPISR_QR_1st_2025-26.pdf,136,Table 7: Project List: Ongoing Projects,SUCCESS
2025-06,682,,N24001599,ALTERNATE_IDENTIFIER,BELAKERI PORT TO KUMTA - SIRSI ROAD FROM KM 0.00 - KM 4.265 OF BELEKERI PORT ROAD LINK RD. AND KM 4.,NHAI,,ROAD TRANSPORT AND HIGHWAYS,Karnataka,03/2018,,12/2022,12/2022,440.16,,355.97,75.27,QPISR_QR_1st_2025-26.pdf,136,Table 7: Project List: Ongoing Projects,SUCCESS
2025-06,683,,N24001674,ALTERNATE_IDENTIFIER,BANGALORE/TN BORDER TO HOSKOTE,NHAI,,ROAD TRANSPORT AND HIGHWAYS,Karnataka,02/2023,,02/2025,09/2025,1240.6,1181.68,952.87,83.25,QPISR_QR_1st_2025-26.pdf,136,Table 7: Project List: Ongoing Projects,SUCCESS
2025-06,684,,N24001675,ALTERNATE_IDENTIFIER,6L OF MH/KN BORDER (NIMBAL VILLAGE) TO KN/TS BORDER (SINGNODI VILLAGE) FROM KM. 162.5 TO KM. 203.100,NHAI,,ROAD TRANSPORT AND HIGHWAYS,Karnataka,11/2022,,05/2025,,1732.73,,754.79,97.99,QPISR_QR_1st_2025-26.pdf,136,Table 7: Project List: Ongoing Projects,SUCCESS
2025-06,685,,N24001676,ALTERNATE_IDENTIFIER,6L OF MH/KN BORDER (NIMBAL VILLAGE) TO KN/TS BORDER (SINGNODI VILLAGE) FROM KM. 26.000 TO KM. 97.000,NHAI,,ROAD TRANSPORT AND HIGHWAYS,Karnataka,12/2022,,06/2025,03/2026,2718.46,,438.9,54.52,QPISR_QR_1st_2025-26.pdf,136,Table 7: Project List: Ongoing Projects,SUCCESS
2025-06,686,,N24001677,ALTERNATE_IDENTIFIER,BALANCE WORK OF 2L PS FROM KM 30.800 TO 70.800 AND 2L WITH RIGID CARRIAGEWAY FROM 70.800 TO KM 84.12,NHAI,,ROAD TRANSPORT AND HIGHWAYS,Karnataka,11/2022,,05/2024,04/2025,226.76,226.76,86.76,71.95,QPISR_QR_1st_2025-26.pdf,136,Table 7: Project List: Ongoing Projects,SUCCESS
2025-06,687,,N24001679,ALTERNATE_IDENTIFIER,6L FROM BELGAUM TO SANKESHWAR BYPASS FROM KM 515.000 TO KM 555.017 OF NH 48,NHAI,,ROAD TRANSPORT AND HIGHWAYS,Karnataka,10/2022,,04/2025,12/2025,1479.3,1479.3,676.61,83.98,QPISR_QR_1st_2025-26.pdf,136,Table 7: Project List: Ongoing Projects,SUCCESS
2025-06,688,,N24001680,ALTERNATE_IDENTIFIER,4L OF SANNUR TO BIKARNAKATTE SECTION FROM KARKALA TO MANGALORE,NHAI,,ROAD TRANSPORT AND HIGHWAYS,Karnataka,03/2021,,10/2024,06/2026,1409.68,1808.12,1039.17,59.0,QPISR_QR_1st_2025-26.pdf,137,Table 7: Project List: Ongoing Projects,SUCCESS
2025-06,689,,N24001681,ALTERNATE_IDENTIFIER,TUMKUR - NELAMANGALA(6L),NHAI,,ROAD TRANSPORT AND HIGHWAYS,Karnataka,08/2022,,08/2025,03/2026,2032.15,2032.15,185.64,52.88,QPISR_QR_1st_2025-26.pdf,137,Table 7: Project List: Ongoing Projects,SUCCESS
2025-06,690,,N24001682,ALTERNATE_IDENTIFIER,UPGRADATION 2/4 LANE NH CONNECTIVITY UNDER SAGARMALA SCHEME SH 2 HAVERI YEKAMBI SH 69 YEKAMBI KUMTA,NHAI,,ROAD TRANSPORT AND HIGHWAYS,Karnataka,11/2021,,03/2024,03/2024,294.62,309.9,57.86,15.14,QPISR_QR_1st_2025-26.pdf,137,Table 7: Project List: Ongoing Projects,SUCCESS
2025-06,691,,N24001683,ALTERNATE_IDENTIFIER,AURAD - BIDAR KM 0.00 TO KM 45.878,NHAI,,ROAD TRANSPORT AND HIGHWAYS,Karnataka,09/2021,,04/2023,12/2024,912.37,,255.94,100.0,QPISR_QR_1st_2025-26.pdf,137,Table 7: Project List: Ongoing Projects,SUCCESS
2025-06,692,,N24001684,ALTERNATE_IDENTIFIER,4L OF CHANNARAYAPATNA BYPASS AND HASSAN BYPASS WITH STRUCTURES IN DEVIHALLI -HASSAN SECTION,NHAI,,ROAD TRANSPORT AND HIGHWAYS,Karnataka,09/2020,,01/2023,09/2020,688.0,602.09,514.23,80.07,QPISR_QR_1st_2025-26.pdf,137,Table 7: Project List: Ongoing Projects,SUCCESS
2025-06,693,,N24001686,ALTERNATE_IDENTIFIER,FOUR LANING OF BANAVARA TO BETTADAHALLI SECTION FROM KM. 119+790 (DESIGN KM. 121+900) TO KM. 166+100,NHAI,,ROAD TRANSPORT AND HIGHWAYS,Karnataka,03/2021,,03/2023,12/2025,1065.06,1444.5,736.55,93.5,QPISR_QR_1st_2025-26.pdf,137,Table 7: Project List: Ongoing Projects,SUCCESS
2025-06,694,,N24001687,ALTERNATE_IDENTIFIER,FOUR LANING OF BETTADAHALLI TO SRIRAMPURA SECTION FROM KM. 166+100 (DESIGN KM. 170+415) TO KM. 217+0,NHAI,,ROAD TRANSPORT AND HIGHWAYS,Karnataka,10/2021,,10/2023,12/2025,1331.77,2082.98,483.94,77.06,QPISR_QR_1st_2025-26.pdf,137,Table 7: Project List: Ongoing Projects,SUCCESS
2025-06,695,,N24001691,ALTERNATE_IDENTIFIER,FOUR LANING OF KARADI TO BANAVARA SECTION FROM KM. 66+540 (DESIGN KM. 65+195) TO KM. 119+790 (DESIGN,NHAI,,ROAD TRANSPORT AND HIGHWAYS,Karnataka,10/2019,,10/2021,12/2025,1225.24,1505.85,1043.0,96.85,QPISR_QR_1st_2025-26.pdf,137,Table 7: Project List: Ongoing Projects,SUCCESS
2025-06,696,,N24001936,ALTERNATE_IDENTIFIER,BALANCE WORK OF CONTSRUCTION OF TWO/FOUR LANE WITH PAVED SHOULDER FROM KM. 54.370 TO KM. 101.400 (BI,MoRTH,,ROAD TRANSPORT AND HIGHWAYS,Karnataka,03/2021,,03/2023,07/2024,344.79,,10.0,90.0,QPISR_QR_1st_2025-26.pdf,138,Table 7: Project List: Ongoing Projects,SUCCESS
2025-06,697,,N24001937,ALTERNATE_IDENTIFIER,BALANCE WORK OF REHABILITATION AND UPGRADING TO 2LANE/2LANE WITH PAVED SHOULDER CONFIGURATION AND ST,MoRTH,,ROAD TRANSPORT AND HIGHWAYS,Karnataka,02/2023,,02/2024,02/2025,398.48,,5.0,50.0,QPISR_QR_1st_2025-26.pdf,138,Table 7: Project List: Ongoing Projects,SUCCESS
2025-06,698,,N24001938,ALTERNATE_IDENTIFIER,"CONSTRUCTION OF ELEVATED CORRIDOR FROM KM. 135.650 TO 136.300 ON 63, FROM KM. 249 TO KM. 250.050 ON",MoRTH,,ROAD TRANSPORT AND HIGHWAYS,Karnataka,06/2021,,06/2024,06/2025,298.0,,10.7,52.0,QPISR_QR_1st_2025-26.pdf,138,Table 7: Project List: Ongoing Projects,SUCCESS
2025-06,699,,N24001940,ALTERNATE_IDENTIFIER,WIDENING TO 2 LANE WITH PAVED SHOULDERS FROM DESIGN KM 103.200 (EXISTING KM 103.200) TO DESIGN KM 11,MoRTH,,ROAD TRANSPORT AND HIGHWAYS,Karnataka,01/2023,,01/2026,09/2025,166.58,,3.54,0.0,QPISR_QR_1st_2025-26.pdf,138,Table 7: Project List: Ongoing Projects,SUCCESS
2025-06,700,,N24001941,ALTERNATE_IDENTIFIER,WIDENING TO 4 LANE FROM KM. 133.00 TO 158.04 (DESIGN CHAINAGE KM. 130.88 TO 155.145) (SHIRUR CROSS T,MoRTH,,ROAD TRANSPORT AND HIGHWAYS,Karnataka,01/2023,,01/2025,01/2025,350.69,,10.0,56.0,QPISR_QR_1st_2025-26.pdf,138,Table 7: Project List: Ongoing Projects,SUCCESS
2025-06,701,,N24001943,ALTERNATE_IDENTIFIER,WIDENING TO TWO LANE WITH PAVED SHOULDERS FROM KM. 33.13 TO KM. 40.23 AND KM. 52.00 TO KM. 71.00 (EX,MoRTH,,ROAD TRANSPORT AND HIGHWAYS,Karnataka,09/2022,,03/2024,01/2025,172.98,,6.48,65.0,QPISR_QR_1st_2025-26.pdf,138,Table 7: Project List: Ongoing Projects,SUCCESS
2025-06,702,,N24001944,ALTERNATE_IDENTIFIER,WIDENING TO INTERMEDIATE/TWO LANE TO 2 LANE WITH PAVED SHOULDER FROM EXISTING CHANAGES KM 112.750 TO,MoRTH,,ROAD TRANSPORT AND HIGHWAYS,Karnataka,01/2023,,06/2024,07/2024,255.88,,60.99,78.24,QPISR_QR_1st_2025-26.pdf,138,Table 7: Project List: Ongoing Projects,SUCCESS
2025-06,703,,N24001945,ALTERNATE_IDENTIFIER,WIDENING TO 2 LANE WITH PAVED SHOULDERS FROM KM 116.800 TO 149.070(DESIGN CHANGES) ON HOSADURGA HOL,MoRTH,,ROAD TRANSPORT AND HIGHWAYS,Karnataka,08/2022,,02/2024,12/2024,170.34,,4.25,72.0,QPISR_QR_1st_2025-26.pdf,138,Table 7: Project List: Ongoing Projects,SUCCESS
2025-06,704,,N24001946,ALTERNATE_IDENTIFIER,"WIDENING TO 2 LANES WITH PAVED SHOULDERS FROM KM 24.400 TO 27.270, 40.500 TO 41.900, 84.300 TO 88.20",MoRTH,,ROAD TRANSPORT AND HIGHWAYS,Karnataka,11/2022,,11/2024,11/2024,218.93,,10.0,95.25,QPISR_QR_1st_2025-26.pdf,139,Table 7: Project List: Ongoing Projects,SUCCESS
2025-06,705,,N24001947,ALTERNATE_IDENTIFIER,WIDENING TO EXISTING 2 LANE WITH PAVED SHOULDER TO 4 LANE WITH PAVED SHOULDER FROM DESIGN KM 153.00,MoRTH,,ROAD TRANSPORT AND HIGHWAYS,Karnataka,02/2023,,02/2025,02/2025,177.94,,6.66,47.0,QPISR_QR_1st_2025-26.pdf,139,Table 7: Project List: Ongoing Projects,SUCCESS
2025-06,706,,N24001948,ALTERNATE_IDENTIFIER,WIDENING TO 4 LANE FROM KM 51.60 TO 76.20 (HEBRI TO PARKALA) AND FROM KM 85.20 TO 88.90 (KARAVALI JU,MoRTH,,ROAD TRANSPORT AND HIGHWAYS,Karnataka,10/2022,,10/2024,12/2024,355.72,,11.32,60.0,QPISR_QR_1st_2025-26.pdf,139,Table 7: Project List: Ongoing Projects,SUCCESS
2025-06,707,,N24001989,ALTERNATE_IDENTIFIER,FOUR LANING OF LEFT OVER WORKS OF HOSPET BELLARY KARNATAKA/ AP BORDER FROM KM.280.080 TO KM. 375.450,NHAI,,ROAD TRANSPORT AND HIGHWAYS,Karnataka,03/2023,,05/2025,,830.28,,692.62,77.1,QPISR_QR_1st_2025-26.pdf,139,Table 7: Project List: Ongoing Projects,SUCCESS
2025-06,708,,N24001993,ALTERNATE_IDENTIFIER,DEVELOPMENT OF 6 LANE ACCESS CONTROLLED GREENFIELD HIGHWAY FROM KM. 97.000 TO KM. 162.500 MARADGI S,NHAI,,ROAD TRANSPORT AND HIGHWAYS,Karnataka,12/2022,,10/2025,,1589.0,,732.47,63.15,QPISR_QR_1st_2025-26.pdf,139,Table 7: Project List: Ongoing Projects,SUCCESS
2025-06,709,,N24001994,ALTERNATE_IDENTIFIER,4/6L OF BANGALORE - PUNE SECTION OF BYPASS CONNECTING DHARWAD - HUBLI FROM KM. 403.80 TO KM. 433.20,NHAI,,ROAD TRANSPORT AND HIGHWAYS,Karnataka,05/2022,,03/2023,09/2025,1135.39,,396.27,70.68,QPISR_QR_1st_2025-26.pdf,139,Table 7: Project List: Ongoing Projects,SUCCESS
2025-06,710,,N24002011,ALTERNATE_IDENTIFIER,BALANCE WORK OF CONSTRUCTION OF TWO/FOUR LANE WITH PAVED SHOULDER FROM KM 422.000 TO 523.600 ( CHITR,MoRTH,,ROAD TRANSPORT AND HIGHWAYS,Karnataka,12/2021,,06/2024,12/2024,516.96,,19.93,75.0,QPISR_QR_1st_2025-26.pdf,139,Table 7: Project List: Ongoing Projects,SUCCESS
2025-06,711,,N24002012,ALTERNATE_IDENTIFIER,WIDENING TO TWO LANE WITH PAVED SHOULDERS FROM KM 40.00 TO KM 75.00 (EXISTING CHAINAGES) OF MANGALOR,MoRTH,,ROAD TRANSPORT AND HIGHWAYS,Karnataka,03/2023,,03/2025,03/2025,718.52,,24.81,23.0,QPISR_QR_1st_2025-26.pdf,139,Table 7: Project List: Ongoing Projects,SUCCESS
2025-06,712,,N24002013,ALTERNATE_IDENTIFIER,CONSTRUCTION OF TWO LANE WITH PAVED SHOULDER FROM KM.0 TO KM. 80 ON NH 548B (VIJAYAPURA-SANKESWAR SE,MoRTH,,ROAD TRANSPORT AND HIGHWAYS,Karnataka,03/2021,,02/2022,10/2024,766.64,,13.55,75.0,QPISR_QR_1st_2025-26.pdf,140,Table 7: Project List: Ongoing Projects,SUCCESS
2025-06,713,,N24002186,ALTERNATE_IDENTIFIER,WIDENING TO 2 LANE WITH PAVED SHOULDERS FROM DESIGN KM 103.200 (EXISTING KM 103.200) TO DESIGN KM 11,MoRTH,,ROAD TRANSPORT AND HIGHWAYS,Karnataka,03/2024,,09/2025,,166.58,,3.62,0.0,QPISR_QR_1st_2025-26.pdf,140,Table 7: Project List: Ongoing Projects,SUCCESS
2025-06,714,,N24002187,ALTERNATE_IDENTIFIER,CONSTRUCTION OF 2 LANE WITH PAVED SHOULDER FROM KM 55.6 TO KM 90.7 (EXISTING CHAINAGES) OF NH-766C (,MoRTH,,ROAD TRANSPORT AND HIGHWAYS,Karnataka,02/2024,,02/2026,,313.56,,53.65,0.0,QPISR_QR_1st_2025-26.pdf,140,Table 7: Project List: Ongoing Projects,SUCCESS
2025-06,715,,N24002188,ALTERNATE_IDENTIFIER,WIDENING TO 2L+PS FROM KM 71.00 TO 104.00 (EXISTING CHAINAGES) (SARJAPUR TO PATTADKALLU) ON BHANAPUR,MoRTH,,ROAD TRANSPORT AND HIGHWAYS,Karnataka,03/2024,,03/2026,,445.62,,33.24,0.0,QPISR_QR_1st_2025-26.pdf,140,Table 7: Project List: Ongoing Projects,SUCCESS
2025-06,716,,N24002189,ALTERNATE_IDENTIFIER,WIDENING TO TWO LANE WITH PAVED SHOULDERS FROM KM 0.00 (DESIGN CHAINAGE 0.00) TO KM 23.338 (DESIGN C,MoRTH,,ROAD TRANSPORT AND HIGHWAYS,Karnataka,09/2024,,03/2026,,196.05,,2.34,0.0,QPISR_QR_1st_2025-26.pdf,140,Table 7: Project List: Ongoing Projects,SUCCESS
2025-06,717,,N24000334,ALTERNATE_IDENTIFIER,STRENGTHENING AND WIDENING TO TWO LANE WITH PAVED SHOULDERS FROM KM.106.00 TO 153.00 OF NH-218 BIJAP,MoRTH,,ROAD TRANSPORT AND HIGHWAYS,Karnataka,03/2015,,11/2015,08/2024,165.67,,126.47,98.99,QPISR_QR_1st_2025-26.pdf,140,Table 7: Project List: Ongoing Projects,SUCCESS
2025-06,718,,N24000462,ALTERNATE_IDENTIFIER,4-LANING OF GOA/KARNATAKA BORDER- KUNDAPUR SECTION,NHAI,,ROAD TRANSPORT AND HIGHWAYS,Karnataka,07/2012,,08/2016,01/2020,1655.01,1990.99,1824.1,97.8,QPISR_QR_1st_2025-26.pdf,140,Table 7: Project List: Ongoing Projects,SUCCESS
2025-06,719,,N24000552,ALTERNATE_IDENTIFIER,4-LANNING EXISTING KM 189.700 TO 237.00] HASSAN TO MARANAHALLY,NHAI,,ROAD TRANSPORT AND HIGHWAYS,Karnataka,03/2016,,03/2019,12/2023,701.4,591.86,923.99,88.0,QPISR_QR_1st_2025-26.pdf,140,Table 7: Project List: Ongoing Projects,SUCCESS
2025-06,720,,N24000603,ALTERNATE_IDENTIFIER,HOSPET-BELLARY-KARNATAKA AP BORDER,NHAI,,ROAD TRANSPORT AND HIGHWAYS,Karnataka,08/2016,,03/2019,05/2025,1167.42,,1028.39,0.0,QPISR_QR_1st_2025-26.pdf,141,Table 7: Project List: Ongoing Projects,SUCCESS
2025-06,721,,N24001156,ALTERNATE_IDENTIFIER,WIDENING TO TWO LANE WITH PAVED SHOULDER FROM KM 544.200 TO KM 594.000 OF NH-150A HOSMANE CROSS ? PA,MoRTH,,ROAD TRANSPORT AND HIGHWAYS,Karnataka,01/2017,,09/2017,05/2023,166.67,,192.08,100.0,QPISR_QR_1st_2025-26.pdf,141,Table 7: Project List: Ongoing Projects,SUCCESS
2025-06,722,,N24001157,ALTERNATE_IDENTIFIER,IMPROVEMENTS AND RECONSTRUCTION TO TWO LANE WITH PAVED SHOULDERS FROM KM 243.20 TO KM 290.20 OF NH,MoRTH,,ROAD TRANSPORT AND HIGHWAYS,Karnataka,08/2016,,02/2017,07/2024,175.5,,178.73,90.01,QPISR_QR_1st_2025-26.pdf,141,Table 7: Project List: Ongoing Projects,SUCCESS
2025-06,723,,N24001158,ALTERNATE_IDENTIFIER,RECONSTRUCTION TO TWO LANE WITH PAVED SHOULDERS FROM DS. CH. 442+180 (EX. KM 448.00) TO DS. CH.485+2,MoRTH,,ROAD TRANSPORT AND HIGHWAYS,Karnataka,03/2018,,06/2019,12/2023,159.97,,113.15,100.0,QPISR_QR_1st_2025-26.pdf,141,Table 7: Project List: Ongoing Projects,SUCCESS
2025-06,724,,N24001159,ALTERNATE_IDENTIFIER,WIDENING TO TWO LANE WITH PAVED SHOULDERS FROM KM 20.150 TO KM 40.00 OF BC ROAD KOTTIGEHARA SECTION,MoRTH,,ROAD TRANSPORT AND HIGHWAYS,Karnataka,01/2018,,07/2018,,159.7,,142.88,100.0,QPISR_QR_1st_2025-26.pdf,141,Table 7: Project List: Ongoing Projects,SUCCESS
2025-06,725,,N24001160,ALTERNATE_IDENTIFIER,WIDENING TO TWO LANE WITH PAVED SHOULDER FROM KM 194.900 TO KM 243.200 OF NH-234 BANAVARA-HULIYAR,MoRTH,,ROAD TRANSPORT AND HIGHWAYS,Karnataka,09/2017,,10/2018,04/2022,191.6,,112.01,100.0,QPISR_QR_1st_2025-26.pdf,141,Table 7: Project List: Ongoing Projects,SUCCESS
2025-06,726,,N24001161,ALTERNATE_IDENTIFIER,WIDENING TO TWO LANE WITH PAVED SHOULDERS FROM 24.600 TO 70.063 OF MUDIGERE TO KADUR SECTION OF NH-,MoRTH,,ROAD TRANSPORT AND HIGHWAYS,Karnataka,12/2017,,01/2019,04/2022,297.3,,277.27,100.0,QPISR_QR_1st_2025-26.pdf,141,Table 7: Project List: Ongoing Projects,SUCCESS
2025-06,727,,N24001162,ALTERNATE_IDENTIFIER,IMPROVEMENT AND RECONSTRUCTION TO TWO LANE WITH PAVED SHOULDERS FROM KM 489.845 (NEW KM.58.125) AN,MoRTH,,ROAD TRANSPORT AND HIGHWAYS,Karnataka,03/2018,,10/2018,11/2022,325.86,,356.76,100.0,QPISR_QR_1st_2025-26.pdf,141,Table 7: Project List: Ongoing Projects,SUCCESS
2025-06,728,,N24001164,ALTERNATE_IDENTIFIER,WIDENING TO 2 LANE WITH PAVED SHOULDERS FROM KM 0 TO 54 OF NH-50 UNDER EPC MODE IN THE STATE OF KARN,MoRTH,,ROAD TRANSPORT AND HIGHWAYS,Karnataka,10/2016,,03/2017,07/2022,396.96,,329.58,100.0,QPISR_QR_1st_2025-26.pdf,142,Table 7: Project List: Ongoing Projects,SUCCESS
2025-06,729,,N24001165,ALTERNATE_IDENTIFIER,WIDENING TO 2 LANE WITH PAVED SHOULDERS FROM KM 34.00 TO 70.900 OF NH- 150 UNDER EPC MODE IN THE STAT,MoRTH,,ROAD TRANSPORT AND HIGHWAYS,Karnataka,11/2016,,03/2017,10/2021,314.9,,233.95,100.0,QPISR_QR_1st_2025-26.pdf,142,Table 7: Project List: Ongoing Projects,SUCCESS
2025-06,730,,N24001166,ALTERNATE_IDENTIFIER,WIDENING TWO LANE WITH PAVED SHOULDERS FROM FROM KM.56.00 TO 106.00 OF NH-218 (218-KNT-2014-15-775),MoRTH,,ROAD TRANSPORT AND HIGHWAYS,Karnataka,03/2015,,01/2016,,159.12,,127.72,98.0,QPISR_QR_1st_2025-26.pdf,142,Table 7: Project List: Ongoing Projects,SUCCESS
2025-06,731,,N24001168,ALTERNATE_IDENTIFIER,ESTIMATE FOR WIDENING TWO LANE TO FOUR LANE FROM FROM KM.129.00 TO 144.00 OF NH-63 ANKOLA-GOOTY SECT,MoRTH,,ROAD TRANSPORT AND HIGHWAYS,Karnataka,05/2018,,05/2018,12/2023,171.6,,129.72,100.0,QPISR_QR_1st_2025-26.pdf,142,Table 7: Project List: Ongoing Projects,SUCCESS
2025-06,732,,N24001172,ALTERNATE_IDENTIFIER,WIDENING TO TWO LANE WITH PAVED SHOULDER FROM KM 4.40 TO KM 56.00 OF NH- 218 BIJAPURA-HUBLI SECTION U,MoRTH,,ROAD TRANSPORT AND HIGHWAYS,Karnataka,01/2017,,08/2017,,291.49,,238.77,100.0,QPISR_QR_1st_2025-26.pdf,142,Table 7: Project List: Ongoing Projects,SUCCESS
2025-06,733,,N24001173,ALTERNATE_IDENTIFIER,CONSTRUCTION OF MAJOR BRIDGE AT KM 180.865 ACROSS RIVER KRISHNA ON NH-167 HAGARI ? JADERCELA SECTION,MoRTH,,ROAD TRANSPORT AND HIGHWAYS,Karnataka,02/2017,,05/2019,,157.32,188.0,43.16,60.0,QPISR_QR_1st_2025-26.pdf,142,Table 7: Project List: Ongoing Projects,SUCCESS
2025-06,734,,N12000136,ALTERNATE_IDENTIFIER,"SCREENING PLANT-II, DONIMALAI",NMDC,,STEEL,Karnataka,09/2023,,08/2026,,1043.63,,201.25,21.5,QPISR_QR_1st_2025-26.pdf,142,Table 7: Project List: Ongoing Projects,SUCCESS
2025-06,735,,N28000058,ALTERNATE_IDENTIFIER,BANGALORE METRO RAIL PROJECT PHASE-2,BMRCL,,URBAN DEVELOPMENT,Karnataka,02/2014,,02/2021,,26405.14,,20936.29,0.0,QPISR_QR_1st_2025-26.pdf,142,Table 7: Project List: Ongoing Projects,SUCCESS
2025-06,736,,N28000151,ALTERNATE_IDENTIFIER,BANGALORE METRO RAIL PROJECT LIMITED. PHASE. 2A AND 2B,BMRCL,,URBAN DEVELOPMENT,Karnataka,06/2021,,06/2026,,14788.1,,2424.04,0.0,QPISR_QR_1st_2025-26.pdf,142,Table 7: Project List: Ongoing Projects,SUCCESS
2025-06,737,,N04000111,ALTERNATE_IDENTIFIER,CALICUT AIRPORT - DEVELOPMENT OF ADDITIONAL RESA ON EITHER END ON RUNWAY 10-28 AT CALICUT AIRPORT,AAI,,CIVIL AVIATION,Kerala,06/2023,,09/2025,,484.57,323.98,74.67,18.3,QPISR_QR_1st_2025-26.pdf,143,Table 7: Project List: Ongoing Projects,SUCCESS
2025-06,738,,N28000140,ALTERNATE_IDENTIFIER,"C/O PERMANENT CAMPUS OF IIT PALAKKAD PHASE IA AT PUDESSERY VILLAGE,KANJIKODE WEST, DISTRICT PALAKKA",CPWD EDUCATION,,DEPARTMENT OF HIGHER EDUCATION,Kerala,07/2019,,03/2021,,753.63,,411.86,67.0,QPISR_QR_1st_2025-26.pdf,143,Table 7: Project List: Ongoing Projects,SUCCESS
2025-06,739,,N28000112,ALTERNATE_IDENTIFIER,C/O NEW HOSPITAL BLOCK FOR SREE CHITRA TIRUNAL INSTITIUTE OF MEDICAL SCIENCE AND TECHNOLOGY (SCTIMST,CPWD FOR HEALTH,,HEALTH AND FAMILY WELFARE,Kerala,09/2017,,03/2020,05/2024,150.29,,162.52,100.0,QPISR_QR_1st_2025-26.pdf,143,Table 7: Project List: Ongoing Projects,SUCCESS
2025-06,740,,N16000508,ALTERNATE_IDENTIFIER,REPLACEMENT AND EXTENSION OF JETTY PIPELINES AT KOCHI REFINERY,BPCL,,PETROLEUM,Kerala,03/2023,,03/2026,,621.87,,180.09,82.5,QPISR_QR_1st_2025-26.pdf,143,Table 7: Project List: Ongoing Projects,SUCCESS
2025-06,741,,N16000530,ALTERNATE_IDENTIFIER,SETTING UP POLYPROPYLENE UNIT AT KOCHI REFINERY,BPCL,,PETROLEUM,Kerala,12/2023,,10/2027,,4460.0,,240.7,11.1,QPISR_QR_1st_2025-26.pdf,143,Table 7: Project List: Ongoing Projects,SUCCESS
2025-06,742,,N22000399,ALTERNATE_IDENTIFIER,TRIVANDRUM-KANYAKUMARI DOUBLING,SR,,RAILWAYS,Kerala,02/2015,,03/2024,,1431.9,,3184.42,42.1,QPISR_QR_1st_2025-26.pdf,143,Table 7: Project List: Ongoing Projects,SUCCESS
2025-06,743,,N22000619,ALTERNATE_IDENTIFIER,ERNAKULAM-KUMBALAM - PATCH DOUBLING (7.71 KM),SR,,RAILWAYS,Kerala,12/2010,,03/2028,,600.82,,282.77,8.0,QPISR_QR_1st_2025-26.pdf,143,Table 7: Project List: Ongoing Projects,SUCCESS
2025-06,744,,N22000620,ALTERNATE_IDENTIFIER,KUMBALAM-THURAVUR - PATCH DOUBLING (15.59 KM),SR,,RAILWAYS,Kerala,12/2011,,03/2027,,812.85,,287.48,7.0,QPISR_QR_1st_2025-26.pdf,143,Table 7: Project List: Ongoing Projects,SUCCESS
2025-06,745,,N24001369,ALTERNATE_IDENTIFIER,WIDENING TO 2 LANES WITH PAVED SHOULDERS FROM KM.87/000 TO 133/720 (NATTUKAL TO THANAU JN. IN PALAKK,MoRTH,,ROAD TRANSPORT AND HIGHWAYS,Kerala,02/2017,,08/2017,03/2022,294.28,296.53,286.8,98.0,QPISR_QR_1st_2025-26.pdf,143,Table 7: Project List: Ongoing Projects,SUCCESS
2025-06,746,,N24001370,ALTERNATE_IDENTIFIER,WIDENING TO 2-LANE WITH PAVED SHOULDERS FROM KM 119/017 TO KM 161/300 ON NH 85 (OLD NH 49),MoRTH,,ROAD TRANSPORT AND HIGHWAYS,Kerala,02/2017,,09/2017,01/2023,380.76,372.87,347.04,100.0,QPISR_QR_1st_2025-26.pdf,144,Table 7: Project List: Ongoing Projects,SUCCESS
2025-06,747,,N24001648,ALTERNATE_IDENTIFIER,CONSTRUCTION OF 6 LANE ELEVATED CORRIDOR ALONG WITH DEVELOPMENT OF EXISTING 4 LANE ROAD AT GROUND LE,NHAI,,ROAD TRANSPORT AND HIGHWAYS,Kerala,08/2022,,01/2026,,2429.52,,1185.0,62.02,QPISR_QR_1st_2025-26.pdf,144,Table 7: Project List: Ongoing Projects,SUCCESS
2025-06,748,,N24001649,ALTERNATE_IDENTIFIER,SIX LANING OF PARAVOOR(DESIGN KM. 417+000) TO KOTTUKULANGARA(DESIGN KM. 454+500) SECTION OF NEW NH-6,NHAI,,ROAD TRANSPORT AND HIGHWAYS,Kerala,12/2021,,02/2025,02/2025,3273.61,,789.16,61.81,QPISR_QR_1st_2025-26.pdf,144,Table 7: Project List: Ongoing Projects,SUCCESS
2025-06,749,,N24001650,ALTERNATE_IDENTIFIER,SIX LANING OF KADAMBATTUKONAM TO KAZHAKKOOTTAM SECTION OF NH-66(OLD NH- 47) FROM KM. 517+250 TO KM.54,NHAI,,ROAD TRANSPORT AND HIGHWAYS,Kerala,12/2021,,01/2025,04/2026,3635.64,,324.02,39.2,QPISR_QR_1st_2025-26.pdf,144,Table 7: Project List: Ongoing Projects,SUCCESS
2025-06,750,,N24001651,ALTERNATE_IDENTIFIER,SIX LANING OF THURAVOOR (DESIGN KM. 378+612) TO PARAVOOR (DESIGN KM.417+000) SECTION OF NEW NH-66 (O,NHAI,,ROAD TRANSPORT AND HIGHWAYS,Kerala,09/2021,,09/2024,03/2026,2878.97,,570.8,44.65,QPISR_QR_1st_2025-26.pdf,144,Table 7: Project List: Ongoing Projects,SUCCESS
2025-06,751,,N24001652,ALTERNATE_IDENTIFIER,6L MINOR BRIDGE (PALOLI PALAM) AT KM. 203.160 and MAJOR BRIDGE (MORAD) AT KM. 204.895 AND ALLIED WOR,NHAI,,ROAD TRANSPORT AND HIGHWAYS,Kerala,03/2020,,06/2022,02/2024,210.37,216.94,198.1,100.0,QPISR_QR_1st_2025-26.pdf,144,Table 7: Project List: Ongoing Projects,SUCCESS
2025-06,752,,N24001653,ALTERNATE_IDENTIFIER,SIX LANING FROM KODUNGALLUR TO EDAPALLY SECTION OF NH ?66 (OLD NH-17) FROM DESIGN CHAINAGE 397+750 (,NHAI,,ROAD TRANSPORT AND HIGHWAYS,Kerala,11/2021,,04/2025,,3565.82,,2082.0,62.43,QPISR_QR_1st_2025-26.pdf,144,Table 7: Project List: Ongoing Projects,SUCCESS
2025-06,753,,N24001654,ALTERNATE_IDENTIFIER,SIX LANING OF START OF KOLLAM BYPASS (KM.486+000) KADAMBATTUKONAM (KM.517+250) SECTION OF NEW NH-66,NHAI,,ROAD TRANSPORT AND HIGHWAYS,Kerala,06/2021,,03/2025,02/2026,2641.37,,607.07,76.9,QPISR_QR_1st_2025-26.pdf,144,Table 7: Project List: Ongoing Projects,SUCCESS
2025-06,754,,N24001655,ALTERNATE_IDENTIFIER,SIX LANING FROM KAPPIRIKKAD TO THALIKULAM SECTION OF NH ? 66 (OLD NH-17) FROM DESIGN CH. 335+850 (EX,NHAI,,ROAD TRANSPORT AND HIGHWAYS,Kerala,06/2021,,02/2025,,3606.0,3946.56,3120.31,73.35,QPISR_QR_1st_2025-26.pdf,145,Table 7: Project List: Ongoing Projects,SUCCESS
2025-06,755,,N24001656,ALTERNATE_IDENTIFIER,SIX LANING FROM THALIKULAM TO KODUNGALLUR SECTION OF NH ? 66 (OLD NH- 17) FROM DESIGN CH.369+015 (EX.,NHAI,,ROAD TRANSPORT AND HIGHWAYS,Kerala,06/2021,,03/2025,,2595.0,,3071.01,66.73,QPISR_QR_1st_2025-26.pdf,145,Table 7: Project List: Ongoing Projects,SUCCESS
2025-06,756,,N24001657,ALTERNATE_IDENTIFIER,SIX LANING OF KOTTUKULANGARA (DESIGN KM. 454+500) TO START OF KOLLAM BYPASS (DESIGN KM. 486+000) SEC,NHAI,,ROAD TRANSPORT AND HIGHWAYS,Kerala,06/2021,,10/2024,12/2025,2842.14,,477.69,71.3,QPISR_QR_1st_2025-26.pdf,145,Table 7: Project List: Ongoing Projects,SUCCESS
2025-06,757,,N24001658,ALTERNATE_IDENTIFIER,SIX LANING OF RAMANATTUKARA JUNCTION TO START OF VALANCHERY BYPASS SECTION OF NH-66 (OLD NH-17) FROM,NHAI,,ROAD TRANSPORT AND HIGHWAYS,Kerala,01/2021,,07/2024,03/2025,4265.42,,3474.31,99.1,QPISR_QR_1st_2025-26.pdf,145,Table 7: Project List: Ongoing Projects,SUCCESS
2025-06,758,,N24001659,ALTERNATE_IDENTIFIER,SIX LANING FROM START OF VALANCHERY BYPASS TO KAPPIRIKKAD-SECTION OF NH- 66(OLD NH-17) FROM DESIGN CH,NHAI,,ROAD TRANSPORT AND HIGHWAYS,Kerala,02/2021,,07/2024,03/2025,3375.31,3824.07,2351.62,98.4,QPISR_QR_1st_2025-26.pdf,145,Table 7: Project List: Ongoing Projects,SUCCESS
2025-06,759,,N24001660,ALTERNATE_IDENTIFIER,SIX LANING OF THALIPARAMBHA- MUZHAPILANGAD SECTION FROM KM 137.900 TO KM. 170.600 OF NH-17 (NEW NH,NHAI,,ROAD TRANSPORT AND HIGHWAYS,Kerala,08/2020,,02/2024,08/2025,2714.6,3557.65,1904.06,72.77,QPISR_QR_1st_2025-26.pdf,145,Table 7: Project List: Ongoing Projects,SUCCESS
2025-06,760,,N24001661,ALTERNATE_IDENTIFIER,6L OF AZHIYUR-VENGALAM FROM KM. 189.200 TO KM. 230.400 OF NH-66,NHAI,,ROAD TRANSPORT AND HIGHWAYS,Kerala,10/2020,,04/2024,05/2025,3219.47,3898.46,2295.34,58.14,QPISR_QR_1st_2025-26.pdf,145,Table 7: Project List: Ongoing Projects,SUCCESS
2025-06,761,,N24001662,ALTERNATE_IDENTIFIER,SIX LANING OF KT/KL BORDER (THALAPPDY) TO CHENGALA SECTION OF NH17 (NEW NH-66) FROM CH. 17.200 TO CH,NHAI,,ROAD TRANSPORT AND HIGHWAYS,Kerala,05/2020,,05/2024,11/2021,1981.07,2651.79,1543.14,97.38,QPISR_QR_1st_2025-26.pdf,145,Table 7: Project List: Ongoing Projects,SUCCESS
2025-06,762,,N24001663,ALTERNATE_IDENTIFIER,SIX LANING OF NEELESHWARAM TO THALIPARAMBHA SECTION FROM CH. 94+540 (EXISTING KM 96+450) TO CH. 134+,NHAI,,ROAD TRANSPORT AND HIGHWAYS,Kerala,06/2020,,04/2024,10/2021,3041.65,3867.66,2406.52,82.75,QPISR_QR_1st_2025-26.pdf,146,Table 7: Project List: Ongoing Projects,SUCCESS
2025-06,763,,N24001664,ALTERNATE_IDENTIFIER,SIX LANING OF CHENGALA TO NEELESHWARAM SECTION OF NH-17 (NEW NH- 66) FROM CH. 56+200 (EXISTING KM 57+,NHAI,,ROAD TRANSPORT AND HIGHWAYS,Kerala,06/2020,,04/2024,10/2021,1746.45,2538.06,1262.19,79.25,QPISR_QR_1st_2025-26.pdf,146,Table 7: Project List: Ongoing Projects,SUCCESS
2025-06,764,,N24002074,ALTERNATE_IDENTIFIER,WIDENING/DEVELOPMENT OF EXISTING NH-85 FROM KM 0.000 TO KM 124.636 SECTION TO 2L/@L+PS SECTION IN TH,NHAI,,ROAD TRANSPORT AND HIGHWAYS,Kerala,08/2022,,06/2025,,1231.74,,486.0,49.7,QPISR_QR_1st_2025-26.pdf,146,Table 7: Project List: Ongoing Projects,SUCCESS
2025-06,765,,N24000704,ALTERNATE_IDENTIFIER,4-LANNING OF THALSERRY -MAHE BYPASS,NHAI,,ROAD TRANSPORT AND HIGHWAYS,Kerala,09/2017,,05/2020,11/2023,1124.11,1573.18,1527.28,100.0,QPISR_QR_1st_2025-26.pdf,146,Table 7: Project List: Ongoing Projects,SUCCESS
2025-06,766,,N24000784,ALTERNATE_IDENTIFIER,6-LANING OF KOZHIKODE BYPASS (CALICUT BYPASS) (I.E. VENGALAM JN. TO RAMANATTUKARA JN.) SECTION OF NH,NHAI,,ROAD TRANSPORT AND HIGHWAYS,Kerala,02/2018,,02/2023,12/2024,1424.77,2065.95,902.09,95.5,QPISR_QR_1st_2025-26.pdf,146,Table 7: Project List: Ongoing Projects,SUCCESS
2025-06,767,,N28000158,ALTERNATE_IDENTIFIER,KOCHI METRO RAIL PROJECT PHASE II FROM JLN STADIUM TO INFOPARK VIA KAKKANAD,KMRCL,,URBAN DEVELOPMENT,Kerala,07/2018,,11/2026,,1957.05,,250.63,7.4,QPISR_QR_1st_2025-26.pdf,146,Table 7: Project List: Ongoing Projects,SUCCESS
2025-06,768,,N28000159,ALTERNATE_IDENTIFIER,KOCHI METRO RAIL PROJECT PHASE IB SECTION FROM S N JUNCTION TO THRIPUNITHURA,KMRCL,,URBAN DEVELOPMENT,Kerala,06/2019,,09/2023,,355.7,448.0,448.39,100.0,QPISR_QR_1st_2025-26.pdf,146,Table 7: Project List: Ongoing Projects,SUCCESS
2025-06,769,,N04000078,ALTERNATE_IDENTIFIER,CONSTRUCTION OF TERMINAL BUILDING AND ASSOCIATED WORKS AT LEH AIRPORT,AAI,,CIVIL AVIATION,Ladakh,07/2018,,09/2021,10/2025,480.33,640.0,416.49,65.92,QPISR_QR_1st_2025-26.pdf,146,Table 7: Project List: Ongoing Projects,SUCCESS
2025-06,770,,N24001343,ALTERNATE_IDENTIFIER,KARGIL-ZANSKR PACKAGE-1,NHIDCL,,ROAD TRANSPORT AND HIGHWAYS,Ladakh,03/2021,,01/2023,12/2024,384.23,,162.54,60.4,QPISR_QR_1st_2025-26.pdf,146,Table 7: Project List: Ongoing Projects,SUCCESS
2025-06,771,,N24001344,ALTERNATE_IDENTIFIER,KARGIL-ZANSKR PACKAGE-2,NHIDCL,,ROAD TRANSPORT AND HIGHWAYS,Ladakh,03/2021,,01/2023,02/2025,404.89,,244.21,67.27,QPISR_QR_1st_2025-26.pdf,147,Table 7: Project List: Ongoing Projects,SUCCESS
2025-06,772,,N24001345,ALTERNATE_IDENTIFIER,KARGIL-ZANSKR PACKAGE-3,NHIDCL,,ROAD TRANSPORT AND HIGHWAYS,Ladakh,08/2020,,01/2023,08/2025,381.01,,230.28,76.11,QPISR_QR_1st_2025-26.pdf,147,Table 7: Project List: Ongoing Projects,SUCCESS
2025-06,773,,N24001348,ALTERNATE_IDENTIFIER,KARGIL-ZANSKR PACKAGE-8,NHIDCL,,ROAD TRANSPORT AND HIGHWAYS,Ladakh,03/2021,,01/2023,08/2025,398.37,,279.84,84.05,QPISR_QR_1st_2025-26.pdf,147,Table 7: Project List: Ongoing Projects,SUCCESS
2025-06,774,,N24001999,ALTERNATE_IDENTIFIER,CONSTRUCTION OF REALIGNMENT BETWEEN PANDRASS- PASHKYUN (TOTAL LENGTH 27.10 KM) ON ROAD ZOZILA-KARGIL,BRO,,ROAD TRANSPORT AND HIGHWAYS,Ladakh,11/2021,,06/2025,,426.14,,16.27,37.0,QPISR_QR_1st_2025-26.pdf,147,Table 7: Project List: Ongoing Projects,SUCCESS
2025-06,775,,N04000087,ALTERNATE_IDENTIFIER,UPGRADATION OF JABALPUR AIRPORT,AAI,,CIVIL AVIATION,Madhya Pradesh,06/2016,,06/2021,07/2024,412.24,,403.17,100.0,QPISR_QR_1st_2025-26.pdf,147,Table 7: Project List: Ongoing Projects,SUCCESS
2025-06,776,,N04000098,ALTERNATE_IDENTIFIER,DEVELOPMENT OF GWALIOR AIRPORT PHASE 01,AAI,,CIVIL AVIATION,Madhya Pradesh,10/2021,,08/2023,08/2024,446.12,455.0,451.55,100.0,QPISR_QR_1st_2025-26.pdf,147,Table 7: Project List: Ongoing Projects,SUCCESS
2025-06,777,,N06000125,ALTERNATE_IDENTIFIER,KANCHAN OC EXPANSION,SECL,,CIVIL AVIATION,Madhya Pradesh,12/2014,,03/2021,03/2026,371.04,,137.63,47.0,QPISR_QR_1st_2025-26.pdf,147,Table 7: Project List: Ongoing Projects,SUCCESS
2025-06,778,,N06000148,ALTERNATE_IDENTIFIER,AMADAND OPENCAST EXPANSION PROJECT,SECL,,CIVIL AVIATION,Madhya Pradesh,03/2016,,03/2021,03/2027,869.44,,272.09,75.0,QPISR_QR_1st_2025-26.pdf,147,Table 7: Project List: Ongoing Projects,SUCCESS
2025-06,779,,N06000183,ALTERNATE_IDENTIFIER,GANDHIGRAM UG MINE,WCL,,CIVIL AVIATION,Madhya Pradesh,08/2019,,03/2026,,414.16,,11.75,28.0,QPISR_QR_1st_2025-26.pdf,147,Table 7: Project List: Ongoing Projects,SUCCESS
2025-06,780,,N06000184,ALTERNATE_IDENTIFIER,BLOCK-B EXPANSION OPENCAST PROJECT,NCL,,CIVIL AVIATION,Madhya Pradesh,07/2019,,03/2023,,998.71,,453.75,46.24,QPISR_QR_1st_2025-26.pdf,147,Table 7: Project List: Ongoing Projects,SUCCESS
2025-06,781,,N06000196,ALTERNATE_IDENTIFIER,NIGAHI EXPANSION OCP (15 TO 25 MTPA),NCL,,CIVIL AVIATION,Madhya Pradesh,11/2020,,03/2025,,1729.68,,772.95,44.93,QPISR_QR_1st_2025-26.pdf,148,Table 7: Project List: Ongoing Projects,SUCCESS
2025-06,782,,N06000233,ALTERNATE_IDENTIFIER,RAMPUR BATURA OC (4.0 MTY),SECL,,CIVIL AVIATION,Madhya Pradesh,07/2019,,03/2026,,1248.93,,490.58,44.0,QPISR_QR_1st_2025-26.pdf,148,Table 7: Project List: Ongoing Projects,SUCCESS
2025-06,783,,N06000250,ALTERNATE_IDENTIFIER,TAWA III UG MINE,WCL,,CIVIL AVIATION,Madhya Pradesh,12/2021,,03/2027,,314.09,,0.56,9.0,QPISR_QR_1st_2025-26.pdf,148,Table 7: Project List: Ongoing Projects,SUCCESS
2025-06,784,,N06000257,ALTERNATE_IDENTIFIER,AMALGAMATED DHANKASA JAMUNIA UG (1.84 MTY),WCL,,CIVIL AVIATION,Madhya Pradesh,09/2022,,03/2027,,399.2,,64.13,42.0,QPISR_QR_1st_2025-26.pdf,148,Table 7: Project List: Ongoing Projects,SUCCESS
2025-06,785,,N06000260,ALTERNATE_IDENTIFIER,VISHNUPURI UG TO OC,WCL,,CIVIL AVIATION,Madhya Pradesh,11/2022,,03/2029,,220.62,,,7.0,QPISR_QR_1st_2025-26.pdf,148,Table 7: Project List: Ongoing Projects,SUCCESS
2025-06,786,,N06000265,ALTERNATE_IDENTIFIER,URDHAN OC,WCL,,CIVIL AVIATION,Madhya Pradesh,01/2023,,03/2031,,206.88,,22.12,9.0,QPISR_QR_1st_2025-26.pdf,148,Table 7: Project List: Ongoing Projects,SUCCESS
2025-06,787,,N06000266,ALTERNATE_IDENTIFIER,SHARDA UG,WCL,,CIVIL AVIATION,Madhya Pradesh,09/2023,,03/2028,,166.25,,1.69,11.0,QPISR_QR_1st_2025-26.pdf,148,Table 7: Project List: Ongoing Projects,SUCCESS
2025-06,788,,N16000518,ALTERNATE_IDENTIFIER,ETHYLENE CRACKER PROJECT AT BINA REFINERY INCLUDING DOWNSTREAM PETROCHEMICAL PLANTS AND EXPANSION OF,BPCL,,PETROLEUM,Madhya Pradesh,05/2023,,05/2028,,43367.0,,1687.0,13.0,QPISR_QR_1st_2025-26.pdf,148,Table 7: Project List: Ongoing Projects,SUCCESS
2025-06,789,,N18000348,ALTERNATE_IDENTIFIER,SHAJAPUR 325MW SOLAR PV PROJECT,NTPC,,PETROLEUM,Madhya Pradesh,06/2022,,03/2024,06/2025,1530.49,,1219.41,100.0,QPISR_QR_1st_2025-26.pdf,148,Table 7: Project List: Ongoing Projects,SUCCESS
2025-06,790,,N18000392,ALTERNATE_IDENTIFIER,TS FOR EVACUATION POWER RAJASTHAN REZ PH-IV (PART-2:5.5GW) (JAISALMER/BARMER COMPLEX): PART-C,PGCIL,,PETROLEUM,Madhya Pradesh,08/2024,,08/2026,,2708.0,,622.84,25.7,QPISR_QR_1st_2025-26.pdf,148,Table 7: Project List: Ongoing Projects,SUCCESS
2025-06,791,,N18000399,ALTERNATE_IDENTIFIER,TRANSMISSION SYSTEM FOR EVACUATION OF POWER FROM RAJASTHAN REZ PH-IV [PART-2 5.5GW] [JAISALMER/BARME,PGCIL,,PETROLEUM,Madhya Pradesh,10/2024,,10/2026,,3674.0,,345.36,12.7,QPISR_QR_1st_2025-26.pdf,149,Table 7: Project List: Ongoing Projects,SUCCESS
2025-06,792,220100314,,PRIMARY_IDENTIFIER,"RAMGANJMUNDI-BHOPAL (NL),WCR",WCR,,RAILWAYS,Madhya Pradesh,04/2001,,12/2025,12/2025,3032.0,3032.46,3513.09,69.0,QPISR_QR_1st_2025-26.pdf,149,Table 7: Project List: Ongoing Projects,SUCCESS
2025-06,793,,N22000120,ALTERNATE_IDENTIFIER,RATLAM-MHOW-KHANDWA-AKOLA (GC),WR,,RAILWAYS,Madhya Pradesh,04/2008,,02/2027,02/2027,5677.88,5677.8,4314.25,80.0,QPISR_QR_1st_2025-26.pdf,149,Table 7: Project List: Ongoing Projects,SUCCESS
2025-06,794,,N22000351,ALTERNATE_IDENTIFIER,KATNI - SINGRAULI DOUBLING PROJECT,WCR,,RAILWAYS,Madhya Pradesh,12/2015,,12/2026,12/2027,2445.29,2445.3,3122.03,92.0,QPISR_QR_1st_2025-26.pdf,149,Table 7: Project List: Ongoing Projects,SUCCESS
2025-06,795,,N22000416,ALTERNATE_IDENTIFIER,KATNI GRADE SEPARATOR/BYE PASS,WCR,,RAILWAYS,Madhya Pradesh,08/2016,,09/2024,06/2025,1247.64,1247.64,1453.81,89.0,QPISR_QR_1st_2025-26.pdf,149,Table 7: Project List: Ongoing Projects,SUCCESS
2025-06,796,,N22000485,ALTERNATE_IDENTIFIER,ANUPPUR-KATNI,SECR,,RAILWAYS,Madhya Pradesh,04/2015,,12/2021,12/2023,1860.94,1680.0,1955.51,100.0,QPISR_QR_1st_2025-26.pdf,149,Table 7: Project List: Ongoing Projects,SUCCESS
2025-06,797,,N22000503,ALTERNATE_IDENTIFIER,NIMACH BADI SADRI NEW LINE PROJECT,WR,,RAILWAYS,Madhya Pradesh,04/2017,,03/2022,12/2026,495.18,,306.32,46.0,QPISR_QR_1st_2025-26.pdf,149,Table 7: Project List: Ongoing Projects,SUCCESS
2025-06,798,,N22000536,ALTERNATE_IDENTIFIER,NIMACH-RATLAM (133 KM),WR,,RAILWAYS,Madhya Pradesh,10/2021,,10/2027,12/2025,1095.88,1095.88,1197.14,72.0,QPISR_QR_1st_2025-26.pdf,149,Table 7: Project List: Ongoing Projects,SUCCESS
2025-06,799,,N22000554,ALTERNATE_IDENTIFIER,SATNA - REWA (50 KM),WCR,,RAILWAYS,Madhya Pradesh,11/2015,,03/2026,,500.0,40.0,1.41,80.0,QPISR_QR_1st_2025-26.pdf,149,Table 7: Project List: Ongoing Projects,SUCCESS
2025-06,800,,N22000601,ALTERNATE_IDENTIFIER,INDORE BUDNI (INDORE JABALPUR),RVNL,,RAILWAYS,Madhya Pradesh,09/2018,,09/2030,,7474.01,,1004.86,0.0,QPISR_QR_1st_2025-26.pdf,149,Table 7: Project List: Ongoing Projects,SUCCESS
2025-06,801,,N24001614,ALTERNATE_IDENTIFIER,4LBERKHEDI TO GODPEHRA NH-44,NHAI,,ROAD TRANSPORT AND HIGHWAYS,Madhya Pradesh,02/2022,,11/2024,,524.84,,2455.45,60.0,QPISR_QR_1st_2025-26.pdf,150,Table 7: Project List: Ongoing Projects,SUCCESS
2025-06,802,,N24001615,ALTERNATE_IDENTIFIER,4L OF SAGAR - MOHARI FROM KM.8 TO KM.50 (PKG-I),NHAI,,ROAD TRANSPORT AND HIGHWAYS,Madhya Pradesh,03/2021,,04/2024,06/2025,790.78,,2141.21,77.02,QPISR_QR_1st_2025-26.pdf,150,Table 7: Project List: Ongoing Projects,SUCCESS
2025-06,803,,N24001616,ALTERNATE_IDENTIFIER,2L PS OF SATNA - MAIHAR SECTION OF NH- 135BG FROM KM 80.800 TO KM 120.125,NHAI,,ROAD TRANSPORT AND HIGHWAYS,Madhya Pradesh,01/2021,,10/2023,,428.04,,351.97,100.0,QPISR_QR_1st_2025-26.pdf,150,Table 7: Project List: Ongoing Projects,SUCCESS
2025-06,804,,N24001618,ALTERNATE_IDENTIFIER,KATNI BYPASS FROM KM. 359.50 TO KM. 378.50,NHAI,,ROAD TRANSPORT AND HIGHWAYS,Madhya Pradesh,09/2019,,09/2022,,194.4,235.0,208.32,98.84,QPISR_QR_1st_2025-26.pdf,150,Table 7: Project List: Ongoing Projects,SUCCESS
2025-06,805,,N24001759,ALTERNATE_IDENTIFIER,4L OF CHANDESARA TO KHEDAKHAJURIYA FROM KM. 0.000 TO (N.A.) 750 AND KM 0.000 TO KM 41.400 OF NH-752D,NHAI,,ROAD TRANSPORT AND HIGHWAYS,Madhya Pradesh,01/2020,,06/2024,12/2025,909.84,,503.76,99.0,QPISR_QR_1st_2025-26.pdf,150,Table 7: Project List: Ongoing Projects,SUCCESS
2025-06,806,,N24001762,ALTERNATE_IDENTIFIER,INDORE - HARDA (PKG-III) [NANASA TO PIDGAON SECTION FROM KM 95.000 TO KM 142.445],NHAI,,ROAD TRANSPORT AND HIGHWAYS,Madhya Pradesh,10/2021,,01/2024,12/2025,1146.22,,663.1,91.4,QPISR_QR_1st_2025-26.pdf,150,Table 7: Project List: Ongoing Projects,SUCCESS
2025-06,807,,N24001765,ALTERNATE_IDENTIFIER,"ADDITIONAL WORKS (2VUPS, MR-10 JUNCTION FLYOVER AND UNDERPASS) IN SIX LANE INDORE-DEWAS SECTION OF N",NHAI,,ROAD TRANSPORT AND HIGHWAYS,Madhya Pradesh,08/2022,,07/2024,,207.77,,147.24,100.0,QPISR_QR_1st_2025-26.pdf,150,Table 7: Project List: Ongoing Projects,SUCCESS
2025-06,808,,N24001766,ALTERNATE_IDENTIFIER,INDORE - HARDA (PKG-I) [INDORE TO RAGHAV GARH FROM KM. 0.25 TO KM. 26.903],NHAI,,ROAD TRANSPORT AND HIGHWAYS,Madhya Pradesh,01/2022,,10/2024,,1011.29,,318.76,70.68,QPISR_QR_1st_2025-26.pdf,150,Table 7: Project List: Ongoing Projects,SUCCESS
2025-06,809,,N24001767,ALTERNATE_IDENTIFIER,4L OF INDORE - BOREGAON (PKG-III) [BALWARA TO DHANGAON] FROM KM. 42.260 TO KM. 82.660 OF NH347BG AND,NHAI,,ROAD TRANSPORT AND HIGHWAYS,Madhya Pradesh,01/2021,,04/2024,,1001.69,,520.29,83.0,QPISR_QR_1st_2025-26.pdf,150,Table 7: Project List: Ongoing Projects,SUCCESS
2025-06,810,,N24001768,ALTERNATE_IDENTIFIER,BALANCE WORK OF 4L OF INDORE- GUJARAT/MP BORDER FROM KM 106.210 TO KM 115.250 (START AND END POINT OF,NHAI,,ROAD TRANSPORT AND HIGHWAYS,Madhya Pradesh,08/2019,,04/2023,,323.51,,246.27,100.0,QPISR_QR_1st_2025-26.pdf,151,Table 7: Project List: Ongoing Projects,SUCCESS
2025-06,811,,N24001770,ALTERNATE_IDENTIFIER,4L OF OBEDULLGANJ - BUDNI SECTION FROM KM. 8.400 TO KM. 20.700 IN RATANPANI WILDLIFE AREA OF NH - 69,NHAI,,ROAD TRANSPORT AND HIGHWAYS,Madhya Pradesh,02/2022,,03/2024,03/2025,417.51,,312.94,100.0,QPISR_QR_1st_2025-26.pdf,151,Table 7: Project List: Ongoing Projects,SUCCESS
2025-06,812,,N24001921,ALTERNATE_IDENTIFIER,2- LANE WITH PAVED SHOULDERS OF HINOTIYA TO MEHULWA FROM DESIGN KM 27+000 9OF EXISTING SH-19 KM 26+5,NHAI,,ROAD TRANSPORT AND HIGHWAYS,Madhya Pradesh,08/2021,,09/2025,,581.65,592.03,135.75,45.78,QPISR_QR_1st_2025-26.pdf,151,Table 7: Project List: Ongoing Projects,SUCCESS
2025-06,813,,N24001962,ALTERNATE_IDENTIFIER,"CONSTRUCTION OF MIHONA BYPASS, LAHAR BYPASS, DABOH BYPASS and BHANDER BYPASS (TOTAL LENGTH 20.60 KM)",MoRTH,,ROAD TRANSPORT AND HIGHWAYS,Madhya Pradesh,03/2022,,12/2024,,179.19,,47.91,96.0,QPISR_QR_1st_2025-26.pdf,151,Table 7: Project List: Ongoing Projects,SUCCESS
2025-06,814,,N24001963,ALTERNATE_IDENTIFIER,UPGRADATION OF NASRULLAGANI-REHTI- BUDHNI SCCTION TO 2-LANE WITH PAVED SHOULDER FROM KM 0+150 TO KM,MoRTH,,ROAD TRANSPORT AND HIGHWAYS,Madhya Pradesh,12/2021,,10/2024,,305.12,,71.47,34.46,QPISR_QR_1st_2025-26.pdf,151,Table 7: Project List: Ongoing Projects,SUCCESS
2025-06,815,,N24001964,ALTERNATE_IDENTIFIER,UPGRADATION and WIDENING OF JHARKHEDA- BERASIA - DHOLKHEDI FROM DESIGN KM 0+000 TO KM 87+900 (DESIGN,MoRTH,,ROAD TRANSPORT AND HIGHWAYS,Madhya Pradesh,03/2022,,05/2025,,365.21,,112.27,64.0,QPISR_QR_1st_2025-26.pdf,151,Table 7: Project List: Ongoing Projects,SUCCESS
2025-06,816,,N24001965,ALTERNATE_IDENTIFIER,"REHABILITATION AND UPGRADATION OF KURWAI?MUNGAOLI?CHANDERI ROAD SECTION OF NH-346, FROM DESIGN CHAIN",MoRTH,,ROAD TRANSPORT AND HIGHWAYS,Madhya Pradesh,03/2022,,02/2025,,386.49,,77.42,48.77,QPISR_QR_1st_2025-26.pdf,151,Table 7: Project List: Ongoing Projects,SUCCESS
2025-06,817,,N24001966,ALTERNATE_IDENTIFIER,BALANCE WORK FOR REHABILITATION AND UP-GRADATION OF SIDHI-SINGRAULI FROM KM 82.400 TO KM 187.993 SEC,MoRTH,,ROAD TRANSPORT AND HIGHWAYS,Madhya Pradesh,12/2020,,04/2023,,529.44,,378.4,0.0,QPISR_QR_1st_2025-26.pdf,151,Table 7: Project List: Ongoing Projects,SUCCESS
2025-06,818,,N24001967,ALTERNATE_IDENTIFIER,4L GREENFIELD RUDHI TO DESHGAON (PKG V OF BETUL-KHANDWA/DESHGAON) - N/04015/06003/MP,NHAI,,ROAD TRANSPORT AND HIGHWAYS,Madhya Pradesh,11/2018,,10/2025,,521.21,,110.63,49.57,QPISR_QR_1st_2025-26.pdf,152,Table 7: Project List: Ongoing Projects,SUCCESS
2025-06,819,,N24002018,ALTERNATE_IDENTIFIER,REHABILITATION AND UPGRADATION TO 2- LANE WITH PAVED SHOULDER CONFIGURATION OF JIRAPUR-SUSNER-MP-RJ B,MoRTH,,ROAD TRANSPORT AND HIGHWAYS,Madhya Pradesh,01/2022,,03/2025,,239.72,232.22,73.4,100.0,QPISR_QR_1st_2025-26.pdf,152,Table 7: Project List: Ongoing Projects,SUCCESS
2025-06,820,,N24002019,ALTERNATE_IDENTIFIER,UPGRADATION OF DINDORI-SAGARTOLA- KABICHABUTRA (MP-CG BORDER) SECTION OF NH -45 FROM KM 0+00(DESIGN),MoRTH,,ROAD TRANSPORT AND HIGHWAYS,Madhya Pradesh,01/2022,,09/2025,,329.14,319.09,52.7,50.12,QPISR_QR_1st_2025-26.pdf,152,Table 7: Project List: Ongoing Projects,SUCCESS
2025-06,821,,N24002020,ALTERNATE_IDENTIFIER,"CONSTRUCTION OF KAITHI-PADARIA KALA BYPASS, PATNA-TAMOLI BYPASS, JASO BYPASS , NAGOD BYPASS (TOTAL L",MoRTH,,ROAD TRANSPORT AND HIGHWAYS,Madhya Pradesh,03/2022,,10/2025,,158.36,158.0,22.68,30.0,QPISR_QR_1st_2025-26.pdf,152,Table 7: Project List: Ongoing Projects,SUCCESS
2025-06,822,,N24002067,ALTERNATE_IDENTIFIER,BALANCE WORK OF 4L OF NAURADEHI SANCTUARY DE-SCOPED STRETCH OF HIRAN RIVER TO SINDOOR RIVER FROM KM.,NHAI,,ROAD TRANSPORT AND HIGHWAYS,Madhya Pradesh,01/2021,,07/2023,,178.18,,161.64,94.65,QPISR_QR_1st_2025-26.pdf,152,Table 7: Project List: Ongoing Projects,SUCCESS
2025-06,823,,N24002068,ALTERNATE_IDENTIFIER,CONSTRUCTION OF 4-LANE FROM BARELA TO MANEGAON SECTION OF NH-30 FROM DESIGN CH. 2.900 TO DESIGN CH.,NHAI,,ROAD TRANSPORT AND HIGHWAYS,Madhya Pradesh,12/2022,,03/2025,,652.33,,334.34,73.16,QPISR_QR_1st_2025-26.pdf,152,Table 7: Project List: Ongoing Projects,SUCCESS
2025-06,824,,N24002069,ALTERNATE_IDENTIFIER,CONSTRUCTION OF ADDITIONAL 3 LANE WITH PAVED SHOULDER (DESIGN LENGTH 8.87 KM) AS REALIGNMENT OF BAKA,NHAI,,ROAD TRANSPORT AND HIGHWAYS,Madhya Pradesh,07/2022,,12/2024,,209.29,,140.22,100.0,QPISR_QR_1st_2025-26.pdf,152,Table 7: Project List: Ongoing Projects,SUCCESS
2025-06,825,,N24002070,ALTERNATE_IDENTIFIER,INDORE - EDLABAD (PKG-II) [TEJAJINAGAR TO BALWARA],NHAI,,ROAD TRANSPORT AND HIGHWAYS,Madhya Pradesh,01/2022,,01/2025,,1162.8,,537.71,80.5,QPISR_QR_1st_2025-26.pdf,152,Table 7: Project List: Ongoing Projects,SUCCESS
2025-06,826,,N24002077,ALTERNATE_IDENTIFIER,CONSTRUCTION OF (I) 4-LANE HIGHWAY FROM VIDISHA TO HINOTIYA FROM KM. 0.000 TO KM. 27.000 (LENGTH=27,NHAI,,ROAD TRANSPORT AND HIGHWAYS,Madhya Pradesh,09/2022,,12/2025,,1000.63,,210.15,53.86,QPISR_QR_1st_2025-26.pdf,153,Table 7: Project List: Ongoing Projects,SUCCESS
2025-06,827,,N24002166,ALTERNATE_IDENTIFIER,FOUR LANING OF RAGHOGARH (DESIGN CH.29.300/EXISTING CH. 29.555) TO NANASA (DESIGN CH.92.971/EXISTING,NHAI,,ROAD TRANSPORT AND HIGHWAYS,Madhya Pradesh,03/2024,,03/2026,03/2026,799.2,,306.28,35.1,QPISR_QR_1st_2025-26.pdf,153,Table 7: Project List: Ongoing Projects,SUCCESS
2025-06,828,,N24002200,ALTERNATE_IDENTIFIER,BALANCE WORKS OF 4 LANE DIVIDED CARRIAGEWAY OF MISSING LINK SECTION OF NH-39 (REWA BYPASS) FROM JUNC,NHAI,,ROAD TRANSPORT AND HIGHWAYS,Madhya Pradesh,04/2024,,04/2026,,355.36,,66.14,34.4,QPISR_QR_1st_2025-26.pdf,153,Table 7: Project List: Ongoing Projects,SUCCESS
2025-06,829,,N24000513,ALTERNATE_IDENTIFIER,UMARIYA TO SHAHDOL SECTION OF NH-78 IN MADYA PRADESH KM 68/4 TO 142/200,MoRTH,,ROAD TRANSPORT AND HIGHWAYS,Madhya Pradesh,03/2015,,08/2017,12/2023,511.83,,478.84,93.06,QPISR_QR_1st_2025-26.pdf,153,Table 7: Project List: Ongoing Projects,SUCCESS
2025-06,830,,N24000709,ALTERNATE_IDENTIFIER,BALANCE WORK FOR FOUR LANING OF ITARSI TO BETUL SECTION OF NH69 FROM KM 63.000 TO KM 137.00 (DESIGN,NHAI,,ROAD TRANSPORT AND HIGHWAYS,Madhya Pradesh,12/2017,,02/2020,12/2024,950.27,,643.9,99.5,QPISR_QR_1st_2025-26.pdf,153,Table 7: Project List: Ongoing Projects,SUCCESS
2025-06,831,,N38000001,ALTERNATE_IDENTIFIER,CENTRE FOR DISABILITY SPORTS,CPWD,,SOCIAL JUSTICE,Madhya Pradesh,02/2019,,03/2024,,170.99,,162.63,100.0,QPISR_QR_1st_2025-26.pdf,153,Table 7: Project List: Ongoing Projects,SUCCESS
2025-06,832,,N28000124,ALTERNATE_IDENTIFIER,BHOPAL METRO RAIL,MPMRCL,,URBAN DEVELOPMENT,Madhya Pradesh,11/2018,,02/2023,06/2028,6941.4,,3043.74,42.16,QPISR_QR_1st_2025-26.pdf,153,Table 7: Project List: Ongoing Projects,SUCCESS
2025-06,833,,N28000125,ALTERNATE_IDENTIFIER,INDORE METRO RAIL,MPMRCL,,URBAN DEVELOPMENT,Madhya Pradesh,11/2018,,02/2023,12/2028,7500.8,,3798.28,53.54,QPISR_QR_1st_2025-26.pdf,153,Table 7: Project List: Ongoing Projects,SUCCESS
2025-06,834,,N04000079,ALTERNATE_IDENTIFIER,"CONSTRUCTION OF NEW INTEGRATED TERMINAL BUILDING, RECONSTRUCTION OF OLD TERMINAL BUILDING, MODIFICAT",AAI,,URBAN DEVELOPMENT,Maharashtra,03/2017,,04/2021,12/2023,475.39,,533.14,100.0,QPISR_QR_1st_2025-26.pdf,153,Table 7: Project List: Ongoing Projects,SUCCESS
2025-06,835,,N04000096,ALTERNATE_IDENTIFIER,"EXTENSION OF RUNWAY WITH BLAST PAD, RESA, TAXIWAY, APRON, GSE AREA, ISOLATION BAY, NEW DOMESTIC TERM",AAI,,URBAN DEVELOPMENT,Maharashtra,06/2017,,12/2020,04/2024,255.68,270.0,267.86,100.0,QPISR_QR_1st_2025-26.pdf,154,Table 7: Project List: Ongoing Projects,SUCCESS
2025-06,836,,N06000132,ALTERNATE_IDENTIFIER,AMALGAMATED YEKONA-I YEKONA-II,WCL,,URBAN DEVELOPMENT,Maharashtra,08/2015,,03/2025,,727.28,,530.02,86.0,QPISR_QR_1st_2025-26.pdf,154,Table 7: Project List: Ongoing Projects,SUCCESS
2025-06,837,,N06000179,ALTERNATE_IDENTIFIER,UKNI DEEP OC,WCL,,URBAN DEVELOPMENT,Maharashtra,01/2019,,03/2021,03/2025,237.06,,163.86,91.0,QPISR_QR_1st_2025-26.pdf,154,Table 7: Project List: Ongoing Projects,SUCCESS
2025-06,838,,N06000205,ALTERNATE_IDENTIFIER,GHONSA EXPANSION DEEP OC,WCL,,URBAN DEVELOPMENT,Maharashtra,03/2021,,03/2028,,184.71,,9.25,6.0,QPISR_QR_1st_2025-26.pdf,154,Table 7: Project List: Ongoing Projects,SUCCESS
2025-06,839,,N06000206,ALTERNATE_IDENTIFIER,SASTI EXPANSION OC,WCL,,URBAN DEVELOPMENT,Maharashtra,08/2020,,03/2026,,319.04,,68.64,24.0,QPISR_QR_1st_2025-26.pdf,154,Table 7: Project List: Ongoing Projects,SUCCESS
2025-06,840,,N06000209,ALTERNATE_IDENTIFIER,DHUPTALA OC(SASTI UG TO OC),WCL,,URBAN DEVELOPMENT,Maharashtra,10/2021,,03/2028,,711.0,,159.15,33.0,QPISR_QR_1st_2025-26.pdf,154,Table 7: Project List: Ongoing Projects,SUCCESS
2025-06,841,,N06000219,ALTERNATE_IDENTIFIER,ADASA UG TO OC (1.50 MTY),WCL,,URBAN DEVELOPMENT,Maharashtra,11/2018,,03/2024,03/2025,316.0,,208.2,78.0,QPISR_QR_1st_2025-26.pdf,154,Table 7: Project List: Ongoing Projects,SUCCESS
2025-06,842,,N06000222,ALTERNATE_IDENTIFIER,DINESH (MAKARDHOKDA-III) OC (8.0 MTY),WCL,,URBAN DEVELOPMENT,Maharashtra,02/2020,,03/2027,,822.88,,578.89,48.0,QPISR_QR_1st_2025-26.pdf,154,Table 7: Project List: Ongoing Projects,SUCCESS
2025-06,843,,N06000226,ALTERNATE_IDENTIFIER,AMALGAMATED INDER-KAMPTEE DEEP OC (3.20 MTY),WCL,,URBAN DEVELOPMENT,Maharashtra,09/2018,,03/2024,03/2025,235.9,,116.46,87.0,QPISR_QR_1st_2025-26.pdf,154,Table 7: Project List: Ongoing Projects,SUCCESS
2025-06,844,,N06000251,ALTERNATE_IDENTIFIER,SAONER UG MINE I EXPANSION,WCL,,URBAN DEVELOPMENT,Maharashtra,01/2022,,03/2028,,228.64,,118.34,27.0,QPISR_QR_1st_2025-26.pdf,154,Table 7: Project List: Ongoing Projects,SUCCESS
2025-06,845,,N06000252,ALTERNATE_IDENTIFIER,SINGHORI DEEP OC,WCL,,URBAN DEVELOPMENT,Maharashtra,05/2022,,03/2029,,335.75,,22.01,16.0,QPISR_QR_1st_2025-26.pdf,155,Table 7: Project List: Ongoing Projects,SUCCESS
2025-06,846,,N06000253,ALTERNATE_IDENTIFIER,MAKARDHOKDA I EXPANSION OC,WCL,,URBAN DEVELOPMENT,Maharashtra,06/2022,,03/2026,,361.87,,33.9,12.0,QPISR_QR_1st_2025-26.pdf,155,Table 7: Project List: Ongoing Projects,SUCCESS
2025-06,847,,N06000254,ALTERNATE_IDENTIFIER,BHATADI EXPANSION OC,WCL,,URBAN DEVELOPMENT,Maharashtra,05/2022,,03/2028,,580.6,,61.33,17.0,QPISR_QR_1st_2025-26.pdf,155,Table 7: Project List: Ongoing Projects,SUCCESS
2025-06,848,,N06000255,ALTERNATE_IDENTIFIER,NEW MAJARI UG TO OC (3.0 MTY),WCL,,URBAN DEVELOPMENT,Maharashtra,09/2022,,03/2027,,402.27,,47.99,27.0,QPISR_QR_1st_2025-26.pdf,155,Table 7: Project List: Ongoing Projects,SUCCESS
2025-06,849,,N06000256,ALTERNATE_IDENTIFIER,BHANEGAON OC (1.15MTY),WCL,,URBAN DEVELOPMENT,Maharashtra,09/2022,,03/2028,,405.2,,10.21,7.0,QPISR_QR_1st_2025-26.pdf,155,Table 7: Project List: Ongoing Projects,SUCCESS
2025-06,850,,N06000264,ALTERNATE_IDENTIFIER,GOKUL EXPANSION OC,WCL,,URBAN DEVELOPMENT,Maharashtra,04/2021,,03/2026,,309.58,,3.65,7.0,QPISR_QR_1st_2025-26.pdf,155,Table 7: Project List: Ongoing Projects,SUCCESS
2025-06,851,,N06000267,ALTERNATE_IDENTIFIER,KOLGAON EXPANSION (DEEP) OC,WCL,,URBAN DEVELOPMENT,Maharashtra,09/2023,,03/2027,,198.71,,0.55,5.0,QPISR_QR_1st_2025-26.pdf,155,Table 7: Project List: Ongoing Projects,SUCCESS
2025-06,852,,N06000271,ALTERNATE_IDENTIFIER,AMALGAMATED GAURI PAUNI EXPANSION OC,WCL,,URBAN DEVELOPMENT,Maharashtra,03/2024,,03/2030,,1225.21,,52.83,17.0,QPISR_QR_1st_2025-26.pdf,155,Table 7: Project List: Ongoing Projects,SUCCESS
2025-06,853,,N06000278,ALTERNATE_IDENTIFIER,GAURI CENTRAL OCM,WCL,,URBAN DEVELOPMENT,Maharashtra,06/2024,,03/2030,,973.07,,,0.0,QPISR_QR_1st_2025-26.pdf,155,Table 7: Project List: Ongoing Projects,SUCCESS
2025-06,854,,N06000282,ALTERNATE_IDENTIFIER,BALLARPUR NORTHWEST OC MINE,WCL,,URBAN DEVELOPMENT,Maharashtra,12/2022,,03/2029,,360.18,,,0.0,QPISR_QR_1st_2025-26.pdf,155,Table 7: Project List: Ongoing Projects,SUCCESS
2025-06,855,,N06000283,ALTERNATE_IDENTIFIER,NORTHERN EXTENSION OF MUNGOLI NIRGUDA DEEP OC,WCL,,URBAN DEVELOPMENT,Maharashtra,06/2024,,03/2029,,1024.91,,,0.0,QPISR_QR_1st_2025-26.pdf,155,Table 7: Project List: Ongoing Projects,SUCCESS
2025-06,856,,N06000284,ALTERNATE_IDENTIFIER,AMALGAMATED GONDEGAON - GHATROHAN EXPANSION OCM,WCL,,URBAN DEVELOPMENT,Maharashtra,09/2024,,03/2029,,668.54,,,0.0,QPISR_QR_1st_2025-26.pdf,156,Table 7: Project List: Ongoing Projects,SUCCESS
2025-06,857,,N06000293,ALTERNATE_IDENTIFIER,WAGHODA UG,WCL,,URBAN DEVELOPMENT,Maharashtra,01/2025,,03/2030,,379.3,,,0.0,QPISR_QR_1st_2025-26.pdf,156,Table 7: Project List: Ongoing Projects,SUCCESS
2025-06,858,,N06000294,ALTERNATE_IDENTIFIER,KOLARPIMPRI EXPANSION OCM (2.50 MTY),WCL,,URBAN DEVELOPMENT,Maharashtra,02/2025,,03/2030,,630.37,,,0.0,QPISR_QR_1st_2025-26.pdf,156,Table 7: Project List: Ongoing Projects,SUCCESS
2025-06,859,,N28000117,ALTERNATE_IDENTIFIER,"CONSTRUCTION OF IITB RESEARCH PARK AT IIT BOMBAY, POWAI, MUMBAI",CPWD EDUCATION,,DEPARTMENT OF HIGHER EDUCATION,Maharashtra,01/2018,,07/2020,11/2023,223.37,275.0,141.16,100.0,QPISR_QR_1st_2025-26.pdf,156,Table 7: Project List: Ongoing Projects,SUCCESS
2025-06,860,,N21000033,ALTERNATE_IDENTIFIER,500 BEDDED HOSPITAL INCLUDING 50 SUPERSPECIALITY BEDS FOR ESIC AT PUNE,CPWD,,HEALTH AND FAMILY WELFARE,Maharashtra,07/2022,,09/2025,,429.25,,99.08,0.0,QPISR_QR_1st_2025-26.pdf,156,Table 7: Project List: Ongoing Projects,SUCCESS
2025-06,861,,N16000213,ALTERNATE_IDENTIFIER,LIFE EXTENSION OF WALL PLATFORMS OF MUMBAI HIGH AND HEERA FIELDS,ONGC,,HEALTH AND FAMILY WELFARE,Maharashtra,12/2015,,04/2018,12/2023,3190.69,3375.9,3051.26,89.5,QPISR_QR_1st_2025-26.pdf,156,Table 7: Project List: Ongoing Projects,SUCCESS
2025-06,862,,N16000358,ALTERNATE_IDENTIFIER,MUMBAI HIGH NORTH REDEVELOPMENT PHASE-IV,ONGC,,HEALTH AND FAMILY WELFARE,Maharashtra,04/2019,,03/2022,06/2024,3228.8,3976.67,3867.19,100.0,QPISR_QR_1st_2025-26.pdf,156,Table 7: Project List: Ongoing Projects,SUCCESS
2025-06,863,,N16000430,ALTERNATE_IDENTIFIER,SETTING UP 500KTPA PROPANE DEHYDROGENATION INTEGRATED WITH POLYPROPYLENE UNIT ALONG WITH OFFSITE AND,GAIL,,HEALTH AND FAMILY WELFARE,Maharashtra,05/2019,,04/2025,10/2025,8797.0,11256.0,6694.98,84.5,QPISR_QR_1st_2025-26.pdf,156,Table 7: Project List: Ongoing Projects,SUCCESS
2025-06,864,,N16000442,ALTERNATE_IDENTIFIER,DEBOTTLENECKING AND AUGMENTATION OF CRYOGENIC FACILITIES AT URAN LPG IMPORT TERMINAL,BPCL,,HEALTH AND FAMILY WELFARE,Maharashtra,04/2021,,06/2024,,1164.69,,893.78,84.1,QPISR_QR_1st_2025-26.pdf,156,Table 7: Project List: Ongoing Projects,SUCCESS
2025-06,865,,N16000446,ALTERNATE_IDENTIFIER,EXPANSION OF CRYOGENICS GROUP BY SETTING UP NEW MANUFACTURING FACILITY,IOCL,,HEALTH AND FAMILY WELFARE,Maharashtra,09/2021,,10/2023,06/2025,378.0,,142.31,90.6,QPISR_QR_1st_2025-26.pdf,157,Table 7: Project List: Ongoing Projects,SUCCESS
2025-06,866,,N16000452,ALTERNATE_IDENTIFIER,CONSTRUCTION OF LUBE OIL BLENDING AND FILLING PLANT AT RASAYANI,BPCL,,HEALTH AND FAMILY WELFARE,Maharashtra,05/2022,,03/2024,,423.39,,268.34,76.0,QPISR_QR_1st_2025-26.pdf,157,Table 7: Project List: Ongoing Projects,SUCCESS
2025-06,867,,N16000456,ALTERNATE_IDENTIFIER,ATF PIPELINE FROM JAWAHARLAL NEHRU PORT TRUST (JNPT) TO NAVI MUMBAI INTERNATIONAL AIRPORT (NMIA),IOCL,,HEALTH AND FAMILY WELFARE,Maharashtra,09/2022,,08/2025,,165.0,,79.17,69.8,QPISR_QR_1st_2025-26.pdf,157,Table 7: Project List: Ongoing Projects,SUCCESS
2025-06,868,,N16000470,ALTERNATE_IDENTIFIER,DAMAN UPSIDE DEVELOPMENT PROJECT (DUDP) IN TAPTI DAMAN BLOCK,ONGC,,HEALTH AND FAMILY WELFARE,Maharashtra,06/2022,,10/2025,,4144.41,6406.9,3203.26,80.5,QPISR_QR_1st_2025-26.pdf,157,Table 7: Project List: Ongoing Projects,SUCCESS
2025-06,869,,N16000487,ALTERNATE_IDENTIFIER,"CGD PROJECT AT BEED, JALGAON AND JALNA DISTRICTS",IOCL,,HEALTH AND FAMILY WELFARE,Maharashtra,03/2022,,03/2030,,865.0,,66.06,2.8,QPISR_QR_1st_2025-26.pdf,157,Table 7: Project List: Ongoing Projects,SUCCESS
2025-06,870,,N16000503,ALTERNATE_IDENTIFIER,ANDHERI RESIDENTIAL TOWERS MUMBAI,IOCL,,HEALTH AND FAMILY WELFARE,Maharashtra,06/2017,,05/2025,06/2026,281.35,389.67,218.84,50.8,QPISR_QR_1st_2025-26.pdf,157,Table 7: Project List: Ongoing Projects,SUCCESS
2025-06,871,,N16000504,ALTERNATE_IDENTIFIER,CONSTRUCTION OF ADDITIONAL TANKAGES AND ALLIED FACILITIES AT JNPT TERMINAL,IOCL,,HEALTH AND FAMILY WELFARE,Maharashtra,04/2022,,10/2024,08/2026,341.43,436.14,244.76,49.5,QPISR_QR_1st_2025-26.pdf,157,Table 7: Project List: Ongoing Projects,SUCCESS
2025-06,872,,N16000507,ALTERNATE_IDENTIFIER,INSTALLATION OF INDEPENDENT DE- AROMATIZED SOLVENTS PRODUCTION FACILITIES AT MUMBAI REFINERY,BPCL,,HEALTH AND FAMILY WELFARE,Maharashtra,03/2023,,07/2025,,405.0,,189.8,81.5,QPISR_QR_1st_2025-26.pdf,157,Table 7: Project List: Ongoing Projects,SUCCESS
2025-06,873,,N16000515,ALTERNATE_IDENTIFIER,PART REPLACEMENT PIPELINE PROJECT (PRPP),ONGC,,HEALTH AND FAMILY WELFARE,Maharashtra,11/2022,,05/2024,12/2024,1219.48,,1145.1,87.0,QPISR_QR_1st_2025-26.pdf,157,Table 7: Project List: Ongoing Projects,SUCCESS
2025-06,874,,N16000519,ALTERNATE_IDENTIFIER,POL AND LOBS INSTALLATIONS WITH RECEIPT PIPELINES AT RASAYANI,BPCL,,HEALTH AND FAMILY WELFARE,Maharashtra,05/2023,,05/2026,,2585.0,,525.74,56.5,QPISR_QR_1st_2025-26.pdf,158,Table 7: Project List: Ongoing Projects,SUCCESS
2025-06,875,,N16000526,ALTERNATE_IDENTIFIER,MHN TCPP PGC BGC PROJECT (MTPBP),ONGC,,HEALTH AND FAMILY WELFARE,Maharashtra,02/2024,,05/2026,,2329.45,,672.0,45.9,QPISR_QR_1st_2025-26.pdf,158,Table 7: Project List: Ongoing Projects,SUCCESS
2025-06,876,,N16000533,ALTERNATE_IDENTIFIER,PRP-VIII GROUP B (NH AND BS ASSET),ONGC,,HEALTH AND FAMILY WELFARE,Maharashtra,06/2024,,05/2026,,2379.84,,1646.11,57.8,QPISR_QR_1st_2025-26.pdf,158,Table 7: Project List: Ongoing Projects,SUCCESS
2025-06,877,,N16000534,ALTERNATE_IDENTIFIER,HP TDAE UNIT IN MUMBAI REFINERY,HPCL,,HEALTH AND FAMILY WELFARE,Maharashtra,06/2024,,04/2026,,240.0,,27.9,33.6,QPISR_QR_1st_2025-26.pdf,158,Table 7: Project List: Ongoing Projects,SUCCESS
2025-06,878,,N16000537,ALTERNATE_IDENTIFIER,INTEGRATED DEVELOPMENT OF 4 CONTRACT AREAS UNDER DSF2,ONGC,,HEALTH AND FAMILY WELFARE,Maharashtra,05/2023,,04/2027,,6183.79,,,12.6,QPISR_QR_1st_2025-26.pdf,158,Table 7: Project List: Ongoing Projects,SUCCESS
2025-06,879,,N16000540,ALTERNATE_IDENTIFIER,LUBE MODERNIZATION AND BOTTOM UPGRADATION PROJECT,HPCL,,HEALTH AND FAMILY WELFARE,Maharashtra,12/2024,,03/2028,,4679.0,,177.41,4.2,QPISR_QR_1st_2025-26.pdf,158,Table 7: Project List: Ongoing Projects,SUCCESS
2025-06,880,,N18000335,ALTERNATE_IDENTIFIER,BIKANER SOLAR POWER PROJECT,SJVN,,POWER,Maharashtra,04/2022,,05/2024,,5491.89,532.0,4374.0,80.35,QPISR_QR_1st_2025-26.pdf,158,Table 7: Project List: Ongoing Projects,SUCCESS
2025-06,881,,N18000377,ALTERNATE_IDENTIFIER,TS FOR EVACUATION OF 7GW RE INJECTION AT KHAVDA PS UNDER PHASE-IV PART E4,PGCIL,,POWER,Maharashtra,11/2023,,07/2025,,224.0,,15.68,7.0,QPISR_QR_1st_2025-26.pdf,158,Table 7: Project List: Ongoing Projects,SUCCESS
2025-06,882,220100181,,PRIMARY_IDENTIFIER,AHMEDNAGAR-PARLI VAIJNATH(NL) CR,CR,,POWER,Maharashtra,02/1997,,03/2026,,2539.0,,4909.3,97.0,QPISR_QR_1st_2025-26.pdf,158,Table 7: Project List: Ongoing Projects,SUCCESS
2025-06,883,,N22000092,ALTERNATE_IDENTIFIER,MUMBAI URBAN TRANSPORT PROJECT PHASE- II,MRTP,,POWER,Maharashtra,04/2008,,03/2014,,8087.11,,7349.29,0.0,QPISR_QR_1st_2025-26.pdf,159,Table 7: Project List: Ongoing Projects,SUCCESS
2025-06,884,,N22000231,ALTERNATE_IDENTIFIER,WARDHA-NANDED MAHARASHTRA,CR,,POWER,Maharashtra,04/2008,,03/2027,,3445.48,,3156.47,47.0,QPISR_QR_1st_2025-26.pdf,159,Table 7: Project List: Ongoing Projects,SUCCESS
2025-06,885,,N22000233,ALTERNATE_IDENTIFIER,KALYAN-KASARA 3RD LINE,CR,,POWER,Maharashtra,04/2011,,12/2025,,792.89,,882.04,50.0,QPISR_QR_1st_2025-26.pdf,159,Table 7: Project List: Ongoing Projects,SUCCESS
2025-06,886,,N22000250,ALTERNATE_IDENTIFIER,WARDHA-SEWAGRAM NGP 3RD LINE,CR,,POWER,Maharashtra,04/2012,,12/2025,,540.02,,737.54,80.0,QPISR_QR_1st_2025-26.pdf,159,Table 7: Project List: Ongoing Projects,SUCCESS
2025-06,887,,N22000356,ALTERNATE_IDENTIFIER,WARDHA-BALHARSHAH - 3RD LINE (132 KM),CR,,POWER,Maharashtra,02/2015,,12/2025,,1384.72,,1590.45,67.0,QPISR_QR_1st_2025-26.pdf,159,Table 7: Project List: Ongoing Projects,SUCCESS
2025-06,888,,N22000358,ALTERNATE_IDENTIFIER,ITARSI-NAGPUR (BAL.) - 3RD LINE (267 KM),CR,,POWER,Maharashtra,02/2015,,03/2027,,2449.91,,1761.99,50.0,QPISR_QR_1st_2025-26.pdf,159,Table 7: Project List: Ongoing Projects,SUCCESS
2025-06,889,,N22000359,ALTERNATE_IDENTIFIER,PUNE-MIRAJ-LONDA (467 KM),CR,,POWER,Maharashtra,02/2015,,02/2025,,3627.47,3627.0,4742.07,84.0,QPISR_QR_1st_2025-26.pdf,159,Table 7: Project List: Ongoing Projects,SUCCESS
2025-06,890,,N22000360,ALTERNATE_IDENTIFIER,DAUND - MANMAD (236 KM),CR,,POWER,Maharashtra,02/2016,,12/2025,,2081.27,,2768.5,88.0,QPISR_QR_1st_2025-26.pdf,159,Table 7: Project List: Ongoing Projects,SUCCESS
2025-06,891,,N22000361,ALTERNATE_IDENTIFIER,MANMAD - JALGAON - 3RD LINE (160 KM),CR,,POWER,Maharashtra,02/2016,,12/2024,,1035.16,,1692.15,97.0,QPISR_QR_1st_2025-26.pdf,159,Table 7: Project List: Ongoing Projects,SUCCESS
2025-06,892,,N22000362,ALTERNATE_IDENTIFIER,WARDHA - NAGPUR - 4TH LINE (76 KM),CR,,POWER,Maharashtra,02/2016,,12/2025,,638.0,,968.65,80.0,QPISR_QR_1st_2025-26.pdf,159,Table 7: Project List: Ongoing Projects,SUCCESS
2025-06,893,,N22000420,ALTERNATE_IDENTIFIER,RAJNANDGAON - NAGPUR - 3RD LINE (SECR),SECR,,POWER,Maharashtra,09/2016,,12/2024,,3544.92,,3081.12,95.0,QPISR_QR_1st_2025-26.pdf,160,Table 7: Project List: Ongoing Projects,SUCCESS
2025-06,894,,N22000434,ALTERNATE_IDENTIFIER,MUMBAI CENTRAL VIRAR VADODARA AHMEDABAAD TRAIN PROTECTION SYSTEM 500 RKM,WR,,POWER,Maharashtra,03/2010,,10/2024,,311.0,,,0.0,QPISR_QR_1st_2025-26.pdf,160,Table 7: Project List: Ongoing Projects,SUCCESS
2025-06,895,,N22000480,ALTERNATE_IDENTIFIER,WADSA-GADHCHIROLI NEW LINE (52.36 KM),SECR,,POWER,Maharashtra,06/2018,,03/2027,,1886.05,,807.87,25.0,QPISR_QR_1st_2025-26.pdf,160,Table 7: Project List: Ongoing Projects,SUCCESS
2025-06,896,,N22000511,ALTERNATE_IDENTIFIER,PACHORA-JAMNER WITH EXTENSION UPTO MALKAPUR NG TO BG,CR,,POWER,Maharashtra,08/2022,,08/2027,,955.0,,117.54,0.0,QPISR_QR_1st_2025-26.pdf,160,Table 7: Project List: Ongoing Projects,SUCCESS
2025-06,897,,N22000513,ALTERNATE_IDENTIFIER,SOLAPUR-TULJAPUR-OSMANABAD (UMBRELLA WORK),CR,,POWER,Maharashtra,01/2019,,03/2028,,904.92,,1150.11,10.0,QPISR_QR_1st_2025-26.pdf,160,Table 7: Project List: Ongoing Projects,SUCCESS
2025-06,898,,N22000514,ALTERNATE_IDENTIFIER,DHULE (BORVIHIR)-NARDANA (UMBRELLA WORK),CR,,POWER,Maharashtra,01/2019,,12/2026,,492.76,,234.48,5.0,QPISR_QR_1st_2025-26.pdf,160,Table 7: Project List: Ongoing Projects,SUCCESS
2025-06,899,,N22000515,ALTERNATE_IDENTIFIER,KALYAN-MURBAD VIA ULHASNAGAR (UMBRELLA WORK),CR,,POWER,Maharashtra,02/2023,,03/2027,,836.12,,9.29,0.0,QPISR_QR_1st_2025-26.pdf,160,Table 7: Project List: Ongoing Projects,SUCCESS
2025-06,900,,N22000615,ALTERNATE_IDENTIFIER,BARAMATI - LONAND,CR,,POWER,Maharashtra,02/1999,,03/2027,,736.44,,712.06,50.0,QPISR_QR_1st_2025-26.pdf,160,Table 7: Project List: Ongoing Projects,SUCCESS
2025-06,901,,N22000627,ALTERNATE_IDENTIFIER,MUMBAI URBAN TRANSPORT PROJECT IIIA,MRVC,,POWER,Maharashtra,04/2019,,12/2027,,33690.0,,2156.62,0.0,QPISR_QR_1st_2025-26.pdf,160,Table 7: Project List: Ongoing Projects,SUCCESS
2025-06,902,,N22000629,ALTERNATE_IDENTIFIER,NAGPUR- NAGBHIR RAILWAY LINE GAUGE CONVERSION PROJECT,MRIDC,,POWER,Maharashtra,10/2019,,06/2024,,1400.0,,1791.72,87.0,QPISR_QR_1st_2025-26.pdf,161,Table 7: Project List: Ongoing Projects,SUCCESS
2025-06,903,,N24001448,ALTERNATE_IDENTIFIER,UPGRADATION OF ADHALGAON-JAMKHED SECTION OF NH-548 D FROM KM 132/600 TO KM 195/375 TO TWO LANE WITH,MoRTH,,ROAD TRANSPORT AND HIGHWAYS,Maharashtra,11/2021,,02/2022,,223.35,,209.36,87.88,QPISR_QR_1st_2025-26.pdf,161,Table 7: Project List: Ongoing Projects,SUCCESS
2025-06,904,,N24001468,ALTERNATE_IDENTIFIER,REPANPALLI TO SIRONCHA,MoRTH,,ROAD TRANSPORT AND HIGHWAYS,Maharashtra,03/2022,,06/2022,,282.07,,34.65,0.0,QPISR_QR_1st_2025-26.pdf,161,Table 7: Project List: Ongoing Projects,SUCCESS
2025-06,905,,N24001486,ALTERNATE_IDENTIFIER,TUNNEL AT KHAMBATAKI GHAT SECTION AND ITS APPROACHES FROM EXISTING KM. 771.730 TO EXISTING KM. 782.0,NHAI,,ROAD TRANSPORT AND HIGHWAYS,Maharashtra,02/2019,,02/2022,12/2024,493.0,,409.36,77.64,QPISR_QR_1st_2025-26.pdf,161,Table 7: Project List: Ongoing Projects,SUCCESS
2025-06,906,,N24001488,ALTERNATE_IDENTIFIER,DHARAMPURI-LONAND FROM KM. 117.00 TO 166.40 (PKG-IV) ON MOHOL-ALANDI SECTION,NHAI,,ROAD TRANSPORT AND HIGHWAYS,Maharashtra,09/2021,,09/2023,12/2024,618.45,,672.67,96.9,QPISR_QR_1st_2025-26.pdf,161,Table 7: Project List: Ongoing Projects,SUCCESS
2025-06,907,,N24001493,ALTERNATE_IDENTIFIER,6L OF KAGAL-SATARA SECTION FROM KM 658.000 TO KM 725.000 OF NH-48 (PKG-II),NHAI,,ROAD TRANSPORT AND HIGHWAYS,Maharashtra,12/2022,,12/2024,,1749.86,,1858.98,69.14,QPISR_QR_1st_2025-26.pdf,161,Table 7: Project List: Ongoing Projects,SUCCESS
2025-06,908,,N24001495,ALTERNATE_IDENTIFIER,4L OF RATNAGIRI - KOLHAPUR SECTION OF NH-166 FROM KM 0.000 TO KM 19.769 AND KM 31.000 TO KM 67.140 (,NHAI,,ROAD TRANSPORT AND HIGHWAYS,Maharashtra,11/2022,,11/2024,,930.0,,675.62,77.15,QPISR_QR_1st_2025-26.pdf,161,Table 7: Project List: Ongoing Projects,SUCCESS
2025-06,909,,N24001502,ALTERNATE_IDENTIFIER,4L OF BARAMATI TO INDAPUR (PKG-II) FROM KM. 41.400 TO KM. 84.550 OF NH-965G (SAINT TUKARAM MARG),NHAI,,ROAD TRANSPORT AND HIGHWAYS,Maharashtra,09/2021,,09/2023,07/2025,624.45,580.15,420.42,0.5,QPISR_QR_1st_2025-26.pdf,161,Table 7: Project List: Ongoing Projects,SUCCESS
2025-06,910,,N24001503,ALTERNATE_IDENTIFIER,4L OF INDAPUR TO TONDLE (PKG-III) FROM KM.84.550 TO KM. 131.00 OF NH-965G (SAINT TUKARAM MARG),NHAI,,ROAD TRANSPORT AND HIGHWAYS,Maharashtra,09/2021,,09/2023,01/2025,667.66,666.21,610.63,3.0,QPISR_QR_1st_2025-26.pdf,161,Table 7: Project List: Ongoing Projects,SUCCESS
2025-06,911,,N24001504,ALTERNATE_IDENTIFIER,VADODARA MUMBAI EXPRESSWAY (PHASE II - PKG XI) [KM. 77.000 TO KM. 103.400] (GANJAD - TALSARI),NHAI,,ROAD TRANSPORT AND HIGHWAYS,Maharashtra,05/2022,,05/2024,06/2025,1260.0,,665.73,99.0,QPISR_QR_1st_2025-26.pdf,162,Table 7: Project List: Ongoing Projects,SUCCESS
2025-06,912,,N24001505,ALTERNATE_IDENTIFIER,VADODARA MUMBAI EXPRESSWAY (PHASE II - PKG XII) [KM. 50.700 TO KM. 77.000] (MASVAN - GANJAD),NHAI,,ROAD TRANSPORT AND HIGHWAYS,Maharashtra,03/2022,,03/2024,06/2025,1549.02,,699.0,87.24,QPISR_QR_1st_2025-26.pdf,162,Table 7: Project List: Ongoing Projects,SUCCESS
2025-06,913,,N24001506,ALTERNATE_IDENTIFIER,VADODARA MUMBAI EXPRESSWAY (PHASE II - PKG XIII) [KM. 26.582 TO KM. 50.700] (SHIRSAD - MASVAN),NHAI,,ROAD TRANSPORT AND HIGHWAYS,Maharashtra,02/2022,,02/2024,06/2025,2747.0,,1130.3,84.22,QPISR_QR_1st_2025-26.pdf,162,Table 7: Project List: Ongoing Projects,SUCCESS
2025-06,914,,N24001507,ALTERNATE_IDENTIFIER,VADODARA MUMBAI EXPRESSWAY (PHASE II - PKG XIV) [KM. 3.000 TO KM. 20.200 OF SPUR] (SHIRSAD - AKLOLI),NHAI,,ROAD TRANSPORT AND HIGHWAYS,Maharashtra,11/2022,,05/2024,06/2025,1124.0,,483.84,75.15,QPISR_QR_1st_2025-26.pdf,162,Table 7: Project List: Ongoing Projects,SUCCESS
2025-06,915,,N24001508,ALTERNATE_IDENTIFIER,VADODARA MUMBAI EXPRESSWAY (PHASE II - PKG XVI) [KM. 43.000 TO KM. 69.800 OF SPUR] (AMNE - BHOJ),NHAI,,ROAD TRANSPORT AND HIGHWAYS,Maharashtra,11/2022,,10/2024,06/2025,1450.0,,718.65,86.02,QPISR_QR_1st_2025-26.pdf,162,Table 7: Project List: Ongoing Projects,SUCCESS
2025-06,916,,N24001521,ALTERNATE_IDENTIFIER,VADODARA MUMBAI EXPRESSWAY (PHASE II - PKG XV) [KM. 20.200 TO KM. 43.000 OF SPUR] (AKLOLI - AMNE),NHAI,,ROAD TRANSPORT AND HIGHWAYS,Maharashtra,11/2022,,10/2024,07/2025,990.0,,406.91,77.38,QPISR_QR_1st_2025-26.pdf,162,Table 7: Project List: Ongoing Projects,SUCCESS
2025-06,917,,N24001546,ALTERNATE_IDENTIFIER,6L OF KAGAL-SATARA SECTION FROM KM 592.240 TO KM 658.000 OF NH-48 (PKG-I),NHAI,,ROAD TRANSPORT AND HIGHWAYS,Maharashtra,01/2023,,01/2025,,1025.2,,457.33,44.61,QPISR_QR_1st_2025-26.pdf,162,Table 7: Project List: Ongoing Projects,SUCCESS
2025-06,918,,N24001607,ALTERNATE_IDENTIFIER,BALANCE WORKS OF 4L PANVEL-INDAPUR SECTION OF NH-66 (OLD NH-17) FROM KM 42.300 (KASU) TO KM 84.600 (,NHAI,,ROAD TRANSPORT AND HIGHWAYS,Maharashtra,10/2022,,05/2024,12/2025,332.0,,283.14,74.75,QPISR_QR_1st_2025-26.pdf,162,Table 7: Project List: Ongoing Projects,SUCCESS
2025-06,919,,N24001608,ALTERNATE_IDENTIFIER,VADODARA MUMBAI EXPRESSWAY (PHASE II - PKG XVII) [KM. 69.800 TO KM. 79.783 OF SPUR] (BHOJ - MORBE),NHAI,,ROAD TRANSPORT AND HIGHWAYS,Maharashtra,09/2021,,07/2025,,2208.68,,565.2,76.26,QPISR_QR_1st_2025-26.pdf,162,Table 7: Project List: Ongoing Projects,SUCCESS
2025-06,920,,N24001609,ALTERNATE_IDENTIFIER,BALANCE WORK OF 4 LANING OF PANVEL TO INDAPUR SECTION OF NH-66(OLD NH- 17) FROM KM 0.000 (PANVEL) TO,NHAI,,ROAD TRANSPORT AND HIGHWAYS,Maharashtra,01/2023,,12/2023,06/2025,151.26,,153.77,89.8,QPISR_QR_1st_2025-26.pdf,163,Table 7: Project List: Ongoing Projects,SUCCESS
2025-06,921,,N24001610,ALTERNATE_IDENTIFIER,4L OF EXISTING 2/4L STRETCH FROM LONAND TO DIVE GHAT (KM 166.400 TO KM 220.900 ) OF MOHOL ? ALANDI S,NHAI,,ROAD TRANSPORT AND HIGHWAYS,Maharashtra,01/2022,,05/2024,03/2025,1833.73,,554.81,96.94,QPISR_QR_1st_2025-26.pdf,163,Table 7: Project List: Ongoing Projects,SUCCESS
2025-06,922,,N24001795,ALTERNATE_IDENTIFIER,FOUR LANING OF AURANGABAD-PAITHAN SECTION OF NH-752E ON EPC MODE IN THE STATE OF MAHARASHTRA .,NHAI,,ROAD TRANSPORT AND HIGHWAYS,Maharashtra,10/2022,,07/2024,06/2025,490.4,,275.78,96.0,QPISR_QR_1st_2025-26.pdf,163,Table 7: Project List: Ongoing Projects,SUCCESS
2025-06,923,,N24001796,ALTERNATE_IDENTIFIER,4L OF RAJURA-KORPANA-ADILABAD ROAD UPTO M.S. BORDER FROM KM 32.910 TO KM 89.090 OF NH-353B,NHAI,,ROAD TRANSPORT AND HIGHWAYS,Maharashtra,03/2022,,10/2024,04/2025,1013.33,1013.33,355.07,62.01,QPISR_QR_1st_2025-26.pdf,163,Table 7: Project List: Ongoing Projects,SUCCESS
2025-06,924,,N24001797,ALTERNATE_IDENTIFIER,6L OF WAINGANGA BRIDGE - BHANDARA (INCLUDING BHANDARA BYPASS) SECTION FROM KM 485.000 TO KM 499.800,NHAI,,ROAD TRANSPORT AND HIGHWAYS,Maharashtra,10/2021,,01/2024,,815.77,,732.7,100.0,QPISR_QR_1st_2025-26.pdf,163,Table 7: Project List: Ongoing Projects,SUCCESS
2025-06,925,,N24001798,ALTERNATE_IDENTIFIER,4L MITIGATION MEASURE STRUCTURES ON CH/MH BORDER TO WAINGANGA BRIDGE SECTION OF NH-53,NHAI,,ROAD TRANSPORT AND HIGHWAYS,Maharashtra,02/2021,,11/2023,,540.21,,457.12,100.0,QPISR_QR_1st_2025-26.pdf,163,Table 7: Project List: Ongoing Projects,SUCCESS
2025-06,926,,N24001799,ALTERNATE_IDENTIFIER,4L OF NAGPUR-KATOL SECTION FROM KM. 13.00 TO KM. 62.900 OF NH-353J,NHAI,,ROAD TRANSPORT AND HIGHWAYS,Maharashtra,02/2021,,10/2023,,1166.96,,1098.21,81.17,QPISR_QR_1st_2025-26.pdf,163,Table 7: Project List: Ongoing Projects,SUCCESS
2025-06,927,,N24001804,ALTERNATE_IDENTIFIER,BAL. WORKS OF FAGNE (KM. 510.000) TO MAHARASHTRA/GUJARAT BORDER (KM. 650.794),NHAI,,ROAD TRANSPORT AND HIGHWAYS,Maharashtra,12/2019,,09/2022,06/2024,1654.07,,887.38,97.66,QPISR_QR_1st_2025-26.pdf,163,Table 7: Project List: Ongoing Projects,SUCCESS
2025-06,928,,N24001834,ALTERNATE_IDENTIFIER,4L OF RATNAGIRI - KOLHAPUR SECTION FROM KM 67.140 TO KM 112.340 OF NH-166 (PKG ? II),NHAI,,ROAD TRANSPORT AND HIGHWAYS,Maharashtra,05/2023,,05/2025,,839.0,,478.38,58.8,QPISR_QR_1st_2025-26.pdf,163,Table 7: Project List: Ongoing Projects,SUCCESS
2025-06,929,,N24001835,ALTERNATE_IDENTIFIER,4L OF RATNAGIRI - KOLHAPUR SECTION FROM KM 112.340 TO KM 145.300 OF NH-166 (PKG?III),NHAI,,ROAD TRANSPORT AND HIGHWAYS,Maharashtra,05/2023,,05/2025,,986.0,,580.1,56.4,QPISR_QR_1st_2025-26.pdf,164,Table 7: Project List: Ongoing Projects,SUCCESS
2025-06,930,,N24001880,ALTERNATE_IDENTIFIER,REHABILITATION AND UP-GRADATION TO 4 LANE ROAD WITH PAVED SHOULDER CONFIGURATION OF SECTION FROM UND,MoRTH,,ROAD TRANSPORT AND HIGHWAYS,Maharashtra,03/2022,,07/2025,,778.18,,135.78,0.0,QPISR_QR_1st_2025-26.pdf,164,Table 7: Project List: Ongoing Projects,SUCCESS
2025-06,931,,N24001882,ALTERNATE_IDENTIFIER,CONSTRUCTION OF NEW FOUR LANE BYPASS TO PARBHANI CITY (PARWA TO ASOLA) KM 463/265 TO KM 481/180 (DES,MoRTH,,ROAD TRANSPORT AND HIGHWAYS,Maharashtra,03/2022,,10/2024,,496.64,,,8.0,QPISR_QR_1st_2025-26.pdf,164,Table 7: Project List: Ongoing Projects,SUCCESS
2025-06,932,,N24001883,ALTERNATE_IDENTIFIER,CONSTRUCTION OF 4 LANE FLYOVER AT NAGPUR RTO CHOWK TO NAGPUR UNIVERSITY CAMPUS FROM CH 2/250 TO 5/10,MoRTH,,ROAD TRANSPORT AND HIGHWAYS,Maharashtra,03/2021,,03/2024,,478.83,,233.48,65.0,QPISR_QR_1st_2025-26.pdf,164,Table 7: Project List: Ongoing Projects,SUCCESS
2025-06,933,,N24001884,ALTERNATE_IDENTIFIER,REHABILITATION AND UPGRADATION OF SATANA TO MANGRUL (CHANDWAD) SECTION OF NH752 G DESIGN CH: KM 64.0,MoRTH,,ROAD TRANSPORT AND HIGHWAYS,Maharashtra,03/2023,,05/2025,,428.8,,54.11,30.69,QPISR_QR_1st_2025-26.pdf,164,Table 7: Project List: Ongoing Projects,SUCCESS
2025-06,934,,N24001885,ALTERNATE_IDENTIFIER,REHABILITATION AND UP-GRADATION OF JINTUR- SHIRAD SHAHAPUR SECTION KM 258.300 TO KM 306.300 [DESIGN,MoRTH,,ROAD TRANSPORT AND HIGHWAYS,Maharashtra,02/2023,,12/2024,,414.81,,,0.0,QPISR_QR_1st_2025-26.pdf,164,Table 7: Project List: Ongoing Projects,SUCCESS
2025-06,935,,N24001886,ALTERNATE_IDENTIFIER,DEVELOPMENT/WIDENING OF TALEGAON ? CHAKAN ? SHIKRAPUR ? NHAVARA SECTION OF NH 548DG (NHAVARA TO CHOU,MoRTH,,ROAD TRANSPORT AND HIGHWAYS,Maharashtra,10/2022,,08/2024,,304.68,,97.09,59.0,QPISR_QR_1st_2025-26.pdf,164,Table 7: Project List: Ongoing Projects,SUCCESS
2025-06,936,,N24001887,ALTERNATE_IDENTIFIER,REHABILITATION AND UPGRADATION OF BHOKARDAN TO KUMBHARI FATA DESIGN CH. (KM 13+500 TO 17+00) AND RAJ,MoRTH,,ROAD TRANSPORT AND HIGHWAYS,Maharashtra,08/2022,,06/2024,,291.37,,157.59,97.95,QPISR_QR_1st_2025-26.pdf,164,Table 7: Project List: Ongoing Projects,SUCCESS
2025-06,937,,N24001888,ALTERNATE_IDENTIFIER,"UP-GRADATION OF TIRORA-GONDIA, STATE HIGHWAY FROM EXISTING KM 163+213 (ON SH- 335, TIRORA) TO KM 191+",MoRTH,,ROAD TRANSPORT AND HIGHWAYS,Maharashtra,08/2021,,04/2023,,288.14,,72.78,40.45,QPISR_QR_1st_2025-26.pdf,165,Table 7: Project List: Ongoing Projects,SUCCESS
2025-06,938,,N24001889,ALTERNATE_IDENTIFIER,2 LANE + PS PIMPLNER TO SATANA -[DESIGN CHAINAGE KM 21.427 TO 64.00 ] OF NH-752G],MoRTH,,ROAD TRANSPORT AND HIGHWAYS,Maharashtra,09/2019,,07/2021,,277.81,,155.01,80.26,QPISR_QR_1st_2025-26.pdf,165,Table 7: Project List: Ongoing Projects,SUCCESS
2025-06,939,,N24001890,ALTERNATE_IDENTIFIER,REHABILITATION AND UPGRADATION OF PARLI TO SIRSALA SECTION OF NH-361F (KM 136+700 TO 115+000) (LENGT,MoRTH,,ROAD TRANSPORT AND HIGHWAYS,Maharashtra,02/2023,,12/2024,,261.82,,70.59,46.0,QPISR_QR_1st_2025-26.pdf,165,Table 7: Project List: Ongoing Projects,SUCCESS
2025-06,940,,N24001891,ALTERNATE_IDENTIFIER,BALANCE WORK OF REHABILITATION AND UP- GRADATION TO NH-166F FROM MAHAD JUNCTION (AT KM 123/400 ON NH-,MoRTH,,ROAD TRANSPORT AND HIGHWAYS,Maharashtra,07/2021,,11/2023,,256.54,,80.1,60.0,QPISR_QR_1st_2025-26.pdf,165,Table 7: Project List: Ongoing Projects,SUCCESS
2025-06,941,,N24001892,ALTERNATE_IDENTIFIER,REHABILITATION AND UPGRADATION OF SHIRAPUR JUNCTION TO SHIVAJI CHOWK (DESIGN CHAINAGE KM. 130+00 TO,MoRTH,,ROAD TRANSPORT AND HIGHWAYS,Maharashtra,02/2023,,12/2024,,245.61,,43.39,33.0,QPISR_QR_1st_2025-26.pdf,165,Table 7: Project List: Ongoing Projects,SUCCESS
2025-06,942,,N24001894,ALTERNATE_IDENTIFIER,2 LANE + PS ASTHAMODE - TIVATYAL [DESIGN CH. KM 24.300 - 62.00] [KM 134.98-172.95 OF NH- 63],MoRTH,,ROAD TRANSPORT AND HIGHWAYS,Maharashtra,09/2019,,07/2021,,228.82,,145.5,93.27,QPISR_QR_1st_2025-26.pdf,165,Table 7: Project List: Ongoing Projects,SUCCESS
2025-06,943,,N24001895,ALTERNATE_IDENTIFIER,REHABILATION AND UPGRADATION TO TWO LANES WITH PAVED SHOULDER CONFIGURATION FROM WATUR TO CHARTHANA,MoRTH,,ROAD TRANSPORT AND HIGHWAYS,Maharashtra,11/2021,,09/2023,,228.01,,106.11,99.5,QPISR_QR_1st_2025-26.pdf,165,Table 7: Project List: Ongoing Projects,SUCCESS
2025-06,944,,N24001896,ALTERNATE_IDENTIFIER,UPGRADATIOBN AND REHABILITATION OF SECTION OF NH 361 F FROM PARLI (00/000) TO GANGAKHED (30/400) TO,MoRTH,,ROAD TRANSPORT AND HIGHWAYS,Maharashtra,11/2021,,09/2023,,224.44,,75.34,45.63,QPISR_QR_1st_2025-26.pdf,165,Table 7: Project List: Ongoing Projects,SUCCESS
2025-06,945,,N24001902,ALTERNATE_IDENTIFIER,REHABILITATION AND UP-GRADATION OF SABALKHED TO ASHTI SECTION FROM KM 37+900 TO KM 55+100 AND CHINCH,MoRTH,,ROAD TRANSPORT AND HIGHWAYS,Maharashtra,12/2022,,09/2024,,213.32,,20.0,34.0,QPISR_QR_1st_2025-26.pdf,166,Table 7: Project List: Ongoing Projects,SUCCESS
2025-06,946,,N24001903,ALTERNATE_IDENTIFIER,REHABILITATION AND UP-GRADATION OF MUDKHED TO NANDED SECTION FROM KM. 372+000 TO KM 388+400 OF NH 16,MoRTH,,ROAD TRANSPORT AND HIGHWAYS,Maharashtra,08/2022,,04/2025,,206.54,,21.36,10.0,QPISR_QR_1st_2025-26.pdf,166,Table 7: Project List: Ongoing Projects,SUCCESS
2025-06,947,,N24001904,ALTERNATE_IDENTIFIER,KOPARGAON TO SAVALI VIHIR SECTION,MoRTH,,ROAD TRANSPORT AND HIGHWAYS,Maharashtra,09/2022,,07/2024,,195.38,,29.59,19.76,QPISR_QR_1st_2025-26.pdf,166,Table 7: Project List: Ongoing Projects,SUCCESS
2025-06,948,,N24001905,ALTERNATE_IDENTIFIER,"CONSTRUCTION OF MAJOR BRIDGE ACROSS MANJRA RIVER NEAR YESGI VILLAGE @ KM, 166/500 ON NH 63 TQ BILOLI",MoRTH,,ROAD TRANSPORT AND HIGHWAYS,Maharashtra,10/2021,,08/2023,,188.69,,111.25,100.0,QPISR_QR_1st_2025-26.pdf,166,Table 7: Project List: Ongoing Projects,SUCCESS
2025-06,949,,N24001906,ALTERNATE_IDENTIFIER,UP-GRADATION TO 4 LANING OF DAULTABAD T-POINT TO MALIWADA [FROM DESIGN KM.0.000 TO KM 4.000] AND UPG,MoRTH,,ROAD TRANSPORT AND HIGHWAYS,Maharashtra,08/2022,,03/2024,,185.59,,63.56,48.0,QPISR_QR_1st_2025-26.pdf,166,Table 7: Project List: Ongoing Projects,SUCCESS
2025-06,950,,N24001907,ALTERNATE_IDENTIFIER,"CONSTRUCTION OF SIX LANE FLYOVER AT KATRAJ JUNCTION AT KM, 3/880 OF NH 548-DD (VADGAON - KATRAJ - KO",MoRTH,,ROAD TRANSPORT AND HIGHWAYS,Maharashtra,06/2021,,02/2024,,169.15,,36.94,35.96,QPISR_QR_1st_2025-26.pdf,166,Table 7: Project List: Ongoing Projects,SUCCESS
2025-06,951,,N24001908,ALTERNATE_IDENTIFIER,UPGRADATION OF EXHISTING 2 LANE FLEXIBLE PAVEMENT TO 2 LANE PAVED SHOULDERS RIGID PAVEMENT FROM DESI,MoRTH,,ROAD TRANSPORT AND HIGHWAYS,Maharashtra,12/2021,,05/2024,,167.97,,35.28,36.76,QPISR_QR_1st_2025-26.pdf,166,Table 7: Project List: Ongoing Projects,SUCCESS
2025-06,952,,N24001909,ALTERNATE_IDENTIFIER,"STRENGTHING AND WIDINING OF EXISTING CARRIAGEWAY TO 10 M IN KM, 156/160 TO 229/160 (TEMBHURNI - KUSL",MoRTH,,ROAD TRANSPORT AND HIGHWAYS,Maharashtra,11/2021,,06/2024,,157.72,,80.37,65.94,QPISR_QR_1st_2025-26.pdf,166,Table 7: Project List: Ongoing Projects,SUCCESS
2025-06,953,,N24001910,ALTERNATE_IDENTIFIER,REHABILITATION AND UPGRADATION OF JAMKHED TO SAUTADA SECTION OF NH548 D (FROM KM 195.375 TO KM 208.7,MoRTH,,ROAD TRANSPORT AND HIGHWAYS,Maharashtra,09/2022,,07/2024,,157.62,,13.86,17.03,QPISR_QR_1st_2025-26.pdf,167,Table 7: Project List: Ongoing Projects,SUCCESS
2025-06,954,,N24001911,ALTERNATE_IDENTIFIER,PANGAON TO DHARMAPURI AND PARALI TO INJEGAON 2L+PS,MoRTH,,ROAD TRANSPORT AND HIGHWAYS,Maharashtra,03/2018,,07/2024,,152.03,,81.35,97.57,QPISR_QR_1st_2025-26.pdf,167,Table 7: Project List: Ongoing Projects,SUCCESS
2025-06,955,,N24002071,ALTERNATE_IDENTIFIER,4L OF INDORA CHOWK TO PACHPAOLI AND AGRASEN CHOWK - ASHOKA CHOWK,NHAI,,ROAD TRANSPORT AND HIGHWAYS,Maharashtra,03/2023,,06/2026,,998.27,,348.48,48.34,QPISR_QR_1st_2025-26.pdf,167,Table 7: Project List: Ongoing Projects,SUCCESS
2025-06,956,,N24002072,ALTERNATE_IDENTIFIER,IMPROVEMENT OF EXISTING ALIGNMENT OF PANDHARPUR TOWN PART BYPASSED SECTION FROM WAKHARI TO LORD VITT,NHAI,,ROAD TRANSPORT AND HIGHWAYS,Maharashtra,07/2022,,10/2025,,150.21,150.21,33.7,6.0,QPISR_QR_1st_2025-26.pdf,167,Table 7: Project List: Ongoing Projects,SUCCESS
2025-06,957,,N24002137,ALTERNATE_IDENTIFIER,STRENGTHENING OF 6-LANE PIMPALGAON- NASHIK-GONDE (KM. 380 - KM. 440) SECTION OF NH-3 IN MAHARASHTRA U,NHAI,,ROAD TRANSPORT AND HIGHWAYS,Maharashtra,02/2024,,03/2025,,175.0,206.49,201.0,100.0,QPISR_QR_1st_2025-26.pdf,167,Table 7: Project List: Ongoing Projects,SUCCESS
2025-06,958,,N24002169,ALTERNATE_IDENTIFIER,REHABILITATION/UPGRADATION OF EXISTING HIGHWAY TO 2L+PS/4 LANE OF DHAWALI TO RAJOLI FROM DESIGN KM.1,MoRTH,,ROAD TRANSPORT AND HIGHWAYS,Maharashtra,03/2022,,09/2025,,316.44,,,0.0,QPISR_QR_1st_2025-26.pdf,167,Table 7: Project List: Ongoing Projects,SUCCESS
2025-06,959,,N24002170,ALTERNATE_IDENTIFIER,REHABILITATION/ UPGRADATION OF EXISTING HIGHWAY TO FOUR LANE STANDARDS IN KURKHEDA TOWN FROM (KM.413,MoRTH,,ROAD TRANSPORT AND HIGHWAYS,Maharashtra,03/2022,,05/2025,,163.86,,,0.0,QPISR_QR_1st_2025-26.pdf,167,Table 7: Project List: Ongoing Projects,SUCCESS
2025-06,960,,N24002171,ALTERNATE_IDENTIFIER,REHABILITATION AND UP-GRADATION FOR TALERE A?? GAGANBAWDAA?? KOLHAPUR ROAD (NH-166G) STRETCHES START,MoRTH,,ROAD TRANSPORT AND HIGHWAYS,Maharashtra,02/2023,,04/2025,,249.13,,,0.0,QPISR_QR_1st_2025-26.pdf,167,Table 7: Project List: Ongoing Projects,SUCCESS
2025-06,961,,N24002172,ALTERNATE_IDENTIFIER,"UP-GRADATION TO 4 LANE CONFIGURATION FOR THE WORK OF PETH NAKA TO SANGLI ROAD, NH-166H, FROM KM 0+00",MoRTH,,ROAD TRANSPORT AND HIGHWAYS,Maharashtra,02/2023,,12/2025,,856.82,,,0.0,QPISR_QR_1st_2025-26.pdf,168,Table 7: Project List: Ongoing Projects,SUCCESS
2025-06,962,,N24002173,ALTERNATE_IDENTIFIER,REHABILITATION AND UP-GRADATION TO 2 LANE WITH PAVED SHOULDER CONFIGURATION OF MAHUD SANGOLA ROAD NH,MoRTH,,ROAD TRANSPORT AND HIGHWAYS,Maharashtra,02/2023,,04/2025,,253.78,,,0.0,QPISR_QR_1st_2025-26.pdf,168,Table 7: Project List: Ongoing Projects,SUCCESS
2025-06,963,,N24002174,ALTERNATE_IDENTIFIER,UP-GRADATION TO FOUR LANE/ TWO LANE WITH PAVED SHOULDERS CONFIGURATION OF KALYAN - MURBAD - MALSHEJ,MoRTH,,ROAD TRANSPORT AND HIGHWAYS,Maharashtra,02/2023,,08/2026,,984.07,,,0.0,QPISR_QR_1st_2025-26.pdf,168,Table 7: Project List: Ongoing Projects,SUCCESS
2025-06,964,,N24002175,ALTERNATE_IDENTIFIER,CONSTRUCTION OF FOUR-LANE CONCRETE ROAD FROM POLICE HEADQUARTER GONDIA CITY TO RAWANWADI VILLAGE (BI,MoRTH,,ROAD TRANSPORT AND HIGHWAYS,Maharashtra,02/2023,,08/2025,,328.11,,,0.0,QPISR_QR_1st_2025-26.pdf,168,Table 7: Project List: Ongoing Projects,SUCCESS
2025-06,965,,N24002176,ALTERNATE_IDENTIFIER,REHABILITATION/UP GRADATION OF KARANJA ? KHERDA - MURTIZAPUR SECTION TO 4LANE+PAVED SHOULDER STANDA,MoRTH,,ROAD TRANSPORT AND HIGHWAYS,Maharashtra,03/2023,,02/2026,,594.44,,,0.0,QPISR_QR_1st_2025-26.pdf,168,Table 7: Project List: Ongoing Projects,SUCCESS
2025-06,966,,N24002177,ALTERNATE_IDENTIFIER,REHABILITATION / UPGRADATION TO 4 LANE WITH PAVED SHOULDER OF EXISTING SECTION IN SILLOD TOWN WITH D,MoRTH,,ROAD TRANSPORT AND HIGHWAYS,Maharashtra,03/2023,,07/2025,,153.79,,,0.0,QPISR_QR_1st_2025-26.pdf,168,Table 7: Project List: Ongoing Projects,SUCCESS
2025-06,967,,N24002178,ALTERNATE_IDENTIFIER,"REHABILITATION, UPGRADATION AND WIDENING OF EXISTING HIGHWAY TO RIGID PAVEMENT 2 LANE WITH PAVED SHO",MoRTH,,ROAD TRANSPORT AND HIGHWAYS,Maharashtra,02/2023,,07/2026,,723.13,,,0.0,QPISR_QR_1st_2025-26.pdf,168,Table 7: Project List: Ongoing Projects,SUCCESS
2025-06,968,,N24000332,ALTERNATE_IDENTIFIER,REHABILITATION AND UPGRADATION OF END OF AHMEDNAGAR BYPASS TO KHARWANDI KASAR SECTION OF NH-222 FROM,MoRTH,,ROAD TRANSPORT AND HIGHWAYS,Maharashtra,01/2015,,,,225.81,,118.84,94.27,QPISR_QR_1st_2025-26.pdf,168,Table 7: Project List: Ongoing Projects,SUCCESS
2025-06,969,,N24000442,ALTERNATE_IDENTIFIER,"CONSTRUCTION OF FLYOVER AT KM.544.650 INCLUDING ROB ,SERVICE ROADS ,FOOTPATH FOR RCC DRAINS ON URBAN",NHAI,,ROAD TRANSPORT AND HIGHWAYS,Maharashtra,12/2015,,03/2019,11/2023,649.5,,623.82,94.1,QPISR_QR_1st_2025-26.pdf,169,Table 7: Project List: Ongoing Projects,SUCCESS
2025-06,970,,N24000560,ALTERNATE_IDENTIFIER,NAGPUR RING ROAD PACKAGE-2,NHAI,,ROAD TRANSPORT AND HIGHWAYS,Maharashtra,03/2016,,07/2019,03/2024,591.66,,632.92,100.0,QPISR_QR_1st_2025-26.pdf,169,Table 7: Project List: Ongoing Projects,SUCCESS
2025-06,971,,N24000584,ALTERNATE_IDENTIFIER,4-LANNING OF NH17 AND NEW NO. NH66 FROM KM 161/600 TO 205/400 UNDER HYBRID ANNUITY MODE,MoRTH,,ROAD TRANSPORT AND HIGHWAYS,Maharashtra,03/2016,,,,1142.62,1907.03,1056.08,95.17,QPISR_QR_1st_2025-26.pdf,169,Table 7: Project List: Ongoing Projects,SUCCESS
2025-06,972,,N24000585,ALTERNATE_IDENTIFIER,4-LANNING OF NH17 AND NEW NO. NH66 FROM KM 241/300 TO 281/300 UNDER HYBRID ANNUITY MODE,MoRTH,,ROAD TRANSPORT AND HIGHWAYS,Maharashtra,03/2016,,,,1101.58,,608.53,0.0,QPISR_QR_1st_2025-26.pdf,169,Table 7: Project List: Ongoing Projects,SUCCESS
2025-06,973,,N24000656,ALTERNATE_IDENTIFIER,4-LANNING OF BODHRE-DHULE SECTION(KM 390.000 TO 452.800),NHAI,,ROAD TRANSPORT AND HIGHWAYS,Maharashtra,03/2017,,03/2020,07/2022,744.64,,467.65,97.69,QPISR_QR_1st_2025-26.pdf,169,Table 7: Project List: Ongoing Projects,SUCCESS
2025-06,974,,N24000659,ALTERNATE_IDENTIFIER,4-LANNING OF WARANGA-MAHAGAON SECTION(KM 253.7000 TO 320.580),NHAI,,ROAD TRANSPORT AND HIGHWAYS,Maharashtra,03/2017,,03/2017,05/2021,1059.73,1071.0,928.19,97.25,QPISR_QR_1st_2025-26.pdf,169,Table 7: Project List: Ongoing Projects,SUCCESS
2025-06,975,,N24000851,ALTERNATE_IDENTIFIER,CONSTRUCTION OF 8 LANING OF EXISTING 4 LANE VADAPE TO THANE FROM KM 539.202 TO KM 563.000 SECTION OF,NHAI,,ROAD TRANSPORT AND HIGHWAYS,Maharashtra,03/2018,,07/2021,,1162.92,1182.87,412.38,64.0,QPISR_QR_1st_2025-26.pdf,169,Table 7: Project List: Ongoing Projects,SUCCESS
2025-06,976,,N24001002,ALTERNATE_IDENTIFIER,SARSAM TO KOTHARI,MoRTH,,ROAD TRANSPORT AND HIGHWAYS,Maharashtra,02/2016,,07/2019,,545.64,,232.64,93.68,QPISR_QR_1st_2025-26.pdf,169,Table 7: Project List: Ongoing Projects,SUCCESS
2025-06,977,,N24001003,ALTERNATE_IDENTIFIER,AKOLA TO AKOT,MoRTH,,ROAD TRANSPORT AND HIGHWAYS,Maharashtra,01/2017,,06/2019,,313.95,,270.02,98.03,QPISR_QR_1st_2025-26.pdf,169,Table 7: Project List: Ongoing Projects,SUCCESS
2025-06,978,,N24001013,ALTERNATE_IDENTIFIER,DIGRAS DARWAH KARANJA,MoRTH,,ROAD TRANSPORT AND HIGHWAYS,Maharashtra,01/2017,,06/2019,,391.06,391.0,287.6,92.76,QPISR_QR_1st_2025-26.pdf,169,Table 7: Project List: Ongoing Projects,SUCCESS
2025-06,979,,N24001017,ALTERNATE_IDENTIFIER,DAHEGAON TO KUHI,MoRTH,,ROAD TRANSPORT AND HIGHWAYS,Maharashtra,01/2017,,06/2019,,228.89,229.0,154.82,99.0,QPISR_QR_1st_2025-26.pdf,170,Table 7: Project List: Ongoing Projects,SUCCESS
2025-06,980,,N24001018,ALTERNATE_IDENTIFIER,BHANDARA TO GHOTITOK,MoRTH,,ROAD TRANSPORT AND HIGHWAYS,Maharashtra,01/2017,,06/2019,,392.83,393.0,264.35,97.5,QPISR_QR_1st_2025-26.pdf,170,Table 7: Project List: Ongoing Projects,SUCCESS
2025-06,981,,N24001021,ALTERNATE_IDENTIFIER,AMDI TO SAONER,MoRTH,,ROAD TRANSPORT AND HIGHWAYS,Maharashtra,01/2017,,06/2019,,396.91,397.0,253.59,98.23,QPISR_QR_1st_2025-26.pdf,170,Table 7: Project List: Ongoing Projects,SUCCESS
2025-06,982,,N24001022,ALTERNATE_IDENTIFIER,WADI TO ASOLA,MoRTH,,ROAD TRANSPORT AND HIGHWAYS,Maharashtra,01/2017,,09/2019,,363.82,364.0,154.65,93.15,QPISR_QR_1st_2025-26.pdf,170,Table 7: Project List: Ongoing Projects,SUCCESS
2025-06,983,,N24001027,ALTERNATE_IDENTIFIER,SHAHPUR PATGAON SECTION I,MoRTH,,ROAD TRANSPORT AND HIGHWAYS,Maharashtra,01/2018,,12/2019,,150.79,,81.14,100.0,QPISR_QR_1st_2025-26.pdf,170,Table 7: Project List: Ongoing Projects,SUCCESS
2025-06,984,,N24001039,ALTERNATE_IDENTIFIER,JINTUR TO PARBHANI,MoRTH,,ROAD TRANSPORT AND HIGHWAYS,Maharashtra,01/2017,,,,356.66,,209.48,100.0,QPISR_QR_1st_2025-26.pdf,170,Table 7: Project List: Ongoing Projects,SUCCESS
2025-06,985,,N24001046,ALTERNATE_IDENTIFIER,RALEGAON TO RAMTIRTH,MoRTH,,ROAD TRANSPORT AND HIGHWAYS,Maharashtra,01/2017,,07/2019,,210.81,,132.0,95.99,QPISR_QR_1st_2025-26.pdf,170,Table 7: Project List: Ongoing Projects,SUCCESS
2025-06,986,,N24001050,ALTERNATE_IDENTIFIER,VITA TO NAGAJ,MoRTH,,ROAD TRANSPORT AND HIGHWAYS,Maharashtra,03/2018,,12/2019,,304.58,305.0,154.68,68.39,QPISR_QR_1st_2025-26.pdf,170,Table 7: Project List: Ongoing Projects,SUCCESS
2025-06,987,,N24001057,ALTERNATE_IDENTIFIER,KARAD PATAN CHIPLUN GUHAGAR,MoRTH,,ROAD TRANSPORT AND HIGHWAYS,Maharashtra,02/2017,,06/2019,,407.19,407.0,323.02,0.0,QPISR_QR_1st_2025-26.pdf,170,Table 7: Project List: Ongoing Projects,SUCCESS
2025-06,988,,N24001058,ALTERNATE_IDENTIFIER,KARWANDI TO RAJURI,MoRTH,,ROAD TRANSPORT AND HIGHWAYS,Maharashtra,03/2018,,12/2019,,276.95,277.0,160.94,92.06,QPISR_QR_1st_2025-26.pdf,170,Table 7: Project List: Ongoing Projects,SUCCESS
2025-06,989,,N24001060,ALTERNATE_IDENTIFIER,PALPHATA TO PHULAMBARI,MoRTH,,ROAD TRANSPORT AND HIGHWAYS,Maharashtra,03/2018,,12/2019,,227.19,227.0,141.92,95.0,QPISR_QR_1st_2025-26.pdf,170,Table 7: Project List: Ongoing Projects,SUCCESS
2025-06,990,,N24001069,ALTERNATE_IDENTIFIER,NANDED TO JALKOT,MoRTH,,ROAD TRANSPORT AND HIGHWAYS,Maharashtra,12/2017,,09/2019,,456.93,457.0,278.22,95.0,QPISR_QR_1st_2025-26.pdf,171,Table 7: Project List: Ongoing Projects,SUCCESS
2025-06,991,,N24001078,ALTERNATE_IDENTIFIER,PUNE TO MALE VILLAGE,MoRTH,,ROAD TRANSPORT AND HIGHWAYS,Maharashtra,03/2018,,12/2019,,228.31,,113.29,84.32,QPISR_QR_1st_2025-26.pdf,171,Table 7: Project List: Ongoing Projects,SUCCESS
2025-06,992,,N24001079,ALTERNATE_IDENTIFIER,ARDHAPUR TO HIMAYATNAGAR,MoRTH,,ROAD TRANSPORT AND HIGHWAYS,Maharashtra,12/2017,,06/2020,,426.06,426.0,268.96,96.46,QPISR_QR_1st_2025-26.pdf,171,Table 7: Project List: Ongoing Projects,SUCCESS
2025-06,993,,N24001080,ALTERNATE_IDENTIFIER,MALE VILLAGE TO PUNE RAIGARH DISTRICT BORDER,MoRTH,,ROAD TRANSPORT AND HIGHWAYS,Maharashtra,03/2018,,12/2019,,256.15,,115.53,82.0,QPISR_QR_1st_2025-26.pdf,171,Table 7: Project List: Ongoing Projects,SUCCESS
2025-06,994,,N24001081,ALTERNATE_IDENTIFIER,HIMAYATNAGAR TO PHULSAWANGI,MoRTH,,ROAD TRANSPORT AND HIGHWAYS,Maharashtra,03/2018,,12/2019,,294.87,295.0,183.17,100.0,QPISR_QR_1st_2025-26.pdf,171,Table 7: Project List: Ongoing Projects,SUCCESS
2025-06,995,,N24001082,ALTERNATE_IDENTIFIER,PUNE RAIGARH DISTRICT BORDER TO MANGAON,MoRTH,,ROAD TRANSPORT AND HIGHWAYS,Maharashtra,03/2018,,12/2019,,223.46,,123.46,100.0,QPISR_QR_1st_2025-26.pdf,171,Table 7: Project List: Ongoing Projects,SUCCESS
2025-06,996,,N24001090,ALTERNATE_IDENTIFIER,KOLDE TO KHETIYA,MoRTH,,ROAD TRANSPORT AND HIGHWAYS,Maharashtra,01/2017,,07/2019,,509.18,,246.83,92.38,QPISR_QR_1st_2025-26.pdf,171,Table 7: Project List: Ongoing Projects,SUCCESS
2025-06,997,,N24001092,ALTERNATE_IDENTIFIER,SATARA TO MHASWAD,MoRTH,,ROAD TRANSPORT AND HIGHWAYS,Maharashtra,01/2017,,07/2019,,653.46,,369.62,0.0,QPISR_QR_1st_2025-26.pdf,171,Table 7: Project List: Ongoing Projects,SUCCESS
2025-06,998,,N24001095,ALTERNATE_IDENTIFIER,SATARA MURVAD PILLOV PANDHARPUR,MoRTH,,ROAD TRANSPORT AND HIGHWAYS,Maharashtra,01/2017,,,,388.44,,240.05,100.0,QPISR_QR_1st_2025-26.pdf,171,Table 7: Project List: Ongoing Projects,SUCCESS
2025-06,999,,N24001097,ALTERNATE_IDENTIFIER,SELDOH TO PANVAR,MoRTH,,ROAD TRANSPORT AND HIGHWAYS,Maharashtra,07/2018,,05/2020,,404.33,404.0,140.65,100.0,QPISR_QR_1st_2025-26.pdf,171,Table 7: Project List: Ongoing Projects,SUCCESS
2025-06,1000,,N24001099,ALTERNATE_IDENTIFIER,MHASWAD TO TEMBHURNI,MoRTH,,ROAD TRANSPORT AND HIGHWAYS,Maharashtra,01/2017,,07/2019,,488.6,,279.42,76.5,QPISR_QR_1st_2025-26.pdf,171,Table 7: Project List: Ongoing Projects,SUCCESS
2025-06,1001,,N24001101,ALTERNATE_IDENTIFIER,KURUDWADI TO PANDHARPUR,MoRTH,,ROAD TRANSPORT AND HIGHWAYS,Maharashtra,01/2017,,07/2019,,307.63,,208.22,95.29,QPISR_QR_1st_2025-26.pdf,172,Table 7: Project List: Ongoing Projects,SUCCESS
2025-06,1002,,N24001102,ALTERNATE_IDENTIFIER,PANDHARPUR TO SANGOLA,MoRTH,,ROAD TRANSPORT AND HIGHWAYS,Maharashtra,07/2017,,07/2019,,218.38,,176.99,99.86,QPISR_QR_1st_2025-26.pdf,172,Table 7: Project List: Ongoing Projects,SUCCESS
2025-06,1003,,N24001106,ALTERNATE_IDENTIFIER,PEN TO KHOPOLI,MoRTH,,ROAD TRANSPORT AND HIGHWAYS,Maharashtra,03/2018,,03/2018,,301.39,302.0,170.12,82.07,QPISR_QR_1st_2025-26.pdf,172,Table 7: Project List: Ongoing Projects,SUCCESS
2025-06,1004,,N24001107,ALTERNATE_IDENTIFIER,PANCHARAL TO MANDANGHAR,MoRTH,,ROAD TRANSPORT AND HIGHWAYS,Maharashtra,07/2018,,05/2020,,381.08,302.0,45.66,0.0,QPISR_QR_1st_2025-26.pdf,172,Table 7: Project List: Ongoing Projects,SUCCESS
2025-06,1005,,N24001111,ALTERNATE_IDENTIFIER,KOLHA TO NASRATPUR,MoRTH,,ROAD TRANSPORT AND HIGHWAYS,Maharashtra,04/2016,,04/2019,,281.78,282.0,77.83,100.0,QPISR_QR_1st_2025-26.pdf,172,Table 7: Project List: Ongoing Projects,SUCCESS
2025-06,1006,,N24001112,ALTERNATE_IDENTIFIER,NASRATPUR TO BARASGAON,MoRTH,,ROAD TRANSPORT AND HIGHWAYS,Maharashtra,07/2016,,09/2019,,406.54,407.0,274.3,0.0,QPISR_QR_1st_2025-26.pdf,172,Table 7: Project List: Ongoing Projects,SUCCESS
2025-06,1007,,N24001114,ALTERNATE_IDENTIFIER,INDAPUR TO VADPALE,MoRTH,,ROAD TRANSPORT AND HIGHWAYS,Maharashtra,01/2017,,12/2019,,1202.52,1656.94,1450.82,61.42,QPISR_QR_1st_2025-26.pdf,172,Table 7: Project List: Ongoing Projects,SUCCESS
2025-06,1008,,N24001122,ALTERNATE_IDENTIFIER,PAITHAN TO SHIRUR,MoRTH,,ROAD TRANSPORT AND HIGHWAYS,Maharashtra,03/2017,,06/2019,,341.8,,226.19,79.0,QPISR_QR_1st_2025-26.pdf,172,Table 7: Project List: Ongoing Projects,SUCCESS
2025-06,1009,,N24001123,ALTERNATE_IDENTIFIER,SHIRUR TO KHARDA,MoRTH,,ROAD TRANSPORT AND HIGHWAYS,Maharashtra,02/2017,,06/2019,,381.77,,199.48,83.93,QPISR_QR_1st_2025-26.pdf,172,Table 7: Project List: Ongoing Projects,SUCCESS
2025-06,1010,,N24001124,ALTERNATE_IDENTIFIER,AURANGABAD TO SILLOD,MoRTH,,ROAD TRANSPORT AND HIGHWAYS,Maharashtra,02/2017,,06/2019,,456.32,541.93,355.54,94.07,QPISR_QR_1st_2025-26.pdf,172,Table 7: Project List: Ongoing Projects,SUCCESS
2025-06,1011,,N24001125,ALTERNATE_IDENTIFIER,SILLOD TO FARDAPUR,MoRTH,,ROAD TRANSPORT AND HIGHWAYS,Maharashtra,02/2017,,06/2019,,337.46,432.98,335.3,91.56,QPISR_QR_1st_2025-26.pdf,172,Table 7: Project List: Ongoing Projects,SUCCESS
2025-06,1012,,N24001127,ALTERNATE_IDENTIFIER,KUMBHARI PHTA TO DEULGAON RAJA,MoRTH,,ROAD TRANSPORT AND HIGHWAYS,Maharashtra,02/2017,,06/2019,,406.51,,340.26,100.0,QPISR_QR_1st_2025-26.pdf,173,Table 7: Project List: Ongoing Projects,SUCCESS
2025-06,1013,,N24001132,ALTERNATE_IDENTIFIER,BHOGAN KHURD TO KASHEDI,MoRTH,,ROAD TRANSPORT AND HIGHWAYS,Maharashtra,09/2017,,06/2021,,743.21,743.0,911.64,88.69,QPISR_QR_1st_2025-26.pdf,173,Table 7: Project List: Ongoing Projects,SUCCESS
2025-06,1014,,N24001134,ALTERNATE_IDENTIFIER,KANTE TO WAKED,MoRTH,,ROAD TRANSPORT AND HIGHWAYS,Maharashtra,03/2016,,11/2019,,1230.02,1230.0,791.8,0.0,QPISR_QR_1st_2025-26.pdf,173,Table 7: Project List: Ongoing Projects,SUCCESS
2025-06,1015,,N24001138,ALTERNATE_IDENTIFIER,PARLI PIMPLA DAHIGUDA,MoRTH,,ROAD TRANSPORT AND HIGHWAYS,Maharashtra,02/2017,,06/2019,,205.72,206.0,813.5,94.1,QPISR_QR_1st_2025-26.pdf,173,Table 7: Project List: Ongoing Projects,SUCCESS
2025-06,1016,,N28000086,ALTERNATE_IDENTIFIER,MUMBAI METRO LINE 3 (COLABA-BANDRA- SEEPZ),MMRCL,,URBAN DEVELOPMENT,Maharashtra,07/2013,,03/2020,07/2025,23136.0,,28615.78,94.77,QPISR_QR_1st_2025-26.pdf,173,Table 7: Project List: Ongoing Projects,SUCCESS
2025-06,1017,,N28000121,ALTERNATE_IDENTIFIER,PUNE METRO RAIL PROJECT (PHASE 1),MMRC,,URBAN DEVELOPMENT,Maharashtra,12/2016,,11/2021,09/2024,11420.0,13656.22,13088.19,100.0,QPISR_QR_1st_2025-26.pdf,173,Table 7: Project List: Ongoing Projects,SUCCESS
2025-06,1018,,N28000155,ALTERNATE_IDENTIFIER,NAGPUR METRO RAIL PROJECT PHASE II,NMRCL,,URBAN DEVELOPMENT,Maharashtra,12/2022,,12/2027,,6708.0,,895.38,23.82,QPISR_QR_1st_2025-26.pdf,173,Table 7: Project List: Ongoing Projects,SUCCESS
2025-06,1019,,N28000157,ALTERNATE_IDENTIFIER,PCMC NIGDI PROJECT EXTENSION OF CORRIDOR 1 OF PUNE METRO PHASE 1,MMRC,,URBAN DEVELOPMENT,Maharashtra,10/2023,,01/2027,,910.18,,103.13,19.08,QPISR_QR_1st_2025-26.pdf,173,Table 7: Project List: Ongoing Projects,SUCCESS
2025-06,1020,,N28000160,ALTERNATE_IDENTIFIER,PUNE METRO PHASE-1 EXTENSION FROM SWARGATE TO KATRAJ,MMRC,,URBAN DEVELOPMENT,Maharashtra,09/2024,,03/2029,,2954.53,,17.35,2.91,QPISR_QR_1st_2025-26.pdf,173,Table 7: Project List: Ongoing Projects,SUCCESS
2025-06,1021,,N04000100,ALTERNATE_IDENTIFIER,"CONSTRUCTION OF NEW INTEGRATED TERMINAL BUILDING, CONTROL TOWER CUM TECHNICAL BLOCK, APRON, LINK TAX",AAI,,CIVIL AVIATION,Manipur,11/2021,,07/2024,12/2025,499.0,,154.47,40.82,QPISR_QR_1st_2025-26.pdf,173,Table 7: Project List: Ongoing Projects,SUCCESS
2025-06,1022,220100288,,PRIMARY_IDENTIFIER,JIRIBAM TO IMPHAL (TUPUI)(NL)(NEFR),NFR,,RAILWAYS,Manipur,04/2003,,12/2026,03/2028,14322.79,12274.06,15485.02,69.2,QPISR_QR_1st_2025-26.pdf,174,Table 7: Project List: Ongoing Projects,SUCCESS
2025-06,1023,,N24001274,ALTERNATE_IDENTIFIER,IMPROVEMENT/UPGRADATION OF EXISTING 2- LANE TO 4-LANE DIVIDED HIGHWAY FROM TAPHOU KUKI TO DAILI SECTI,NHIDCL,,ROAD TRANSPORT AND HIGHWAYS,Manipur,08/2020,,04/2022,06/2025,379.39,,218.03,70.94,QPISR_QR_1st_2025-26.pdf,174,Table 7: Project List: Ongoing Projects,SUCCESS
2025-06,1024,,N24001276,ALTERNATE_IDENTIFIER,IMPROVEMENT/UPGRADATION OF EXISTING 2- LANE TO 4-LANE DIVIDED HIGHWAY FROM KURAOPOKPI TO SEKMAI SECTI,NHIDCL,,ROAD TRANSPORT AND HIGHWAYS,Manipur,08/2020,,04/2022,,228.97,,,4.6,QPISR_QR_1st_2025-26.pdf,174,Table 7: Project List: Ongoing Projects,SUCCESS
2025-06,1025,,N24001349,ALTERNATE_IDENTIFIER,MARIAM - PEREN PKG-1A,NHIDCL,,ROAD TRANSPORT AND HIGHWAYS,Manipur,02/2021,,12/2022,03/2025,226.32,,105.78,74.48,QPISR_QR_1st_2025-26.pdf,174,Table 7: Project List: Ongoing Projects,SUCCESS
2025-06,1026,,N24001350,ALTERNATE_IDENTIFIER,MARIAM - PEREN (PKG 1B),NHIDCL,,ROAD TRANSPORT AND HIGHWAYS,Manipur,02/2021,,12/2022,01/2025,188.36,,126.71,99.02,QPISR_QR_1st_2025-26.pdf,174,Table 7: Project List: Ongoing Projects,SUCCESS
2025-06,1027,,N24001353,ALTERNATE_IDENTIFIER,IMPHAL - KHONGSANG PKG-2,NHIDCL,,ROAD TRANSPORT AND HIGHWAYS,Manipur,03/2021,,12/2022,03/2025,195.14,,61.81,0.0,QPISR_QR_1st_2025-26.pdf,174,Table 7: Project List: Ongoing Projects,SUCCESS
2025-06,1028,,N24001354,ALTERNATE_IDENTIFIER,TAMENGLONG - MAHUR PKG-3,NHIDCL,,ROAD TRANSPORT AND HIGHWAYS,Manipur,03/2021,,12/2022,09/2024,234.08,,139.45,92.82,QPISR_QR_1st_2025-26.pdf,174,Table 7: Project List: Ongoing Projects,SUCCESS
2025-06,1029,,N24001400,ALTERNATE_IDENTIFIER,SENAPATI- IMPHAL PKG-5B,NHIDCL,,ROAD TRANSPORT AND HIGHWAYS,Manipur,03/2021,,01/2023,05/2025,211.7,,83.79,71.06,QPISR_QR_1st_2025-26.pdf,174,Table 7: Project List: Ongoing Projects,SUCCESS
2025-06,1030,,N24001401,ALTERNATE_IDENTIFIER,IMPHAL - KHONGSANG PKG-3,NHIDCL,,ROAD TRANSPORT AND HIGHWAYS,Manipur,07/2021,,03/2023,03/2025,467.0,,193.81,79.81,QPISR_QR_1st_2025-26.pdf,174,Table 7: Project List: Ongoing Projects,SUCCESS
2025-06,1031,,N24001402,ALTERNATE_IDENTIFIER,TAMENGLONG - MAHUR PKG-1,NHIDCL,,ROAD TRANSPORT AND HIGHWAYS,Manipur,07/2021,,03/2023,01/2025,185.8,,117.78,100.0,QPISR_QR_1st_2025-26.pdf,174,Table 7: Project List: Ongoing Projects,SUCCESS
2025-06,1032,,N24001403,ALTERNATE_IDENTIFIER,TAMENGLONG - MAHUR PKG-2,NHIDCL,,ROAD TRANSPORT AND HIGHWAYS,Manipur,07/2021,,03/2023,01/2025,483.87,,278.89,92.94,QPISR_QR_1st_2025-26.pdf,174,Table 7: Project List: Ongoing Projects,SUCCESS
2025-06,1033,,N24001404,ALTERNATE_IDENTIFIER,TAMENGLONG - MAHUR PKG-4,NHIDCL,,ROAD TRANSPORT AND HIGHWAYS,Manipur,07/2021,,03/2023,02/2025,198.77,,127.86,100.0,QPISR_QR_1st_2025-26.pdf,175,Table 7: Project List: Ongoing Projects,SUCCESS
2025-06,1034,,N24001405,ALTERNATE_IDENTIFIER,CHURACHANPUR TUIVAI PKG-3,NHIDCL,,ROAD TRANSPORT AND HIGHWAYS,Manipur,07/2021,,10/2023,03/2025,673.27,,382.37,80.28,QPISR_QR_1st_2025-26.pdf,175,Table 7: Project List: Ongoing Projects,SUCCESS
2025-06,1035,,N24001436,ALTERNATE_IDENTIFIER,TAMENGLONG - MAHUR PKG-5,NHIDCL,,ROAD TRANSPORT AND HIGHWAYS,Manipur,08/2021,,05/2023,01/2025,477.86,,246.09,84.87,QPISR_QR_1st_2025-26.pdf,175,Table 7: Project List: Ongoing Projects,SUCCESS
2025-06,1036,,N24001437,ALTERNATE_IDENTIFIER,TAMENGLONG - MAHUR PKG-6,NHIDCL,,ROAD TRANSPORT AND HIGHWAYS,Manipur,09/2021,,05/2023,11/2024,311.18,,190.96,83.78,QPISR_QR_1st_2025-26.pdf,175,Table 7: Project List: Ongoing Projects,SUCCESS
2025-06,1037,,N24001439,ALTERNATE_IDENTIFIER,MARAM - PEREN PKG-3,NHIDCL,,ROAD TRANSPORT AND HIGHWAYS,Manipur,08/2021,,05/2023,10/2024,467.41,,264.83,100.0,QPISR_QR_1st_2025-26.pdf,175,Table 7: Project List: Ongoing Projects,SUCCESS
2025-06,1038,,N24001453,ALTERNATE_IDENTIFIER,IMPHAL - KHONGSANG PKG-4,NHIDCL,,ROAD TRANSPORT AND HIGHWAYS,Manipur,08/2021,,12/2023,07/2025,579.63,,180.72,72.5,QPISR_QR_1st_2025-26.pdf,175,Table 7: Project List: Ongoing Projects,SUCCESS
2025-06,1039,,N24001473,ALTERNATE_IDENTIFIER,CONSTRUCTION OF 2-LANING WITH HARD SHOULDER ROAD OF UKHRUL - TOLOI - TADUBI SECTION OF NH-102A FROM,NHIDCL,,ROAD TRANSPORT AND HIGHWAYS,Manipur,09/2021,,02/2024,03/2025,310.76,,129.15,96.77,QPISR_QR_1st_2025-26.pdf,175,Table 7: Project List: Ongoing Projects,SUCCESS
2025-06,1040,,N24001538,ALTERNATE_IDENTIFIER,IMPHAL - KHONGSANG PKG-5,NHIDCL,,ROAD TRANSPORT AND HIGHWAYS,Manipur,12/2021,,05/2024,01/2026,410.68,,152.34,70.11,QPISR_QR_1st_2025-26.pdf,175,Table 7: Project List: Ongoing Projects,SUCCESS
2025-06,1041,,N24001539,ALTERNATE_IDENTIFIER,IMPHAL - KHONGSANG PKG-6,NHIDCL,,ROAD TRANSPORT AND HIGHWAYS,Manipur,12/2021,,02/2025,09/2025,504.76,,190.26,78.25,QPISR_QR_1st_2025-26.pdf,175,Table 7: Project List: Ongoing Projects,SUCCESS
2025-06,1042,,N24001540,ALTERNATE_IDENTIFIER,AKASH BRIDGE - JESSAMI SECTION PKG-2,NHIDCL,,ROAD TRANSPORT AND HIGHWAYS,Manipur,03/2022,,02/2025,02/2025,152.11,,73.48,100.0,QPISR_QR_1st_2025-26.pdf,175,Table 7: Project List: Ongoing Projects,SUCCESS
2025-06,1043,,N24001974,ALTERNATE_IDENTIFIER,CONSTRUCTION OF 2-LANING WITH HARD SHOULDER ROAD OF UKHRUL - TOLOI - TADUBI SECTION OF NH-102A FROM,NHIDCL,,ROAD TRANSPORT AND HIGHWAYS,Manipur,09/2021,,01/2025,08/2025,315.56,,137.81,88.74,QPISR_QR_1st_2025-26.pdf,176,Table 7: Project List: Ongoing Projects,SUCCESS
2025-06,1044,,N24002028,ALTERNATE_IDENTIFIER,LMPHAL TO JIRIBAM PKG-7,NHIDCL,,ROAD TRANSPORT AND HIGHWAYS,Manipur,01/2023,,12/2025,12/2025,760.16,,157.48,62.92,QPISR_QR_1st_2025-26.pdf,176,Table 7: Project List: Ongoing Projects,SUCCESS
2025-06,1045,,N24002131,ALTERNATE_IDENTIFIER,UKHRUL TOLOI TADUBI PKG-2,NHIDCL,,ROAD TRANSPORT AND HIGHWAYS,Manipur,03/2023,,02/2026,03/2026,578.98,,153.92,71.25,QPISR_QR_1st_2025-26.pdf,176,Table 7: Project List: Ongoing Projects,SUCCESS
2025-06,1046,,N24002202,ALTERNATE_IDENTIFIER,MARREM KHULLEN TO JESSAMI SECTION IMPHAL- UKHRUL - JESSAMI PKG-6 (DESIGN CHAINAGE KM 95.700 TO KM 14,NHIDCL,,ROAD TRANSPORT AND HIGHWAYS,Manipur,03/2023,,12/2026,,554.66,,17.79,15.0,QPISR_QR_1st_2025-26.pdf,176,Table 7: Project List: Ongoing Projects,SUCCESS
2025-06,1047,,N24002203,ALTERNATE_IDENTIFIER,IMPHAL-KOHIMA ROAD PKG-4B,NHIDCL,,ROAD TRANSPORT AND HIGHWAYS,Manipur,09/2020,,06/2026,,268.98,,13.14,18.04,QPISR_QR_1st_2025-26.pdf,176,Table 7: Project List: Ongoing Projects,SUCCESS
2025-06,1048,,N24002227,ALTERNATE_IDENTIFIER,JESSAMI TO LAYNEN BRIDGE UKHRUL - JESSAMI PKG-7,NHIDCL,,ROAD TRANSPORT AND HIGHWAYS,Manipur,03/2023,,06/2026,,164.89,,3.83,9.78,QPISR_QR_1st_2025-26.pdf,176,Table 7: Project List: Ongoing Projects,SUCCESS
2025-06,1049,,N24002232,ALTERNATE_IDENTIFIER,IMPHAL-KOHIMA ROAD PKG-5A,NHIDCL,,ROAD TRANSPORT AND HIGHWAYS,Manipur,09/2020,,08/2026,,228.97,,,10.13,QPISR_QR_1st_2025-26.pdf,176,Table 7: Project List: Ongoing Projects,SUCCESS
2025-06,1050,,N24002242,ALTERNATE_IDENTIFIER,CHOITHAR TO MARREM KHULLEN SECTION IMPHAL- UKHRUL - JESSAMI PKG-5,NHIDCL,,ROAD TRANSPORT AND HIGHWAYS,Manipur,03/2023,,03/2027,,564.05,,,0.0,QPISR_QR_1st_2025-26.pdf,176,Table 7: Project List: Ongoing Projects,SUCCESS
2025-06,1051,,N24002244,ALTERNATE_IDENTIFIER,IMPHAL - KHONGSANG - JIRIBAM PKG-2,NHIDCL,,ROAD TRANSPORT AND HIGHWAYS,Manipur,03/2021,,03/2026,,195.14,,4.42,11.53,QPISR_QR_1st_2025-26.pdf,176,Table 7: Project List: Ongoing Projects,SUCCESS
2025-06,1052,,N24001270,ALTERNATE_IDENTIFIER,2-LANING OF CHURACHANDPUR TUIVAI SECTION OF NH-102B (PKG- 2A),NHIDCL,,ROAD TRANSPORT AND HIGHWAYS,Manipur,03/2020,,06/2022,06/2025,292.24,,130.66,90.69,QPISR_QR_1st_2025-26.pdf,176,Table 7: Project List: Ongoing Projects,SUCCESS
2025-06,1053,,N24001271,ALTERNATE_IDENTIFIER,2-LANING OF CHURACHANDPUR TUIVAI SECTION OF NH-102B (PKG- 2B),NHIDCL,,ROAD TRANSPORT AND HIGHWAYS,Manipur,06/2020,,08/2022,06/2025,365.53,,156.31,77.69,QPISR_QR_1st_2025-26.pdf,177,Table 7: Project List: Ongoing Projects,SUCCESS
2025-06,1054,,N24001272,ALTERNATE_IDENTIFIER,2-LANING OF CHURACHANDPUR TUIVAI SECTION OF NH-102B (PKG- 4A),NHIDCL,,ROAD TRANSPORT AND HIGHWAYS,Manipur,03/2020,,06/2022,01/2025,167.95,204.12,88.05,69.89,QPISR_QR_1st_2025-26.pdf,177,Table 7: Project List: Ongoing Projects,SUCCESS
2025-06,1055,,N24001273,ALTERNATE_IDENTIFIER,2-LANING OF CHURACHANDPUR TUIVAI SECTION OF NH-102B (PKG- 4B),NHIDCL,,ROAD TRANSPORT AND HIGHWAYS,Manipur,07/2020,,08/2022,02/2025,177.76,,89.67,80.53,QPISR_QR_1st_2025-26.pdf,177,Table 7: Project List: Ongoing Projects,SUCCESS
2025-06,1056,,N42000001,ALTERNATE_IDENTIFIER,CONSTRUCTION AND DEVELOPMENT OF NATINAL INSTITUTE OF TECHNOLOGY MEGHALAYA PERMANENT CAMPUS AT SOHRA,RITES OF HIGHER,,DEPARTMENT OF HIGHER EDUCATION,Meghalaya,09/2013,,09/2014,07/2025,484.32,429.7,270.55,84.0,QPISR_QR_1st_2025-26.pdf,177,Table 7: Project List: Ongoing Projects,SUCCESS
2025-06,1057,,N24001313,ALTERNATE_IDENTIFIER,IMPROVEMENT/WIDENING TO 2-L WITH PAVED SHOULDER FROM (DESIGN KM 0.00 TO KM 10.670) / 4-LANING FROM (,NHIDCL,,ROAD TRANSPORT AND HIGHWAYS,Meghalaya,11/2020,,12/2023,10/2025,351.12,,299.22,63.0,QPISR_QR_1st_2025-26.pdf,177,Table 7: Project List: Ongoing Projects,SUCCESS
2025-06,1058,,N24001314,ALTERNATE_IDENTIFIER,IMPROVEMENT/WIDENING TO 2-LANE WITH PAVED SHOULDER FROM (DESIGN KM 10.670 TO KM 37.550) BETWEEN SHIL,NHIDCL,,ROAD TRANSPORT AND HIGHWAYS,Meghalaya,11/2020,,12/2023,,525.68,,434.5,32.0,QPISR_QR_1st_2025-26.pdf,177,Table 7: Project List: Ongoing Projects,SUCCESS
2025-06,1059,,N24001334,ALTERNATE_IDENTIFIER,IMPROVEMENT/WIDENING TO 2-LANE WITH PAVED SHOULDER FROM (DESIGN KM 45.760 TO KM 63.530) BETWEEN SHIL,NHIDCL,,ROAD TRANSPORT AND HIGHWAYS,Meghalaya,11/2020,,12/2023,,445.51,,214.34,30.3,QPISR_QR_1st_2025-26.pdf,177,Table 7: Project List: Ongoing Projects,SUCCESS
2025-06,1060,,N24001335,ALTERNATE_IDENTIFIER,IMPROVEMENT/WIDENING TO 2-LANE WITH PAVED SHOULDER / 4-LANING FROM (DESIGN KM 63.530 TO KM 71.520) B,NHIDCL,,ROAD TRANSPORT AND HIGHWAYS,Meghalaya,11/2020,,12/2023,,284.21,,107.86,24.0,QPISR_QR_1st_2025-26.pdf,177,Table 7: Project List: Ongoing Projects,SUCCESS
2025-06,1061,,N24001339,ALTERNATE_IDENTIFIER,RANIKOR-MAHESHKHOLA- BAGHMARA (RMB) PKG-4 (KANAI-RONGARA),NHIDCL,,ROAD TRANSPORT AND HIGHWAYS,Meghalaya,10/2020,,04/2022,06/2024,157.86,146.92,152.95,100.0,QPISR_QR_1st_2025-26.pdf,177,Table 7: Project List: Ongoing Projects,SUCCESS
2025-06,1062,,N24001360,ALTERNATE_IDENTIFIER,RANIKOR-MAHESHKHOLA- BAGHMARA (RMB) PKG-3,NHIDCL,,ROAD TRANSPORT AND HIGHWAYS,Meghalaya,03/2021,,12/2022,06/2024,260.21,,239.35,100.0,QPISR_QR_1st_2025-26.pdf,178,Table 7: Project List: Ongoing Projects,SUCCESS
2025-06,1063,,N24001441,ALTERNATE_IDENTIFIER,REHABILITATION AND UPGRADATION OF NONGSTOIN TO WAHKAJI SECTION OF PROJECT ROAD KM 0.000 TO KM 43.06,MoRTH,,ROAD TRANSPORT AND HIGHWAYS,Meghalaya,08/2020,,02/2022,,302.88,,228.68,96.0,QPISR_QR_1st_2025-26.pdf,178,Table 7: Project List: Ongoing Projects,SUCCESS
2025-06,1064,,N24001474,ALTERNATE_IDENTIFIER,REHABITITATION AND UP GRADATION OF NONGSTOIN-RAMBRAI-KYRSHAI ROAD UP TO MEGHALAYA-ASSAM BORDER FROM,NHIDCL,,ROAD TRANSPORT AND HIGHWAYS,Meghalaya,09/2021,,05/2024,05/2026,359.86,,233.26,60.81,QPISR_QR_1st_2025-26.pdf,178,Table 7: Project List: Ongoing Projects,SUCCESS
2025-06,1065,,N24001541,ALTERNATE_IDENTIFIER,RANIKOR- MAHESHKHOLA- BAGHMARA PKG-2,NHIDCL,,ROAD TRANSPORT AND HIGHWAYS,Meghalaya,11/2021,,06/2024,12/2024,283.5,,257.26,100.0,QPISR_QR_1st_2025-26.pdf,178,Table 7: Project List: Ongoing Projects,SUCCESS
2025-06,1066,,N24002156,ALTERNATE_IDENTIFIER,CONSTRUCTION OF 2-LANE WITH PAVED SHOULDER OF SHILLONG WESTERN BYPASS STARTING FROM NH-06 NEAR LADUM,NHIDCL,,ROAD TRANSPORT AND HIGHWAYS,Meghalaya,03/2023,,09/2026,,620.3,,222.26,30.0,QPISR_QR_1st_2025-26.pdf,178,Table 7: Project List: Ongoing Projects,SUCCESS
2025-06,1067,,N24002157,ALTERNATE_IDENTIFIER,SHILLONG WESTERN BYPASS PACKAGE-2,NHIDCL,,ROAD TRANSPORT AND HIGHWAYS,Meghalaya,03/2023,,09/2026,,686.0,,293.36,25.52,QPISR_QR_1st_2025-26.pdf,178,Table 7: Project List: Ongoing Projects,SUCCESS
2025-06,1068,,N24002158,ALTERNATE_IDENTIFIER,CONSTRUCTION OF 2-LANE WITH PAVED SHOULDERS OF SHILLONG WESTERN BYPASS STARTING FROM NH-06 NEAR LADU,NHIDCL,,ROAD TRANSPORT AND HIGHWAYS,Meghalaya,03/2023,,09/2026,,562.48,,297.91,25.27,QPISR_QR_1st_2025-26.pdf,178,Table 7: Project List: Ongoing Projects,SUCCESS
2025-06,1069,,N24002233,ALTERNATE_IDENTIFIER,DAINADUBI-DARUGIRI PKG-1B,NHIDCL,,ROAD TRANSPORT AND HIGHWAYS,Meghalaya,03/2023,,03/2027,,705.83,,0.32,2.13,QPISR_QR_1st_2025-26.pdf,178,Table 7: Project List: Ongoing Projects,SUCCESS
2025-06,1070,,N24002239,ALTERNATE_IDENTIFIER,IMPROVEMENT AND WIDENING TWO LANNIG WITH PAVED SHOULDER OF NATIONAL HIGHWAY 127B FROM KM 31.500 (GOE,MoRTH,,ROAD TRANSPORT AND HIGHWAYS,Meghalaya,12/2023,,05/2027,,504.0,,,0.0,QPISR_QR_1st_2025-26.pdf,178,Table 7: Project List: Ongoing Projects,SUCCESS
2025-06,1071,,N24000771,ALTERNATE_IDENTIFIER,WIDENING TO 2-LANE WITH GEOMETRIC IMPROVEMENTS OF TURA DALU ROAD UNDER JICA FUNDING FROM KM 85.000 T,NHIDCL,,ROAD TRANSPORT AND HIGHWAYS,Meghalaya,04/2017,,09/2021,06/2025,553.51,610.09,438.16,88.07,QPISR_QR_1st_2025-26.pdf,179,Table 7: Project List: Ongoing Projects,SUCCESS
2025-06,1072,,N22000100,ALTERNATE_IDENTIFIER,"BHAIRABI SAIRONG, NL, NEFR",NFR,,RAILWAYS,Mizoram,04/2008,,03/2025,,6527.45,5021.45,8066.76,97.0,QPISR_QR_1st_2025-26.pdf,179,Table 7: Project List: Ongoing Projects,SUCCESS
2025-06,1073,,N24001277,ALTERNATE_IDENTIFIER,CONSTRUCTION OF CHHIATHLANG - SERCHHIP BYPASS (PKG-1) ON AIZAWL- TUIPANG SECTION OF NH-54,NHIDCL,,ROAD TRANSPORT AND HIGHWAYS,Mizoram,09/2020,,10/2022,,275.02,,237.68,100.0,QPISR_QR_1st_2025-26.pdf,179,Table 7: Project List: Ongoing Projects,SUCCESS
2025-06,1074,,N24001278,ALTERNATE_IDENTIFIER,CONSTRUCTION OF TWO LANE WITH PAVED SHOULDER OF SELLING-DULTE SECTION OF NH-06 (PKG-I),NHIDCL,,ROAD TRANSPORT AND HIGHWAYS,Mizoram,03/2020,,07/2022,,206.88,,265.38,100.0,QPISR_QR_1st_2025-26.pdf,179,Table 7: Project List: Ongoing Projects,SUCCESS
2025-06,1075,,N24001281,ALTERNATE_IDENTIFIER,CONSTRUCTION OF TWO LANE WITH PAVED SHOULDER OF SELLING-DULTE SECTION OF NH-06 (PKG-III),NHIDCL,,ROAD TRANSPORT AND HIGHWAYS,Mizoram,03/2020,,07/2022,,292.24,,294.78,94.4,QPISR_QR_1st_2025-26.pdf,179,Table 7: Project List: Ongoing Projects,SUCCESS
2025-06,1076,,N24001356,ALTERNATE_IDENTIFIER,DULTE- KWALKULH - CHAMPAI PKG.2,NHIDCL,,ROAD TRANSPORT AND HIGHWAYS,Mizoram,03/2021,,12/2022,04/2024,233.25,,172.09,100.0,QPISR_QR_1st_2025-26.pdf,179,Table 7: Project List: Ongoing Projects,SUCCESS
2025-06,1077,,N24001358,ALTERNATE_IDENTIFIER,TLABUNG - LUNGLEI PKG-A,NHIDCL,,ROAD TRANSPORT AND HIGHWAYS,Mizoram,03/2021,,12/2022,,698.44,,502.24,63.7,QPISR_QR_1st_2025-26.pdf,179,Table 7: Project List: Ongoing Projects,SUCCESS
2025-06,1078,,N24001359,ALTERNATE_IDENTIFIER,TLABUNG - LUNGLEI PKG-B,NHIDCL,,ROAD TRANSPORT AND HIGHWAYS,Mizoram,03/2021,,01/2023,,740.58,,373.89,61.0,QPISR_QR_1st_2025-26.pdf,179,Table 7: Project List: Ongoing Projects,SUCCESS
2025-06,1079,,N24001440,ALTERNATE_IDENTIFIER,KEIFANG - TUVAI PKG-1,NHIDCL,,ROAD TRANSPORT AND HIGHWAYS,Mizoram,09/2021,,05/2023,,492.94,,365.86,100.0,QPISR_QR_1st_2025-26.pdf,179,Table 7: Project List: Ongoing Projects,SUCCESS
2025-06,1080,,N24001975,ALTERNATE_IDENTIFIER,UP-GRADATION TO 2-LANE WITH PAVED SHOULDERS OF NGOPA - PAWLRANG SECTION OF NH 102B OF AIZAWL - IMPHA,NHIDCL,,ROAD TRANSPORT AND HIGHWAYS,Mizoram,09/2021,,02/2025,,523.78,,379.4,95.31,QPISR_QR_1st_2025-26.pdf,179,Table 7: Project List: Ongoing Projects,SUCCESS
2025-06,1081,,N24002027,ALTERNATE_IDENTIFIER,KEIFANG - TUVAI PKG-3,NHIDCL,,ROAD TRANSPORT AND HIGHWAYS,Mizoram,12/2021,,02/2025,,500.88,,279.44,75.4,QPISR_QR_1st_2025-26.pdf,180,Table 7: Project List: Ongoing Projects,SUCCESS
2025-06,1082,,N24002204,ALTERNATE_IDENTIFIER,ZORINPUI- HMAWNGBU-LONGMASU (NH-502A),NHIDCL,,ROAD TRANSPORT AND HIGHWAYS,Mizoram,02/2023,,12/2026,,781.85,,33.77,3.0,QPISR_QR_1st_2025-26.pdf,180,Table 7: Project List: Ongoing Projects,SUCCESS
2025-06,1083,,N24000857,ALTERNATE_IDENTIFIER,WIDENING AND UP-GRADATION TO 2-LANE WITH PAVED SHOULDER CONFIGURATION AND GEOMETRIC IMPROVEMENTS FRO,NHIDCL,,ROAD TRANSPORT AND HIGHWAYS,Mizoram,04/2017,,04/2023,,519.09,,670.91,97.51,QPISR_QR_1st_2025-26.pdf,180,Table 7: Project List: Ongoing Projects,SUCCESS
2025-06,1084,,N24000858,ALTERNATE_IDENTIFIER,WIDENING AND UP-GRADATION TO 2-LANE WITH PAVED SHOULDER CONFIGURATION AND GEOMETRIC IMPROVEMENTS FRO,NHIDCL,,ROAD TRANSPORT AND HIGHWAYS,Mizoram,04/2017,,07/2023,,640.07,,1195.84,98.9,QPISR_QR_1st_2025-26.pdf,180,Table 7: Project List: Ongoing Projects,SUCCESS
2025-06,1085,,N24000859,ALTERNATE_IDENTIFIER,WIDENING AND UP-GRADATION TO 2-LANE WITH PAVED SHOULDER CONFIGURATION AND GEOMETRIC IMPROVEMENTS FRO,NHIDCL,,ROAD TRANSPORT AND HIGHWAYS,Mizoram,04/2017,,06/2023,,642.96,,686.42,100.0,QPISR_QR_1st_2025-26.pdf,180,Table 7: Project List: Ongoing Projects,SUCCESS
2025-06,1086,,N24000861,ALTERNATE_IDENTIFIER,WIDENING AND UP-GRADATION TO 2-LANE WITH PAVED SHOULDER CONFIGURATION AND GEOMETRIC IMPROVEMENTS FRO,NHIDCL,,ROAD TRANSPORT AND HIGHWAYS,Mizoram,04/2017,,04/2023,,473.18,,541.04,95.0,QPISR_QR_1st_2025-26.pdf,180,Table 7: Project List: Ongoing Projects,SUCCESS
2025-06,1087,,N24000862,ALTERNATE_IDENTIFIER,WIDENING AND UP-GRADATION TO 2-LANE WITH PAVED SHOULDER CONFIGURATION AND GEOMETRIC IMPROVEMENTS FRO,NHIDCL,,ROAD TRANSPORT AND HIGHWAYS,Mizoram,04/2017,,04/2023,,537.82,,779.37,99.88,QPISR_QR_1st_2025-26.pdf,180,Table 7: Project List: Ongoing Projects,SUCCESS
2025-06,1088,,N24000863,ALTERNATE_IDENTIFIER,WIDENING AND UP-GRADATION TO 2-LANE WITH PAVED SHOULDER CONFIGURATION AND GEOMETRIC IMPROVEMENTS FRO,NHIDCL,,ROAD TRANSPORT AND HIGHWAYS,Mizoram,04/2017,,06/2023,,518.53,,849.68,97.9,QPISR_QR_1st_2025-26.pdf,180,Table 7: Project List: Ongoing Projects,SUCCESS
2025-06,1089,,N24000864,ALTERNATE_IDENTIFIER,WIDENING AND UP-GRADATION TO 2-LANE WITH PAVED SHOULDER CONFIGURATION AND GEOMETRIC IMPROVEMENTS FRO,NHIDCL,,ROAD TRANSPORT AND HIGHWAYS,Mizoram,04/2017,,04/2024,,404.29,,666.58,100.0,QPISR_QR_1st_2025-26.pdf,181,Table 7: Project List: Ongoing Projects,SUCCESS
2025-06,1090,,N24000865,ALTERNATE_IDENTIFIER,WIDENING AND UP-GRADATION TO 2-LANE WITH PAVED SHOULDER CONFIGURATION AND GEOMETRIC IMPROVEMENTS FRO,NHIDCL,,ROAD TRANSPORT AND HIGHWAYS,Mizoram,04/2017,,09/2023,,428.11,,613.69,99.82,QPISR_QR_1st_2025-26.pdf,181,Table 7: Project List: Ongoing Projects,SUCCESS
2025-06,1091,,N06000154,ALTERNATE_IDENTIFIER,NILJAI EXPANSION (DEEP) OC (3.5 MTY),WCL,,COAL,Mizoram,08/2016,,03/2022,03/2025,319.76,319.76,183.67,98.0,QPISR_QR_1st_2025-26.pdf,181,Table 7: Project List: Ongoing Projects,SUCCESS
2025-06,1092,,N06000192,ALTERNATE_IDENTIFIER,BINA KAKRI AMALGAMATION OCP 14 MTPA,NCL,,COAL,Mizoram,08/2020,,03/2024,,836.42,,778.71,89.08,QPISR_QR_1st_2025-26.pdf,181,Table 7: Project List: Ongoing Projects,SUCCESS
2025-06,1093,,N40000001,ALTERNATE_IDENTIFIER,NATIONAL INDUSTRIAL CORRIDOR PROJECT,DMIC FOR DPIIT,,DPIIT,Mizoram,09/2011,,03/2027,03/2032,20084.0,26684.0,11262.06,50.99,QPISR_QR_1st_2025-26.pdf,181,Table 7: Project List: Ongoing Projects,SUCCESS
2025-06,1094,,N16000285,ALTERNATE_IDENTIFIER,KOCHI-KOOTTANAD-BANGALORE-MANGALORE PIPELINE PHASE-II,GAIL,,DPIIT,Mizoram,06/2009,,12/2012,12/2025,2915.0,5909.0,4381.2,94.2,QPISR_QR_1st_2025-26.pdf,181,Table 7: Project List: Ongoing Projects,SUCCESS
2025-06,1095,,N16000388,ALTERNATE_IDENTIFIER,SRIKAKULAM ANGUL PIPELINE PROJECT,GAIL,,DPIIT,Mizoram,09/2019,,07/2022,12/2025,2658.34,,2179.1,94.6,QPISR_QR_1st_2025-26.pdf,181,Table 7: Project List: Ongoing Projects,SUCCESS
2025-06,1096,,N16000391,ALTERNATE_IDENTIFIER,DHAMRA HALDIA PIPELINE PROJECT,GAIL,,DPIIT,Mizoram,03/2020,,11/2022,12/2025,1030.65,,841.9,86.8,QPISR_QR_1st_2025-26.pdf,181,Table 7: Project List: Ongoing Projects,SUCCESS
2025-06,1097,,N16000398,ALTERNATE_IDENTIFIER,MUMBAI NAGPUR JHARSUGUDA PIPELINE PROJECT,GAIL,,DPIIT,Mizoram,06/2020,,05/2023,09/2025,7844.25,,6412.2,95.1,QPISR_QR_1st_2025-26.pdf,181,Table 7: Project List: Ongoing Projects,SUCCESS
2025-06,1098,,N16000426,ALTERNATE_IDENTIFIER,CGD PROJECT AT NAWADA AND KODERMA DISTRICTS,IOCL,,DPIIT,Mizoram,06/2019,,12/2029,03/2030,169.0,,71.0,100.0,QPISR_QR_1st_2025-26.pdf,182,Table 7: Project List: Ongoing Projects,SUCCESS
2025-06,1099,,N16000439,ALTERNATE_IDENTIFIER,NORTH EAST GAS GRID,IGGL,,DPIIT,Mizoram,11/2020,,03/2024,07/2025,9265.0,9265.0,6270.19,84.51,QPISR_QR_1st_2025-26.pdf,182,Table 7: Project List: Ongoing Projects,SUCCESS
2025-06,1100,,N16000531,ALTERNATE_IDENTIFIER,GURDASPUR JAMMU PIPELINE,GAIL,,DPIIT,Mizoram,07/2023,,07/2026,07/2026,521.92,521.92,153.2,35.5,QPISR_QR_1st_2025-26.pdf,182,Table 7: Project List: Ongoing Projects,SUCCESS
2025-06,1101,,N18000249,ALTERNATE_IDENTIFIER,COMPREHENSIVE SCHEME FOR THE STRENGHTENING OF THE TRANSMISSION AND DISTRIBUTION SYSTEM IN A P,PGCIL,,DPIIT,Mizoram,12/2014,,12/2018,03/2025,4754.42,9129.32,7602.44,81.7,QPISR_QR_1st_2025-26.pdf,182,Table 7: Project List: Ongoing Projects,SUCCESS
2025-06,1102,,N18000250,ALTERNATE_IDENTIFIER,NORTH EASTERN REGION POWER SYSTEM IMPROVEMENT PROJECT (NERPSIP) FOR SIX (6) STATES,PGCIL,,DPIIT,Mizoram,12/2014,,12/2018,03/2025,5111.33,6700.0,5230.02,96.0,QPISR_QR_1st_2025-26.pdf,182,Table 7: Project List: Ongoing Projects,SUCCESS
2025-06,1103,,N18000328,ALTERNATE_IDENTIFIER,TS FOR EVACUATION OF POWER FROM PAKALDUL HEP IN CHENAB VALLEY HEPS - LTA SYSTEM,PGCIL,,DPIIT,Mizoram,02/2022,,04/2025,,318.12,,254.5,98.0,QPISR_QR_1st_2025-26.pdf,182,Table 7: Project List: Ongoing Projects,SUCCESS
2025-06,1104,,N18000330,ALTERNATE_IDENTIFIER,TRANSMISSION SYSTEM STRENGTHENING FOR SRINAGAR-LEH TRANSMISSION SYSTEM,PGCIL,,DPIIT,Mizoram,03/2022,,12/2024,,288.71,,199.53,48.0,QPISR_QR_1st_2025-26.pdf,182,Table 7: Project List: Ongoing Projects,SUCCESS
2025-06,1105,,N18000331,ALTERNATE_IDENTIFIER,TRANSMISSION SYSTEM STRENGTHENING SCHEME FOR EVACUATION OF POWER FROM SOLAR ENERGY ZONES IN RAJASTHA,PGCIL,,DPIIT,Mizoram,02/2022,,09/2023,,359.47,,327.28,90.0,QPISR_QR_1st_2025-26.pdf,182,Table 7: Project List: Ongoing Projects,SUCCESS
2025-06,1106,,N18000332,ALTERNATE_IDENTIFIER,TRANSMISSION SYSTEM STRENGTHENING SCHEME FOR EVACUATION OF POWER FROM SOLAR ENERGY ZONES IN RAJASTHA,PGCIL,,DPIIT,Mizoram,05/2022,,11/2023,,1666.0,2218.0,2029.28,94.1,QPISR_QR_1st_2025-26.pdf,182,Table 7: Project List: Ongoing Projects,SUCCESS
2025-06,1107,,N18000337,ALTERNATE_IDENTIFIER,TRANSMISSION NETWORK EXPANSION IN GUJARAT TO INCREASE ATC FROM ISTS: PART B,PGCIL,,DPIIT,Mizoram,07/2022,,06/2023,,4546.26,,4091.67,93.0,QPISR_QR_1st_2025-26.pdf,183,Table 7: Project List: Ongoing Projects,SUCCESS
2025-06,1108,,N18000338,ALTERNATE_IDENTIFIER,TRANSMISSION NETWORK EXPANSION IN GUJARAT TO INCREASE ATC FROM ISTS: PART C,PGCIL,,DPIIT,Mizoram,07/2022,,03/2025,,186.19,,91.53,100.0,QPISR_QR_1st_2025-26.pdf,183,Table 7: Project List: Ongoing Projects,SUCCESS
2025-06,1109,,N18000343,ALTERNATE_IDENTIFIER,SYSTEM STRENGTHENING SCHEME FOR EASTERN AND NORTH EASTERN REGION,PGCIL,,DPIIT,Mizoram,10/2022,,10/2025,,307.87,,298.87,100.0,QPISR_QR_1st_2025-26.pdf,183,Table 7: Project List: Ongoing Projects,SUCCESS
2025-06,1110,,N18000352,ALTERNATE_IDENTIFIER,TRANSMISSION SYSTEM FOR KURNOOL WIND ENERGY ZONE SOLAR ENERGY ZONE (AP) PART-A PART B,PGCIL,,DPIIT,Mizoram,03/2023,,11/2024,,3546.94,,2837.55,94.0,QPISR_QR_1st_2025-26.pdf,183,Table 7: Project List: Ongoing Projects,SUCCESS
2025-06,1111,,N18000353,ALTERNATE_IDENTIFIER,ER WR TRANSMISSION LIMITED,PGCIL,,DPIIT,Mizoram,03/2023,,03/2025,,281.16,,281.15,100.0,QPISR_QR_1st_2025-26.pdf,183,Table 7: Project List: Ongoing Projects,SUCCESS
2025-06,1112,220100188,,PRIMARY_IDENTIFIER,"NANGALDAM-TALWARA(NL),NR",NR,,DPIIT,Mizoram,03/1981,,12/2025,01/2027,2018.0,603.0,1629.74,75.0,QPISR_QR_1st_2025-26.pdf,183,Table 7: Project List: Ongoing Projects,SUCCESS
2025-06,1113,220100232,,PRIMARY_IDENTIFIER,"LALITPUR-SATNA-REWA-SINGRULI NL, (NCR)",WCR,,DPIIT,Mizoram,09/1998,,03/2027,,8913.94,63.57,2500.34,43.0,QPISR_QR_1st_2025-26.pdf,183,Table 7: Project List: Ongoing Projects,SUCCESS
2025-06,1114,,N22000134,ALTERNATE_IDENTIFIER,CHHAPRA-BALLIA UP,NER,,DPIIT,Mizoram,03/2013,,02/2025,,941.05,954.0,1004.59,95.5,QPISR_QR_1st_2025-26.pdf,183,Table 7: Project List: Ongoing Projects,SUCCESS
2025-06,1115,,N22000138,ALTERNATE_IDENTIFIER,CHOTTAUDEPUR-DHAR(NL),WR,,DPIIT,Mizoram,04/2007,,12/2026,12/2027,1793.65,1793.63,1641.84,59.0,QPISR_QR_1st_2025-26.pdf,183,Table 7: Project List: Ongoing Projects,SUCCESS
2025-06,1116,,N22000139,ALTERNATE_IDENTIFIER,"DAHOD-INDORE VIA SARDARPUR, JHABUA AND DHAR (NL)",WR,,DPIIT,Mizoram,04/2007,,02/2027,02/2027,1942.0,1873.1,3119.79,59.0,QPISR_QR_1st_2025-26.pdf,183,Table 7: Project List: Ongoing Projects,SUCCESS
2025-06,1117,,N22000148,ALTERNATE_IDENTIFIER,GWALIOR-SEOPURKALA WITH EXTENSION TO KOTA (GC),NCR,,DPIIT,Mizoram,04/2011,,03/2025,,2912.96,,1024.32,0.0,QPISR_QR_1st_2025-26.pdf,184,Table 7: Project List: Ongoing Projects,SUCCESS
2025-06,1118,,N22000158,ALTERNATE_IDENTIFIER,DHOLPUR-SIRMUTTRA WITH EXTENSION TO GANGAPURCITY AND MOHARI-TANTPUR AND TANPUR-BANSI PAHARPUR,NCR,,DPIIT,Mizoram,04/2010,,02/2019,,746.83,,391.89,39.0,QPISR_QR_1st_2025-26.pdf,184,Table 7: Project List: Ongoing Projects,SUCCESS
2025-06,1119,,N22000183,ALTERNATE_IDENTIFIER,NEW BONGAIGAON-RANGIA-KAMAKGHYA DOUBLING,NFR,,DPIIT,Mizoram,04/2013,,08/2024,,2047.51,,3709.47,100.0,QPISR_QR_1st_2025-26.pdf,184,Table 7: Project List: Ongoing Projects,SUCCESS
2025-06,1120,,N22000206,ALTERNATE_IDENTIFIER,NEW BG LINE FROM BALURGHAT TO HILLY NFR,NFR,,DPIIT,Mizoram,04/2010,,03/2027,,1208.67,,425.12,8.0,QPISR_QR_1st_2025-26.pdf,184,Table 7: Project List: Ongoing Projects,SUCCESS
2025-06,1121,,N22000207,ALTERNATE_IDENTIFIER,NEW BG LINE FROM JAGBANI TO BIRATNAGAR,NFR,,DPIIT,Mizoram,04/2010,,03/2022,12/2026,401.65,485.96,361.33,86.0,QPISR_QR_1st_2025-26.pdf,184,Table 7: Project List: Ongoing Projects,SUCCESS
2025-06,1122,,N22000208,ALTERNATE_IDENTIFIER,MURKONGSELEK-PASIGHAT NL,NFR,,DPIIT,Mizoram,04/2011,,03/2025,,435.06,,803.88,54.0,QPISR_QR_1st_2025-26.pdf,184,Table 7: Project List: Ongoing Projects,SUCCESS
2025-06,1123,,N22000219,ALTERNATE_IDENTIFIER,PIRPAINTI-JASIDIH,ER,,DPIIT,Mizoram,04/2013,,03/2028,03/2028,2555.03,,1140.05,45.0,QPISR_QR_1st_2025-26.pdf,184,Table 7: Project List: Ongoing Projects,SUCCESS
2025-06,1124,,N22000261,ALTERNATE_IDENTIFIER,KAZIPET-VIJAYAWADA 3RD LINE WITH ELECTRIFICATION,SCR,,DPIIT,Mizoram,04/2012,,02/2025,,1953.0,,1936.28,0.0,QPISR_QR_1st_2025-26.pdf,184,Table 7: Project List: Ongoing Projects,SUCCESS
2025-06,1125,,N22000274,ALTERNATE_IDENTIFIER,DEOBAND (MUZAFFARNAGAR)- ROORKEE NL,NR,,DPIIT,Mizoram,04/2007,,03/2024,,1053.23,,592.53,99.0,QPISR_QR_1st_2025-26.pdf,184,Table 7: Project List: Ongoing Projects,SUCCESS
2025-06,1126,,N22000279,ALTERNATE_IDENTIFIER,RAYADURGA-TUMKUR NL,SWR,,DPIIT,Mizoram,04/2007,,09/2015,,2495.59,2495.86,1675.34,65.0,QPISR_QR_1st_2025-26.pdf,184,Table 7: Project List: Ongoing Projects,SUCCESS
2025-06,1127,,N22000333,ALTERNATE_IDENTIFIER,HOTGI-KUDGI-GADAG,SWR,,DPIIT,Mizoram,03/2015,,12/2024,,1877.81,1877.81,2574.88,89.0,QPISR_QR_1st_2025-26.pdf,185,Table 7: Project List: Ongoing Projects,SUCCESS
2025-06,1128,,N22000367,ALTERNATE_IDENTIFIER,KAZIPET-BALHRSHA,SCR,,DPIIT,Mizoram,04/2015,,01/2025,,2594.59,,2862.6,0.0,QPISR_QR_1st_2025-26.pdf,185,Table 7: Project List: Ongoing Projects,SUCCESS
2025-06,1129,,N22000463,ALTERNATE_IDENTIFIER,MUMBAI AHMEDABAD HIGH SPEED RAIL PROJECT,NHSRCL,,DPIIT,Mizoram,12/2015,,08/2027,,108000.0,,78839.0,52.89,QPISR_QR_1st_2025-26.pdf,185,Table 7: Project List: Ongoing Projects,SUCCESS
2025-06,1130,,N22000464,ALTERNATE_IDENTIFIER,WESTERN DEDICATED FREIGHT CORRIDOR,DFCC,,DPIIT,Mizoram,11/2007,,03/2022,,51101.0,,47476.0,83.0,QPISR_QR_1st_2025-26.pdf,185,Table 7: Project List: Ongoing Projects,SUCCESS
2025-06,1131,,N22000467,ALTERNATE_IDENTIFIER,CHANDIGARH-BADDI,NR,,DPIIT,Mizoram,04/2007,,06/2025,12/2026,1540.13,1540.14,956.13,30.0,QPISR_QR_1st_2025-26.pdf,185,Table 7: Project List: Ongoing Projects,SUCCESS
2025-06,1132,,N22000506,ALTERNATE_IDENTIFIER,NARAYANGARH TO BHADRAK 3RD LINE (155 KM),SER,,DPIIT,Mizoram,03/2019,,12/2024,,2400.0,,2112.2,61.0,QPISR_QR_1st_2025-26.pdf,185,Table 7: Project List: Ongoing Projects,SUCCESS
2025-06,1133,,N24001628,ALTERNATE_IDENTIFIER,4/6L OF SPUR TO HARIDWAR (GREENFIELD) FROM KM. 0.000 TO KM. 49.000,NHAI,,ROAD TRANSPORT AND HIGHWAYS,Mizoram,11/2021,,02/2025,08/2025,2155.95,,1360.04,71.01,QPISR_QR_1st_2025-26.pdf,185,Table 7: Project List: Ongoing Projects,SUCCESS
2025-06,1134,,N24001629,ALTERNATE_IDENTIFIER,6L WITH ACCESS CONTROL PROVISION SAHARANPUR BYPASS TO GANESHPUR SECTION FROM 13.89 KM TO 41.820 KM O,NHAI,,ROAD TRANSPORT AND HIGHWAYS,Mizoram,04/2022,,11/2024,07/2025,796.65,,452.41,91.71,QPISR_QR_1st_2025-26.pdf,185,Table 7: Project List: Ongoing Projects,SUCCESS
2025-06,1135,,N24000182,ALTERNATE_IDENTIFIER,VARANASI-AURANGABAD KM.786 TO KM.978.40,NHAI,,ROAD TRANSPORT AND HIGHWAYS,Mizoram,09/2011,,03/2014,,2848.0,,3901.66,90.42,QPISR_QR_1st_2025-26.pdf,185,Table 7: Project List: Ongoing Projects,SUCCESS
2025-06,1136,,N25000072,ALTERNATE_IDENTIFIER,JAL MARG VIKAS PROJECT,IWAI,,SHIPPING AND PORTS,Mizoram,01/2018,,03/2023,12/2025,5369.18,5061.15,3472.54,69.48,QPISR_QR_1st_2025-26.pdf,185,Table 7: Project List: Ongoing Projects,SUCCESS
2025-06,1137,,N26000114,ALTERNATE_IDENTIFIER,PHASE-I OF CONSOLIDATION OF EXISTING CDR DATA CENTERS AND NIB-P3 DATA CENTERS WITH STATE OF THE ART,BSNL,,TELECOMMUNIC,Mizoram,03/2020,,06/2021,11/2021,461.42,461.42,166.02,81.0,QPISR_QR_1st_2025-26.pdf,186,Table 7: Project List: Ongoing Projects,SUCCESS
2025-06,1138,,N26000115,ALTERNATE_IDENTIFIER,SUPER EDGE ROUTERS FOR BSNL INTERNET PROTOCOL - MULTI PROTOCOL LEBEL SWITCHING (IPMPLS) NETWORK and,BSNL,,ATIONS,Mizoram,03/2023,,03/2024,07/2024,239.6,,179.63,100.0,QPISR_QR_1st_2025-26.pdf,186,Table 7: Project List: Ongoing Projects,SUCCESS
2025-06,1139,,N26000116,ALTERNATE_IDENTIFIER,MPLS-IP BASED ACCESS AND AGGREGATION NETWORK (MAAN) IN BSNL ALONG WITH TEST AND MEASURING EQUIPMENT,BSNL,,ATIONS,Mizoram,05/2023,,08/2024,11/2024,645.13,,348.03,89.15,QPISR_QR_1st_2025-26.pdf,186,Table 7: Project List: Ongoing Projects,SUCCESS
2025-06,1140,,N26000117,ALTERNATE_IDENTIFIER,PLANNIN ENGINEERING SUPPLY INSTALLATION TESTING COMMISSIONING INTEGARTION and ANNUAL MAINTENANCE OF,BSNL,,ATIONS,Mizoram,06/2023,,06/2025,,24556.35,24544.55,8211.15,95.54,QPISR_QR_1st_2025-26.pdf,186,Table 7: Project List: Ongoing Projects,SUCCESS
2025-06,1141,,N26000118,ALTERNATE_IDENTIFIER,OPTICAL TRANSPORT NETWORK (OTN) PH-4 IN BSNL,BSNL,,ATIONS,Mizoram,02/2024,,08/2025,,810.99,,635.37,100.0,QPISR_QR_1st_2025-26.pdf,186,Table 7: Project List: Ongoing Projects,SUCCESS
2025-06,1142,,N28000134,ALTERNATE_IDENTIFIER,DELHI GHAZIABAD MEERUT RRTS CORRIDOR,NCRTC,,URBAN DEVELOPMENT,Mizoram,03/2019,,06/2025,,30274.0,,25812.28,86.8,QPISR_QR_1st_2025-26.pdf,186,Table 7: Project List: Ongoing Projects,SUCCESS
2025-06,1143,,N16000529,ALTERNATE_IDENTIFIER,"AUGMENTATION OF DIMAPUR DEPOT, DIMAPUR",IOCL,,PETROLEUM,Nagaland,08/2023,,11/2027,,227.62,,6.62,19.0,QPISR_QR_1st_2025-26.pdf,186,Table 7: Project List: Ongoing Projects,SUCCESS
2025-06,1144,,N22000124,ALTERNATE_IDENTIFIER,NEW LINE FROM DIMAPUR TO ZUBZA(KOHIMA) NATIONAL PROJECT (NEFR),NFR,,RAILWAYS,Nagaland,04/2006,,03/2026,,6663.2,6663.2,4942.71,74.0,QPISR_QR_1st_2025-26.pdf,186,Table 7: Project List: Ongoing Projects,SUCCESS
2025-06,1145,,N24001282,ALTERNATE_IDENTIFIER,2 LANING OF KOHIMA - JESSAMI SECTION (PACKAGE II),NHIDCL,,ROAD TRANSPORT AND HIGHWAYS,Nagaland,03/2020,,06/2022,,355.79,,119.2,65.06,QPISR_QR_1st_2025-26.pdf,187,Table 7: Project List: Ongoing Projects,SUCCESS
2025-06,1146,,N24001286,ALTERNATE_IDENTIFIER,2-LANING OF CHANGTONGYA TO LONGLENG ROAD OF NH-702 (PKG-I),NHIDCL,,ROAD TRANSPORT AND HIGHWAYS,Nagaland,03/2020,,06/2022,10/2022,278.95,,166.29,100.0,QPISR_QR_1st_2025-26.pdf,187,Table 7: Project List: Ongoing Projects,SUCCESS
2025-06,1147,,N24001287,ALTERNATE_IDENTIFIER,2 LANING OF KOHIMA - JESSAMI SECTION (PACKAGE V),NHIDCL,,ROAD TRANSPORT AND HIGHWAYS,Nagaland,04/2020,,12/2021,11/2025,330.8,,171.89,92.44,QPISR_QR_1st_2025-26.pdf,187,Table 7: Project List: Ongoing Projects,SUCCESS
2025-06,1148,,N24001288,ALTERNATE_IDENTIFIER,CONSTRUCTION OF 2-LANE WITH PAVED SHOULDER OF KOHIMA-BYPASS ROAD FROM DESIGN KM 0.00 TO KM 10.500 [D,NHIDCL,,ROAD TRANSPORT AND HIGHWAYS,Nagaland,08/2020,,04/2022,11/2026,232.29,350.88,79.69,17.31,QPISR_QR_1st_2025-26.pdf,187,Table 7: Project List: Ongoing Projects,SUCCESS
2025-06,1149,,N24001389,ALTERNATE_IDENTIFIER,CHANGTONGYA TO LONGLENG ROAD PKG-2,NHIDCL,,ROAD TRANSPORT AND HIGHWAYS,Nagaland,03/2020,,06/2022,09/2022,206.53,,119.25,100.0,QPISR_QR_1st_2025-26.pdf,187,Table 7: Project List: Ongoing Projects,SUCCESS
2025-06,1150,,N24001406,ALTERNATE_IDENTIFIER,PEREN-DIMAPUR SECTION PKG-2,NHIDCL,,ROAD TRANSPORT AND HIGHWAYS,Nagaland,07/2021,,03/2023,09/2025,258.52,,89.46,81.4,QPISR_QR_1st_2025-26.pdf,187,Table 7: Project List: Ongoing Projects,SUCCESS
2025-06,1151,,N24001407,ALTERNATE_IDENTIFIER,PEREN-DIMAPUR PKG-5,NHIDCL,,ROAD TRANSPORT AND HIGHWAYS,Nagaland,02/2021,,03/2023,,207.33,,,0.0,QPISR_QR_1st_2025-26.pdf,187,Table 7: Project List: Ongoing Projects,SUCCESS
2025-06,1152,,N24001438,ALTERNATE_IDENTIFIER,MERANGKONG-TAMLU-MON (MTM) PKG-5,NHIDCL,,ROAD TRANSPORT AND HIGHWAYS,Nagaland,07/2021,,12/2023,,161.73,,65.19,73.34,QPISR_QR_1st_2025-26.pdf,187,Table 7: Project List: Ongoing Projects,SUCCESS
2025-06,1153,,N24001465,ALTERNATE_IDENTIFIER,WIDENING OF EXISTING SINGLE LANE / INTERMEDIATE LANE ROAD TO 2 LANE FROM KM 101 TO KM 125 OF NH 61 I,MoRTH,,ROAD TRANSPORT AND HIGHWAYS,Nagaland,06/2020,,09/2024,06/2026,252.19,,14.33,20.27,QPISR_QR_1st_2025-26.pdf,187,Table 7: Project List: Ongoing Projects,SUCCESS
2025-06,1154,,N24001466,ALTERNATE_IDENTIFIER,WIDENING TO EXISTING SINGLE LANE /INTERMEDIATE LANE TO 2 LANE FROM KM185.00 TO KM 220.00 OF NH-61 (N,MoRTH,,ROAD TRANSPORT AND HIGHWAYS,Nagaland,03/2021,,07/2024,12/2025,297.24,,150.1,80.31,QPISR_QR_1st_2025-26.pdf,188,Table 7: Project List: Ongoing Projects,SUCCESS
2025-06,1155,,N24001467,ALTERNATE_IDENTIFIER,WIDENING TO EXISTING SINGRE/INTERMEDIATE RANE TO 2 LANE FROM KM 135 TO KM 147 AND FROM KM 156.00 TO,MoRTH,,ROAD TRANSPORT AND HIGHWAYS,Nagaland,03/2021,,02/2024,03/2025,226.44,,140.24,100.0,QPISR_QR_1st_2025-26.pdf,188,Table 7: Project List: Ongoing Projects,SUCCESS
2025-06,1156,,N24001475,ALTERNATE_IDENTIFIER,CONSTRUCTION OF 2 LANE WITH HARD SHOULDER FROM DESIGN CHAINAGE KM 283.000 TO KM 325.440 (5- LEGGED J,NHIDCL,,ROAD TRANSPORT AND HIGHWAYS,Nagaland,03/2022,,12/2024,,605.36,,273.21,100.0,QPISR_QR_1st_2025-26.pdf,188,Table 7: Project List: Ongoing Projects,SUCCESS
2025-06,1157,,N24001855,ALTERNATE_IDENTIFIER,WIDENING OF EXISTING SINGLE LANE ROAD TO INTERMEDIATE LANE ROAD FROM MOKOKCHUNG TO CHARE VIA DIKHU I,MoRTH,,ROAD TRANSPORT AND HIGHWAYS,Nagaland,02/2021,,06/2025,09/2025,192.93,,112.09,93.38,QPISR_QR_1st_2025-26.pdf,188,Table 7: Project List: Ongoing Projects,SUCCESS
2025-06,1158,,N24001912,ALTERNATE_IDENTIFIER,PEREN-DIMAPUR PKG-3,NHIDCL,,ROAD TRANSPORT AND HIGHWAYS,Nagaland,02/2021,,06/2025,,177.77,199.02,46.94,63.33,QPISR_QR_1st_2025-26.pdf,188,Table 7: Project List: Ongoing Projects,SUCCESS
2025-06,1159,,N24001976,ALTERNATE_IDENTIFIER,WIDENING TO 2 LANE WITH HARD SHOULDER OF AKEGWO-AVANGKHU SECTION OF NH-202K FOR PACKAGE-I (DESIGN CH,NHIDCL,,ROAD TRANSPORT AND HIGHWAYS,Nagaland,12/2022,,02/2026,,430.24,,100.51,58.57,QPISR_QR_1st_2025-26.pdf,188,Table 7: Project List: Ongoing Projects,SUCCESS
2025-06,1160,,N24001977,ALTERNATE_IDENTIFIER,WIDENING TO 2 LANE WITH HARD SHOULDER OF AKEGWO-AVANGKHU SECTION OF NH-202K FOR PACKAGE-II (DESIGN C,NHIDCL,,ROAD TRANSPORT AND HIGHWAYS,Nagaland,12/2022,,02/2026,,442.54,,50.6,28.05,QPISR_QR_1st_2025-26.pdf,188,Table 7: Project List: Ongoing Projects,SUCCESS
2025-06,1161,,N24001978,ALTERNATE_IDENTIFIER,WIDENING TO 2 LANE WITH HARD SHOULDER OF AKEGWO-AVANGKHU SECTION OF NH-202K FOR PACKAGE-III (DESIGN,NHIDCL,,ROAD TRANSPORT AND HIGHWAYS,Nagaland,12/2022,,02/2026,,497.18,,168.2,66.03,QPISR_QR_1st_2025-26.pdf,188,Table 7: Project List: Ongoing Projects,SUCCESS
2025-06,1162,,N24000686,ALTERNATE_IDENTIFIER,FOUR LANING OF DIMAPUR KOHIMA ROAD FROM DESIGN KM 123.840 TO KM 138.775 (EXISTING KM 124.100 TO KM 1,NHIDCL,,ROAD TRANSPORT AND HIGHWAYS,Nagaland,03/2016,,09/2019,11/2022,373.07,534.41,382.5,99.81,QPISR_QR_1st_2025-26.pdf,189,Table 7: Project List: Ongoing Projects,SUCCESS
2025-06,1163,,N24000688,ALTERNATE_IDENTIFIER,FOUR LANING OF EXISTING DIMAPUR KOHIMA ROAD FROM DESIGN KM 152.490 TO KM 166.700 (EXISTING KM 156.00,NHIDCL,,ROAD TRANSPORT AND HIGHWAYS,Nagaland,03/2016,,08/2022,09/2025,429.52,794.74,321.4,92.46,QPISR_QR_1st_2025-26.pdf,189,Table 7: Project List: Ongoing Projects,SUCCESS
2025-06,1164,,N24000752,ALTERNATE_IDENTIFIER,(I) CONSTRUCTION OF FOUR/SIX LANING FROM KM 132.375 TO KM 158.058 (TOTAL NEW ALIGNMENT LENGTH OF 20.,NHIDCL,,ROAD TRANSPORT AND HIGHWAYS,Nagaland,02/2017,,09/2020,02/2023,387.0,688.12,392.01,100.0,QPISR_QR_1st_2025-26.pdf,189,Table 7: Project List: Ongoing Projects,SUCCESS
2025-06,1165,,N24000753,ALTERNATE_IDENTIFIER,(II) CONSTRUCTION OF DIMAPUR BYPASS (ASSAM PORTION) OF 4/6 LANE PAVEMENT ON EPC BASIS FROM EXISTING,NHIDCL,,ROAD TRANSPORT AND HIGHWAYS,Nagaland,03/2018,,11/2022,08/2024,500.09,698.81,393.53,100.0,QPISR_QR_1st_2025-26.pdf,189,Table 7: Project List: Ongoing Projects,SUCCESS
2025-06,1166,,N24000763,ALTERNATE_IDENTIFIER,CONSTRUCTION OF TWO LANE WITH HARD SHOULDERS OF MERANGKONG-TAMLU-MON ROAD FROM EXISTING KM 20.456 TO,NHIDCL,,ROAD TRANSPORT AND HIGHWAYS,Nagaland,03/2018,,12/2021,08/2022,215.79,,132.93,80.38,QPISR_QR_1st_2025-26.pdf,189,Table 7: Project List: Ongoing Projects,SUCCESS
2025-06,1167,,N24000765,ALTERNATE_IDENTIFIER,CONSTRUCTION OF TWO LANE WITH HARD SHOULDERS OF MERANGKONG-TAMLU-MON ROAD FROM EXISTING KM 60.345 TO,NHIDCL,,ROAD TRANSPORT AND HIGHWAYS,Nagaland,03/2018,,09/2018,06/2023,323.98,,119.94,60.11,QPISR_QR_1st_2025-26.pdf,189,Table 7: Project List: Ongoing Projects,SUCCESS
2025-06,1168,,N24001179,ALTERNATE_IDENTIFIER,CONSTRUCTION OF 2 LANE WITH PAVED SHOULDER FROM KM. 168 TO 183.783 (YESEMYONG TO UNGER) ON MOKOKCHUN,MoRTH,,ROAD TRANSPORT AND HIGHWAYS,Nagaland,03/2017,,11/2020,02/2023,217.35,,214.18,100.0,QPISR_QR_1st_2025-26.pdf,189,Table 7: Project List: Ongoing Projects,SUCCESS
2025-06,1169,,N24001180,ALTERNATE_IDENTIFIER,WIDENING OF EXISTING SINGLE/INTERMEDIATE LANE ROAD TO 2 LANE ROAD FROM KM. 83.00 TO KM 101.00 ON NH-,MoRTH,,ROAD TRANSPORT AND HIGHWAYS,Nagaland,03/2019,,12/2022,01/2023,237.51,,215.47,100.0,QPISR_QR_1st_2025-26.pdf,189,Table 7: Project List: Ongoing Projects,SUCCESS
2025-06,1170,,N24001255,ALTERNATE_IDENTIFIER,CONSTRUCTION OF 2-LANE WITH PAVED SHOULDER OF KOHIMA-BYPASS ROAD FROM DESIGN KM10.500 TO 21.00KM [D,NHIDCL,,ROAD TRANSPORT AND HIGHWAYS,Nagaland,09/2020,,10/2022,09/2024,277.44,,169.46,67.91,QPISR_QR_1st_2025-26.pdf,190,Table 7: Project List: Ongoing Projects,SUCCESS
2025-06,1171,,N24001257,ALTERNATE_IDENTIFIER,CONSTRUCTION OF 2-LANE WITH PAVED SHOULDER OF KOHIMA-BYPASS ROAD FROM DESIGN KM21.0 TO KM32.0 [DESIG,NHIDCL,,ROAD TRANSPORT AND HIGHWAYS,Nagaland,08/2020,,10/2022,06/2025,159.85,342.29,108.15,33.55,QPISR_QR_1st_2025-26.pdf,190,Table 7: Project List: Ongoing Projects,SUCCESS
2025-06,1172,,N24001258,ALTERNATE_IDENTIFIER,CONSTRUCTION OF 2-LANE WITH PAVED SHOULDER OF KOHIMA-BYPASS ROAD FROM DSIGN KM32.0 TO KM43.454 [DES,NHIDCL,,ROAD TRANSPORT AND HIGHWAYS,Nagaland,08/2020,,04/2022,04/2023,202.36,,75.39,32.67,QPISR_QR_1st_2025-26.pdf,190,Table 7: Project List: Ongoing Projects,SUCCESS
2025-06,1173,,N24001259,ALTERNATE_IDENTIFIER,UPGRADATION OF EXISTING ROAD TO 2-LANE WITH PAVED SHOULDER FROM KOHIMA TO MAO FROM KM 185.540 TO KM,NHIDCL,,ROAD TRANSPORT AND HIGHWAYS,Nagaland,09/2020,,04/2022,05/2024,315.63,,116.7,0.0,QPISR_QR_1st_2025-26.pdf,190,Table 7: Project List: Ongoing Projects,SUCCESS
2025-06,1174,,N06000112,ALTERNATE_IDENTIFIER,BASUNDHARA (WEST) OC EXTN(7.00 MTY),MCL,,ROAD TRANSPORT AND HIGHWAYS,Odisha,05/2014,,03/2019,,479.15,,271.99,63.04,QPISR_QR_1st_2025-26.pdf,190,Table 7: Project List: Ongoing Projects,SUCCESS
2025-06,1175,,N06000113,ALTERNATE_IDENTIFIER,SIARMAL OCP (40.00MTY),MCL,,ROAD TRANSPORT AND HIGHWAYS,Odisha,02/2021,,03/2029,,5194.96,,3454.71,53.63,QPISR_QR_1st_2025-26.pdf,190,Table 7: Project List: Ongoing Projects,SUCCESS
2025-06,1176,,N06000167,ALTERNATE_IDENTIFIER,INTEGRATED LAKHANPUR-BELPAHAR-LILARI OCP,MCL,,ROAD TRANSPORT AND HIGHWAYS,Odisha,05/2018,,03/2027,,2434.75,,1765.96,61.49,QPISR_QR_1st_2025-26.pdf,190,Table 7: Project List: Ongoing Projects,SUCCESS
2025-06,1177,,N06000171,ALTERNATE_IDENTIFIER,REORGANISATION OF BHARATPUR OCP EXPANSION,MCL,,ROAD TRANSPORT AND HIGHWAYS,Odisha,11/2018,,03/2029,,2838.87,,1837.17,47.35,QPISR_QR_1st_2025-26.pdf,190,Table 7: Project List: Ongoing Projects,SUCCESS
2025-06,1178,,N06000189,ALTERNATE_IDENTIFIER,TALABIRA II AND III OCP,NLC,,ROAD TRANSPORT AND HIGHWAYS,Odisha,07/2017,,01/2027,,2401.07,,1626.71,86.0,QPISR_QR_1st_2025-26.pdf,190,Table 7: Project List: Ongoing Projects,SUCCESS
2025-06,1179,,N06000203,ALTERNATE_IDENTIFIER,NAINI COAL MINE,SCCL,,ROAD TRANSPORT AND HIGHWAYS,Odisha,03/2020,,03/2024,,494.3,,491.33,80.0,QPISR_QR_1st_2025-26.pdf,191,Table 7: Project List: Ongoing Projects,SUCCESS
2025-06,1180,,N06000229,ALTERNATE_IDENTIFIER,GOPALJI-KANIHA OCP,MCL,,ROAD TRANSPORT AND HIGHWAYS,Odisha,04/2022,,03/2028,,6107.87,,1703.67,17.73,QPISR_QR_1st_2025-26.pdf,191,Table 7: Project List: Ongoing Projects,SUCCESS
2025-06,1181,,N06000230,ALTERNATE_IDENTIFIER,BALARAM EXPANSION OCP,MCL,,ROAD TRANSPORT AND HIGHWAYS,Odisha,08/2020,,03/2029,,3504.21,,1026.96,52.44,QPISR_QR_1st_2025-26.pdf,191,Table 7: Project List: Ongoing Projects,SUCCESS
2025-06,1182,,N06000249,ALTERNATE_IDENTIFIER,SUBHADRA OCP,MCL,,ROAD TRANSPORT AND HIGHWAYS,Odisha,05/2021,,03/2029,03/2029,1693.81,,1277.82,40.05,QPISR_QR_1st_2025-26.pdf,191,Table 7: Project List: Ongoing Projects,SUCCESS
2025-06,1183,,N06000270,ALTERNATE_IDENTIFIER,NLC TALABIRA THERMAL POWER PROJECT (PHASE-1: 3 X 800 MW),NLC,,ROAD TRANSPORT AND HIGHWAYS,Odisha,01/2024,,05/2029,03/2030,27213.0,,1928.6,1.55,QPISR_QR_1st_2025-26.pdf,191,Table 7: Project List: Ongoing Projects,SUCCESS
2025-06,1184,,N06000285,ALTERNATE_IDENTIFIER,RPR OF HINGULA EXPANSION OCP,MCL,,ROAD TRANSPORT AND HIGHWAYS,Odisha,11/2022,,03/2029,,1561.85,,49.85,23.57,QPISR_QR_1st_2025-26.pdf,191,Table 7: Project List: Ongoing Projects,SUCCESS
2025-06,1185,,N06000286,ALTERNATE_IDENTIFIER,BHUBANESWARI EXPANSION OCP,MCL,,ROAD TRANSPORT AND HIGHWAYS,Odisha,03/2024,,03/2031,,5366.28,,9.08,9.59,QPISR_QR_1st_2025-26.pdf,191,Table 7: Project List: Ongoing Projects,SUCCESS
2025-06,1186,,N06000288,ALTERNATE_IDENTIFIER,BALABHADRA OCP,MCL,,ROAD TRANSPORT AND HIGHWAYS,Odisha,04/2023,,03/2030,,978.44,,209.5,7.68,QPISR_QR_1st_2025-26.pdf,191,Table 7: Project List: Ongoing Projects,SUCCESS
2025-06,1187,,N06000289,ALTERNATE_IDENTIFIER,INTEGRATED KULDA GARJANBAHAL OCP,MCL,,ROAD TRANSPORT AND HIGHWAYS,Odisha,04/2023,,03/2030,,3563.5,,505.09,4.0,QPISR_QR_1st_2025-26.pdf,191,Table 7: Project List: Ongoing Projects,SUCCESS
2025-06,1188,,N28000126,ALTERNATE_IDENTIFIER,INDIAN INSTITUTE OF SCIENCE EDUCATION AND RESEARCH BERHAMPUR,CPWD EDUCATION,,DEPARTMENT OF HIGHER EDUCATION,Odisha,01/2019,,03/2022,,790.79,,708.5,97.0,QPISR_QR_1st_2025-26.pdf,191,Table 7: Project List: Ongoing Projects,SUCCESS
2025-06,1189,,N10000010,ALTERNATE_IDENTIFIER,5TH STREAM ALUMINA REFINERY EXPANSION PROJECT,NALCO,,MINES,Odisha,12/2014,,04/2021,06/2026,4103.0,5677.4,3831.39,74.52,QPISR_QR_1st_2025-26.pdf,192,Table 7: Project List: Ongoing Projects,SUCCESS
2025-06,1190,,N10000011,ALTERNATE_IDENTIFIER,UTKAL D AND E COAL BLOCK,NALCO,,MINES,Odisha,05/2016,,01/2020,11/2023,534.0,,829.39,88.5,QPISR_QR_1st_2025-26.pdf,192,Table 7: Project List: Ongoing Projects,SUCCESS
2025-06,1191,,N10000012,ALTERNATE_IDENTIFIER,CONVERSION OF FLAT BOTTOM SETTLERS AND WASHERS WITH A SINGLE TRAIN OF HRDS AND DCWS IN STREAMS 1 AND,NALCO,,MINES,Odisha,12/2015,,11/2020,09/2025,355.0,581.0,163.55,12.6,QPISR_QR_1st_2025-26.pdf,192,Table 7: Project List: Ongoing Projects,SUCCESS
2025-06,1192,,N10000013,ALTERNATE_IDENTIFIER,SOURCING OF BAUXITE ARRANGEMENT FOR 5TH STREAM ALUMINA REFINERY FROM SOUTH BLOCK MINING LEASE OF PAN,NALCO,,MINES,Odisha,11/2017,,04/2021,05/2026,483.0,483.0,387.75,89.43,QPISR_QR_1st_2025-26.pdf,192,Table 7: Project List: Ongoing Projects,SUCCESS
2025-06,1193,,N10000016,ALTERNATE_IDENTIFIER,POTTANGI BAUXITE MINES,NALCO,,MINES,Odisha,05/2018,,12/2024,,1437.0,,650.05,51.1,QPISR_QR_1st_2025-26.pdf,192,Table 7: Project List: Ongoing Projects,SUCCESS
2025-06,1194,,N10000017,ALTERNATE_IDENTIFIER,CONSTRUCTION OF RED MUD POND - II AT NALCO DAMANJODI ODISHA,NALCO,,MINES,Odisha,09/2019,,03/2023,05/2024,225.79,,5.0,100.0,QPISR_QR_1st_2025-26.pdf,192,Table 7: Project List: Ongoing Projects,SUCCESS
2025-06,1195,,N16000361,ALTERNATE_IDENTIFIER,ADDITIONAL STORAGE TANKS AT PARADIP,IOCL,,PETROLEUM,Odisha,11/2018,,09/2021,12/2024,462.3,552.44,493.72,100.0,QPISR_QR_1st_2025-26.pdf,192,Table 7: Project List: Ongoing Projects,SUCCESS
2025-06,1196,,N16000396,ALTERNATE_IDENTIFIER,INTEGRATED PARA XYLENE (PX) AND PURIFIED TEREPHTHALIC ACID (PTA) PROJECT AT PARADIP REFINERY,IOCL,,PETROLEUM,Odisha,07/2020,,01/2024,04/2025,13805.0,,7704.73,90.0,QPISR_QR_1st_2025-26.pdf,192,Table 7: Project List: Ongoing Projects,SUCCESS
2025-06,1197,,N18000351,ALTERNATE_IDENTIFIER,EASTERN REGION EXPANSION SCHEME XXIX,PGCIL,,PETROLEUM,Odisha,03/2023,,11/2025,,524.04,,482.12,99.8,QPISR_QR_1st_2025-26.pdf,192,Table 7: Project List: Ongoing Projects,SUCCESS
2025-06,1198,,N18000364,ALTERNATE_IDENTIFIER,TALCHER THERMAL POWER PROJECT STAGE III(2X660 MW),NTPC,,PETROLEUM,Odisha,08/2022,,05/2027,,11844.0,,3703.12,21.4,QPISR_QR_1st_2025-26.pdf,193,Table 7: Project List: Ongoing Projects,SUCCESS
2025-06,1199,220100284,,PRIMARY_IDENTIFIER,KHURDA ROAD-BOLANGIR(NL)ECOR,ECOR,,PETROLEUM,Odisha,04/1994,,12/2026,12/2026,3550.0,3791.66,4910.22,86.0,QPISR_QR_1st_2025-26.pdf,193,Table 7: Project List: Ongoing Projects,SUCCESS
2025-06,1200,220100328,,PRIMARY_IDENTIFIER,TALCHER-BIMALAGARH(NL)(ECOR),ECOR,,PETROLEUM,Odisha,04/2005,,03/2025,,1928.1,,1757.75,40.0,QPISR_QR_1st_2025-26.pdf,193,Table 7: Project List: Ongoing Projects,SUCCESS
2025-06,1201,,N22000316,ALTERNATE_IDENTIFIER,BHADRAK - NERGUNDI 3RD LINE,ECOR,,PETROLEUM,Odisha,03/2013,,11/2024,01/2026,1284.39,1284.39,1297.8,80.0,QPISR_QR_1st_2025-26.pdf,193,Table 7: Project List: Ongoing Projects,SUCCESS
2025-06,1202,,N22000376,ALTERNATE_IDENTIFIER,JAGADALPUR-KORAPUT DOUBLING,ECOR,,PETROLEUM,Odisha,04/2015,,03/2024,,1547.38,,1304.6,93.7,QPISR_QR_1st_2025-26.pdf,193,Table 7: Project List: Ongoing Projects,SUCCESS
2025-06,1203,,N22000379,ALTERNATE_IDENTIFIER,KORAPUT - SINGAPUR ROAD DOUBLING,ECOR,,PETROLEUM,Odisha,04/2015,,12/2027,03/2026,2362.0,2361.74,1816.25,80.0,QPISR_QR_1st_2025-26.pdf,193,Table 7: Project List: Ongoing Projects,SUCCESS
2025-06,1204,,N22000380,ALTERNATE_IDENTIFIER,JARAPADA - BUDHAPANK WITH FLY OVER AT TALCHER ROAD 3RD AND 4TH LINE,ECOR,,PETROLEUM,Odisha,04/2015,,03/2027,,820.61,,580.59,0.0,QPISR_QR_1st_2025-26.pdf,193,Table 7: Project List: Ongoing Projects,SUCCESS
2025-06,1205,,N22000381,ALTERNATE_IDENTIFIER,BUDHAPANK - SALEGAON VIA RAJATGARH 3RD AND 4TH LINE.,ECOR,,PETROLEUM,Odisha,04/2015,,03/2026,11/2025,1172.92,,1971.33,80.0,QPISR_QR_1st_2025-26.pdf,193,Table 7: Project List: Ongoing Projects,SUCCESS
2025-06,1206,,N22000409,ALTERNATE_IDENTIFIER,VIZIANAGARAM -SAMABALPUR 3RD LINE,RVNL,,PETROLEUM,Odisha,01/1991,,12/2026,,4803.16,,4691.52,0.0,QPISR_QR_1st_2025-26.pdf,193,Table 7: Project List: Ongoing Projects,SUCCESS
2025-06,1207,,N22000418,ALTERNATE_IDENTIFIER,EXECUTION OF RAIL CONNECTIVITY PROJECT FOR COAL TRANSPORTATION IN ODISHA FOR MCRL,IRCON,,PETROLEUM,Odisha,04/2016,,03/2020,,5200.0,,389.0,100.0,QPISR_QR_1st_2025-26.pdf,194,Table 7: Project List: Ongoing Projects,SUCCESS
2025-06,1208,,N22000516,ALTERNATE_IDENTIFIER,JEYPORE MALKANGIRI NEW LINE,ECOR,,PETROLEUM,Odisha,02/2018,,07/2033,,2344.0,,220.78,90.1,QPISR_QR_1st_2025-26.pdf,194,Table 7: Project List: Ongoing Projects,SUCCESS
2025-06,1209,,N22000517,ALTERNATE_IDENTIFIER,JEYPORE NABARANGPUR NEWLINE,ECOR,,PETROLEUM,Odisha,07/2017,,07/2028,12/2029,748.0,,,0.0,QPISR_QR_1st_2025-26.pdf,194,Table 7: Project List: Ongoing Projects,SUCCESS
2025-06,1210,,N22000518,ALTERNATE_IDENTIFIER,TALCHER - ANGUL NEW LINE WITH Y CONNECTION AT TALCHER,ECOR,,PETROLEUM,Odisha,07/2018,,12/2026,,278.96,495.0,29.5,0.0,QPISR_QR_1st_2025-26.pdf,194,Table 7: Project List: Ongoing Projects,SUCCESS
2025-06,1211,,N22000519,ALTERNATE_IDENTIFIER,KODINGAMALI BAUXITE MINES TO SINGARAM RAILWAY STATION,ECOR,,PETROLEUM,Odisha,08/2022,,08/2027,,190.9,,10.0,0.0,QPISR_QR_1st_2025-26.pdf,194,Table 7: Project List: Ongoing Projects,SUCCESS
2025-06,1212,,N22000520,ALTERNATE_IDENTIFIER,GANDHAMARDAN IRON ORE MINES TO GOALDIH STATION,ECOR,,PETROLEUM,Odisha,09/2022,,09/2027,,189.93,,14.04,0.0,QPISR_QR_1st_2025-26.pdf,194,Table 7: Project List: Ongoing Projects,SUCCESS
2025-06,1213,,N22000521,ALTERNATE_IDENTIFIER,BRUNDAMAL-JHARSUGUDA- FLYOVER CONNECTION FOR JOINING DN LINE,ECOR,,PETROLEUM,Odisha,12/2009,,12/2026,,296.51,,162.44,10.0,QPISR_QR_1st_2025-26.pdf,194,Table 7: Project List: Ongoing Projects,SUCCESS
2025-06,1214,,N22000522,ALTERNATE_IDENTIFIER,BAGHUAPAL FLY OVER (20 KM),ECOR,,PETROLEUM,Odisha,08/2019,,08/2027,08/2027,183.0,257.97,0.83,0.0,QPISR_QR_1st_2025-26.pdf,194,Table 7: Project List: Ongoing Projects,SUCCESS
2025-06,1215,,N22000571,ALTERNATE_IDENTIFIER,ROURKELA-BONDAMUNDA A-CABIN 5TH LINE (10 KM) (UMBRELLA WORK PB#57/2019-20/NR),SER,,PETROLEUM,Odisha,09/2022,,09/2026,,209.75,,82.27,30.0,QPISR_QR_1st_2025-26.pdf,194,Table 7: Project List: Ongoing Projects,SUCCESS
2025-06,1216,,N24001647,ALTERNATE_IDENTIFIER,BALANCE WORK OF PANIKOILI RIMULI SECTION OF NEW NH-20 FROM KM 0.00 TO KM. 163.000,NHAI,,ROAD TRANSPORT AND HIGHWAYS,Odisha,08/2020,,03/2022,,200.0,154.73,150.38,100.0,QPISR_QR_1st_2025-26.pdf,195,Table 7: Project List: Ongoing Projects,SUCCESS
2025-06,1217,,N24001665,ALTERNATE_IDENTIFIER,6L GREENFIELD KANDILI - ALURU SECTION OF NH-130-CD ROAD FROM KM 342+500 TO KM 365+033 (PACKAGE-OD-8,NHAI,,ROAD TRANSPORT AND HIGHWAYS,Odisha,12/2021,,10/2024,,1592.0,1592.0,1127.76,78.13,QPISR_QR_1st_2025-26.pdf,195,Table 7: Project List: Ongoing Projects,SUCCESS
2025-06,1218,,N24001666,ALTERNATE_IDENTIFIER,6L GREENFIELD BARAJA - KANDILI SECTION OF NH- 130-CD ROAD FROM KM 338+500 TO KM 342+500 (PACKAGE-OD,NHAI,,ROAD TRANSPORT AND HIGHWAYS,Odisha,12/2021,,09/2024,,714.0,714.0,589.97,95.45,QPISR_QR_1st_2025-26.pdf,195,Table 7: Project List: Ongoing Projects,SUCCESS
2025-06,1219,,N24001667,ALTERNATE_IDENTIFIER,6L GREENFIELD KALIAGURA ? BAUNSAGUAR SECTION OF NH-130-CD ROAD FROM KM 249+000 TO KM 293+000 (PACKAG,NHAI,,ROAD TRANSPORT AND HIGHWAYS,Odisha,09/2021,,05/2024,,1734.0,1734.0,1238.62,86.47,QPISR_QR_1st_2025-26.pdf,195,Table 7: Project List: Ongoing Projects,SUCCESS
2025-06,1220,,N24001668,ALTERNATE_IDENTIFIER,6L OF BADAKUMARI - KARKI SECTION FROM KM 179.000 TO KM 226.500 OF NH-130-CD (PACKAGE ? OD-3),NHAI,,ROAD TRANSPORT AND HIGHWAYS,Odisha,03/2021,,04/2024,,1249.0,,522.17,87.16,QPISR_QR_1st_2025-26.pdf,195,Table 7: Project List: Ongoing Projects,SUCCESS
2025-06,1221,,N24001669,ALTERNATE_IDENTIFIER,6L OF DHANARA - HATIBENA SECTION FROM KM 124.611 TO KM 146.50 OF NH-130-CD (PACKAGE ? OD-1),NHAI,,ROAD TRANSPORT AND HIGHWAYS,Odisha,02/2021,,03/2024,,586.0,,241.77,92.98,QPISR_QR_1st_2025-26.pdf,195,Table 7: Project List: Ongoing Projects,SUCCESS
2025-06,1222,,N24001670,ALTERNATE_IDENTIFIER,6L OF KARKI ? KALIAGURA SECTION FROM KM 226.500 TO KM 249.000 OF NH-130-CD (PACKAGE ? OD-4),NHAI,,ROAD TRANSPORT AND HIGHWAYS,Odisha,02/2021,,03/2024,,593.0,,282.15,94.55,QPISR_QR_1st_2025-26.pdf,195,Table 7: Project List: Ongoing Projects,SUCCESS
2025-06,1223,,N24001671,ALTERNATE_IDENTIFIER,6L OF HATIBENA - BADAKUMARI SECTION FROM KM 146.50 TO KM 179.00 OF NH-130-CD (PACKAGE ? OD-2),NHAI,,ROAD TRANSPORT AND HIGHWAYS,Odisha,02/2021,,03/2024,,925.0,,460.47,97.0,QPISR_QR_1st_2025-26.pdf,195,Table 7: Project List: Ongoing Projects,SUCCESS
2025-06,1224,,N24001678,ALTERNATE_IDENTIFIER,6L GREENFIELD BAUNSAGUAR - BARAJA SECTION OF NH-130-CD ROAD FROM KM 293+000 TO KM 338+500 (PACKAGE ?,NHAI,,ROAD TRANSPORT AND HIGHWAYS,Odisha,08/2021,,06/2024,,1460.0,1460.0,986.76,91.52,QPISR_QR_1st_2025-26.pdf,196,Table 7: Project List: Ongoing Projects,SUCCESS
2025-06,1225,,N24001857,ALTERNATE_IDENTIFIER,CONSTRUCTION OF ROAD FROM KM 0/0 TO 72/0 OF NH-26 SUCH AS 4 LANE FROM KM 0/0 TO 21/0 (BARGARH TO BAR,MoRTH,,ROAD TRANSPORT AND HIGHWAYS,Odisha,06/2020,,12/2023,08/2025,414.24,,307.52,98.0,QPISR_QR_1st_2025-26.pdf,196,Table 7: Project List: Ongoing Projects,SUCCESS
2025-06,1226,,N24001858,ALTERNATE_IDENTIFIER,WIDENING AND STRENGTHENING TO 2L+PS INCLUDING LA OF KANDARPUR-BALIKUDA FROM KM 277/500 TO 318/970 OF,MoRTH,,ROAD TRANSPORT AND HIGHWAYS,Odisha,03/2022,,06/2025,,499.79,,285.58,48.2,QPISR_QR_1st_2025-26.pdf,196,Table 7: Project List: Ongoing Projects,SUCCESS
2025-06,1227,,N24001859,ALTERNATE_IDENTIFIER,CONSTRUCTION OF BYPASS ON NH-59 FROM KM 336/350 TO 349/910 (13.56 KM) NEAR BERHAMPUR TOWN INCLUDING,MoRTH,,ROAD TRANSPORT AND HIGHWAYS,Odisha,03/2021,,03/2024,,196.94,,71.55,93.0,QPISR_QR_1st_2025-26.pdf,196,Table 7: Project List: Ongoing Projects,SUCCESS
2025-06,1228,,N24001860,ALTERNATE_IDENTIFIER,CONSTRUCTION OF BYPASS TO NAYAGARH TOWN FROM KM 235.469 TO 252.482 OF NH-57 INCLUDING LAND ACQUISITI,MoRTH,,ROAD TRANSPORT AND HIGHWAYS,Odisha,01/2022,,04/2025,,300.33,,203.81,70.0,QPISR_QR_1st_2025-26.pdf,196,Table 7: Project List: Ongoing Projects,SUCCESS
2025-06,1229,,N24001861,ALTERNATE_IDENTIFIER,CONSTRUCTION OF BYPASS TO KHORDHA TOWN FROM KM 294/000 TO 300/300 ON NH-57 INCLUDING LA IN THE STATE,MoRTH,,ROAD TRANSPORT AND HIGHWAYS,Odisha,02/2022,,11/2024,08/2025,157.49,,72.57,54.0,QPISR_QR_1st_2025-26.pdf,196,Table 7: Project List: Ongoing Projects,SUCCESS
2025-06,1230,,N24001862,ALTERNATE_IDENTIFIER,CONSTRUCTION OF BYPASS ROAD TO BALANGIR TOWN FROM KM 72/400 (DESING KM 0/0) TO KM 79/800 (DESIGN KM,MoRTH,,ROAD TRANSPORT AND HIGHWAYS,Odisha,02/2022,,10/2025,11/2025,238.78,,50.64,40.0,QPISR_QR_1st_2025-26.pdf,196,Table 7: Project List: Ongoing Projects,SUCCESS
2025-06,1231,,N24001863,ALTERNATE_IDENTIFIER,"CONSTRUCTION OF 5 HL BRIDGES AT KM 379/000 (PANGAM), KM 439/400 (POTTERU), KM 444/237 (KONGURUKONDA)",MoRTH,,ROAD TRANSPORT AND HIGHWAYS,Odisha,03/2021,,06/2024,10/2025,154.05,,47.47,30.0,QPISR_QR_1st_2025-26.pdf,196,Table 7: Project List: Ongoing Projects,SUCCESS
2025-06,1232,,N24001864,ALTERNATE_IDENTIFIER,CONSTRUCTION OF FOUR LANE ROB AND ITS APPROACHES IN LIEU OF EXISTING LEVEL CROSSING NO. RV-71 AT KM,MoRTH,,ROAD TRANSPORT AND HIGHWAYS,Odisha,11/2021,,06/2025,,154.49,,60.48,45.0,QPISR_QR_1st_2025-26.pdf,197,Table 7: Project List: Ongoing Projects,SUCCESS
2025-06,1233,,N24001865,ALTERNATE_IDENTIFIER,CONSTRUCTION OF 4 LANE ROB WITH APPROACHES IN LIEU OF LC NO. RV-172 AT KM 176.00 OF NH-201 (PRESENT,MoRTH,,ROAD TRANSPORT AND HIGHWAYS,Odisha,12/2021,,05/2025,10/2025,324.09,,111.45,35.0,QPISR_QR_1st_2025-26.pdf,197,Table 7: Project List: Ongoing Projects,SUCCESS
2025-06,1234,,N24002078,ALTERNATE_IDENTIFIER,REHABILITATION AND UP GRADATION FROM 4 TO 8 LANING OF CHANDIKHOLE PARADIP SECTION OF NH 53 FROM KM.,NHAI,,ROAD TRANSPORT AND HIGHWAYS,Odisha,12/2023,,12/2025,,711.0,,217.96,60.8,QPISR_QR_1st_2025-26.pdf,197,Table 7: Project List: Ongoing Projects,SUCCESS
2025-06,1235,,N24002079,ALTERNATE_IDENTIFIER,REHABILITATION AND UP GRADATION FROM 4 TO 8 LANING OF CHANDIKHOLE PARADIP SECTION OF NH 53 FROM KM,NHAI,,ROAD TRANSPORT AND HIGHWAYS,Odisha,12/2023,,12/2025,,742.25,,223.47,55.1,QPISR_QR_1st_2025-26.pdf,197,Table 7: Project List: Ongoing Projects,SUCCESS
2025-06,1236,,N24002080,ALTERNATE_IDENTIFIER,REHABILITATION AND UP GRADATION FROM 4 TO 8 LANING OF CHANDIKHOLE PARADIP SECTION OF NH 53 FROM KM,NHAI,,ROAD TRANSPORT AND HIGHWAYS,Odisha,12/2023,,12/2025,,762.75,,266.33,60.7,QPISR_QR_1st_2025-26.pdf,197,Table 7: Project List: Ongoing Projects,SUCCESS
2025-06,1237,,N24002081,ALTERNATE_IDENTIFIER,3L MAJOR BRIDGE OVER RIVER BRAHMANI AT KM. 401.250 (DUBURI CHANDIKHOLE SECTION) OF NH 200 (NEW NH 5,NHAI,,ROAD TRANSPORT AND HIGHWAYS,Odisha,08/2022,,01/2025,,153.61,,22.77,34.49,QPISR_QR_1st_2025-26.pdf,197,Table 7: Project List: Ongoing Projects,SUCCESS
2025-06,1238,,N24002135,ALTERNATE_IDENTIFIER,WIDENING AND STRENGTHENLNG TO 2L+PS FROM KM 0.000 TO 40.000 (DHAUGAON- PODAMARI SECTION) OF NH 326 I,MoRTH,,ROAD TRANSPORT AND HIGHWAYS,Odisha,03/2022,,02/2026,,186.52,,48.3,35.0,QPISR_QR_1st_2025-26.pdf,197,Table 7: Project List: Ongoing Projects,SUCCESS
2025-06,1239,,N24002136,ALTERNATE_IDENTIFIER,WIDENING AND STRENGTHENING TO 4L+PS/2L+PS FROM KM 0.000 TO 35.800 (KUAKHIA - MANGALPUR SECTION) OF N,MoRTH,,ROAD TRANSPORT AND HIGHWAYS,Odisha,03/2022,,02/2026,,636.1,,264.98,36.53,QPISR_QR_1st_2025-26.pdf,197,Table 7: Project List: Ongoing Projects,SUCCESS
2025-06,1240,,N24002219,ALTERNATE_IDENTIFIER,REHABILITATION AND UP GRADATION FROM 4 TO 8 LANING OF CHANDIKHOLE ? PARADIP SECTION OF NH-53 (OLD NH,NHAI,,ROAD TRANSPORT AND HIGHWAYS,Odisha,03/2024,,10/2026,,882.45,,82.62,14.1,QPISR_QR_1st_2025-26.pdf,197,Table 7: Project List: Ongoing Projects,SUCCESS
2025-06,1241,,N24000619,ALTERNATE_IDENTIFIER,DEVELOPMENT OF FOUR LANNING OF ANGUL- SAMBALPUR SECTION OF NATIONAL HIGHWAY NH-42 (NEW NH-55 IN THE S,NHAI,,ROAD TRANSPORT AND HIGHWAYS,Odisha,09/2016,,08/2019,,2510.04,,1181.34,99.98,QPISR_QR_1st_2025-26.pdf,198,Table 7: Project List: Ongoing Projects,SUCCESS
2025-06,1242,,N24000715,ALTERNATE_IDENTIFIER,REHABILITATION AND UPGRADATION OF CUTTACK ANGUL SECTION OF NH-42 (NEW NH- 55) TO 4 LANE (KM. 0+400 TO,NHAI,,ROAD TRANSPORT AND HIGHWAYS,Odisha,12/2017,,07/2020,,686.65,565.0,574.26,98.0,QPISR_QR_1st_2025-26.pdf,198,Table 7: Project List: Ongoing Projects,SUCCESS
2025-06,1243,,N24000733,ALTERNATE_IDENTIFIER,REHABILITATION AND UP-GRADATION OF EXISTING 2-LANE TO 4 LANE OF DUBURI (KM 388.376) TO CHANDIKHOLE (,NHAI,,ROAD TRANSPORT AND HIGHWAYS,Odisha,01/2018,,08/2022,,633.68,492.83,560.38,86.0,QPISR_QR_1st_2025-26.pdf,198,Table 7: Project List: Ongoing Projects,SUCCESS
2025-06,1244,,N24000734,ALTERNATE_IDENTIFIER,REHABILITATION AND UP-GRADATION OF EXISTING 2-LANE TO FOUR LANE FROM TALCHAR TO END OF KAMAKHYANAG,NHAI,,ROAD TRANSPORT AND HIGHWAYS,Odisha,01/2018,,08/2021,,614.48,503.3,664.48,99.0,QPISR_QR_1st_2025-26.pdf,198,Table 7: Project List: Ongoing Projects,SUCCESS
2025-06,1245,,N24000736,ALTERNATE_IDENTIFIER,REHABILITATION AND UPGRADATION OF CUTTACK-ANGUL SECTION TO 4 LANE (KM 60.20) TO (KM 112.0) PKG II ON,NHAI,,ROAD TRANSPORT AND HIGHWAYS,Odisha,01/2018,,09/2020,,686.65,504.09,488.98,98.35,QPISR_QR_1st_2025-26.pdf,198,Table 7: Project List: Ongoing Projects,SUCCESS
2025-06,1246,,N24000738,ALTERNATE_IDENTIFIER,REHABILITATION AND UPGRADATION OF SIX LANING OF BHADRAK BALESHWAR SECTION (KM 136.50) TO (KM 199.141,NHAI,,ROAD TRANSPORT AND HIGHWAYS,Odisha,01/2018,,09/2021,,999.0,1152.7,540.1,82.01,QPISR_QR_1st_2025-26.pdf,198,Table 7: Project List: Ongoing Projects,SUCCESS
2025-06,1247,,N24000739,ALTERNATE_IDENTIFIER,REHABILITATION AND UP-GRADATION TO 4- LANING OF RAJAMUNDA-BARKOTE SECTION OF NH-23 (NEW NH NO. 143) (,NHAI,,ROAD TRANSPORT AND HIGHWAYS,Odisha,01/2018,,06/2021,07/2025,503.88,609.03,536.89,98.5,QPISR_QR_1st_2025-26.pdf,198,Table 7: Project List: Ongoing Projects,SUCCESS
2025-06,1248,,N24000912,ALTERNATE_IDENTIFIER,WIDENING TO 2LPS FROM 0/0 TO 119/0 OF NH- 157 IN THE STATE OF ODISHA.,MoRTH,,ROAD TRANSPORT AND HIGHWAYS,Odisha,08/2016,,02/2017,,287.7,,275.42,98.66,QPISR_QR_1st_2025-26.pdf,198,Table 7: Project List: Ongoing Projects,SUCCESS
2025-06,1249,,N24000914,ALTERNATE_IDENTIFIER,WIDENING TO 2LPS FROM 239/9 TO 294/3 OF NH-57 (NAYAGARH TO KHURDA) IN THE STATE OF ODISHA,MoRTH,,ROAD TRANSPORT AND HIGHWAYS,Odisha,12/2016,,08/2018,,223.5,,220.5,100.0,QPISR_QR_1st_2025-26.pdf,198,Table 7: Project List: Ongoing Projects,SUCCESS
2025-06,1250,,N24000917,ALTERNATE_IDENTIFIER,WIDENING TO 2LPS FROM 269/30 TO 328/20 OF NH-49 IN THE STATE OF ODISHA,MoRTH,,ROAD TRANSPORT AND HIGHWAYS,Odisha,03/2018,,08/2018,,199.16,,158.73,100.0,QPISR_QR_1st_2025-26.pdf,199,Table 7: Project List: Ongoing Projects,SUCCESS
2025-06,1251,,N12000122,ALTERNATE_IDENTIFIER,REBUILDING OF COKE OVEN BATTERY-2 ALONGWITH AUGMENTATION OF COKE HANDLING AND GAS HANDLING FACILITY,SAIL,,STEEL,Odisha,11/2020,,05/2023,03/2025,377.18,,434.9,,QPISR_QR_1st_2025-26.pdf,199,Table 7: Project List: Ongoing Projects,SUCCESS
2025-06,1252,,N12000125,ALTERNATE_IDENTIFIER,INSTALLATION OF 4TH SLAB CASTER ALONG WITH ITS AUXILIARIES AND A NEW LADLE FURNACE IN SMS-II AT RSP,SAIL,,STEEL,Odisha,01/2022,,05/2025,08/2025,970.18,,720.07,94.31,QPISR_QR_1st_2025-26.pdf,199,Table 7: Project List: Ongoing Projects,SUCCESS
2025-06,1253,,N28000142,ALTERNATE_IDENTIFIER,"CONSTRUCTION OF PERMANENT CAMPUS OF INDIAN INSTITUTE OF MANAGEMENT (IIM) AMRITSAR, PUNJAB.",CPWD EDUCATION,,DEPARTMENT OF HIGHER EDUCATION,Punjab,10/2019,,05/2022,,348.24,,245.37,91.2,QPISR_QR_1st_2025-26.pdf,199,Table 7: Project List: Ongoing Projects,SUCCESS
2025-06,1254,,N16000402,ALTERNATE_IDENTIFIER,"SECOND GENERATION ETHANOL BIOREFINERY PROJECT, BATHINDA, PUNJAB",HPCL,,PETROLEUM,Punjab,05/2020,,02/2023,09/2024,1421.46,,1163.1,95.63,QPISR_QR_1st_2025-26.pdf,199,Table 7: Project List: Ongoing Projects,SUCCESS
2025-06,1255,,N16000440,ALTERNATE_IDENTIFIER,BHATINDA SANGRUR PIPELINE,HPCL,,PETROLEUM,Punjab,11/2021,,05/2024,02/2025,367.0,397.0,334.26,91.9,QPISR_QR_1st_2025-26.pdf,199,Table 7: Project List: Ongoing Projects,SUCCESS
2025-06,1256,,N16000488,ALTERNATE_IDENTIFIER,CGD PROJECT AT PATHANKOT DISTRICT,IOCL,,PETROLEUM,Punjab,03/2022,,03/2030,09/2033,151.0,,8.73,2.0,QPISR_QR_1st_2025-26.pdf,199,Table 7: Project List: Ongoing Projects,SUCCESS
2025-06,1257,,N22000502,ALTERNATE_IDENTIFIER,"MANSA-BHATINDA (PHASE-I), INCL. NEW MATERIAL MODIFICATION FOR RAMA MANDI (RAMAN) - SADA SINGHWALA VI",NR,,PETROLEUM,Punjab,06/2009,,08/2016,,404.0,,190.0,100.0,QPISR_QR_1st_2025-26.pdf,199,Table 7: Project List: Ongoing Projects,SUCCESS
2025-06,1258,,N22000589,ALTERNATE_IDENTIFIER,LUDHIANA MULLANPUR DOUBLING,NR,,PETROLEUM,Punjab,09/2020,,03/2025,,235.0,,7.99,98.0,QPISR_QR_1st_2025-26.pdf,199,Table 7: Project List: Ongoing Projects,SUCCESS
2025-06,1259,,N22000614,ALTERNATE_IDENTIFIER,FEROZPUR - PATTI (25.72 KM),NR,,PETROLEUM,Punjab,04/2017,,03/2027,,299.74,,,0.0,QPISR_QR_1st_2025-26.pdf,200,Table 7: Project List: Ongoing Projects,SUCCESS
2025-06,1260,,N24001415,ALTERNATE_IDENTIFIER,DELHI-AMRITSAR-KATRA EXPRESSWAY FROM JUNCTION WITH PATIALA-BATHINDA ROAD (NH-7) NEAR BHAWANIGARH TO,NHAI,,ROAD TRANSPORT AND HIGHWAYS,Punjab,12/2020,,04/2024,07/2024,881.0,,960.36,92.34,QPISR_QR_1st_2025-26.pdf,200,Table 7: Project List: Ongoing Projects,SUCCESS
2025-06,1261,,N24001416,ALTERNATE_IDENTIFIER,DELHI-AMRITSAR-KATRA EXPRESSWAY FROM JUNCTION WITH LUDHIANA-MALERKOTLA ROAD (SH-11) NEAR BHOGIWAL VI,NHAI,,ROAD TRANSPORT AND HIGHWAYS,Punjab,12/2020,,01/2024,03/2025,989.66,,338.21,31.08,QPISR_QR_1st_2025-26.pdf,200,Table 7: Project List: Ongoing Projects,SUCCESS
2025-06,1262,,N24001417,ALTERNATE_IDENTIFIER,DELHI-AMRITSAR-KATRA EXPRESSWAY FROM JUNCTION WITH LUDHIANA-MOGA ROAD (NH- 5) NEAR MULLANPUR DAKHA TO,NHAI,,ROAD TRANSPORT AND HIGHWAYS,Punjab,12/2020,,04/2024,09/2025,1234.4,,853.68,61.88,QPISR_QR_1st_2025-26.pdf,200,Table 7: Project List: Ongoing Projects,SUCCESS
2025-06,1263,,N24001418,ALTERNATE_IDENTIFIER,DELHI-AMRITSAR-KATRA EXPRESSWAY FROM CH.KM 303+900 TO KM 319+400 OF MAIN EXPRESSWAY) AND AMRITSAR CO,NHAI,,ROAD TRANSPORT AND HIGHWAYS,Punjab,12/2020,,04/2024,09/2025,1094.46,,802.93,62.99,QPISR_QR_1st_2025-26.pdf,200,Table 7: Project List: Ongoing Projects,SUCCESS
2025-06,1264,,N24001419,ALTERNATE_IDENTIFIER,DELHI-AMRITSAR-KATRA EXPRESSWAY (PHASE-I PKG-XI) FROM JUNCTION WITH JALANDHAR - KAPURTHALA ROAD (NH-,NHAI,,ROAD TRANSPORT AND HIGHWAYS,Punjab,02/2021,,04/2024,11/2024,1269.96,,585.86,43.45,QPISR_QR_1st_2025-26.pdf,200,Table 7: Project List: Ongoing Projects,SUCCESS
2025-06,1265,,N24001420,ALTERNATE_IDENTIFIER,DELHI-AMRITSAR-KATRA EXPRESSWAY (PHASE-I PKG-XII) FROM JUNCTION WITH AMRITSAR-MEHTA-SRIHARGOBINDPUR-,NHAI,,ROAD TRANSPORT AND HIGHWAYS,Punjab,02/2021,,04/2024,12/2025,853.66,,177.27,20.65,QPISR_QR_1st_2025-26.pdf,200,Table 7: Project List: Ongoing Projects,SUCCESS
2025-06,1266,,N24001630,ALTERNATE_IDENTIFIER,4/6L GREENFIELD LUDHIANA RUPNAGAR HIGHWAY FROM JUNCTION WITH NE 05 VILLAGR NEAR TO MANEWAL (LUDHIANA,NHAI,,ROAD TRANSPORT AND HIGHWAYS,Punjab,07/2021,,02/2025,,1501.02,,282.0,75.0,QPISR_QR_1st_2025-26.pdf,200,Table 7: Project List: Ongoing Projects,SUCCESS
2025-06,1267,,N24001631,ALTERNATE_IDENTIFIER,6L OF IT CITY CHOWK TO KURALI CHANDIGARH ROAD,NHAI,,ROAD TRANSPORT AND HIGHWAYS,Punjab,03/2021,,10/2024,,1525.31,,290.0,95.0,QPISR_QR_1st_2025-26.pdf,200,Table 7: Project List: Ongoing Projects,SUCCESS
2025-06,1268,,N24001632,ALTERNATE_IDENTIFIER,CONSTRUCTION OF FOUR LANE GREENFIELD PROJECT OF DELHI-AMRITSAR-KATRA EXPRESSWAY (PHASE-I PKG-V) FROM,NHAI,,ROAD TRANSPORT AND HIGHWAYS,Punjab,01/2021,,05/2024,06/2025,1741.86,2281.02,1294.4,96.5,QPISR_QR_1st_2025-26.pdf,201,Table 7: Project List: Ongoing Projects,SUCCESS
2025-06,1269,,N24001636,ALTERNATE_IDENTIFIER,CONSTRUCTION OF FOUR/SIX LANE GREENFIELD LUDHIANA ? RUPNAGAR NATIONAL HIGHWAY NO. NH-205K UNDER BHAR,NHAI,,ROAD TRANSPORT AND HIGHWAYS,Punjab,05/2021,,12/2024,10/2026,1368.91,1368.91,163.58,15.31,QPISR_QR_1st_2025-26.pdf,201,Table 7: Project List: Ongoing Projects,SUCCESS
2025-06,1270,,N24001637,ALTERNATE_IDENTIFIER,DEVELOPMENT OF 6 LANE JALANDHAR BYPASS FROM KAHLWAN NATIONAL HIGHWAY 03 DESIGN KM 0.00 ENDING AT K,NHAI,,ROAD TRANSPORT AND HIGHWAYS,Punjab,03/2021,,01/2025,,1754.84,,1145.02,40.01,QPISR_QR_1st_2025-26.pdf,201,Table 7: Project List: Ongoing Projects,SUCCESS
2025-06,1271,,N24001638,ALTERNATE_IDENTIFIER,4L GREENFIELD A. MALOUT BYPASS FROM CH. KM 44.500 TO CH. KM 35.500 ON NH-07 AND CH. KM 0.000 TO KM 6,NHAI,,ROAD TRANSPORT AND HIGHWAYS,Punjab,11/2021,,07/2024,08/2025,646.42,646.42,481.67,96.0,QPISR_QR_1st_2025-26.pdf,201,Table 7: Project List: Ongoing Projects,SUCCESS
2025-06,1272,,N24001639,ALTERNATE_IDENTIFIER,FOUR LANING OF MOGA TO BAJAKHANA LAMBWALI SECTION OF 105B GREENFIELD ALIGNMENT FROM DESIGN CHAINAGE,NHAI,,ROAD TRANSPORT AND HIGHWAYS,Punjab,05/2020,,12/2024,08/2025,864.23,864.23,434.88,65.0,QPISR_QR_1st_2025-26.pdf,201,Table 7: Project List: Ongoing Projects,SUCCESS
2025-06,1273,,N24001640,ALTERNATE_IDENTIFIER,6L AMRITSAR BATHINDA GREENFIELD SECTION FROM VILLAGE TIBA ON NE 5A TO JN. WITH MOGA JALANDHAR ROAD N,NHAI,,ROAD TRANSPORT AND HIGHWAYS,Punjab,03/2021,,11/2024,,1229.38,,762.83,48.58,QPISR_QR_1st_2025-26.pdf,201,Table 7: Project List: Ongoing Projects,SUCCESS
2025-06,1274,,N24001641,ALTERNATE_IDENTIFIER,DELHI AMRITSAR KATRA EXPRESSWAY PHASE I SPUR III FROM JUNCTION WITH AMRITSAR JALANDHAR ROAD NH3 NEAR,NHAI,,ROAD TRANSPORT AND HIGHWAYS,Punjab,03/2021,,10/2024,12/2025,1641.75,,188.55,26.01,QPISR_QR_1st_2025-26.pdf,201,Table 7: Project List: Ongoing Projects,SUCCESS
2025-06,1275,,N24001642,ALTERNATE_IDENTIFIER,FOUR LANING OF AMRITSAR BYPASS FROM NEW TARN TARAN ROAD TO AJNALA ROAD FROM DESIGN KM. 0.750 TO DESI,NHAI,,ROAD TRANSPORT AND HIGHWAYS,Punjab,02/2021,,08/2024,12/2025,1474.77,,475.88,75.25,QPISR_QR_1st_2025-26.pdf,201,Table 7: Project List: Ongoing Projects,SUCCESS
2025-06,1276,,N24001643,ALTERNATE_IDENTIFIER,4L OF AMRITSAR GHOMAN TANDA UNA SECTION FROM KM 8.270 TO KM 54.000 OF NH 503A PACKAGE I,NHAI,,ROAD TRANSPORT AND HIGHWAYS,Punjab,12/2020,,06/2024,06/2025,857.91,,164.88,41.02,QPISR_QR_1st_2025-26.pdf,202,Table 7: Project List: Ongoing Projects,SUCCESS
2025-06,1277,,N24001644,ALTERNATE_IDENTIFIER,AMRITSAR AIRPORT JUNCTION RAMDAS FROM KM. 100.835 TO KM. 139.813 PKG IV,NHAI,,ROAD TRANSPORT AND HIGHWAYS,Punjab,12/2020,,09/2023,09/2025,524.88,416.58,157.14,73.0,QPISR_QR_1st_2025-26.pdf,202,Table 7: Project List: Ongoing Projects,SUCCESS
2025-06,1278,,N24001960,ALTERNATE_IDENTIFIER,UP-GRADATION TO TWO LANE WITH PAVED SHOULDER CONFIGURATION OF NH-354 SECTION ARIFKES-FEROZEPUR-MUKTS,MoRTH,,ROAD TRANSPORT AND HIGHWAYS,Punjab,03/2021,,10/2023,,263.19,,119.5,61.0,QPISR_QR_1st_2025-26.pdf,202,Table 7: Project List: Ongoing Projects,SUCCESS
2025-06,1279,,N24001961,ALTERNATE_IDENTIFIER,WORK OF WIDENING/UPGRADATION OF 2- LANE WITH PAVED SHOULDER OF SRI MUKTSAR SAHIB TO MALOUT ROAD FROM,MoRTH,,ROAD TRANSPORT AND HIGHWAYS,Punjab,03/2022,,10/2023,,152.58,,97.0,85.0,QPISR_QR_1st_2025-26.pdf,202,Table 7: Project List: Ongoing Projects,SUCCESS
2025-06,1280,,N24002075,ALTERNATE_IDENTIFIER,6L OF JODHPUR ROMANA (BATHINDA) - MANDI DABWALI (PUNJAB HARYANA BORDER) SECTION OF NH-54 FROM KM. 0.,NHAI,,ROAD TRANSPORT AND HIGHWAYS,Punjab,12/2020,,08/2025,08/2025,757.13,757.0,246.51,98.75,QPISR_QR_1st_2025-26.pdf,202,Table 7: Project List: Ongoing Projects,SUCCESS
2025-06,1281,,N24002076,ALTERNATE_IDENTIFIER,6L AMRITSAR-BATHINDA GREENFIELD SECTION FROM JN. WITH BHAGTA BHAI KA- BHADAUR ROAD NEAR DYALPURA BHAI,NHAI,,ROAD TRANSPORT AND HIGHWAYS,Punjab,03/2021,,10/2025,06/2026,2029.17,2029.0,84.23,47.0,QPISR_QR_1st_2025-26.pdf,202,Table 7: Project List: Ongoing Projects,SUCCESS
2025-06,1282,,N24002091,ALTERNATE_IDENTIFIER,6L ACCESS CONTROLLED LUDHIANA- BATHINDA GREENFIELD HIGHWAY FROM JN. WITH AMRITSAR-BATHANDA GREENFIELD,NHAI,,ROAD TRANSPORT AND HIGHWAYS,Punjab,06/2021,,09/2025,03/2026,906.51,906.51,170.39,54.0,QPISR_QR_1st_2025-26.pdf,202,Table 7: Project List: Ongoing Projects,SUCCESS
2025-06,1283,,N24002092,ALTERNATE_IDENTIFIER,6-LANE AMRITSAR-BATHINDA GREENFIELD SECTION OF NH-754A FROM JUNCTION WITH MOGA JALANDHAR ROAD (NH-70,NHAI,,ROAD TRANSPORT AND HIGHWAYS,Punjab,03/2021,,10/2025,,1801.37,,1075.64,51.2,QPISR_QR_1st_2025-26.pdf,202,Table 7: Project List: Ongoing Projects,SUCCESS
2025-06,1284,,N24002098,ALTERNATE_IDENTIFIER,6L OF AMBALA-CHANDIGARH GREENFIELD SECTION FROM KM. 0.000 TO KM. 25.000 WITH 4L SPUR TO LALRU FROM K,NHAI,,ROAD TRANSPORT AND HIGHWAYS,Punjab,03/2022,,10/2025,,1641.66,,100.0,55.0,QPISR_QR_1st_2025-26.pdf,203,Table 7: Project List: Ongoing Projects,SUCCESS
2025-06,1285,,N24002100,ALTERNATE_IDENTIFIER,4L OF EXISTING BEAS ? BABA BAKALA - DERA BABA NANAK SECTION FROM START OF BATALA BYPASS TILL INTERSE,NHAI,,ROAD TRANSPORT AND HIGHWAYS,Punjab,10/2021,,06/2025,,1003.38,,281.62,72.58,QPISR_QR_1st_2025-26.pdf,203,Table 7: Project List: Ongoing Projects,SUCCESS
2025-06,1286,,N24002101,ALTERNATE_IDENTIFIER,4L OF BEAS-MEHTA-BATALA-DERA BABA NANAK FROM INTERSECTION WITH JALANDHAR-AMRITSAR HIGHWAY (NH-3) NEA,NHAI,,ROAD TRANSPORT AND HIGHWAYS,Punjab,08/2021,,06/2025,12/2025,809.51,,220.73,53.54,QPISR_QR_1st_2025-26.pdf,203,Table 7: Project List: Ongoing Projects,SUCCESS
2025-06,1287,,N24002102,ALTERNATE_IDENTIFIER,DELHI-AMRITSAR-KATRA EXPRESSWAY (PHASE-I SPUR-I) FROM JN. WITH KAPURTHALA - SULTANPUR LODHI ROAD (NH,NHAI,,ROAD TRANSPORT AND HIGHWAYS,Punjab,01/2020,,04/2026,,2165.23,,180.85,20.5,QPISR_QR_1st_2025-26.pdf,203,Table 7: Project List: Ongoing Projects,SUCCESS
2025-06,1288,,N24000907,ALTERNATE_IDENTIFIER,WIDENING AND PAVED SHOULDER OF TOHANA (IN HARYANA) PUNJAB/HARYANA BORDER TO MOONAK-JAKHAL-BUDHLADA,MoRTH,,ROAD TRANSPORT AND HIGHWAYS,Punjab,03/2018,,08/2020,,293.1,,318.24,100.0,QPISR_QR_1st_2025-26.pdf,203,Table 7: Project List: Ongoing Projects,SUCCESS
2025-06,1289,,N24000909,ALTERNATE_IDENTIFIER,JALANDHAR-HOSHIARPUR SECTION OF NH-70 [NEW NH NO. 3] FROM EXISTING KM 11.400 TO KM 49.200,MoRTH,,ROAD TRANSPORT AND HIGHWAYS,Punjab,10/2017,,10/2019,,1069.59,,739.08,44.0,QPISR_QR_1st_2025-26.pdf,203,Table 7: Project List: Ongoing Projects,SUCCESS
2025-06,1290,,N24000910,ALTERNATE_IDENTIFIER,REHABILITATION AND UP GRADATION TO 2 LANE WITH PAVED SHOULDER OF NH-703A FROM MAKHU (DESIGN CH 0 000,MoRTH,,ROAD TRANSPORT AND HIGHWAYS,Punjab,03/2018,,11/2020,,170.57,,135.0,79.0,QPISR_QR_1st_2025-26.pdf,203,Table 7: Project List: Ongoing Projects,SUCCESS
2025-06,1291,,N24000941,ALTERNATE_IDENTIFIER,REHABILITATION AND UPGRADATION TO 2 LANE WITH PAVED SHOULDER OF MOGA (DESIGN CH 0.000) TO MAKHU (DES,MoRTH,,ROAD TRANSPORT AND HIGHWAYS,Punjab,03/2018,,08/2020,,293.64,,295.46,100.0,QPISR_QR_1st_2025-26.pdf,203,Table 7: Project List: Ongoing Projects,SUCCESS
2025-06,1292,,N04000101,ALTERNATE_IDENTIFIER,CONSTRUCTION OF NEW TERMINAL BUILDING AT JODHPUR AIRPORT,AAI,,CIVIL AVIATION,Rajasthan,05/2022,,11/2024,10/2025,480.0,,254.71,77.75,QPISR_QR_1st_2025-26.pdf,204,Table 7: Project List: Ongoing Projects,SUCCESS
2025-06,1293,,N04000104,ALTERNATE_IDENTIFIER,UDAIPUR AIRPORT- CONSTRUCTION OF NEW INTEGRATED PASSENGER TERMINAL BUILDING,AAI,,CIVIL AVIATION,Rajasthan,06/2023,,03/2026,,887.0,,312.4,44.61,QPISR_QR_1st_2025-26.pdf,204,Table 7: Project List: Ongoing Projects,SUCCESS
2025-06,1294,,N06000269,ALTERNATE_IDENTIFIER,NLCIL 300 MW SOLAR POWER PROJECT (PART OF 510 MW CPSU SCHEME),NLC,,COAL,Rajasthan,03/2023,,09/2024,,1813.0,,746.26,66.0,QPISR_QR_1st_2025-26.pdf,204,Table 7: Project List: Ongoing Projects,SUCCESS
2025-06,1295,,N16000435,ALTERNATE_IDENTIFIER,NEW MUNDRA-PANIPAT CRUDE OIL PIPELINE,IOCL,,PETROLEUM,Rajasthan,12/2021,,10/2024,12/2025,9028.0,,6734.76,82.3,QPISR_QR_1st_2025-26.pdf,204,Table 7: Project List: Ongoing Projects,SUCCESS
2025-06,1296,,N16000496,ALTERNATE_IDENTIFIER,"CGD PROJECT IN TONK, SAWAI MADHOPUR, DAUSA, KARAULI",HPCL,,PETROLEUM,Rajasthan,03/2022,,03/2030,,1751.0,,301.39,25.5,QPISR_QR_1st_2025-26.pdf,204,Table 7: Project List: Ongoing Projects,SUCCESS
2025-06,1297,,N16000512,ALTERNATE_IDENTIFIER,SETTING UP OF PETROCHEMICAL EVACUATION MARKETING TERMINAL (PEMT) AT BARMER,HPCL,,PETROLEUM,Rajasthan,12/2023,,12/2026,,461.05,,98.7,47.5,QPISR_QR_1st_2025-26.pdf,204,Table 7: Project List: Ongoing Projects,SUCCESS
2025-06,1298,,N16000513,ALTERNATE_IDENTIFIER,RAJASTHAN REFINERY PROJECT (HPCLRRL(JV)),,,PETROLEUM,Rajasthan,10/2017,,10/2022,03/2025,43129.0,72937.0,58305.57,87.4,QPISR_QR_1st_2025-26.pdf,204,Table 7: Project List: Ongoing Projects,SUCCESS
2025-06,1299,,N16000520,ALTERNATE_IDENTIFIER,CGD PROJECTS AT FAZILKA (EXCEPT AREA ALREADY AUTHORIZED) GANGANAGAR AND HANUMANGARH DISTRICTS,BPCL,,PETROLEUM,Rajasthan,12/2022,,06/2030,,3207.0,,324.65,21.9,QPISR_QR_1st_2025-26.pdf,204,Table 7: Project List: Ongoing Projects,SUCCESS
2025-06,1300,,N18000286,ALTERNATE_IDENTIFIER,SAMBHU KI BHURJ-II SOLAR 300MW,NTPC,,PETROLEUM,Rajasthan,03/2020,,09/2021,03/2025,1782.0,,1369.88,100.0,QPISR_QR_1st_2025-26.pdf,204,Table 7: Project List: Ongoing Projects,SUCCESS
2025-06,1301,,N18000293,ALTERNATE_IDENTIFIER,BHENSARA 320 MW,NTPC,,PETROLEUM,Rajasthan,01/2021,,07/2022,03/2025,1221.73,1533.38,1139.42,100.0,QPISR_QR_1st_2025-26.pdf,205,Table 7: Project List: Ongoing Projects,SUCCESS
2025-06,1302,,N18000320,ALTERNATE_IDENTIFIER,NOKH PLOT-1 SOLAR PV PROJECT 245MW,NTPC,,PETROLEUM,Rajasthan,03/2022,,08/2023,,1352.71,,1057.36,0.0,QPISR_QR_1st_2025-26.pdf,205,Table 7: Project List: Ongoing Projects,SUCCESS
2025-06,1303,,N18000321,ALTERNATE_IDENTIFIER,NOKH PLOT-2 SOLAR PV PROJECT 245MW,NTPC,,PETROLEUM,Rajasthan,03/2022,,08/2023,,1409.52,,1403.89,0.0,QPISR_QR_1st_2025-26.pdf,205,Table 7: Project List: Ongoing Projects,SUCCESS
2025-06,1304,,N18000322,ALTERNATE_IDENTIFIER,NOKH PLOT-3 SOLAR PV PROJECT 245MW,NTPC,,PETROLEUM,Rajasthan,03/2022,,08/2023,,1426.94,,1170.29,0.0,QPISR_QR_1st_2025-26.pdf,205,Table 7: Project List: Ongoing Projects,SUCCESS
2025-06,1305,,N18000347,ALTERNATE_IDENTIFIER,BHADLA-II 500MW SOLAR PV PROJECT,NTPC,,PETROLEUM,Rajasthan,06/2022,,03/2024,09/2025,2598.92,,1815.27,60.0,QPISR_QR_1st_2025-26.pdf,205,Table 7: Project List: Ongoing Projects,SUCCESS
2025-06,1306,,N18000356,ALTERNATE_IDENTIFIER,TRANSMISSION SYSTEM SCHEME FOR EVACUATION OF POWER FROM REZ RAJASTHAN (8.1 GW) UNDER PHASE-II PART,PGCIL,,PETROLEUM,Rajasthan,03/2023,,09/2024,,1433.28,,1290.22,91.9,QPISR_QR_1st_2025-26.pdf,205,Table 7: Project List: Ongoing Projects,SUCCESS
2025-06,1307,,N18000368,ALTERNATE_IDENTIFIER,300 MW SOLAR POWER PROJECT UNDER CPSU SCHEME,NHPC,,PETROLEUM,Rajasthan,05/2022,,11/2023,,1677.12,,1295.8,92.0,QPISR_QR_1st_2025-26.pdf,205,Table 7: Project List: Ongoing Projects,SUCCESS
2025-06,1308,,N18000373,ALTERNATE_IDENTIFIER,"TS FOR EVACUATION OF POWER FROM REZ IN RAJASTHAN (20GW) UNDER PHASE-III, PART E1",PGCIL,,PETROLEUM,Rajasthan,08/2023,,02/2025,,688.74,,564.77,93.0,QPISR_QR_1st_2025-26.pdf,205,Table 7: Project List: Ongoing Projects,SUCCESS
2025-06,1309,,N18000374,ALTERNATE_IDENTIFIER,TS FOR EVACUATION POWER FROM REZ IN RAJASTHAN (20GW) UNDER PHASE-III PART H,PGCIL,,PETROLEUM,Rajasthan,10/2023,,04/2025,,2211.0,,1702.27,69.4,QPISR_QR_1st_2025-26.pdf,205,Table 7: Project List: Ongoing Projects,SUCCESS
2025-06,1310,,N18000375,ALTERNATE_IDENTIFIER,TS FOR EVACUATION POWER FROM REZ IN RAJASTHAN (20GW) UNDER PHASE-III PART C1,PGCIL,,PETROLEUM,Rajasthan,10/2023,,04/2025,10/2025,1796.0,,1149.44,77.3,QPISR_QR_1st_2025-26.pdf,206,Table 7: Project List: Ongoing Projects,SUCCESS
2025-06,1311,,N18000376,ALTERNATE_IDENTIFIER,TS FOR EVACUATION POWER FROM REZ IN RAJASTHAN (20GW) UNDER PHASE-III PART B1,PGCIL,,PETROLEUM,Rajasthan,09/2023,,04/2025,,2191.0,,1511.45,75.7,QPISR_QR_1st_2025-26.pdf,206,Table 7: Project List: Ongoing Projects,SUCCESS
2025-06,1312,,N18000378,ALTERNATE_IDENTIFIER,TS FOR EVACUATION POWER FROM REZ IN RAJASTHAN (20GW) UNDER PHASE-III PART J,PGCIL,,PETROLEUM,Rajasthan,12/2022,,03/2025,04/2026,331.0,,18.23,27.0,QPISR_QR_1st_2025-26.pdf,206,Table 7: Project List: Ongoing Projects,SUCCESS
2025-06,1313,,N18000379,ALTERNATE_IDENTIFIER,TS FOR EVACUATION POWER FROM REZ IN RAJASTHAN (20GW) UNDER PHASE-III PART E2,PGCIL,,PETROLEUM,Rajasthan,11/2023,,06/2025,,428.0,,85.6,45.0,QPISR_QR_1st_2025-26.pdf,206,Table 7: Project List: Ongoing Projects,SUCCESS
2025-06,1314,,N18000386,ALTERNATE_IDENTIFIER,TS FOR EVACUATION OF POWER FROM RAJASTHAN REZ PH-IV (PART-1) [BIKANER COMPLEX] PART A [BIKANER III N,PGCIL,,PETROLEUM,Rajasthan,12/2023,,12/2025,,2998.0,,1439.18,47.1,QPISR_QR_1st_2025-26.pdf,206,Table 7: Project List: Ongoing Projects,SUCCESS
2025-06,1315,,N18000387,ALTERNATE_IDENTIFIER,TS FOR EVACUATION OF POWER FROM RAJASTHAN REZ PH-IV (PART-1) [BIKANER COMPLEX] PART D [NEEMRANA II B,PGCIL,,PETROLEUM,Rajasthan,12/2023,,12/2025,,2056.0,,1318.23,53.3,QPISR_QR_1st_2025-26.pdf,206,Table 7: Project List: Ongoing Projects,SUCCESS
2025-06,1316,,N18000389,ALTERNATE_IDENTIFIER,TS FOR EVACUATION OF POWER FROM REZ IN RAJASTHAN (20GW) UNDER PH-III PART D [SIKAR KHETRI TRANSMISSI,PGCIL,,PETROLEUM,Rajasthan,02/2024,,08/2025,,2000.0,,1200.0,58.0,QPISR_QR_1st_2025-26.pdf,206,Table 7: Project List: Ongoing Projects,SUCCESS
2025-06,1317,,N18000391,ALTERNATE_IDENTIFIER,TS FOR EVACUATION POWER FROM RAJASTHAN REZ PH-IV (PART-2:5.5GW) PART- B (JAISALMER/BARMER COMPLEX),PGCIL,,PETROLEUM,Rajasthan,08/2024,,08/2026,,3279.0,,491.85,18.6,QPISR_QR_1st_2025-26.pdf,206,Table 7: Project List: Ongoing Projects,SUCCESS
2025-06,1318,,N18000393,ALTERNATE_IDENTIFIER,TS FOR EVACUATION POWER FROM RAJASTHAN REZ PH-IV (PART-2:5.5GW) (JAISALMER/BARMER COMPLEX) PART-C,PGCIL,,PETROLEUM,Rajasthan,08/2024,,08/2026,,2227.0,,489.94,18.6,QPISR_QR_1st_2025-26.pdf,207,Table 7: Project List: Ongoing Projects,SUCCESS
2025-06,1319,,N18000394,ALTERNATE_IDENTIFIER,TS FOR EVACUATION POWER FROM RAJASTHAN REZ PH-IV (PART-2:5.5GW) (JAISALMER/BARMER COMPLEX) PART-E,PGCIL,,PETROLEUM,Rajasthan,08/2024,,08/2026,,3251.0,,650.2,16.2,QPISR_QR_1st_2025-26.pdf,207,Table 7: Project List: Ongoing Projects,SUCCESS
2025-06,1320,,N18000396,ALTERNATE_IDENTIFIER,ADDITIONAL TRANSMISSION SYSTEM FOR EVACUATION OF POWER FROM BHADLA-III PS AS PART OF RAJASTHAN REZ P,PGCIL,,PETROLEUM,Rajasthan,08/2024,,02/2026,,369.0,,10.3,3.8,QPISR_QR_1st_2025-26.pdf,207,Table 7: Project List: Ongoing Projects,SUCCESS
2025-06,1321,,N18000397,ALTERNATE_IDENTIFIER,TRANSMISSION SYSTEM STRENGTHENING FOR INTERCONNECTIONS OF BHADLA-III AND BIKANER III COMPLEX [SPV NA,PGCIL,,PETROLEUM,Rajasthan,08/2024,,08/2026,,1382.0,,27.6,1.0,QPISR_QR_1st_2025-26.pdf,207,Table 7: Project List: Ongoing Projects,SUCCESS
2025-06,1322,,N18000401,ALTERNATE_IDENTIFIER,TRANSMISSION SYSTEM FOR EVACUATION OF POWER FROM RAJASTHAN REZ PH -IV [PART-2 5.5 GW] [JAISALMER/BAR,PGCIL,,PETROLEUM,Rajasthan,11/2024,,11/2026,,2735.0,,27.35,3.8,QPISR_QR_1st_2025-26.pdf,207,Table 7: Project List: Ongoing Projects,SUCCESS
2025-06,1323,,N18000403,ALTERNATE_IDENTIFIER,TRANSMISSION SYSTEM FOR EVACUATION OF POWER FROM RAJASTHAN REZ PH-IV [PART-3 (6GW)] [BIKANER COMPLEX,PGCIL,,PETROLEUM,Rajasthan,11/2024,,11/2026,,5969.0,,101.47,0.0,QPISR_QR_1st_2025-26.pdf,207,Table 7: Project List: Ongoing Projects,SUCCESS
2025-06,1324,,N18000404,ALTERNATE_IDENTIFIER,TRANSMISSION SYSTEM FOR EVACUATION OF POWER FROM RAJASTHAN REZ PH-IV [PART-3 (6 GW)] [BIKANER COMPLE,PGCIL,,PETROLEUM,Rajasthan,11/2024,,11/2026,,5357.0,,107.14,3.8,QPISR_QR_1st_2025-26.pdf,207,Table 7: Project List: Ongoing Projects,SUCCESS
2025-06,1325,,N18000414,ALTERNATE_IDENTIFIER,RAJASTHAN REZ PH-V (PART-1: 4 GW) [SIROHI/NAGAUR] COMPLEX,PGCIL,,PETROLEUM,Rajasthan,03/2025,,03/2027,,5028.0,,20.12,0.0,QPISR_QR_1st_2025-26.pdf,207,Table 7: Project List: Ongoing Projects,SUCCESS
2025-06,1326,,N18000415,ALTERNATE_IDENTIFIER,"AUGMENTATION AT FATEHGARH-II PS, FATEHGARH-IV PS (SECTION-II) AND BARMER- I",PGCIL,,PETROLEUM,Rajasthan,03/2025,,12/2026,,404.0,,4.04,0.0,QPISR_QR_1st_2025-26.pdf,208,Table 7: Project List: Ongoing Projects,SUCCESS
2025-06,1327,,N18000418,ALTERNATE_IDENTIFIER,NOKH SOLAR PV PROJECT 735 MW,NTPC,,PETROLEUM,Rajasthan,03/2022,,04/2024,07/2025,4189.17,4378.17,213.45,97.0,QPISR_QR_1st_2025-26.pdf,208,Table 7: Project List: Ongoing Projects,SUCCESS
2025-06,1328,,N22000553,ALTERNATE_IDENTIFIER,AGRA FORT-BANDIKUI,NCR,,RAILWAYS,Rajasthan,06/2022,,06/2027,05/2026,1389.81,,42.46,12.0,QPISR_QR_1st_2025-26.pdf,208,Table 7: Project List: Ongoing Projects,SUCCESS
2025-06,1329,,N22000593,ALTERNATE_IDENTIFIER,GUDHA THATHANA MITHRI TEST TRACK FOR RDSO,NWR,,RAILWAYS,Rajasthan,04/2019,,03/2025,06/2025,528.48,,357.48,98.0,QPISR_QR_1st_2025-26.pdf,208,Table 7: Project List: Ongoing Projects,SUCCESS
2025-06,1330,,N22000594,ALTERNATE_IDENTIFIER,DEDICATED TEST TRACK FOR RDSO (PHASE II),NWR,,RAILWAYS,Rajasthan,11/2021,,11/2026,,466.42,,743.91,83.0,QPISR_QR_1st_2025-26.pdf,208,Table 7: Project List: Ongoing Projects,SUCCESS
2025-06,1331,,N22000605,ALTERNATE_IDENTIFIER,DOUBLING BETWEEN CHURU-RATANGARH (42.81 KM),NWR,,RAILWAYS,Rajasthan,02/2023,,02/2028,,422.6,,216.78,95.0,QPISR_QR_1st_2025-26.pdf,208,Table 7: Project List: Ongoing Projects,SUCCESS
2025-06,1332,,N22000607,ALTERNATE_IDENTIFIER,SAWAIMADHOPUR - BYPASS LINE (6.98 KM) (UMBRELLA WORK PB#57/2019-20/NR),NWR,,RAILWAYS,Rajasthan,12/2022,,06/2026,05/2027,304.0,239.54,133.73,35.0,QPISR_QR_1st_2025-26.pdf,208,Table 7: Project List: Ongoing Projects,SUCCESS
2025-06,1333,,N22000608,ALTERNATE_IDENTIFIER,GC OF NATHDWARA - DEVGARH MADARIYA (82.5KM),NWR,,RAILWAYS,Rajasthan,01/2023,,06/2028,12/2026,968.92,,410.6,42.0,QPISR_QR_1st_2025-26.pdf,208,Table 7: Project List: Ongoing Projects,SUCCESS
2025-06,1334,,N24001411,ALTERNATE_IDENTIFIER,4L+PS OF NH -58 FROM BEAWAR-GOMTI (OLD CH KM 58.245 TO KM. 108.600) PKG-I.,MoRTH,,ROAD TRANSPORT AND HIGHWAYS,Rajasthan,12/2020,,10/2023,,379.23,,268.62,96.1,QPISR_QR_1st_2025-26.pdf,208,Table 7: Project List: Ongoing Projects,SUCCESS
2025-06,1335,,N24001527,ALTERNATE_IDENTIFIER,2L+PS FOR WORK OF NH-325 (BALOTRA TO SANDERAO VIA JALORE) BY CONSTRUCTION OF BYPASSES:(1) ASOTRA- BR,MoRTH,,ROAD TRANSPORT AND HIGHWAYS,Rajasthan,12/2021,,05/2024,12/2025,411.4,,219.61,72.0,QPISR_QR_1st_2025-26.pdf,209,Table 7: Project List: Ongoing Projects,SUCCESS
2025-06,1336,,N24001528,ALTERNATE_IDENTIFIER,WIDENING OF PACHPADRA-BAGUNDI SECTION TO 4 LANE FROM KM 73/60 TO 95/70 OF NH-25 ON EPC MODE IN THE,MoRTH,,ROAD TRANSPORT AND HIGHWAYS,Rajasthan,01/2022,,12/2024,08/2025,194.88,,105.69,83.0,QPISR_QR_1st_2025-26.pdf,209,Table 7: Project List: Ongoing Projects,SUCCESS
2025-06,1337,,N24001529,ALTERNATE_IDENTIFIER,44 LANE DIVIDED CARRIAGEWAY OF BARMER BYPASS OF NH-15 (NEW NH-68) IN THE STATE OF RAJASTHAN ON EPC M,MoRTH,,ROAD TRANSPORT AND HIGHWAYS,Rajasthan,12/2021,,08/2024,05/2025,451.66,,401.78,99.0,QPISR_QR_1st_2025-26.pdf,209,Table 7: Project List: Ongoing Projects,SUCCESS
2025-06,1338,,N24001530,ALTERNATE_IDENTIFIER,UPGRADATION TO TWO LANE PAVED SHOULDER OF KOTHUN-LALSOT-KAROLI- DHOLPUR ROAD NH-23 (OLD NH-11B) IN TH,MoRTH,,ROAD TRANSPORT AND HIGHWAYS,Rajasthan,12/2021,,09/2024,,150.11,,82.83,88.0,QPISR_QR_1st_2025-26.pdf,209,Table 7: Project List: Ongoing Projects,SUCCESS
2025-06,1339,,N24001557,ALTERNATE_IDENTIFIER,4L GREENFIELD SPUR FROM DELHI- VADODARA GREENFIELD EXPRESSWAY NEAR BANDIKUI TO JAIPUR,NHAI,,ROAD TRANSPORT AND HIGHWAYS,Rajasthan,03/2022,,11/2024,08/2025,1636.15,,553.96,99.8,QPISR_QR_1st_2025-26.pdf,209,Table 7: Project List: Ongoing Projects,SUCCESS
2025-06,1340,,N24001558,ALTERNATE_IDENTIFIER,4L OF KARWAR (KM. 281.980 OF NH-62 NAGAUR ROAD) TO DANGIYAVAS OF JODHPUR RING ROAD (PKG-II),NHAI,,ROAD TRANSPORT AND HIGHWAYS,Rajasthan,11/2021,,08/2024,07/2025,736.75,,260.95,97.8,QPISR_QR_1st_2025-26.pdf,209,Table 7: Project List: Ongoing Projects,SUCCESS
2025-06,1341,,N24001559,ALTERNATE_IDENTIFIER,2L PS SRIGANGANAGAR TO RAISINGHNAGAR (DESIGN CHAINAGE -0.500 KM TO DESIGN CHAINAGE 101.000 KM) (PACK,NHAI,,ROAD TRANSPORT AND HIGHWAYS,Rajasthan,09/2021,,06/2024,04/2025,672.35,,328.24,99.5,QPISR_QR_1st_2025-26.pdf,209,Table 7: Project List: Ongoing Projects,SUCCESS
2025-06,1342,,N24001563,ALTERNATE_IDENTIFIER,DEOGARH (NEAR DHANDHANIYA)- RAJASTHAN/GUJARAT BORDER (PHASE-I) (AJ/DRGB-PACKAGE-6),NHAI,,ROAD TRANSPORT AND HIGHWAYS,Rajasthan,10/2019,,08/2023,07/2025,846.59,,167.92,99.25,QPISR_QR_1st_2025-26.pdf,209,Table 7: Project List: Ongoing Projects,SUCCESS
2025-06,1343,,N24001564,ALTERNATE_IDENTIFIER,DEOGARH (NEAR DHANDHANIYA)- RAJASTHAN/GUJARAT BORDER (PHASE-I) (AJ/DRGB-PACKAGE-7),NHAI,,ROAD TRANSPORT AND HIGHWAYS,Rajasthan,10/2019,,07/2023,07/2025,662.08,,128.28,96.5,QPISR_QR_1st_2025-26.pdf,210,Table 7: Project List: Ongoing Projects,SUCCESS
2025-06,1344,,N24001567,ALTERNATE_IDENTIFIER,DELHI-VADODARA GREENFIELD ALIGNMENT (NH-148N) (PKG-10) (CH. 292.950 TO CH. 319.400) [END OF INTERCHA,NHAI,,ROAD TRANSPORT AND HIGHWAYS,Rajasthan,11/2019,,10/2022,08/2025,1272.97,,527.31,89.63,QPISR_QR_1st_2025-26.pdf,210,Table 7: Project List: Ongoing Projects,SUCCESS
2025-06,1345,,N24001568,ALTERNATE_IDENTIFIER,DELHI-VADODARA GREENFIELD ALIGNMENT (NH-148N) (PKG-14) (CH. 388.420 TO CH. 419.000) [JUNCTION WITH N,NHAI,,ROAD TRANSPORT AND HIGHWAYS,Rajasthan,11/2019,,05/2023,07/2025,1119.35,,1447.44,99.8,QPISR_QR_1st_2025-26.pdf,210,Table 7: Project List: Ongoing Projects,SUCCESS
2025-06,1346,,N24001573,ALTERNATE_IDENTIFIER,DELHI-VADODARA GREENFIELD ALIGNMENT (NH-148N) (PKG-09) (CH. 247.310 TO CH. 292.950) [JUNCTION WITH M,NHAI,,ROAD TRANSPORT AND HIGHWAYS,Rajasthan,11/2019,,12/2022,07/2025,1658.06,,157.42,99.9,QPISR_QR_1st_2025-26.pdf,210,Table 7: Project List: Ongoing Projects,SUCCESS
2025-06,1347,,N24001612,ALTERNATE_IDENTIFIER,DELHI-VADODARA GREENFIELD ALIGNMENT (NH-148N) (PKG-15) (CH. 419.000 TO CH.427.300) [JUNCTION WITH NH,NHAI,,ROAD TRANSPORT AND HIGHWAYS,Rajasthan,07/2020,,01/2024,12/2025,1788.69,,965.5,78.5,QPISR_QR_1st_2025-26.pdf,210,Table 7: Project List: Ongoing Projects,SUCCESS
2025-06,1348,,N24001866,ALTERNATE_IDENTIFIER,"CONSTRUCTION OF TWO LANE WITH PAVED SHOULDER FOR FATEHPUR BYPASS, MANDAWA BYPASS AND JHUNJHUNU BYPAS",MoRTH,,ROAD TRANSPORT AND HIGHWAYS,Rajasthan,03/2022,,08/2024,,186.29,,142.69,90.0,QPISR_QR_1st_2025-26.pdf,210,Table 7: Project List: Ongoing Projects,SUCCESS
2025-06,1349,,N24001867,ALTERNATE_IDENTIFIER,UPGRADATION OF TWO LANE PAVED SHOULDER FROM SHAHPURA TO THANAGAZI OF NH-248A ON EPC MODE IN THE STAT,MoRTH,,ROAD TRANSPORT AND HIGHWAYS,Rajasthan,03/2022,,07/2024,,174.34,,118.08,90.0,QPISR_QR_1st_2025-26.pdf,210,Table 7: Project List: Ongoing Projects,SUCCESS
2025-06,1350,,N24001868,ALTERNATE_IDENTIFIER,Sagwara Bypass and Garhi- Partapur Bypass of NH-927A in the State of Rajasthan.,MoRTH,,ROAD TRANSPORT AND HIGHWAYS,Rajasthan,03/2022,,08/2025,,187.65,,117.57,90.0,QPISR_QR_1st_2025-26.pdf,210,Table 7: Project List: Ongoing Projects,SUCCESS
2025-06,1351,,N24001869,ALTERNATE_IDENTIFIER,UPGRADATION AND REHABILITATION TO TWO LANE WITH PAVED SHOULDER OF GHAGARIYA- MUNABAO SECTION FROM KM,MoRTH,,ROAD TRANSPORT AND HIGHWAYS,Rajasthan,12/2022,,08/2025,,235.15,,159.69,100.0,QPISR_QR_1st_2025-26.pdf,211,Table 7: Project List: Ongoing Projects,SUCCESS
2025-06,1352,,N24001927,ALTERNATE_IDENTIFIER,UP-GRADATION TO 2 LANE WITH PAVED SHOULDER FROM CHARBHUJA AT DESIGN KM 0.00 (EXISTING KM 150.00) TO,MoRTH,,ROAD TRANSPORT AND HIGHWAYS,Rajasthan,02/2022,,09/2025,,838.43,,455.87,99.0,QPISR_QR_1st_2025-26.pdf,211,Table 7: Project List: Ongoing Projects,SUCCESS
2025-06,1353,,N24001928,ALTERNATE_IDENTIFIER,CONSTRUCTION OF 2 LANE WITH PAVED SHOULDER NORTHERN BYPASS PHASE-II OF KOTA CITY FROM DESIGN CHAINAG,MoRTH,,ROAD TRANSPORT AND HIGHWAYS,Rajasthan,03/2022,,04/2025,,317.74,,136.23,13.0,QPISR_QR_1st_2025-26.pdf,211,Table 7: Project List: Ongoing Projects,SUCCESS
2025-06,1354,,N24002058,ALTERNATE_IDENTIFIER,ADDITIONAL STRUCTURES ON 6LGURGAON- JAIPUR SECTION OF NH-48 BETWEEN KM 42.700 TO KM 273.00,NHAI,,ROAD TRANSPORT AND HIGHWAYS,Rajasthan,08/2022,,06/2024,07/2025,409.64,,240.9,81.65,QPISR_QR_1st_2025-26.pdf,211,Table 7: Project List: Ongoing Projects,SUCCESS
2025-06,1355,,N24002167,ALTERNATE_IDENTIFIER,UPGRADATION TO 2 LANE WITH PAVED SHOULDER OF HANUMANGARH TO KENCHIYAN OF NH 54 ON EPC MODE IN THE ST,MoRTH,,ROAD TRANSPORT AND HIGHWAYS,Rajasthan,03/2024,,10/2026,,334.64,,128.0,50.0,QPISR_QR_1st_2025-26.pdf,211,Table 7: Project List: Ongoing Projects,SUCCESS
2025-06,1356,,N24002168,ALTERNATE_IDENTIFIER,UPGRADATION TO 2 LANE WITH PAVED SHOULDER FROM NEECHLI ODEN (NATHDWARA) AT DESIGN KM 88.800 TO BHATE,MoRTH,,ROAD TRANSPORT AND HIGHWAYS,Rajasthan,03/2023,,10/2026,,606.61,,118.0,20.0,QPISR_QR_1st_2025-26.pdf,211,Table 7: Project List: Ongoing Projects,SUCCESS
2025-06,1357,,N24000795,ALTERNATE_IDENTIFIER,CONSTRUCTION/ UP-GRATION OF FOUR/TWO LANE WITH PAVED SHOULDER OF NH68 FROM TANOT-RAMGARH BHADASAR-JA,NHAI,,ROAD TRANSPORT AND HIGHWAYS,Rajasthan,02/2018,,04/2021,06/2025,741.86,649.0,663.37,99.99,QPISR_QR_1st_2025-26.pdf,211,Table 7: Project List: Ongoing Projects,SUCCESS
2025-06,1358,,N04000110,ALTERNATE_IDENTIFIER,PAKYONG AIRPORT- WIDENING OF BASIC STRIP AT WESTERN SIDE OF RUNWAY CHAINAGE 80M TO 920M I/C SLOPE ST,AAI,,CIVIL AVIATION,Sikkim,11/2023,,06/2026,,323.26,,29.68,12.5,QPISR_QR_1st_2025-26.pdf,211,Table 7: Project List: Ongoing Projects,SUCCESS
2025-06,1359,,N44000002,ALTERNATE_IDENTIFIER,"CONSTRUCTION OF SIKKIM UNIVERSITY CAMPUS PHASE-I, PACKAGE -II AT YANGANG SOUTH SIKKIM",Sikkim Universi,,DEPARTMENT OF HIGHER EDUCATION,Sikkim,08/2020,,01/2025,,314.06,,157.24,80.0,QPISR_QR_1st_2025-26.pdf,212,Table 7: Project List: Ongoing Projects,SUCCESS
2025-06,1360,,N18000325,ALTERNATE_IDENTIFIER,TEESTA VI HE PROJECT,NHPC,,POWER,Sikkim,03/2019,,03/2024,,5748.04,,4424.21,68.17,QPISR_QR_1st_2025-26.pdf,212,Table 7: Project List: Ongoing Projects,SUCCESS
2025-06,1361,,N18000326,ALTERNATE_IDENTIFIER,RANGIT IV HE PROJECT,NHPC,,POWER,Sikkim,03/2021,,05/2024,,938.29,,1524.17,89.45,QPISR_QR_1st_2025-26.pdf,212,Table 7: Project List: Ongoing Projects,SUCCESS
2025-06,1362,,N22000102,ALTERNATE_IDENTIFIER,"SEVOK RANGPO, NEFR",NFR,,RAILWAYS,Sikkim,04/2008,,05/2015,12/2027,7876.92,11963.43,8743.57,79.5,QPISR_QR_1st_2025-26.pdf,212,Table 7: Project List: Ongoing Projects,SUCCESS
2025-06,1363,,N24001322,ALTERNATE_IDENTIFIER,CONSTRUCTION OF 2-LANE ROAD WITH PAVED SHOULDER (GREENFIELD ALIGNMENT) OF EXISTING STRETCH BETWEEN L,NHIDCL,,ROAD TRANSPORT AND HIGHWAYS,Sikkim,09/2020,,05/2022,10/2023,183.31,439.56,355.31,51.85,QPISR_QR_1st_2025-26.pdf,212,Table 7: Project List: Ongoing Projects,SUCCESS
2025-06,1364,,N24001325,ALTERNATE_IDENTIFIER,CONSTRUCTION OF 2-LANE SPECIFICATION ROAD WITH PAVED SHOULDER AS REALIGNMENT (GREENFIELD ALIGNMENT),NHIDCL,,ROAD TRANSPORT AND HIGHWAYS,Sikkim,09/2020,,05/2023,08/2024,262.84,414.2,221.86,49.2,QPISR_QR_1st_2025-26.pdf,212,Table 7: Project List: Ongoing Projects,SUCCESS
2025-06,1365,,N24001327,ALTERNATE_IDENTIFIER,REHABILITATION AND UPGRADATION OF EXISTING ROAD TO 2-LANE WITH PAVED SHOULDER INCLUDING GEOMETRIC IM,NHIDCL,,ROAD TRANSPORT AND HIGHWAYS,Sikkim,08/2020,,05/2022,10/2023,292.8,,202.92,61.41,QPISR_QR_1st_2025-26.pdf,212,Table 7: Project List: Ongoing Projects,SUCCESS
2025-06,1366,,N24001336,ALTERNATE_IDENTIFIER,CONSTRUCTION AND UPGRADATION OF EXISTING ROAD TO 2-LANE WITH PAVED SHOULDER FROM KM27.200 (END OF RO,NHIDCL,,ROAD TRANSPORT AND HIGHWAYS,Sikkim,08/2020,,04/2023,10/2024,230.45,244.91,206.95,82.8,QPISR_QR_1st_2025-26.pdf,212,Table 7: Project List: Ongoing Projects,SUCCESS
2025-06,1367,,N24001337,ALTERNATE_IDENTIFIER,CONSTRUCTION AND UPGRADATION OF EXISTING ROAD TO 2-LANE WITH PAVED SHOULDER FROM NEW ROLEP BRIDGE AT,NHIDCL,,ROAD TRANSPORT AND HIGHWAYS,Sikkim,10/2020,,11/2023,07/2025,493.42,478.79,308.18,59.49,QPISR_QR_1st_2025-26.pdf,212,Table 7: Project List: Ongoing Projects,SUCCESS
2025-06,1368,,N24001338,ALTERNATE_IDENTIFIER,CONSTRUCTION OF 2-LANE WITH PAVED SHOULDER OF NEW GREEN FIELD ALIGNMENT FROM CHOCHENPHERI AT KM 52.0,NHIDCL,,ROAD TRANSPORT AND HIGHWAYS,Sikkim,10/2020,,12/2023,06/2025,816.79,786.6,332.24,45.9,QPISR_QR_1st_2025-26.pdf,213,Table 7: Project List: Ongoing Projects,SUCCESS
2025-06,1369,,N24001361,ALTERNATE_IDENTIFIER,RISHI BORDER- ROLEP- MENLA PKG- 2A,NHIDCL,,ROAD TRANSPORT AND HIGHWAYS,Sikkim,01/2021,,09/2023,04/2025,332.2,348.92,149.38,0.0,QPISR_QR_1st_2025-26.pdf,213,Table 7: Project List: Ongoing Projects,SUCCESS
2025-06,1370,,N24001362,ALTERNATE_IDENTIFIER,RISHI BORDER- ROLEP- MENLA PKG- 3B,NHIDCL,,ROAD TRANSPORT AND HIGHWAYS,Sikkim,12/2020,,02/2024,12/2025,410.6,379.3,238.13,74.82,QPISR_QR_1st_2025-26.pdf,213,Table 7: Project List: Ongoing Projects,SUCCESS
2025-06,1371,,N24001442,ALTERNATE_IDENTIFIER,CONSTRUCTION OF 2-LANE WITH PAVED SHOULDER GANGTOK BYPASS ROAD FROM RANIPOOL TO BURTUK (L=23.316KM),MoRTH,,ROAD TRANSPORT AND HIGHWAYS,Sikkim,10/2021,,05/2024,03/2026,385.15,,175.16,83.3,QPISR_QR_1st_2025-26.pdf,213,Table 7: Project List: Ongoing Projects,SUCCESS
2025-06,1372,,N24001913,ALTERNATE_IDENTIFIER,SPECIAL PROTECTION WORK ON REHABILITATION AND RESTORATION OF SLIDING AND SINKING ZONE FROM RANGPO TO,NHIDCL,,ROAD TRANSPORT AND HIGHWAYS,Sikkim,03/2017,,06/2022,,165.56,,,71.74,QPISR_QR_1st_2025-26.pdf,213,Table 7: Project List: Ongoing Projects,SUCCESS
2025-06,1373,,N24000767,ALTERNATE_IDENTIFIER,CONSTRUCTION OF 2-LANE WITH PAVED SHOULDER INCLUDING GEOMETRIC IMPROVEMENT FROM KM 0.000 TO KM 16.00,NHIDCL,,ROAD TRANSPORT AND HIGHWAYS,Sikkim,03/2017,,04/2022,05/2022,375.8,,288.56,96.55,QPISR_QR_1st_2025-26.pdf,213,Table 7: Project List: Ongoing Projects,SUCCESS
2025-06,1374,,N24000768,ALTERNATE_IDENTIFIER,CONSTRUCTION OF 2-LANE WITH PAVED SHOULDER INCLUDING GEOMETRIC IMPROVEMENT FROM KM 16.000 TO KM 32.5,NHIDCL,,ROAD TRANSPORT AND HIGHWAYS,Sikkim,11/2017,,10/2020,08/2023,290.05,,218.36,100.0,QPISR_QR_1st_2025-26.pdf,213,Table 7: Project List: Ongoing Projects,SUCCESS
2025-06,1375,,N24001251,ALTERNATE_IDENTIFIER,CONSTUCTION/UPGRADATION OF EXISTING HIGHWAY TO 2 LANE WITH PAVED SHOULDER FROM KM 0.00 TO KM 13.00 N,NHIDCL,,ROAD TRANSPORT AND HIGHWAYS,Sikkim,03/2019,,04/2022,,402.94,,247.12,76.54,QPISR_QR_1st_2025-26.pdf,213,Table 7: Project List: Ongoing Projects,SUCCESS
2025-06,1376,,N24001252,ALTERNATE_IDENTIFIER,CONSTUCTION/UPGRADATION OF EXISTING HIGHWAY TO 2 LANE WITH PAVED SHOULDER FROM KM 13.00 TO KM 25.600,NHIDCL,,ROAD TRANSPORT AND HIGHWAYS,Sikkim,08/2020,,04/2023,11/2024,295.97,,249.97,95.71,QPISR_QR_1st_2025-26.pdf,214,Table 7: Project List: Ongoing Projects,SUCCESS
2025-06,1377,,N24001254,ALTERNATE_IDENTIFIER,CONSTUCTION/UPGRADATION OF EXISTING HIGHWAY TO 2 LANE WITH PAVED SHOULDER FROM KM 26.10 TO KM 40.00,NHIDCL,,ROAD TRANSPORT AND HIGHWAYS,Sikkim,03/2020,,06/2022,,242.97,,246.91,100.0,QPISR_QR_1st_2025-26.pdf,214,Table 7: Project List: Ongoing Projects,SUCCESS
2025-06,1378,,N24001261,ALTERNATE_IDENTIFIER,CONSTRUCTION AND UPGRADATION OFEXISTINGROAD TO 2-LANE WITH PAVED SHOULDER INCLUDING GEOMETRIC IMPROV,NHIDCL,,ROAD TRANSPORT AND HIGHWAYS,Sikkim,08/2020,,04/2023,,311.0,,257.86,95.12,QPISR_QR_1st_2025-26.pdf,214,Table 7: Project List: Ongoing Projects,SUCCESS
2025-06,1379,,N24001262,ALTERNATE_IDENTIFIER,CONSTRUCTION AND UPGRADATION OFEXISTINGROAD TO 2-LANE WITH PAVED SHOULDER INCLUDING GEOMETRIC IMPROV,NHIDCL,,ROAD TRANSPORT AND HIGHWAYS,Sikkim,07/2020,,04/2023,08/2024,345.38,395.59,362.61,89.81,QPISR_QR_1st_2025-26.pdf,214,Table 7: Project List: Ongoing Projects,SUCCESS
2025-06,1380,,N04000074,ALTERNATE_IDENTIFIER,"MODERNIZATION OF CHENNAI AIRPORT PHASE II, CHENNAI",AAI,,CIVIL AVIATION,Tamil Nadu,06/2018,,02/2022,06/2026,2467.0,,1620.03,71.65,QPISR_QR_1st_2025-26.pdf,214,Table 7: Project List: Ongoing Projects,SUCCESS
2025-06,1381,,N04000075,ALTERNATE_IDENTIFIER,UPGRADATION OF PASSENGER TERMINAL BUILDING AND AIRSIDE FACILITIES AT TIRUCHIRAPALLI INTERNATIONAL AI,AAI,,CIVIL AVIATION,Tamil Nadu,08/2018,,10/2021,12/2023,951.28,1112.49,1084.94,100.0,QPISR_QR_1st_2025-26.pdf,214,Table 7: Project List: Ongoing Projects,SUCCESS
2025-06,1382,,N04000090,ALTERNATE_IDENTIFIER,DEVELOPMENT OF TUTICORIN AIRPORT,AAI,,CIVIL AVIATION,Tamil Nadu,06/2019,,03/2022,04/2025,380.87,451.74,362.06,100.0,QPISR_QR_1st_2025-26.pdf,214,Table 7: Project List: Ongoing Projects,SUCCESS
2025-06,1383,,N06000259,ALTERNATE_IDENTIFIER,JAWAHAR KHANI OPENCAST (JK OC) MINE,SCCL,,CIVIL AVIATION,Tamil Nadu,12/2021,,03/2025,,297.88,,46.37,20.0,QPISR_QR_1st_2025-26.pdf,214,Table 7: Project List: Ongoing Projects,SUCCESS
2025-06,1384,,N06000279,ALTERNATE_IDENTIFIER,50 MW SOLAR POWER PROJECT -NEYVELI MINED OUT AREA,NLC,,CIVIL AVIATION,Tamil Nadu,05/2023,,06/2025,11/2025,218.03,,148.89,40.0,QPISR_QR_1st_2025-26.pdf,215,Table 7: Project List: Ongoing Projects,SUCCESS
2025-06,1385,,N28000109,ALTERNATE_IDENTIFIER,CONSTRUCTION OF 726 Nos RESIDENTIAL QUARTERS CHENNAI,CPWD FOR FINANC,,FINANCE,Tamil Nadu,11/2017,,11/2021,,348.77,,223.39,100.0,QPISR_QR_1st_2025-26.pdf,215,Table 7: Project List: Ongoing Projects,SUCCESS
2025-06,1386,,N10000014,ALTERNATE_IDENTIFIER,25.5 MW WIND POWER PROJECT AT KAYATHAR IN TAMILNADU,NALCO,,MINES,Tamil Nadu,09/2017,,06/2019,12/2025,166.62,163.17,135.63,65.0,QPISR_QR_1st_2025-26.pdf,215,Table 7: Project List: Ongoing Projects,SUCCESS
2025-06,1387,,N16000234,ALTERNATE_IDENTIFIER,IRUGUR-DEVANGONTHI POL PIPELINE,BPCL,,PETROLEUM,Tamil Nadu,11/2012,,02/2017,10/2025,678.0,1732.0,642.76,64.1,QPISR_QR_1st_2025-26.pdf,215,Table 7: Project List: Ongoing Projects,SUCCESS
2025-06,1388,,N16000434,ALTERNATE_IDENTIFIER,CBR 9 MMTPA PROJECT,CPCL,,PETROLEUM,Tamil Nadu,01/2021,,06/2025,,31580.0,31580.0,1326.17,10.2,QPISR_QR_1st_2025-26.pdf,215,Table 7: Project List: Ongoing Projects,SUCCESS
2025-06,1389,,N16000438,ALTERNATE_IDENTIFIER,"GRASS ROOT POL TERMINAL AT VALLUR, CHENNAI",IOCL,,PETROLEUM,Tamil Nadu,01/2022,,07/2024,06/2025,827.0,887.71,580.94,85.9,QPISR_QR_1st_2025-26.pdf,215,Table 7: Project List: Ongoing Projects,SUCCESS
2025-06,1390,,N16000455,ALTERNATE_IDENTIFIER,LAYING OF POL PIPELINES IN COMMON CORRIDOR FOR PROPOSED GRASS ROOT TERMINAL AT VALLUR (CHENNAI),IOCL,,PETROLEUM,Tamil Nadu,01/2022,,07/2024,05/2026,829.0,,259.48,60.16,QPISR_QR_1st_2025-26.pdf,215,Table 7: Project List: Ongoing Projects,SUCCESS
2025-06,1391,,N16000486,ALTERNATE_IDENTIFIER,CGD PROJECT AT DHARMAPURI AND KRISHNAGIRI DISTRICTS,IOCL,,PETROLEUM,Tamil Nadu,03/2022,,03/2030,,501.0,,112.66,5.3,QPISR_QR_1st_2025-26.pdf,215,Table 7: Project List: Ongoing Projects,SUCCESS
2025-06,1392,,N16000521,ALTERNATE_IDENTIFIER,CGD PROJECTS AT THE NILGIRIS AND ERODE DISTRICTS,BPCL,,PETROLEUM,Tamil Nadu,12/2022,,03/2030,,3685.0,,213.89,11.2,QPISR_QR_1st_2025-26.pdf,215,Table 7: Project List: Ongoing Projects,SUCCESS
2025-06,1393,,N18000408,ALTERNATE_IDENTIFIER,TRANSMISSION SYSTEM UNDER ISTS FOR EVACUATION OF POWER FROM KUDANKULAM UNIT - 3 AND 4 (2X1000 MW),PGCIL,,POWER,Tamil Nadu,01/2025,,07/2028,,548.0,,9.32,2.5,QPISR_QR_1st_2025-26.pdf,216,Table 7: Project List: Ongoing Projects,SUCCESS
2025-06,1394,,N22000028,ALTERNATE_IDENTIFIER,"EXTENSION OF MRTS FROM VELACHERY TO STN. THOMAS, MTP",MRTP,,RAILWAYS,Tamil Nadu,04/2006,,07/2024,08/2025,734.01,981.83,640.43,98.0,QPISR_QR_1st_2025-26.pdf,216,Table 7: Project List: Ongoing Projects,SUCCESS
2025-06,1395,,N22000085,ALTERNATE_IDENTIFIER,TIDIVANAM-NAGARI (NL),SR,,RAILWAYS,Tamil Nadu,09/2006,,09/2016,03/2028,3631.34,3631.34,873.31,15.0,QPISR_QR_1st_2025-26.pdf,216,Table 7: Project List: Ongoing Projects,SUCCESS
2025-06,1396,,N22000568,ALTERNATE_IDENTIFIER,CHENNAI BEACH-CHENNAI EGMORE (4.3 KM) (UMBRELLA WORK PB#57/2019-20/NR),SR,,RAILWAYS,Tamil Nadu,03/2022,,03/2026,02/2025,359.6,274.2,305.93,95.0,QPISR_QR_1st_2025-26.pdf,216,Table 7: Project List: Ongoing Projects,SUCCESS
2025-06,1397,,N22000618,ALTERNATE_IDENTIFIER,MORAPPUR-DHARMAPURI,SR,,RAILWAYS,Tamil Nadu,02/2019,,03/2028,03/2028,358.95,,40.09,0.0,QPISR_QR_1st_2025-26.pdf,216,Table 7: Project List: Ongoing Projects,SUCCESS
2025-06,1398,,N22000625,ALTERNATE_IDENTIFIER,KARAIKAL PERALAM(23KM)-NEW LINE PROJECT,SR,,RAILWAYS,Tamil Nadu,01/2019,,03/2026,03/2025,304.22,,292.65,97.0,QPISR_QR_1st_2025-26.pdf,216,Table 7: Project List: Ongoing Projects,SUCCESS
2025-06,1399,,N22000626,ALTERNATE_IDENTIFIER,NAGAPATTINAM THIRUTURAIPUNDI (38KM)- NEW LINE PROJECT,SR,,RAILWAYS,Tamil Nadu,07/2008,,03/2026,03/2027,677.12,,146.95,20.0,QPISR_QR_1st_2025-26.pdf,216,Table 7: Project List: Ongoing Projects,SUCCESS
2025-06,1400,,N24001428,ALTERNATE_IDENTIFIER,FOUR LANING OF VILUPPURAM TO PUDHUCHERRY (DESIGN CH. KM. 00/000 TO KM. 29/000) SECTION OF NH-45A ON,NHAI,,ROAD TRANSPORT AND HIGHWAYS,Tamil Nadu,03/2018,,11/2021,06/2025,998.7,1358.32,975.74,98.32,QPISR_QR_1st_2025-26.pdf,216,Table 7: Project List: Ongoing Projects,SUCCESS
2025-06,1401,,N24001429,ALTERNATE_IDENTIFIER,FOUR LANING OF PUDUCHERRY (KM.29/000) TO POONDIYANKUPPAM (KM.67/000) SECTION OF NH-45A ON HAM UNDER,NHAI,,ROAD TRANSPORT AND HIGHWAYS,Tamil Nadu,03/2018,,11/2021,07/2025,1294.47,1588.4,867.34,98.72,QPISR_QR_1st_2025-26.pdf,216,Table 7: Project List: Ongoing Projects,SUCCESS
2025-06,1402,,N24001430,ALTERNATE_IDENTIFIER,FOUR LANING OF POONDIYANKUPPAM (KM.67/000) TO SATTANATHAPOURAM (KM.123/800) SECTION OF NH-45A ON HAM,NHAI,,ROAD TRANSPORT AND HIGHWAYS,Tamil Nadu,03/2018,,01/2022,06/2025,2120.4,2565.63,1588.35,99.8,QPISR_QR_1st_2025-26.pdf,217,Table 7: Project List: Ongoing Projects,SUCCESS
2025-06,1403,,N24001431,ALTERNATE_IDENTIFIER,FOUR LANING OF SATTANATHAPURAM (KM.123/800) TO NAGAPATTINAM (KM.179/555) SECTION OF NH-45A ON HAM UN,NHAI,,ROAD TRANSPORT AND HIGHWAYS,Tamil Nadu,03/2018,,10/2020,01/2026,1872.68,2899.77,1341.26,65.0,QPISR_QR_1st_2025-26.pdf,217,Table 7: Project List: Ongoing Projects,SUCCESS
2025-06,1404,,N24001455,ALTERNATE_IDENTIFIER,CONSTRUCTION OF 4 LANE WITH PAVED SHOULDERS THIRUVAYARU BYPASS IN BETWEEN EXISTING KM.55/926 TO 62/6,MoRTH,,ROAD TRANSPORT AND HIGHWAYS,Tamil Nadu,02/2022,,08/2022,,191.33,207.97,100.42,100.0,QPISR_QR_1st_2025-26.pdf,217,Table 7: Project List: Ongoing Projects,SUCCESS
2025-06,1405,,N24001600,ALTERNATE_IDENTIFIER,BALANCE WORK 2-LANE WITH PAVED SHOULDERS OF NAGAPATTINAM - THANJAVUR SECTION OF NH-67 (NEW NH-83),NHAI,,ROAD TRANSPORT AND HIGHWAYS,Tamil Nadu,10/2020,,05/2023,06/2025,434.12,,268.92,100.0,QPISR_QR_1st_2025-26.pdf,217,Table 7: Project List: Ongoing Projects,SUCCESS
2025-06,1406,,N24001601,ALTERNATE_IDENTIFIER,4-LANING OF KAMALAPURAM - ODDANCHATRAM SECTION OF NH-209,NHAI,,ROAD TRANSPORT AND HIGHWAYS,Tamil Nadu,01/2019,,01/2023,11/2025,1051.69,,589.46,81.87,QPISR_QR_1st_2025-26.pdf,217,Table 7: Project List: Ongoing Projects,SUCCESS
2025-06,1407,,N24001602,ALTERNATE_IDENTIFIER,4-LANING OF MADATHUKULAM - POLLACHI SECTION OF NH-209 (NEW NH-83),NHAI,,ROAD TRANSPORT AND HIGHWAYS,Tamil Nadu,01/2019,,12/2022,11/2025,1409.38,,660.29,91.2,QPISR_QR_1st_2025-26.pdf,217,Table 7: Project List: Ongoing Projects,SUCCESS
2025-06,1408,,N24001603,ALTERNATE_IDENTIFIER,4-LANING OF ODDANCHATRAM - MADATHUKULAM SECTION OF NH-209 (NEW NH-83),NHAI,,ROAD TRANSPORT AND HIGHWAYS,Tamil Nadu,01/2019,,10/2022,06/2025,1518.53,,915.4,100.0,QPISR_QR_1st_2025-26.pdf,217,Table 7: Project List: Ongoing Projects,SUCCESS
2025-06,1409,,N24001605,ALTERNATE_IDENTIFIER,"4-LANING OF MELUR - PILLAYARPATTI - KARAIKUDI SECTION OF NH-338, NH-36, NH- 383",NHAI,,ROAD TRANSPORT AND HIGHWAYS,Tamil Nadu,06/2018,,03/2022,,1103.86,,568.15,87.0,QPISR_QR_1st_2025-26.pdf,217,Table 7: Project List: Ongoing Projects,SUCCESS
2025-06,1410,,N24001606,ALTERNATE_IDENTIFIER,4-LANING OF VADIPPATTI - THAMARAIPATTI SECTION OF NH-744A (MADURAI RING ROAD),NHAI,,ROAD TRANSPORT AND HIGHWAYS,Tamil Nadu,12/2018,,03/2022,09/2025,854.94,,400.13,80.3,QPISR_QR_1st_2025-26.pdf,218,Table 7: Project List: Ongoing Projects,SUCCESS
2025-06,1411,,N24001692,ALTERNATE_IDENTIFIER,BALANCE WORKS OF FOUR LANE FROM KM 43+950 (THIRUVALLUR BYPASS) TO KM 61+470 (VEPPAMPATTU BYPASS) PAS,NHAI,,ROAD TRANSPORT AND HIGHWAYS,Tamil Nadu,01/2022,,09/2024,02/2025,467.99,,113.05,84.34,QPISR_QR_1st_2025-26.pdf,218,Table 7: Project List: Ongoing Projects,SUCCESS
2025-06,1412,,N24001693,ALTERNATE_IDENTIFIER,FOUR LANING OF NERALURU TO THORAPALLI AGRAHARAM SECTION OF NH-844 (PKG-I) FROM KM.0+000 TO KM.23+350,NHAI,,ROAD TRANSPORT AND HIGHWAYS,Tamil Nadu,09/2021,,10/2024,,1751.18,,49.69,0.0,QPISR_QR_1st_2025-26.pdf,218,Table 7: Project List: Ongoing Projects,SUCCESS
2025-06,1413,,N24001694,ALTERNATE_IDENTIFIER,FOUR LANING OF THORAPALLI AGRAHARAM TO JITTANDAHALLI SECTION OF NH-844 (PKG- II) FROM KM.23+350 TO KM,NHAI,,ROAD TRANSPORT AND HIGHWAYS,Tamil Nadu,02/2019,,12/2023,12/2024,1243.57,,171.63,0.0,QPISR_QR_1st_2025-26.pdf,218,Table 7: Project List: Ongoing Projects,SUCCESS
2025-06,1414,,N24001696,ALTERNATE_IDENTIFIER,FOUR LANING OF JITTANDAHALLI TO DHARMAPURI SECTION OF NH-844 (PKG-III) FROM KM.60+100 TO KM.94+460,NHAI,,ROAD TRANSPORT AND HIGHWAYS,Tamil Nadu,02/2019,,08/2023,12/2024,1291.37,,215.02,0.0,QPISR_QR_1st_2025-26.pdf,218,Table 7: Project List: Ongoing Projects,SUCCESS
2025-06,1415,,N24001716,ALTERNATE_IDENTIFIER,THOPPUR METTUR BHAVANI ERODE SECTION OF NH 544H FOR A LENGTH OF 85 KM,NHAI,,ROAD TRANSPORT AND HIGHWAYS,Tamil Nadu,07/2022,,08/2023,12/2024,186.5,242.4,34.33,100.0,QPISR_QR_1st_2025-26.pdf,218,Table 7: Project List: Ongoing Projects,SUCCESS
2025-06,1416,,N24001717,ALTERNATE_IDENTIFIER,BANGALORE CHENNAI EXPRESSWAY PHASE- III PACKAGE III (ARAKKONAM TO KANCHEEPURAM) FROM KM 204.500 TO K,NHAI,,ROAD TRANSPORT AND HIGHWAYS,Tamil Nadu,11/2020,,08/2024,,1155.49,1525.1,489.94,53.56,QPISR_QR_1st_2025-26.pdf,218,Table 7: Project List: Ongoing Projects,SUCCESS
2025-06,1417,,N24001718,ALTERNATE_IDENTIFIER,BANGALORE CHENNAI EXPRESSWAY PHASE- III PACKAGE II (WALAJAHPET TO ARAKKONAM) FROM KM 180.000 TO KM 2,NHAI,,ROAD TRANSPORT AND HIGHWAYS,Tamil Nadu,12/2020,,07/2024,,843.48,1077.4,434.49,91.26,QPISR_QR_1st_2025-26.pdf,218,Table 7: Project List: Ongoing Projects,SUCCESS
2025-06,1418,,N24001719,ALTERNATE_IDENTIFIER,4L BANGALORE-CHENNAI EXPRESSWAY FROM KM. 230.000 TO KM. 261.705 OF KANCHEPURAM TO SRIPERUMBUDUR SECT,NHAI,,ROAD TRANSPORT AND HIGHWAYS,Tamil Nadu,02/2021,,07/2024,,2948.31,3605.73,820.23,78.11,QPISR_QR_1st_2025-26.pdf,219,Table 7: Project List: Ongoing Projects,SUCCESS
2025-06,1419,,N24001720,ALTERNATE_IDENTIFIER,BANGALORE CHENNAI EXPRESSWAY PHASE- III ? PACKAGE I (GUDIPALA TO WALAJAJHPET) FROM KM 156.000 TO KM 1,NHAI,,ROAD TRANSPORT AND HIGHWAYS,Tamil Nadu,10/2020,,05/2024,,1023.91,1438.62,635.04,86.22,QPISR_QR_1st_2025-26.pdf,219,Table 7: Project List: Ongoing Projects,SUCCESS
2025-06,1420,,N24001721,ALTERNATE_IDENTIFIER,FOUR LANING OF MAMALLAPURAM TO MUGAIYUR SECTION OF NH332A FROM KM 0.000 TO KM 31.000,NHAI,,ROAD TRANSPORT AND HIGHWAYS,Tamil Nadu,02/2019,,05/2024,08/2025,1008.99,1360.53,324.81,50.33,QPISR_QR_1st_2025-26.pdf,219,Table 7: Project List: Ongoing Projects,SUCCESS
2025-06,1421,,N24001722,ALTERNATE_IDENTIFIER,6L OF MADURAVOYAL TO SRIPERUMBUDUR SECTION FROM KM. 13.800 TO KM. 37.000 OF NH-4 THROUGH STATE HIGH,NHAI,,ROAD TRANSPORT AND HIGHWAYS,Tamil Nadu,11/2021,,02/2023,,463.44,463.07,334.8,99.0,QPISR_QR_1st_2025-26.pdf,219,Table 7: Project List: Ongoing Projects,SUCCESS
2025-06,1422,,N24001723,ALTERNATE_IDENTIFIER,KARAIPETTAI TO WALAJAPET FROM KM 71.015 TO 107.091,NHAI,,ROAD TRANSPORT AND HIGHWAYS,Tamil Nadu,10/2018,,02/2021,,707.9,766.51,542.69,91.0,QPISR_QR_1st_2025-26.pdf,219,Table 7: Project List: Ongoing Projects,SUCCESS
2025-06,1423,,N24001725,ALTERNATE_IDENTIFIER,6L OF SRIPERUMBUDUR TO KARAIPETTAI FROM KM 37.000 TO KM 71.015 OF NH 48,NHAI,,ROAD TRANSPORT AND HIGHWAYS,Tamil Nadu,01/2019,,05/2021,,819.89,1314.82,419.84,57.32,QPISR_QR_1st_2025-26.pdf,219,Table 7: Project List: Ongoing Projects,SUCCESS
2025-06,1424,,N24001828,ALTERNATE_IDENTIFIER,CONSTRUCTION OF BYPASS TO GUDIYATHAM TOWN IN KM 23/100 ? 29/250 INCLUDING LA AND SHIFTING OF NH-234,MoRTH,,ROAD TRANSPORT AND HIGHWAYS,Tamil Nadu,01/2022,,11/2024,,221.03,243.95,176.5,100.0,QPISR_QR_1st_2025-26.pdf,219,Table 7: Project List: Ongoing Projects,SUCCESS
2025-06,1425,,N24001829,ALTERNATE_IDENTIFIER,FOUR LANING OF OTTANCHATRAM TO PALANI SECTION FROM KM 30/700 TO KM 55/000 OF NH 209(NEW NH-83) INCLU,MoRTH,,ROAD TRANSPORT AND HIGHWAYS,Tamil Nadu,10/2022,,11/2024,,172.15,,163.82,100.0,QPISR_QR_1st_2025-26.pdf,219,Table 7: Project List: Ongoing Projects,SUCCESS
2025-06,1426,,N24001968,ALTERNATE_IDENTIFIER,CONSTRUCTION OF STRR (WEST SIDE)- NH948A-BALAGONDAPALLI (TAMIL NADU) TO KARNATAKA/TAMIL NADU BORDER F,NHAI,,ROAD TRANSPORT AND HIGHWAYS,Tamil Nadu,04/2022,,05/2025,,1260.74,,487.46,44.95,QPISR_QR_1st_2025-26.pdf,220,Table 7: Project List: Ongoing Projects,SUCCESS
2025-06,1427,,N24002084,ALTERNATE_IDENTIFIER,4L OF THIRUMANGALAM TO VADUGAPATTI SECTION FROM KM 0.000 TO KM 36.000 OF NH- 744,NHAI,,ROAD TRANSPORT AND HIGHWAYS,Tamil Nadu,03/2022,,02/2025,,1076.97,,540.46,87.42,QPISR_QR_1st_2025-26.pdf,220,Table 7: Project List: Ongoing Projects,SUCCESS
2025-06,1428,,N24002107,ALTERNATE_IDENTIFIER,CONSTRUCTION OF NEW DOUBLE TIER 4 LANE ELEVATED CORRIDOR FROM CHENNAI PORT TO MADURAVOYAL IN CHENNAI,NHAI,,ROAD TRANSPORT AND HIGHWAYS,Tamil Nadu,03/2023,,05/2026,,1382.0,,,0.0,QPISR_QR_1st_2025-26.pdf,220,Table 7: Project List: Ongoing Projects,SUCCESS
2025-06,1429,,N24002108,ALTERNATE_IDENTIFIER,CONSTRUCTION OF NEW DOUBLE TIER 4L ELEVATED CORRIDOR FROM CHENNAI PORT TO MADURAVOYAL IN CHENNAI DIS,NHAI,,ROAD TRANSPORT AND HIGHWAYS,Tamil Nadu,03/2023,,05/2026,,1618.96,,,0.0,QPISR_QR_1st_2025-26.pdf,220,Table 7: Project List: Ongoing Projects,SUCCESS
2025-06,1430,,N24002109,ALTERNATE_IDENTIFIER,CONSTRUCTION OF NEW DOUBLE TIER 4L ELEVATED CORRIDOR FROM CHENNAI PORT TO MADURAVOYAL IN CHENNAI DIS,NHAI,,ROAD TRANSPORT AND HIGHWAYS,Tamil Nadu,03/2023,,05/2026,,1301.37,,,0.0,QPISR_QR_1st_2025-26.pdf,220,Table 7: Project List: Ongoing Projects,SUCCESS
2025-06,1431,,N24002110,ALTERNATE_IDENTIFIER,CONSTRUCTION OF NEW DOUBLE TIER 4L ELEVATED CORRIDOR FROM CHENNAI PORT TO MADURAVOYAL IN CHENNAI DIS,NHAI,,ROAD TRANSPORT AND HIGHWAYS,Tamil Nadu,03/2023,,05/2026,,1207.4,,,0.0,QPISR_QR_1st_2025-26.pdf,220,Table 7: Project List: Ongoing Projects,SUCCESS
2025-06,1432,,N24002111,ALTERNATE_IDENTIFIER,FOUR LANING OF MUGAIYUR TO MARAKKANAM SECTION OF NH-332A FROM KM 31.000 TO KM 62.000,NHAI,,ROAD TRANSPORT AND HIGHWAYS,Tamil Nadu,02/2019,,12/2025,05/2026,825.94,1116.13,344.92,40.55,QPISR_QR_1st_2025-26.pdf,220,Table 7: Project List: Ongoing Projects,SUCCESS
2025-06,1433,,N24002112,ALTERNATE_IDENTIFIER,SIX LANING OF TUTICORIN PORT ROAD SECTION OF NH-7A (NEW NH-138) FROM KM 0.000 TO KM 6.140 [EFFECTIVE,NHAI,,ROAD TRANSPORT AND HIGHWAYS,Tamil Nadu,03/2023,,07/2024,,200.3,,113.71,93.11,QPISR_QR_1st_2025-26.pdf,220,Table 7: Project List: Ongoing Projects,SUCCESS
2025-06,1434,,N24002113,ALTERNATE_IDENTIFIER,4L OF LEFT-OVER WORKS INCLUDING ADDITIONAL STRUCTURES FROM KERALA/TAMIL NADU BORDER TO KANYAKUMARI S,NHAI,,ROAD TRANSPORT AND HIGHWAYS,Tamil Nadu,03/2023,,08/2025,,1141.78,,466.2,47.86,QPISR_QR_1st_2025-26.pdf,221,Table 7: Project List: Ongoing Projects,SUCCESS
2025-06,1435,,N24002114,ALTERNATE_IDENTIFIER,4L OF VADUGAPATTI TO THERKUVENGANALLUR (RAJAPALYAM) SECTION FROM KM 36.000 TO KM 71.600 OF NH744 UND,NHAI,,ROAD TRANSPORT AND HIGHWAYS,Tamil Nadu,02/2022,,04/2025,,1097.59,,705.17,97.8,QPISR_QR_1st_2025-26.pdf,221,Table 7: Project List: Ongoing Projects,SUCCESS
2025-06,1436,,N24002151,ALTERNATE_IDENTIFIER,WIDENING TO 4L/4L+PS AND STRENGTHENING IN SELECTED STRETCHES FROM KM 0/8 TO 50/570 OF NH 532 INCLUD,MoRTH,,ROAD TRANSPORT AND HIGHWAYS,Tamil Nadu,03/2022,,01/2024,,257.14,294.7,277.57,90.0,QPISR_QR_1st_2025-26.pdf,221,Table 7: Project List: Ongoing Projects,SUCCESS
2025-06,1437,,N24002152,ALTERNATE_IDENTIFIER,WIDENING FROM 2L+PS TO 4L/4L+PS AND IMPROVEMENTS THE SELECTED STRETHCES FROM KM 26/5 - 81/2 INCLU,MoRTH,,ROAD TRANSPORT AND HIGHWAYS,Tamil Nadu,03/2023,,11/2023,,274.84,,265.83,100.0,QPISR_QR_1st_2025-26.pdf,221,Table 7: Project List: Ongoing Projects,SUCCESS
2025-06,1438,,N24002153,ALTERNATE_IDENTIFIER,"STRENGTHENING OF 2L+PS FROM KM 17/8 ? 18/2, CONSTRUCTION OF 2L+PS FROM KM 18/2 TO KM 20/0 AND CONSTR",MoRTH,,ROAD TRANSPORT AND HIGHWAYS,Tamil Nadu,03/2023,,02/2024,,169.68,,145.29,100.0,QPISR_QR_1st_2025-26.pdf,221,Table 7: Project List: Ongoing Projects,SUCCESS
2025-06,1439,,N24002165,ALTERNATE_IDENTIFIER,CONSTRUCTION OF BYPASS TO MADURAI - ACHAMBATHU - VIRATIPATHU IN KM 6/850 - 10/382 OF NH 49 EXTN. (NE,MoRTH,,ROAD TRANSPORT AND HIGHWAYS,Tamil Nadu,03/2022,,08/2026,,238.97,260.07,118.0,50.0,QPISR_QR_1st_2025-26.pdf,221,Table 7: Project List: Ongoing Projects,SUCCESS
2025-06,1440,,N24002216,ALTERNATE_IDENTIFIER,ACCESS CONTROLLED HIGHWAY OF 4 LANE WITH PAVED SHOULDERS FROM TIRUVALLUR (DESIGN CHAINAGE KM 17+56),NHAI,,ROAD TRANSPORT AND HIGHWAYS,Tamil Nadu,12/2024,,12/2026,,1376.1,,39.0,8.74,QPISR_QR_1st_2025-26.pdf,221,Table 7: Project List: Ongoing Projects,SUCCESS
2025-06,1441,,N24000697,ALTERNATE_IDENTIFIER,FOUR LANNING OF CHOLOPURAM- THANJAVUR,NHAI,,ROAD TRANSPORT AND HIGHWAYS,Tamil Nadu,08/2017,,09/2020,,1176.37,,1325.06,99.5,QPISR_QR_1st_2025-26.pdf,221,Table 7: Project List: Ongoing Projects,SUCCESS
2025-06,1442,,N24000708,ALTERNATE_IDENTIFIER,4-LANNING OF STHIYATHOPU-CHOLOPURAM,NHAI,,ROAD TRANSPORT AND HIGHWAYS,Tamil Nadu,09/2017,,08/2020,07/2025,1227.87,,1436.16,99.5,QPISR_QR_1st_2025-26.pdf,222,Table 7: Project List: Ongoing Projects,SUCCESS
2025-06,1443,,N24000826,ALTERNATE_IDENTIFIER,FOUR LANINIG OF CHETTIKULAM TO NATHAM SECTION OF NH-785 FROM CHETTIKULUM (KM 7.300) TO NATHAM (KM. 3,NHAI,,ROAD TRANSPORT AND HIGHWAYS,Tamil Nadu,03/2018,,10/2022,07/2025,505.35,,376.61,99.75,QPISR_QR_1st_2025-26.pdf,222,Table 7: Project List: Ongoing Projects,SUCCESS
2025-06,1444,,N04000086,ALTERNATE_IDENTIFIER,"CO CIVIL AVIATION REASEARCH ORG. (PH-II) AT BEGUMPET AIRPORT, HYDRABAD",AAI,,CIVIL AVIATION,Telangana,05/2020,,05/2022,06/2023,353.61,,303.22,100.0,QPISR_QR_1st_2025-26.pdf,222,Table 7: Project List: Ongoing Projects,SUCCESS
2025-06,1445,,N06000161,ALTERNATE_IDENTIFIER,KAKATIYAKHANI OPENCAST III PROJECT PHASE-1,SCCL,,CIVIL AVIATION,Telangana,03/2017,,03/2022,,413.84,,397.54,85.0,QPISR_QR_1st_2025-26.pdf,222,Table 7: Project List: Ongoing Projects,SUCCESS
2025-06,1446,,N06000202,ALTERNATE_IDENTIFIER,GODAVARIKHANI COAL MINE,SCCL,,CIVIL AVIATION,Telangana,07/2019,,03/2023,,438.98,,178.21,70.0,QPISR_QR_1st_2025-26.pdf,222,Table 7: Project List: Ongoing Projects,SUCCESS
2025-06,1447,,N06000204,ALTERNATE_IDENTIFIER,VENKATESH KHANI COAL MINE,SCCL,,CIVIL AVIATION,Telangana,10/2020,,03/2023,,484.51,,318.12,55.0,QPISR_QR_1st_2025-26.pdf,222,Table 7: Project List: Ongoing Projects,SUCCESS
2025-06,1448,,N06000210,ALTERNATE_IDENTIFIER,RCE OF RAMAGUNDAM OPENCAST II EXTENSION PROJECT,SCCL,,CIVIL AVIATION,Telangana,11/2015,,03/2023,,489.62,,405.54,70.0,QPISR_QR_1st_2025-26.pdf,222,Table 7: Project List: Ongoing Projects,SUCCESS
2025-06,1449,,N06000211,ALTERNATE_IDENTIFIER,RCE OF INDARAM OPENCAST PROJECT,SCCL,,CIVIL AVIATION,Telangana,08/2017,,03/2021,,349.28,,402.64,80.0,QPISR_QR_1st_2025-26.pdf,222,Table 7: Project List: Ongoing Projects,SUCCESS
2025-06,1450,,N06000213,ALTERNATE_IDENTIFIER,RCE OF KALYANIKHANI OPENCAST PROJECT,SCCL,,CIVIL AVIATION,Telangana,03/2016,,03/2020,,384.32,,265.53,75.0,QPISR_QR_1st_2025-26.pdf,222,Table 7: Project List: Ongoing Projects,SUCCESS
2025-06,1451,,N06000214,ALTERNATE_IDENTIFIER,RCE OF KAKATHIYAKHANI OC - 2 PROJECT,SCCL,,CIVIL AVIATION,Telangana,08/2017,,03/2020,,442.42,,203.14,63.0,QPISR_QR_1st_2025-26.pdf,223,Table 7: Project List: Ongoing Projects,SUCCESS
2025-06,1452,,N06000258,ALTERNATE_IDENTIFIER,GOLETI OPENCAST MINE,SCCL,,CIVIL AVIATION,Telangana,07/2021,,03/2026,,345.6,,72.09,20.0,QPISR_QR_1st_2025-26.pdf,223,Table 7: Project List: Ongoing Projects,SUCCESS
2025-06,1453,,N28000098,ALTERNATE_IDENTIFIER,ESTABLISHMENT OF NATIONAL ANIMAL RESOURCE FACILITY FOR BIOMEDICAL RESEARCH AT HYDERABAD,CPWD FOR HEALTH,,HEALTH AND FAMILY WELFARE,Telangana,10/2016,,03/2020,01/2025,209.84,281.05,253.64,98.5,QPISR_QR_1st_2025-26.pdf,223,Table 7: Project List: Ongoing Projects,SUCCESS
2025-06,1454,,N21000031,ALTERNATE_IDENTIFIER,"COMPREHENSIVE PLANNING, DESIGNING, EXECUTION OF ALL INDIA INSTITUTE OF MEDICAL SCIENCES AT BIBINAGAR",HITES,,HEALTH AND FAMILY WELFARE,Telangana,12/2018,,07/2024,,1110.55,,753.76,83.07,QPISR_QR_1st_2025-26.pdf,223,Table 7: Project List: Ongoing Projects,SUCCESS
2025-06,1455,,N22000032,ALTERNATE_IDENTIFIER,MANOHARABAD-KOTHPALL NEW LINE(SCR),SCR,,RAILWAYS,Telangana,04/2006,,03/2027,,1160.0,,1568.57,0.0,QPISR_QR_1st_2025-26.pdf,223,Table 7: Project List: Ongoing Projects,SUCCESS
2025-06,1456,,N24001482,ALTERNATE_IDENTIFIER,KHAMMAM-DEVARAPALLE PKG I [4L ACCESS CONTROLLED (GREENFIELD) FROM THALLAMPADU VILLAGE TO SOMAVARAM,NHAI,,ROAD TRANSPORT AND HIGHWAYS,Telangana,08/2022,,10/2024,08/2022,772.11,,558.24,80.51,QPISR_QR_1st_2025-26.pdf,223,Table 7: Project List: Ongoing Projects,SUCCESS
2025-06,1457,,N24001483,ALTERNATE_IDENTIFIER,KHAMMAM DEVARAPALLE PKG II 4L ACCESS CONTROLLED (GREENFIELD) FROM SOMAVARAM VILLAGE TO CHINTAGUDEM V,NHAI,,ROAD TRANSPORT AND HIGHWAYS,Telangana,02/2022,,09/2024,02/2022,637.11,,415.98,85.4,QPISR_QR_1st_2025-26.pdf,223,Table 7: Project List: Ongoing Projects,SUCCESS
2025-06,1458,,N24001484,ALTERNATE_IDENTIFIER,KHAMMAM-DEVARAPALLE PKG III [4L ACCESS CONTROLLED (GREENFIELD) FROM CHINTAGUDEM VILLAGE TO RECHERLA,NHAI,,ROAD TRANSPORT AND HIGHWAYS,Telangana,09/2022,,02/2024,09/2022,804.69,,514.29,91.2,QPISR_QR_1st_2025-26.pdf,223,Table 7: Project List: Ongoing Projects,SUCCESS
2025-06,1459,,N24001522,ALTERNATE_IDENTIFIER,4L OF KODAD (DESIGN KM 0.00/EXISTING KM 185.00 OF NH-65) TO KHAMMAM (DESIGN KM 31.800/EXISTING KM 29,NHAI,,ROAD TRANSPORT AND HIGHWAYS,Telangana,01/2021,,01/2024,01/2021,1307.95,,727.42,99.98,QPISR_QR_1st_2025-26.pdf,223,Table 7: Project List: Ongoing Projects,SUCCESS
2025-06,1460,,N24001555,ALTERNATE_IDENTIFIER,"6 LANING OF EXISTING 4-LANE STRETCH FROM KALKALLU AT KM.454+000 TO GUNDLA POCHAMPALLY AT KM.471+000,",NHAI,,ROAD TRANSPORT AND HIGHWAYS,Telangana,03/2022,,01/2025,,955.49,,233.46,35.96,QPISR_QR_1st_2025-26.pdf,224,Table 7: Project List: Ongoing Projects,SUCCESS
2025-06,1461,,N24001556,ALTERNATE_IDENTIFIER,6L OF EXISTING 4L FROM GUNDLAPOCHAMPALLY TO BOWENPALLY FROM KM 471.300 TO KM 481.331 OF NH-44,NHAI,,ROAD TRANSPORT AND HIGHWAYS,Telangana,12/2021,,07/2024,,521.53,,250.7,49.63,QPISR_QR_1st_2025-26.pdf,224,Table 7: Project List: Ongoing Projects,SUCCESS
2025-06,1462,,N24001625,ALTERNATE_IDENTIFIER,6L ACCESS CONTROLLED GREENFIELD HIGHWAY OF JULEKAL VILLAGE TO DINNEDEVARAPADU VILLAGE FROM KM 242.20,NHAI,,ROAD TRANSPORT AND HIGHWAYS,Telangana,01/2022,,01/2025,,1227.57,,288.58,45.65,QPISR_QR_1st_2025-26.pdf,224,Table 7: Project List: Ongoing Projects,SUCCESS
2025-06,1463,,N24001626,ALTERNATE_IDENTIFIER,6L ACCESS CONTROLLED GREENFIELD HIGHWAY OF NANDINNE VILLAGE TO JULEKAL VILLAGE FROM KM 202.900 TO KM,NHAI,,ROAD TRANSPORT AND HIGHWAYS,Telangana,02/2022,,01/2025,,972.06,,408.48,70.26,QPISR_QR_1st_2025-26.pdf,224,Table 7: Project List: Ongoing Projects,SUCCESS
2025-06,1464,,N24002000,ALTERNATE_IDENTIFIER,WIDENING AND STRENGTHENING OF EXISTING 2 LANE WITH PAVED SHOULDER TO 4 LANE WITH PAVED SHOULDER FRO,MoRTH,,ROAD TRANSPORT AND HIGHWAYS,Telangana,03/2021,,07/2024,,317.19,,178.64,72.0,QPISR_QR_1st_2025-26.pdf,224,Table 7: Project List: Ongoing Projects,SUCCESS
2025-06,1465,,N24002001,ALTERNATE_IDENTIFIER,WIDENING TO 2 LANE WITH PAVED SHOULDERS OF MEDAK - SIDDIPET SECTION FROM KM 0/0 TO KM 69/978 OF NH-,MoRTH,,ROAD TRANSPORT AND HIGHWAYS,Telangana,01/2022,,01/2025,,882.18,,376.66,73.14,QPISR_QR_1st_2025-26.pdf,224,Table 7: Project List: Ongoing Projects,SUCCESS
2025-06,1466,,N24002002,ALTERNATE_IDENTIFIER,WIDENING AND IMPROVEMENT OF EXISTING CARRIAGE WAY TO 2 LANE WITH PAVED SHOULDERS FROM KM. 86/160 TO,MoRTH,,ROAD TRANSPORT AND HIGHWAYS,Telangana,01/2022,,12/2024,,423.48,,166.39,71.65,QPISR_QR_1st_2025-26.pdf,224,Table 7: Project List: Ongoing Projects,SUCCESS
2025-06,1467,,N24002003,ALTERNATE_IDENTIFIER,REHABILITATION AND UP-GRADATION OF VALIGONDA TO THORRUR SECTION TO TWO LANE WITH PAVED SHOULDERS FRO,MoRTH,,ROAD TRANSPORT AND HIGHWAYS,Telangana,01/2022,,12/2024,,549.28,,257.89,74.75,QPISR_QR_1st_2025-26.pdf,224,Table 7: Project List: Ongoing Projects,SUCCESS
2025-06,1468,,N24002004,ALTERNATE_IDENTIFIER,REHABILITATION AND UPGRADATION OF LB- NAGAR TO MALKAPUR SECTION TO 6-LANE MAIN CARRIAGEWAY WITH SERVI,MoRTH,,ROAD TRANSPORT AND HIGHWAYS,Telangana,03/2021,,07/2024,,545.11,,198.03,76.64,QPISR_QR_1st_2025-26.pdf,225,Table 7: Project List: Ongoing Projects,SUCCESS
2025-06,1469,,N24002005,ALTERNATE_IDENTIFIER,WIDENING TO TWO LANE WITH PAVED SHOULDERS OF 'BODHAN BASAR BHAINSA ' SECTION FROM KM 38/900 TO 95/3,MoRTH,,ROAD TRANSPORT AND HIGHWAYS,Telangana,03/2022,,03/2025,,644.45,,221.65,93.6,QPISR_QR_1st_2025-26.pdf,225,Table 7: Project List: Ongoing Projects,SUCCESS
2025-06,1470,,N24002006,ALTERNATE_IDENTIFIER,"ONSTRUCTION OF 4-LANE FLYOVER AT AMBERPET-X ROAD, HYDERABAD ON NH-202 IN THE STATE OF TELANGANA",MoRTH,,ROAD TRANSPORT AND HIGHWAYS,Telangana,10/2017,,06/2023,,186.71,,149.64,92.1,QPISR_QR_1st_2025-26.pdf,225,Table 7: Project List: Ongoing Projects,SUCCESS
2025-06,1471,,N24002007,ALTERNATE_IDENTIFIER,WIDENING TO TWO LANE WITH PAVED SHOULDERS FROM KM 0/000 TO KM 79/300 OF KALWAKURTHY - KOLLAPUR SECTI,MoRTH,,ROAD TRANSPORT AND HIGHWAYS,Telangana,03/2022,,07/2025,,886.69,,252.22,67.94,QPISR_QR_1st_2025-26.pdf,225,Table 7: Project List: Ongoing Projects,SUCCESS
2025-06,1472,,N24002008,ALTERNATE_IDENTIFIER,WIDENING TO 2 LANE WITH PAVED SHOULDERS OF SIDDIPET-ELKATHURTHY SECTION FROM KM 69/978 TO KM 133/6,MoRTH,,ROAD TRANSPORT AND HIGHWAYS,Telangana,01/2022,,12/2024,,578.85,,292.69,82.05,QPISR_QR_1st_2025-26.pdf,225,Table 7: Project List: Ongoing Projects,SUCCESS
2025-06,1473,,N24002009,ALTERNATE_IDENTIFIER,WIDENING AND STRENGTHENING TO 2/4 LANE WITH PAVED SHOULDERS OF MAHABUBNAGAR ? CHINCHOLI SECTION FROM,MoRTH,,ROAD TRANSPORT AND HIGHWAYS,Telangana,01/2022,,01/2025,,703.68,,210.72,76.45,QPISR_QR_1st_2025-26.pdf,225,Table 7: Project List: Ongoing Projects,SUCCESS
2025-06,1474,,N24002010,ALTERNATE_IDENTIFIER,WIDENING AND STRENGTHENING TO 4 LANE / 2-LANE WITH PAVED SHOULDERS OF MAHABUBNAGAR-CHINCHOLI SECTION,MoRTH,,ROAD TRANSPORT AND HIGHWAYS,Telangana,03/2022,,03/2024,,631.49,,75.33,28.98,QPISR_QR_1st_2025-26.pdf,225,Table 7: Project List: Ongoing Projects,SUCCESS
2025-06,1475,,N24002082,ALTERNATE_IDENTIFIER,IMPROVEMENT OF GEOMETRICS OF THONDUPALLY TO KOTHUR FROM KM 22.300 TO KM 34.14 OF NH-44-RCW,NHAI,,ROAD TRANSPORT AND HIGHWAYS,Telangana,02/2022,,09/2024,,541.58,,34.98,0.0,QPISR_QR_1st_2025-26.pdf,225,Table 7: Project List: Ongoing Projects,SUCCESS
2025-06,1476,,N24002083,ALTERNATE_IDENTIFIER,FOUR LANING OF KARIMNAGAR-WARANGAL SECTION OF NH-563 FROM DESIGN CH.48.860 KM NEAR SH-1 CH.170.400 K,NHAI,,ROAD TRANSPORT AND HIGHWAYS,Telangana,03/2022,,07/2025,,2146.86,2413.0,999.54,72.35,QPISR_QR_1st_2025-26.pdf,226,Table 7: Project List: Ongoing Projects,SUCCESS
2025-06,1477,,N24002190,ALTERNATE_IDENTIFIER,CONSTRUCTION OF 4-LANE ACCESS CONTROLLED GREENFIELD HIGHWAY SECTION ON NH-163G (KHAMMAM- VIJAYAWADA),NHAI,,ROAD TRANSPORT AND HIGHWAYS,Telangana,03/2023,,08/2026,,983.0,,,8.5,QPISR_QR_1st_2025-26.pdf,226,Table 7: Project List: Ongoing Projects,SUCCESS
2025-06,1478,,N24002236,ALTERNATE_IDENTIFIER,CONSTRUCTION OF 4-LANE ACCESS CONTROLLED GREENFIELD HIGHWAY SECTION ON NH-163G (KHAMMAM - VIJAYAWADA,NHAI,,ROAD TRANSPORT AND HIGHWAYS,Telangana,03/2023,,03/2025,,832.62,,,0.0,QPISR_QR_1st_2025-26.pdf,226,Table 7: Project List: Ongoing Projects,SUCCESS
2025-06,1479,,N24000245,ALTERNATE_IDENTIFIER,REHABILITATION AND UPGRADATION OF NH - 565 FROM KM 1.00 TO 86.057 (NAKREKAL TO NAGARJUNSAGAR DAM SECT,MoRTH,,ROAD TRANSPORT AND HIGHWAYS,Telangana,01/2014,,03/2016,09/2019,270.0,,,72.15,QPISR_QR_1st_2025-26.pdf,226,Table 7: Project List: Ongoing Projects,SUCCESS
2025-06,1480,,N24000247,ALTERNATE_IDENTIFIER,REHABILITATION AND UPGRADATION OF NH- 221 FROM KM 121/0 TO 165/00 (OF VIJAYAWADA-JAGDALPUR RUDRAMPUR,MoRTH,,ROAD TRANSPORT AND HIGHWAYS,Telangana,10/2014,,02/2017,,295.47,,224.42,82.76,QPISR_QR_1st_2025-26.pdf,226,Table 7: Project List: Ongoing Projects,SUCCESS
2025-06,1481,,N24000248,ALTERNATE_IDENTIFIER,EPC- CORRIDOR APPROACH WORKS - NH (O): WIDENING EXISTING 2 LANE TO 2 LANE WITH PAVED SHOULDERS IN KM,MoRTH,,ROAD TRANSPORT AND HIGHWAYS,Telangana,03/2015,,01/2017,,153.21,,100.96,93.2,QPISR_QR_1st_2025-26.pdf,226,Table 7: Project List: Ongoing Projects,SUCCESS
2025-06,1482,,N24000980,ALTERNATE_IDENTIFIER,WIDEINING TO TWO/FOUR LANE WITH PAVED SHOULDERS FROM EXISTING KM 182.120 TO KM 227.600 OF NH-167 ON,MoRTH,,ROAD TRANSPORT AND HIGHWAYS,Telangana,10/2016,,02/2019,,298.32,,178.47,0.0,QPISR_QR_1st_2025-26.pdf,226,Table 7: Project List: Ongoing Projects,SUCCESS
2025-06,1483,,N24000981,ALTERNATE_IDENTIFIER,WIDEINING TO TWO/FOUR LANE WITH PAVED SHOULDERS FROM EXISTING KM 180.60 TO KM 223.00 OF NH-63 ON NIZ,MoRTH,,ROAD TRANSPORT AND HIGHWAYS,Telangana,10/2016,,03/2019,,248.83,,173.79,0.0,QPISR_QR_1st_2025-26.pdf,226,Table 7: Project List: Ongoing Projects,SUCCESS
2025-06,1484,,N24000982,ALTERNATE_IDENTIFIER,WIDENING TO TWO LANE WITH PAVED SHOULDERS FROM KM 40/410 TO KM 84/037OF THIRUMALAGIRI TO SURYAPET SE,MoRTH,,ROAD TRANSPORT AND HIGHWAYS,Telangana,01/2017,,05/2019,,244.54,,174.35,99.96,QPISR_QR_1st_2025-26.pdf,227,Table 7: Project List: Ongoing Projects,SUCCESS
2025-06,1485,,N24000983,ALTERNATE_IDENTIFIER,WIDENING TO TWO LANE WITH PAVED SHOULDERS FROM KM 0/970 TO KM 40/410 OF JANAGAON-THIRUMALAGIRI OF NH,MoRTH,,ROAD TRANSPORT AND HIGHWAYS,Telangana,01/2017,,10/2019,,196.52,,125.53,92.74,QPISR_QR_1st_2025-26.pdf,227,Table 7: Project List: Ongoing Projects,SUCCESS
2025-06,1486,,N24000984,ALTERNATE_IDENTIFIER,WIDENING TO TWO LANE WITH PAVED SHOULDERS FROM KM 15.525 TO KM 62.880 OF JADCHERLA-KALWAKURTHY SECTI,MoRTH,,ROAD TRANSPORT AND HIGHWAYS,Telangana,01/2017,,12/2019,,283.0,,259.15,99.32,QPISR_QR_1st_2025-26.pdf,227,Table 7: Project List: Ongoing Projects,SUCCESS
2025-06,1487,,N24000986,ALTERNATE_IDENTIFIER,WIDENING TO TWO LANE WITH PAVED SHOULDERS FROM KM 67.00 TO 114.425 OF KALWAKURTHY-MALLEPALLY SECTION,MoRTH,,ROAD TRANSPORT AND HIGHWAYS,Telangana,01/2017,,05/2019,,300.0,,239.93,99.09,QPISR_QR_1st_2025-26.pdf,227,Table 7: Project List: Ongoing Projects,SUCCESS
2025-06,1488,,N24000987,ALTERNATE_IDENTIFIER,6 LANING FROM KM 9.90 TO KM 19.948 (ARAMGARH-SAMSHABAD SECTION) OF HYDERABAD-SAMSHABAD SECTION OF NH,MoRTH,,ROAD TRANSPORT AND HIGHWAYS,Telangana,01/2018,,05/2020,,283.15,,270.01,92.62,QPISR_QR_1st_2025-26.pdf,227,Table 7: Project List: Ongoing Projects,SUCCESS
2025-06,1489,,N24000988,ALTERNATE_IDENTIFIER,WIDENING AND STRENGTHENING OF EXISTING 2-LANE TO 2-LANE WITH PAVED SHOULDERS FROM KM.159/0 TO 165/4,MoRTH,,ROAD TRANSPORT AND HIGHWAYS,Telangana,01/2018,,12/2019,,230.03,,231.31,100.0,QPISR_QR_1st_2025-26.pdf,227,Table 7: Project List: Ongoing Projects,SUCCESS
2025-06,1490,,N24000989,ALTERNATE_IDENTIFIER,WIDENING AND STRENGTHENING OF EXISTING CARRIAGEWAY IN 2 LANE WITH PAVED SHOULDERS FROM KM.25/0 TO 59,MoRTH,,ROAD TRANSPORT AND HIGHWAYS,Telangana,02/2018,,06/2020,,206.13,,190.94,98.56,QPISR_QR_1st_2025-26.pdf,227,Table 7: Project List: Ongoing Projects,SUCCESS
2025-06,1491,,N24000990,ALTERNATE_IDENTIFIER,REHABILITATION AND UPGRADATION OF NH- 167 FROM DESIGN KM.113.900 TO 154.479 (MALLEPALLY - HALIYA SECT,MoRTH,,ROAD TRANSPORT AND HIGHWAYS,Telangana,02/2018,,11/2019,,294.13,,198.75,90.1,QPISR_QR_1st_2025-26.pdf,227,Table 7: Project List: Ongoing Projects,SUCCESS
2025-06,1492,,N24000993,ALTERNATE_IDENTIFIER,REHABILITATION AND UPGRADATION OF NH- 167 FROM DESIGN KM.187.723 TO 234.434 (MIRYALAGUDA TO KODAD SEC,MoRTH,,ROAD TRANSPORT AND HIGHWAYS,Telangana,03/2018,,09/2020,,322.81,,315.23,98.14,QPISR_QR_1st_2025-26.pdf,228,Table 7: Project List: Ongoing Projects,SUCCESS
2025-06,1493,,N24000994,ALTERNATE_IDENTIFIER,CONSTRUCTION OF SIX LANE ELEVATED CORRIDOR FROM KM.7.950 (UPPAL) TO KM.14.200 OF NH-163 TO DE-CONGES,MoRTH,,ROAD TRANSPORT AND HIGHWAYS,Telangana,03/2018,,07/2020,,626.76,,272.64,46.0,QPISR_QR_1st_2025-26.pdf,228,Table 7: Project List: Ongoing Projects,SUCCESS
2025-06,1494,,N24000996,ALTERNATE_IDENTIFIER,REHABILITATION AND UP-GRADATION TO TWO LANE WITH PAVED SHOULDERS FROM KM 0/0 TO 72/6 OF NH-365 (NAKR,MoRTH,,ROAD TRANSPORT AND HIGHWAYS,Telangana,01/2017,,10/2019,,605.08,,413.37,99.9,QPISR_QR_1st_2025-26.pdf,228,Table 7: Project List: Ongoing Projects,SUCCESS
2025-06,1495,,N24000997,ALTERNATE_IDENTIFIER,REHABILITATION AND UP GRADATION FROM KM. 121/0 TO 154/0 OF NAKAREKAL ? MALLAMPALLY SECTION OF NH-365,MoRTH,,ROAD TRANSPORT AND HIGHWAYS,Telangana,03/2018,,07/2019,,192.67,,176.37,96.0,QPISR_QR_1st_2025-26.pdf,228,Table 7: Project List: Ongoing Projects,SUCCESS
2025-06,1496,,N24000998,ALTERNATE_IDENTIFIER,WIDENING AND STRENGTHENING/ RECONSTRUCTION OF EXISTING PAVEMENT TO FOUR ALNE WITH PAVED SHOULDERS FR,MoRTH,,ROAD TRANSPORT AND HIGHWAYS,Telangana,01/2019,,,,193.19,,222.58,100.0,QPISR_QR_1st_2025-26.pdf,228,Table 7: Project List: Ongoing Projects,SUCCESS
2025-06,1497,,N16000495,ALTERNATE_IDENTIFIER,"GRASS ROOT RAIL FED DEPOT AT SEKERKOTE, AGARTALA AS RESITEMENT OF EXISTING DHARMANAGAR DEPOT",IOCL,,PETROLEUM,Tripura,06/2022,,08/2025,09/2025,656.0,,427.77,83.17,QPISR_QR_1st_2025-26.pdf,228,Table 7: Project List: Ongoing Projects,SUCCESS
2025-06,1498,,N24001309,ALTERNATE_IDENTIFIER,KAILASHAHAR TO KHOWAI PKG-4,NHIDCL,,ROAD TRANSPORT AND HIGHWAYS,Tripura,11/2020,,06/2022,10/2023,159.13,171.5,84.33,100.0,QPISR_QR_1st_2025-26.pdf,228,Table 7: Project List: Ongoing Projects,SUCCESS
2025-06,1499,,N24001317,ALTERNATE_IDENTIFIER,2-LANING FROM JOLAIBARI - BELONIA,NHIDCL,,ROAD TRANSPORT AND HIGHWAYS,Tripura,06/2020,,01/2022,,201.99,,148.22,100.0,QPISR_QR_1st_2025-26.pdf,228,Table 7: Project List: Ongoing Projects,SUCCESS
2025-06,1500,,N24001363,ALTERNATE_IDENTIFIER,MANU-SIMLUNG ( PKG 4),NHIDCL,,ROAD TRANSPORT AND HIGHWAYS,Tripura,03/2021,,12/2022,,354.79,,34.08,0.0,QPISR_QR_1st_2025-26.pdf,228,Table 7: Project List: Ongoing Projects,SUCCESS
2025-06,1501,,N24001542,ALTERNATE_IDENTIFIER,2 LANING FROM MANU-SIMLUNG PKG-2,NHIDCL,,ROAD TRANSPORT AND HIGHWAYS,Tripura,02/2022,,01/2025,05/2025,456.88,,122.67,50.18,QPISR_QR_1st_2025-26.pdf,229,Table 7: Project List: Ongoing Projects,SUCCESS
2025-06,1502,,N24001914,ALTERNATE_IDENTIFIER,IMPROVEMENT AND WIDENING TO 2-LANE WITH EARTHEN PAVED SHOULDER FROM UDAIPUR TO SRIMANTAPUR,NHIDCL,,ROAD TRANSPORT AND HIGHWAYS,Tripura,05/2023,,11/2024,,195.95,,46.46,45.42,QPISR_QR_1st_2025-26.pdf,229,Table 7: Project List: Ongoing Projects,SUCCESS
2025-06,1503,,N24002132,ALTERNATE_IDENTIFIER,4 LANE WITH PAVED SHOULDER AGARTALA BYPASS (WESTERN SIDE) CONNECTING NH-8,NHIDCL,,ROAD TRANSPORT AND HIGHWAYS,Tripura,03/2023,,03/2027,,2026.05,,26.34,8.82,QPISR_QR_1st_2025-26.pdf,229,Table 7: Project List: Ongoing Projects,SUCCESS
2025-06,1504,,N24002159,ALTERNATE_IDENTIFIER,REHABILITATION AND UP-GRADATION OF ROAD FROM DESIGN KM 25.250 TO KM 36.460 (TOTAL LENGH: 11.210 KM),NHIDCL,,ROAD TRANSPORT AND HIGHWAYS,Tripura,02/2020,,03/2026,,174.43,,9.54,16.61,QPISR_QR_1st_2025-26.pdf,229,Table 7: Project List: Ongoing Projects,SUCCESS
2025-06,1505,,N24002160,ALTERNATE_IDENTIFIER,IMPROVEMENT AND WIDENING TO 2-LANE WITH PAVED SHOULDER OF ROAD FROM KM 101.300 TO KM 127.319 (TOTAL,NHIDCL,,ROAD TRANSPORT AND HIGHWAYS,Tripura,01/2024,,07/2026,,431.78,,52.82,34.61,QPISR_QR_1st_2025-26.pdf,229,Table 7: Project List: Ongoing Projects,SUCCESS
2025-06,1506,,N24002161,ALTERNATE_IDENTIFIER,KHOWAI ?TELIAMURA-AMARPUR-HARINA- SABROOM PACKAGE-2,NHIDCL,,ROAD TRANSPORT AND HIGHWAYS,Tripura,01/2024,,09/2026,,657.21,,95.71,32.85,QPISR_QR_1st_2025-26.pdf,229,Table 7: Project List: Ongoing Projects,SUCCESS
2025-06,1507,,N24002162,ALTERNATE_IDENTIFIER,KHOWAI ?TELIAMURA-AMARPUR-HARINA- SABROOM PACKAGE-3,NHIDCL,,ROAD TRANSPORT AND HIGHWAYS,Tripura,01/2024,,09/2026,,670.9,,3.81,3.05,QPISR_QR_1st_2025-26.pdf,229,Table 7: Project List: Ongoing Projects,SUCCESS
2025-06,1508,,N24002205,ALTERNATE_IDENTIFIER,CHAMPAK NAGAR TO KHAYERPUR SECTION (DESIGN KM 242+500 TO KM 261+610),NHIDCL,,ROAD TRANSPORT AND HIGHWAYS,Tripura,12/2023,,09/2026,,920.66,,81.54,24.56,QPISR_QR_1st_2025-26.pdf,229,Table 7: Project List: Ongoing Projects,SUCCESS
2025-06,1509,,N24002228,ALTERNATE_IDENTIFIER,KHOWAI ?TELIAMURA-AMARPUR-HARINA- SABROOM SECTION PKG-4,NHIDCL,,ROAD TRANSPORT AND HIGHWAYS,Tripura,01/2024,,12/2026,,726.9,,7.36,3.85,QPISR_QR_1st_2025-26.pdf,229,Table 7: Project List: Ongoing Projects,SUCCESS
2025-06,1510,,N24001263,ALTERNATE_IDENTIFIER,REHABILITATION AND UPGRADATION OF ROAD FROM KM 0.00 TO KM 18.600 OF KUMARGHAT-KAILASHAHAR SECTION,NHIDCL,,ROAD TRANSPORT AND HIGHWAYS,Tripura,06/2020,,01/2022,02/2024,277.5,302.02,262.91,99.94,QPISR_QR_1st_2025-26.pdf,230,Table 7: Project List: Ongoing Projects,SUCCESS
2025-06,1511,,N04000077,ALTERNATE_IDENTIFIER,"CCS INTERNATIONAL AIRPORT , LUCKNOW",AAI,,CIVIL AVIATION,Uttar Pradesh,06/2018,,09/2021,10/2026,1383.0,1938.0,2652.63,80.58,QPISR_QR_1st_2025-26.pdf,230,Table 7: Project List: Ongoing Projects,SUCCESS
2025-06,1512,,N04000094,ALTERNATE_IDENTIFIER,DEVELOPMENT OF AYODHYA AIRPORT PHASE- 01,AAI,,CIVIL AVIATION,Uttar Pradesh,03/2021,,12/2022,07/2025,242.14,328.0,344.58,99.9,QPISR_QR_1st_2025-26.pdf,230,Table 7: Project List: Ongoing Projects,SUCCESS
2025-06,1513,,N04000102,ALTERNATE_IDENTIFIER,"PRAYAGRAJ AIRPORT - CONSTRUCTION OF NEW TERMINAL BUILDING, SECOND LINK TAXI TRACK, APRON EXPANSION,",AAI,,CIVIL AVIATION,Uttar Pradesh,05/2023,,11/2024,07/2025,185.75,274.38,206.39,97.25,QPISR_QR_1st_2025-26.pdf,230,Table 7: Project List: Ongoing Projects,SUCCESS
2025-06,1514,,N04000113,ALTERNATE_IDENTIFIER,AGRA: DEVELOPMENT OF NEW CIVIL ENCLAVE AT AGRA AIRPORT.,AAI,,CIVIL AVIATION,Uttar Pradesh,06/2024,,07/2026,,579.0,,72.23,13.0,QPISR_QR_1st_2025-26.pdf,230,Table 7: Project List: Ongoing Projects,SUCCESS
2025-06,1515,,N04000114,ALTERNATE_IDENTIFIER,"VARANASI: DEVELOPMENT OF LAL BAHADUR SHASTRI INTERNATIONAL AIRPORT, VARANASI.",AAI,,CIVIL AVIATION,Uttar Pradesh,07/2024,,07/2027,,2869.65,,283.0,14.51,QPISR_QR_1st_2025-26.pdf,230,Table 7: Project List: Ongoing Projects,SUCCESS
2025-06,1516,,N06000152,ALTERNATE_IDENTIFIER,NEYVELI UTTAR PRADESH POWER PROJECT LIMITED 1980 MW,NLC,,COAL,Uttar Pradesh,07/2016,,11/2021,10/2025,17237.0,21780.94,19949.0,91.39,QPISR_QR_1st_2025-26.pdf,230,Table 7: Project List: Ongoing Projects,SUCCESS
2025-06,1517,,N06000208,ALTERNATE_IDENTIFIER,KHADIA EXPANSION OCP,NCL,,COAL,Uttar Pradesh,06/2021,,03/2025,,491.67,,202.24,40.86,QPISR_QR_1st_2025-26.pdf,230,Table 7: Project List: Ongoing Projects,SUCCESS
2025-06,1518,,N45000003,ALTERNATE_IDENTIFIER,CONSTRUCTION OF 683 VARIOUS TYPE FAMILY QUARTERS AT GROUP CENTRE CRPF CHANDAULI,CPWD FOR MHA,,HOME AFFAIRS,Uttar Pradesh,05/2019,,01/2022,03/2023,199.31,,86.49,100.0,QPISR_QR_1st_2025-26.pdf,230,Table 7: Project List: Ongoing Projects,SUCCESS
2025-06,1519,,N16000429,ALTERNATE_IDENTIFIER,60 KTA POLYPROPYLENE PROJECT,GAIL,,PETROLEUM,Uttar Pradesh,03/2019,,04/2024,04/2024,910.56,1299.02,974.0,96.9,QPISR_QR_1st_2025-26.pdf,231,Table 7: Project List: Ongoing Projects,SUCCESS
2025-06,1520,,N16000505,ALTERNATE_IDENTIFIER,AUGMENTATION OF FACILITIES AT MATHURA BITUMEN PLANT,IOCL,,PETROLEUM,Uttar Pradesh,04/2022,,04/2025,12/2026,260.12,,1.07,25.0,QPISR_QR_1st_2025-26.pdf,231,Table 7: Project List: Ongoing Projects,SUCCESS
2025-06,1521,,N16000506,ALTERNATE_IDENTIFIER,GRASS-ROOT TERMINAL AT MIRZAPUR UTTAR PRADESH,IOCL,,PETROLEUM,Uttar Pradesh,09/2022,,06/2026,,980.45,,206.85,50.75,QPISR_QR_1st_2025-26.pdf,231,Table 7: Project List: Ongoing Projects,SUCCESS
2025-06,1522,,N16000525,ALTERNATE_IDENTIFIER,"CITY GAS DISTRIBUTION PROJECTS AT LAKHIMPUR KHERI , SITAPUR, BAHRAICH, SHRAVASTI,BALRAMPUR,",BPCL,,PETROLEUM,Uttar Pradesh,12/2022,,06/2030,,16654.0,,550.36,9.7,QPISR_QR_1st_2025-26.pdf,231,Table 7: Project List: Ongoing Projects,SUCCESS
2025-06,1523,,N18000272,ALTERNATE_IDENTIFIER,KHURJA SUPER THERMAL POWER PROJECT,THDCIL,,POWER,Uttar Pradesh,03/2019,,09/2023,,11089.42,13276.16,12580.53,96.0,QPISR_QR_1st_2025-26.pdf,231,Table 7: Project List: Ongoing Projects,SUCCESS
2025-06,1524,,N18000382,ALTERNATE_IDENTIFIER,"SINGRAULI SUPER THERMAL POWER PROJECT, STAGE-III (2X800 MW)",NTPC,,POWER,Uttar Pradesh,03/2024,,02/2030,,17195.31,,1569.79,0.5,QPISR_QR_1st_2025-26.pdf,231,Table 7: Project List: Ongoing Projects,SUCCESS
2025-06,1525,,N18000407,ALTERNATE_IDENTIFIER,TRANSMISSION SYSTEM FOR EVACUATION OF POWER FROM RAJASTHAN REZ PH-IV (PART- 4: 3.5 GW): PART A,PGCIL,,POWER,Uttar Pradesh,12/2024,,12/2026,,5846.0,,198.76,2.1,QPISR_QR_1st_2025-26.pdf,231,Table 7: Project List: Ongoing Projects,SUCCESS
2025-06,1526,,N18000423,ALTERNATE_IDENTIFIER,TRANSMISSION SYSTEM FOR STRENGTHENING TO FACILITATE EVACUATION OF POWER FROM BHADLA/BIKANER COMPLEX,PGCIL,,POWER,Uttar Pradesh,12/2024,,06/2026,,213.0,,,0.0,QPISR_QR_1st_2025-26.pdf,231,Table 7: Project List: Ongoing Projects,SUCCESS
2025-06,1527,,N22000401,ALTERNATE_IDENTIFIER,VARANASI-MODHOSINGH-ALLAHABAD DOUBLING,RVNL,,POWER,Uttar Pradesh,04/2015,,12/2024,,2018.23,,1780.22,100.0,QPISR_QR_1st_2025-26.pdf,231,Table 7: Project List: Ongoing Projects,SUCCESS
2025-06,1528,,N22000417,ALTERNATE_IDENTIFIER,2880.4,ECR,,POWER,Uttar Pradesh,08/2015,,08/2024,,2880.4,2880.4,3074.78,100.0,QPISR_QR_1st_2025-26.pdf,232,Table 7: Project List: Ongoing Projects,SUCCESS
2025-06,1529,,N22000419,ALTERNATE_IDENTIFIER,KARAILA ROAD - SHAKTINAGAR DOUBLING,ECR,,POWER,Uttar Pradesh,08/2015,,08/2024,,762.97,762.97,808.96,100.0,QPISR_QR_1st_2025-26.pdf,232,Table 7: Project List: Ongoing Projects,SUCCESS
2025-06,1530,,N22000468,ALTERNATE_IDENTIFIER,BURHWAL - GONDA - 3RD RUNNING LINE.,NER,,POWER,Uttar Pradesh,04/2016,,03/2025,,1015.59,,1277.57,52.0,QPISR_QR_1st_2025-26.pdf,232,Table 7: Project List: Ongoing Projects,SUCCESS
2025-06,1531,,N22000470,ALTERNATE_IDENTIFIER,"SHAHGANJ-BHATNI-PHEPHNA-INDARA, MAU- SHAHGANJ (EXCL. MAU-INDARA) PATCH DOUBLING.",NER,,POWER,Uttar Pradesh,04/2016,,12/2024,,1177.96,,2050.16,85.0,QPISR_QR_1st_2025-26.pdf,232,Table 7: Project List: Ongoing Projects,SUCCESS
2025-06,1532,,N22000495,ALTERNATE_IDENTIFIER,JHANSI MANIKPUR AND KHAIRAR BHIMSEN DOUBLING,NCR,,POWER,Uttar Pradesh,03/2018,,03/2026,,4329.53,,2125.66,50.0,QPISR_QR_1st_2025-26.pdf,232,Table 7: Project List: Ongoing Projects,SUCCESS
2025-06,1533,,N22000496,ALTERNATE_IDENTIFIER,JHANSI BINA DOUBLING,NCR,,POWER,Uttar Pradesh,09/2016,,03/2022,,2002.0,,1745.48,90.0,QPISR_QR_1st_2025-26.pdf,232,Table 7: Project List: Ongoing Projects,SUCCESS
2025-06,1534,,N22000501,ALTERNATE_IDENTIFIER,MATHURA-JHANSI-3RD LINE (273.80 KM),RVNL,,POWER,Uttar Pradesh,06/2016,,12/2024,,5323.39,,5046.07,0.0,QPISR_QR_1st_2025-26.pdf,232,Table 7: Project List: Ongoing Projects,SUCCESS
2025-06,1535,,N22000525,ALTERNATE_IDENTIFIER,SURFACE TRIANGLE LINE BETWEEN BHADURA STATION AND NEW CROSSING STN KARMA DOUBLING,ECR,,POWER,Uttar Pradesh,10/2022,,10/2027,,199.96,,55.09,0.0,QPISR_QR_1st_2025-26.pdf,232,Table 7: Project List: Ongoing Projects,SUCCESS
2025-06,1536,,N22000544,ALTERNATE_IDENTIFIER,MUGHALSARAI - ALLAHABAD - 3RD LINE,NCR,,POWER,Uttar Pradesh,08/2019,,12/2026,,2649.44,,83.1,55.0,QPISR_QR_1st_2025-26.pdf,232,Table 7: Project List: Ongoing Projects,SUCCESS
2025-06,1537,,N22000545,ALTERNATE_IDENTIFIER,ALIGARH-HARDUAGANJ FLYOVER (22 KM),NCR,,POWER,Uttar Pradesh,04/2020,,06/2026,,1456.89,1244.13,10.14,8.2,QPISR_QR_1st_2025-26.pdf,233,Table 7: Project List: Ongoing Projects,SUCCESS
2025-06,1538,,N22000546,ALTERNATE_IDENTIFIER,LALITPUR - BIRARI WITH FLYOVER AT LALITPUR,NCR,,POWER,Uttar Pradesh,03/2017,,12/2024,,356.09,,213.97,65.0,QPISR_QR_1st_2025-26.pdf,233,Table 7: Project List: Ongoing Projects,SUCCESS
2025-06,1539,,N22000562,ALTERNATE_IDENTIFIER,ALIGARH-DAUD KHAN - 3RD LINE 6.9 KM AND CONSTRUCTION OF FLYOVER AT DAUD KHAN,NCR,,POWER,Uttar Pradesh,04/2019,,12/2025,,451.99,779.49,122.08,44.0,QPISR_QR_1st_2025-26.pdf,233,Table 7: Project List: Ongoing Projects,SUCCESS
2025-06,1540,,N22000563,ALTERNATE_IDENTIFIER,ALLAHABAD-BAMHRAULI - 4TH LINE (10 KM) WITH FLY-OVER AT SUBEDARGANJ,NCR,,POWER,Uttar Pradesh,04/2019,,03/2026,,494.11,,42.61,42.0,QPISR_QR_1st_2025-26.pdf,233,Table 7: Project List: Ongoing Projects,SUCCESS
2025-06,1541,,N22000564,ALTERNATE_IDENTIFIER,BHANDAI - FLYOVER FOR ETAWAH BOUND DOWN TRAINS,NCR,,POWER,Uttar Pradesh,04/2019,,12/2025,,187.21,,1.29,8.0,QPISR_QR_1st_2025-26.pdf,233,Table 7: Project List: Ongoing Projects,SUCCESS
2025-06,1542,,N22000565,ALTERNATE_IDENTIFIER,SAHJANWA - DOHRIGHAT,NER,,POWER,Uttar Pradesh,08/2019,,03/2029,,371.77,,577.85,5.0,QPISR_QR_1st_2025-26.pdf,233,Table 7: Project List: Ongoing Projects,SUCCESS
2025-06,1543,,N22000566,ALTERNATE_IDENTIFIER,BAHRAICH - NANPARA -NEPALGANJ (56.15 KM),NER,,POWER,Uttar Pradesh,07/2020,,12/2024,,950.0,,424.74,25.0,QPISR_QR_1st_2025-26.pdf,233,Table 7: Project List: Ongoing Projects,SUCCESS
2025-06,1544,,N22000569,ALTERNATE_IDENTIFIER,BAHRAICH SRAVASTI BALRAMPUR (TULSIPUR),NER,,POWER,Uttar Pradesh,10/2018,,10/2030,,4939.78,,1334.98,7.5,QPISR_QR_1st_2025-26.pdf,233,Table 7: Project List: Ongoing Projects,SUCCESS
2025-06,1545,,N22000583,ALTERNATE_IDENTIFIER,JANGHAI PRATAPGARH AMETHI DOUBLING,NR,,POWER,Uttar Pradesh,11/2017,,03/2025,,721.72,,58.98,70.0,QPISR_QR_1st_2025-26.pdf,233,Table 7: Project List: Ongoing Projects,SUCCESS
2025-06,1546,,N22000590,ALTERNATE_IDENTIFIER,BARABANKI MALHAUR 3RD AND 4TH LINE (32.84 KM),NR,,POWER,Uttar Pradesh,01/2019,,03/2025,01/2026,323.85,,18.91,59.0,QPISR_QR_1st_2025-26.pdf,234,Table 7: Project List: Ongoing Projects,SUCCESS
2025-06,1547,,N22000591,ALTERNATE_IDENTIFIER,DOUBLING BETWEEN JAUNPUR JN- ZAFFARABAD (6.28 KM),NR,,POWER,Uttar Pradesh,03/2023,,12/2026,,177.33,,0.89,10.0,QPISR_QR_1st_2025-26.pdf,234,Table 7: Project List: Ongoing Projects,SUCCESS
2025-06,1548,,N22000596,ALTERNATE_IDENTIFIER,JANGHAI-PHAPHAMAU - DOUBLING WITH ELECTRIFICATION (46.79 KM),RVNL,,POWER,Uttar Pradesh,11/2018,,03/2025,,357.48,,362.09,0.0,QPISR_QR_1st_2025-26.pdf,234,Table 7: Project List: Ongoing Projects,SUCCESS
2025-06,1549,,N22000598,ALTERNATE_IDENTIFIER,BHATNI - AUNRIHAR WITH ELECTRIFICATION (125 KM) (EXCL INDARA - MAU (116.95 KM)),RVNL,,POWER,Uttar Pradesh,05/2018,,12/2024,,2529.46,,1636.33,0.0,QPISR_QR_1st_2025-26.pdf,234,Table 7: Project List: Ongoing Projects,SUCCESS
2025-06,1550,,N22000612,ALTERNATE_IDENTIFIER,MATHURA - VRINDAVAN (11 KM),NCR,,POWER,Uttar Pradesh,08/2022,,06/2025,,402.88,,,0.0,QPISR_QR_1st_2025-26.pdf,234,Table 7: Project List: Ongoing Projects,SUCCESS
2025-06,1551,,N22000613,ALTERNATE_IDENTIFIER,DOMINGARH - GORAKHPUR - GORAKHPUR CANTT - KUSUMHI - 3RD RUNNING LINE (21.15 KM),NER,,POWER,Uttar Pradesh,11/2016,,02/2025,,351.03,,494.01,86.5,QPISR_QR_1st_2025-26.pdf,234,Table 7: Project List: Ongoing Projects,SUCCESS
2025-06,1552,,N24001306,ALTERNATE_IDENTIFIER,TWO / FOUR LANING OF RAEBARELI - JAGDISHPUR SECTION OF NH-330A FROM KM. 0.000 TO KM. 47.800 (DESIGN,NHAI,,ROAD TRANSPORT AND HIGHWAYS,Uttar Pradesh,10/2020,,03/2023,,724.6,,569.96,96.0,QPISR_QR_1st_2025-26.pdf,234,Table 7: Project List: Ongoing Projects,SUCCESS
2025-06,1553,,N24001421,ALTERNATE_IDENTIFIER,CONSTRUCTION OF 6 LANE BRIDGE ON GANGA ON NH-96 AND ITS APPROACHES IN PHAPHAMAU ALLAHABAD ON EPC MOD,MoRTH,,ROAD TRANSPORT AND HIGHWAYS,Uttar Pradesh,07/2018,,02/2024,,1948.25,,1146.61,79.0,QPISR_QR_1st_2025-26.pdf,234,Table 7: Project List: Ongoing Projects,SUCCESS
2025-06,1554,,N24001424,ALTERNATE_IDENTIFIER,CONSTRUCTION OF FOUR-LANE ELEVATED VIADUCT FROM KM.4+634 TO KM.6+345 ON NH- 24A INCLUDING RETAINING W,MoRTH,,ROAD TRANSPORT AND HIGHWAYS,Uttar Pradesh,03/2021,,09/2023,,185.09,269.81,266.35,100.0,QPISR_QR_1st_2025-26.pdf,234,Table 7: Project List: Ongoing Projects,SUCCESS
2025-06,1555,,N24001456,ALTERNATE_IDENTIFIER,REHABILITATION AND UPGRADATION TO 2 LANE WITH PS OF RADHAITA TO PILIBHIT SECTION OF 46.130 KM,MoRTH,,ROAD TRANSPORT AND HIGHWAYS,Uttar Pradesh,04/2020,,02/2024,,199.39,212.96,200.01,100.0,QPISR_QR_1st_2025-26.pdf,235,Table 7: Project List: Ongoing Projects,SUCCESS
2025-06,1556,,N24001457,ALTERNATE_IDENTIFIER,REHABILITATION AND UPGRADATION TO 2 LANE WITH PS OF MIRANPUR KATRA TO RADHAITA SECTION OF NH-730C F,MoRTH,,ROAD TRANSPORT AND HIGHWAYS,Uttar Pradesh,04/2020,,07/2024,,172.5,169.56,106.06,76.0,QPISR_QR_1st_2025-26.pdf,235,Table 7: Project List: Ongoing Projects,SUCCESS
2025-06,1557,,N24001461,ALTERNATE_IDENTIFIER,2-LANE WITH PS OF BEWAR TO NEAR KARRI VILLAGE SECTION OF NH-92 FROM KM.0.00 TO 30.00 UNDER GNHCP,MoRTH,,ROAD TRANSPORT AND HIGHWAYS,Uttar Pradesh,04/2020,,03/2024,,236.47,,145.95,88.0,QPISR_QR_1st_2025-26.pdf,235,Table 7: Project List: Ongoing Projects,SUCCESS
2025-06,1558,,N24001462,ALTERNATE_IDENTIFIER,2-LANE WITH PS OF NEAR KARRI VILLAGE TO ETAWAH SECTION OF NH-92 FROM KM.30.000 TO 57.346 UNDER GNHCP,MoRTH,,ROAD TRANSPORT AND HIGHWAYS,Uttar Pradesh,04/2020,,07/2024,,211.09,,147.58,96.0,QPISR_QR_1st_2025-26.pdf,235,Table 7: Project List: Ongoing Projects,SUCCESS
2025-06,1559,,N24001464,ALTERNATE_IDENTIFIER,PROJECTS- REHABILITATION AND UPGRADATION OF NH-731A FROM KM 0.00 TO KM.35.00,MoRTH,,ROAD TRANSPORT AND HIGHWAYS,Uttar Pradesh,03/2021,,08/2023,,264.86,,129.12,84.0,QPISR_QR_1st_2025-26.pdf,235,Table 7: Project List: Ongoing Projects,SUCCESS
2025-06,1560,,N24001469,ALTERNATE_IDENTIFIER,IMPROVEMENT AND UPGRADATION TO TWO LANE WITH PAVED SHOULDER CONFIGURATION FROM EXISTING KM 55.00 TO,MoRTH,,ROAD TRANSPORT AND HIGHWAYS,Uttar Pradesh,11/2021,,05/2024,,307.11,,199.38,91.0,QPISR_QR_1st_2025-26.pdf,235,Table 7: Project List: Ongoing Projects,SUCCESS
2025-06,1561,,N24001471,ALTERNATE_IDENTIFIER,R/U TO 2-LANE WITH PS OF BEWAR TO ALLAHGANJ SECTION OF NH-730C FROM KM.0.00 TO 52.770 UNDER GNHCP,MoRTH,,ROAD TRANSPORT AND HIGHWAYS,Uttar Pradesh,04/2020,,11/2024,,325.24,340.16,284.35,98.0,QPISR_QR_1st_2025-26.pdf,235,Table 7: Project List: Ongoing Projects,SUCCESS
2025-06,1562,,N24001479,ALTERNATE_IDENTIFIER,WIDENING AND UPGRADATION TO FOUR LANE CONFIGURATION FROM KM.34.900 (BHADOHI) TO KM.73.134 (JAUNPUR),MoRTH,,ROAD TRANSPORT AND HIGHWAYS,Uttar Pradesh,03/2021,,05/2024,,395.62,392.03,281.93,76.0,QPISR_QR_1st_2025-26.pdf,235,Table 7: Project List: Ongoing Projects,SUCCESS
2025-06,1563,,N24001480,ALTERNATE_IDENTIFIER,WIDENING AND STRENGTHENING FROM KM 0.00 TO KM 15.089 OF NH-334A (PURKAJI- LAKSAR-HARIDWAR ROAD) TO TW,MoRTH,,ROAD TRANSPORT AND HIGHWAYS,Uttar Pradesh,10/2021,,04/2024,,227.06,,141.89,100.0,QPISR_QR_1st_2025-26.pdf,236,Table 7: Project List: Ongoing Projects,SUCCESS
2025-06,1564,,N24001523,ALTERNATE_IDENTIFIER,6L ACCESS-CONTROLLED HIGHWAY FROM (GANESHPUR) TO(NEAR MOHAND) OF GANESHPUR ? DEHRADUN SECTION FROM K,NHAI,,ROAD TRANSPORT AND HIGHWAYS,Uttar Pradesh,03/2021,,10/2023,07/2025,836.24,,792.55,98.85,QPISR_QR_1st_2025-26.pdf,236,Table 7: Project List: Ongoing Projects,SUCCESS
2025-06,1565,,N24001524,ALTERNATE_IDENTIFIER,6L OF ACCESS-CONTROLLED HIGHWAY FROM MOHAND TO DAAT KALI TUNNEL OF GANESHPUR ? DEHRADUN SECTION FROM,NHAI,,ROAD TRANSPORT AND HIGHWAYS,Uttar Pradesh,03/2021,,10/2023,07/2025,990.28,,997.62,98.89,QPISR_QR_1st_2025-26.pdf,236,Table 7: Project List: Ongoing Projects,SUCCESS
2025-06,1566,,N24001587,ALTERNATE_IDENTIFIER,WIDENING AND STRENGTHENING OF SECTION FROM BHARTHANA CHOWK TO KODARKOOT (KM. 0.00 TO KM. 40.00) OF,MoRTH,,ROAD TRANSPORT AND HIGHWAYS,Uttar Pradesh,03/2020,,09/2024,,262.37,343.77,278.92,85.0,QPISR_QR_1st_2025-26.pdf,236,Table 7: Project List: Ongoing Projects,SUCCESS
2025-06,1567,,N24001726,ALTERNATE_IDENTIFIER,4L SPUR OF SHAMLI-MUZZAFARNAGAR CONNECTING NH-709AD (PANIPAT-SHAMLI- MUZAFFARNAGAR) AND NH-58 (MEERUT,NHAI,,ROAD TRANSPORT AND HIGHWAYS,Uttar Pradesh,01/2023,,08/2024,,391.26,,14.12,80.3,QPISR_QR_1st_2025-26.pdf,236,Table 7: Project List: Ongoing Projects,SUCCESS
2025-06,1568,,N24001727,ALTERNATE_IDENTIFIER,"IMPROVEMENT AND UP-GRADATION OF EXISTING ROAD TO 2/4L PS FROM KM 40.000 TO 88.750, START OF KHUTAR B",NHAI,,ROAD TRANSPORT AND HIGHWAYS,Uttar Pradesh,03/2022,,02/2025,,762.62,,571.23,95.5,QPISR_QR_1st_2025-26.pdf,236,Table 7: Project List: Ongoing Projects,SUCCESS
2025-06,1569,,N24001728,ALTERNATE_IDENTIFIER,"IMPROVEMENT AND UP-GRADATION OF EXISTING ROAD TO 4L PS FROM KM 175.080 TO 229.070, FROM END OF HARDO",NHAI,,ROAD TRANSPORT AND HIGHWAYS,Uttar Pradesh,12/2021,,07/2025,,1138.81,,528.1,99.82,QPISR_QR_1st_2025-26.pdf,236,Table 7: Project List: Ongoing Projects,SUCCESS
2025-06,1570,,N24001729,ALTERNATE_IDENTIFIER,4L SPUR OF PANIPAT - SHAMLI CONNECTING NH-709AD (PANIPAT ? SHAMLI ? MUZAFFARNAGAR) AND NH-709A (KARN,NHAI,,ROAD TRANSPORT AND HIGHWAYS,Uttar Pradesh,08/2022,,04/2024,,326.79,,113.42,98.5,QPISR_QR_1st_2025-26.pdf,236,Table 7: Project List: Ongoing Projects,SUCCESS
2025-06,1571,,N24001730,ALTERNATE_IDENTIFIER,4L FROM GAJU VILLAGE AT KM 32.982 TO DEVINAGAR BYPASS (END) AT KM 208.000 OF NH 530B (PKG 1C),NHAI,,ROAD TRANSPORT AND HIGHWAYS,Uttar Pradesh,12/2021,,01/2025,,1384.79,,657.94,97.98,QPISR_QR_1st_2025-26.pdf,237,Table 7: Project List: Ongoing Projects,SUCCESS
2025-06,1572,,N24001731,ALTERNATE_IDENTIFIER,6L GREENFIELD KANPUR - LUCKNOW (EXPRESSWAY) PKG II FROM KM. 28.500 TO KM. 73.744,NHAI,,ROAD TRANSPORT AND HIGHWAYS,Uttar Pradesh,12/2021,,05/2025,05/2025,2470.64,,691.28,94.68,QPISR_QR_1st_2025-26.pdf,237,Table 7: Project List: Ongoing Projects,SUCCESS
2025-06,1573,,N24001732,ALTERNATE_IDENTIFIER,"IMPROVEMENT AND UP-GRADATION OF EXISTING ROAD TO 4L PS FROM KM 229.070 TO 260.800, END OF HARDOI DIS",NHAI,,ROAD TRANSPORT AND HIGHWAYS,Uttar Pradesh,12/2021,,10/2024,,540.97,,314.76,94.76,QPISR_QR_1st_2025-26.pdf,237,Table 7: Project List: Ongoing Projects,SUCCESS
2025-06,1574,,N24001733,ALTERNATE_IDENTIFIER,6L ACCESS CONTROLLED GREENFIELD HIGHWAY OF JUNCTION OF EPE (VILL.- MAVIKALAN) TO VILL.-LOHADDA FROM K,NHAI,,ROAD TRANSPORT AND HIGHWAYS,Uttar Pradesh,03/2022,,08/2024,,1602.48,,454.77,94.0,QPISR_QR_1st_2025-26.pdf,237,Table 7: Project List: Ongoing Projects,SUCCESS
2025-06,1575,,N24001734,ALTERNATE_IDENTIFIER,6L ACCESS CONTROL GREENFIELD HIGHWAY OF VILL-LOHADDA TO VILL-KARAUNDA MAHAJAN FROM KM. 27.000 TO KM.,NHAI,,ROAD TRANSPORT AND HIGHWAYS,Uttar Pradesh,03/2022,,08/2024,,1335.45,,480.89,85.02,QPISR_QR_1st_2025-26.pdf,237,Table 7: Project List: Ongoing Projects,SUCCESS
2025-06,1576,,N24001735,ALTERNATE_IDENTIFIER,6L ACCESS CONTROL GREENFIELD HIGHWAY OF VILL-KHYAWARI TO VILL-LATIFPUR AT SAHARANPUR BYPASS FROM KM,NHAI,,ROAD TRANSPORT AND HIGHWAYS,Uttar Pradesh,03/2022,,08/2024,,1428.19,,544.15,89.5,QPISR_QR_1st_2025-26.pdf,237,Table 7: Project List: Ongoing Projects,SUCCESS
2025-06,1577,,N24001736,ALTERNATE_IDENTIFIER,6L ACCESS CONTROL GREENFIELD HIGHWAY OF VILL-KARAUNDA MAHAJAN TO VILL- KHYAWARI FROM KM. 56.500 TO K,NHAI,,ROAD TRANSPORT AND HIGHWAYS,Uttar Pradesh,01/2022,,08/2024,,1159.96,,515.8,98.69,QPISR_QR_1st_2025-26.pdf,237,Table 7: Project List: Ongoing Projects,SUCCESS
2025-06,1578,,N24001737,ALTERNATE_IDENTIFIER,"4LPS OF MUZAFFARNAGAR TO MIRANPUR SECTION OF NH-709AD, PKG-III",NHAI,,ROAD TRANSPORT AND HIGHWAYS,Uttar Pradesh,11/2021,,04/2024,,923.15,,455.61,100.0,QPISR_QR_1st_2025-26.pdf,237,Table 7: Project List: Ongoing Projects,SUCCESS
2025-06,1579,,N24001738,ALTERNATE_IDENTIFIER,"2LPS OF BIJNOR TO KOTAWALI SECTION OF NH-709AD, PKG-IV",NHAI,,ROAD TRANSPORT AND HIGHWAYS,Uttar Pradesh,09/2021,,10/2023,12/2024,300.79,,122.56,80.61,QPISR_QR_1st_2025-26.pdf,237,Table 7: Project List: Ongoing Projects,SUCCESS
2025-06,1580,,N24001739,ALTERNATE_IDENTIFIER,REHABILITATION and UPGRADATION FROM 2 LANE TO 4 LANE OF NH STRETCH UNDER BHARATMALA PARIYOJANA FOR U,NHAI,,ROAD TRANSPORT AND HIGHWAYS,Uttar Pradesh,10/2019,,11/2023,12/2024,1779.83,,1066.0,100.0,QPISR_QR_1st_2025-26.pdf,238,Table 7: Project List: Ongoing Projects,SUCCESS
2025-06,1581,,N24001744,ALTERNATE_IDENTIFIER,"4L OF SHAMLI BYAPSS- SAHARANPUR FROM KM 92.2 TO KM 155.025 SECTION OF NH-709B, PKG-II",NHAI,,ROAD TRANSPORT AND HIGHWAYS,Uttar Pradesh,05/2019,,11/2022,,779.17,,71.39,98.5,QPISR_QR_1st_2025-26.pdf,238,Table 7: Project List: Ongoing Projects,SUCCESS
2025-06,1582,,N24001745,ALTERNATE_IDENTIFIER,KANPUR LUCKNOW EXPRESSWAY PKG-1 CONSTRUCTION OF 6-LANE TO EIGHT LANE OF KANPUR LUCKNOW EXPRESSWAY (N,NHAI,,ROAD TRANSPORT AND HIGHWAYS,Uttar Pradesh,12/2021,,07/2025,07/2025,1972.1,,504.87,67.0,QPISR_QR_1st_2025-26.pdf,238,Table 7: Project List: Ongoing Projects,SUCCESS
2025-06,1583,,N24001746,ALTERNATE_IDENTIFIER,2-LANE EXISTING RAMPUR BYPASS OF RAMPUR TO BE DEVELOPED TO 4-LANE ON EPC MODE IN THE STATE OF UTTAR,NHAI,,ROAD TRANSPORT AND HIGHWAYS,Uttar Pradesh,03/2021,,04/2024,07/2025,364.47,,209.19,92.98,QPISR_QR_1st_2025-26.pdf,238,Table 7: Project List: Ongoing Projects,SUCCESS
2025-06,1584,,N24001753,ALTERNATE_IDENTIFIER,4 LANING OF NAJIBABAD BYPASS OF NH-119 FROM KM. 105.423 TO KM. 118.373 (EXCLUDING 2.45 KM. OF NH-74,NHAI,,ROAD TRANSPORT AND HIGHWAYS,Uttar Pradesh,02/2022,,06/2024,06/2025,570.98,570.98,424.98,97.49,QPISR_QR_1st_2025-26.pdf,238,Table 7: Project List: Ongoing Projects,SUCCESS
2025-06,1585,,N24001754,ALTERNATE_IDENTIFIER,SPUR OF MEERUT-GARH-MUKTESHWAR SECTION(NH-709A) CONNECTING NH-119 AND NH-58 BYPASSING MEERUT TOWN,NHAI,,ROAD TRANSPORT AND HIGHWAYS,Uttar Pradesh,01/2022,,10/2024,,953.79,,384.66,71.02,QPISR_QR_1st_2025-26.pdf,238,Table 7: Project List: Ongoing Projects,SUCCESS
2025-06,1586,,N24001755,ALTERNATE_IDENTIFIER,4-LANING OF MEERUT NAJIBABAD SECTION FROM KM. 11.500 TO KM 39.250 AND KM 86.590 TO KM. 112.545.IN TH,NHAI,,ROAD TRANSPORT AND HIGHWAYS,Uttar Pradesh,10/2019,,03/2023,12/2024,1936.68,,1380.9,100.0,QPISR_QR_1st_2025-26.pdf,238,Table 7: Project List: Ongoing Projects,SUCCESS
2025-06,1587,,N24001772,ALTERNATE_IDENTIFIER,4 LANE CONNECTOR FROM DELHI MEERUT EXPRESSWAY KM 50.000 TO KM 8.520 OF NH 235 IN THE STATE OF UTTAR,NHAI,,ROAD TRANSPORT AND HIGHWAYS,Uttar Pradesh,08/2021,,03/2024,12/2024,1147.26,,172.34,60.0,QPISR_QR_1st_2025-26.pdf,238,Table 7: Project List: Ongoing Projects,SUCCESS
2025-06,1588,,N24001815,ALTERNATE_IDENTIFIER,"4L BYPASSES FOR JAGATPUR, B4ABUGANJ, UNCHAHAR, ALAPUR BYPASS, AND SAI RIVER BRIDGE OF RAEBARELI- PRA",NHAI,,ROAD TRANSPORT AND HIGHWAYS,Uttar Pradesh,12/2022,,11/2024,,1699.0,1078.0,1033.72,100.0,QPISR_QR_1st_2025-26.pdf,239,Table 7: Project List: Ongoing Projects,SUCCESS
2025-06,1589,,N24001826,ALTERNATE_IDENTIFIER,VARANASI RING ROAD (PKG-II) CONNECTING SANDAHA VILLAGE (KM 11.70 / NH-29) WITH REVASA VILLAGE (KM 81,NHAI,,ROAD TRANSPORT AND HIGHWAYS,Uttar Pradesh,02/2019,,02/2022,06/2025,927.77,,1202.77,91.25,QPISR_QR_1st_2025-26.pdf,239,Table 7: Project List: Ongoing Projects,SUCCESS
2025-06,1590,,N24001830,ALTERNATE_IDENTIFIER,SIX LANE ACCESS CONTROLLED OF DELHI SAHARANPUR HIGHWAY FROM DELHI UP BORDER TO EPE JUNCTION CH.14.75,NHAI,,ROAD TRANSPORT AND HIGHWAYS,Uttar Pradesh,06/2020,,11/2023,12/2024,2002.79,,1989.85,99.0,QPISR_QR_1st_2025-26.pdf,239,Table 7: Project List: Ongoing Projects,SUCCESS
2025-06,1591,,N24001851,ALTERNATE_IDENTIFIER,4L FROM MATHURA BYPASS (START) AT EXISTING KM. 154.20 OF NH-44 TO GAJU VILLAGE AT KM 32.982 OF NH-53,NHAI,,ROAD TRANSPORT AND HIGHWAYS,Uttar Pradesh,01/2022,,03/2025,,1738.2,,742.13,65.0,QPISR_QR_1st_2025-26.pdf,239,Table 7: Project List: Ongoing Projects,SUCCESS
2025-06,1592,,N24001852,ALTERNATE_IDENTIFIER,6L OF AGRA BYPASS (NORTHERN) CONNECTING KM. 174.500 OF NH-2 (NEW NH- 19) TO KM. 141.000 OF YAMUNA EXP,NHAI,,ROAD TRANSPORT AND HIGHWAYS,Uttar Pradesh,10/2021,,02/2025,,957.62,,832.8,86.0,QPISR_QR_1st_2025-26.pdf,239,Table 7: Project List: Ongoing Projects,SUCCESS
2025-06,1593,,N24001853,ALTERNATE_IDENTIFIER,CONSTRUCTION OF LEFT OUT PORTION OF AGRA INNER RING ROAD CONNECTING VILLAGE DEORI TO NH-44 VILLAGE B,NHAI,,ROAD TRANSPORT AND HIGHWAYS,Uttar Pradesh,10/2021,,09/2024,03/2025,772.05,,593.39,67.5,QPISR_QR_1st_2025-26.pdf,239,Table 7: Project List: Ongoing Projects,SUCCESS
2025-06,1594,,N24001929,ALTERNATE_IDENTIFIER,CONSTRUCTION OF 4-LANE GREEN FIELD HIGHWAY FROM KM. 35.000 TO KM. 49.155 OF NH-731A WITH PAVED SHOUL,MoRTH,,ROAD TRANSPORT AND HIGHWAYS,Uttar Pradesh,01/2022,,10/2025,,697.66,,318.82,98.0,QPISR_QR_1st_2025-26.pdf,239,Table 7: Project List: Ongoing Projects,SUCCESS
2025-06,1595,,N24001992,ALTERNATE_IDENTIFIER,BALANCE WORKS OF 4-LANNING OF RAMPUR- KATHGODAM SECTION OF NH-87 (NEW NH NO. 09) FROM KM. 0.000 (KM 1,NHAI,,ROAD TRANSPORT AND HIGHWAYS,Uttar Pradesh,08/2022,,02/2024,07/2025,199.31,244.26,190.1,97.62,QPISR_QR_1st_2025-26.pdf,239,Table 7: Project List: Ongoing Projects,SUCCESS
2025-06,1596,,N24001996,ALTERNATE_IDENTIFIER,CONSTRUCTION OF TWO LANE WITH PAVED SHOULDER HIGHWAY FROM DESIGN CH.0.000 TO CH.49.2OO OF NH-731B ON,MoRTH,,ROAD TRANSPORT AND HIGHWAYS,Uttar Pradesh,03/2022,,11/2025,,640.18,602.76,487.39,81.0,QPISR_QR_1st_2025-26.pdf,240,Table 7: Project List: Ongoing Projects,SUCCESS
2025-06,1597,,N24001997,ALTERNATE_IDENTIFIER,CONSTRUCTION OF SHOHRATGARH BYPASS ON NH-730 UNDER EPC MODE IN THE STATE OF UTTAR PRADESH,MoRTH,,ROAD TRANSPORT AND HIGHWAYS,Uttar Pradesh,10/2022,,05/2025,,189.31,,59.91,22.0,QPISR_QR_1st_2025-26.pdf,240,Table 7: Project List: Ongoing Projects,SUCCESS
2025-06,1598,,N24002015,ALTERNATE_IDENTIFIER,IMPROVEMENT AND UPGRADATION TO TWO LANE WITH PAVED SHOULDER CONFIGURATION FROM EXISTING KM 90.00 TO,MoRTH,,ROAD TRANSPORT AND HIGHWAYS,Uttar Pradesh,11/2021,,06/2025,,403.36,328.49,150.57,73.0,QPISR_QR_1st_2025-26.pdf,240,Table 7: Project List: Ongoing Projects,SUCCESS
2025-06,1599,,N24002016,ALTERNATE_IDENTIFIER,CONSTRUCTION OF PRATAPGARH BYPASS (EXTENSION) CONNECTING NH-31 TO NH-330,MoRTH,,ROAD TRANSPORT AND HIGHWAYS,Uttar Pradesh,10/2022,,06/2025,,225.17,,96.56,55.0,QPISR_QR_1st_2025-26.pdf,240,Table 7: Project List: Ongoing Projects,SUCCESS
2025-06,1600,,N24002029,ALTERNATE_IDENTIFIER,WIDENING TO FOUR LANE WITH PAVED SHOULDER FROM DESIGN KM.49.200 TO KM.89.285 OF NH-731B ON EPC MODE,MoRTH,,ROAD TRANSPORT AND HIGHWAYS,Uttar Pradesh,03/2022,,01/2026,,917.91,956.3,615.53,47.0,QPISR_QR_1st_2025-26.pdf,240,Table 7: Project List: Ongoing Projects,SUCCESS
2025-06,1601,,N24002031,ALTERNATE_IDENTIFIER,CONSTRUCTION OF TWO LANE WITH PAVED SHOULDER FROM EXISTING KM.0.000 TO KM.55.610 (DESIGN KM. 0.000 T,MoRTH,,ROAD TRANSPORT AND HIGHWAYS,Uttar Pradesh,12/2021,,02/2026,,840.93,773.58,524.04,44.0,QPISR_QR_1st_2025-26.pdf,240,Table 7: Project List: Ongoing Projects,SUCCESS
2025-06,1602,,N24002032,ALTERNATE_IDENTIFIER,CONSTRUCTION OF 4-LANE HIGHWAY WITH PAVED SHOULDERS FROM KM 49.155 TO KM 74.700 OF NH-731A ON HYBRID,MoRTH,,ROAD TRANSPORT AND HIGHWAYS,Uttar Pradesh,01/2022,,01/2026,,1156.72,,407.2,70.0,QPISR_QR_1st_2025-26.pdf,240,Table 7: Project List: Ongoing Projects,SUCCESS
2025-06,1603,,N24002036,ALTERNATE_IDENTIFIER,DEVELOPMENT OF SIX-LANE ACCESS CONTROLLED HIGHWAY FROM GOGWAN JALALPUR (SHAMLI DISTRICT) TO RANIPUR,NHAI,,ROAD TRANSPORT AND HIGHWAYS,Uttar Pradesh,04/2022,,05/2025,,1843.59,,843.87,50.2,QPISR_QR_1st_2025-26.pdf,240,Table 7: Project List: Ongoing Projects,SUCCESS
2025-06,1604,,N24002073,ALTERNATE_IDENTIFIER,GARHMUKTESHWAR (KM. 83.200 OF NH-24) TO MEERUT (KM. 9.860 OF NH-235) INCLUDING CONNECTOR TO NH-119,NHAI,,ROAD TRANSPORT AND HIGHWAYS,Uttar Pradesh,10/2019,,10/2023,,2068.99,2171.0,209.6,53.08,QPISR_QR_1st_2025-26.pdf,241,Table 7: Project List: Ongoing Projects,SUCCESS
2025-06,1605,,N24002085,ALTERNATE_IDENTIFIER,WIDENING OF RAEBARELI TO PRAYAGRAJ SECTION FROM KM. 82.650 TO KM. 161.450 OF NH-30 AND LINK ROAD FRO,NHAI,,ROAD TRANSPORT AND HIGHWAYS,Uttar Pradesh,11/2023,,03/2025,,1470.93,,1088.3,100.0,QPISR_QR_1st_2025-26.pdf,241,Table 7: Project List: Ongoing Projects,SUCCESS
2025-06,1606,,N24002086,ALTERNATE_IDENTIFIER,CONSTRUCTION OF FOUR LANE HIGHWAY FORM GHAZIPUR BALLIA UP BIHAR STATE BORDER (GREENFIELD) SECTION OF,NHAI,,ROAD TRANSPORT AND HIGHWAYS,Uttar Pradesh,10/2022,,07/2025,,1706.47,,719.13,77.25,QPISR_QR_1st_2025-26.pdf,241,Table 7: Project List: Ongoing Projects,SUCCESS
2025-06,1607,,N24002087,ALTERNATE_IDENTIFIER,CONSTRUCTION OF FOUR LANE HIGHWAY FROM GHAZIPUR BALLIA UP BIHAR STATE BORDER (GREENFIELD) SECTION OF,NHAI,,ROAD TRANSPORT AND HIGHWAYS,Uttar Pradesh,10/2022,,10/2025,,1493.14,,93.3,66.0,QPISR_QR_1st_2025-26.pdf,241,Table 7: Project List: Ongoing Projects,SUCCESS
2025-06,1608,,N24002088,ALTERNATE_IDENTIFIER,CONSTRUCTION OF FOUR LANE HIGHWAY FROM GHAZIPUR BALLIA UP BIHAR STATE BORDER (GREENFIELD) SECTION OF,NHAI,,ROAD TRANSPORT AND HIGHWAYS,Uttar Pradesh,10/2022,,08/2025,,1493.5,,492.86,58.0,QPISR_QR_1st_2025-26.pdf,241,Table 7: Project List: Ongoing Projects,SUCCESS
2025-06,1609,,N24002089,ALTERNATE_IDENTIFIER,CONSTRUCTION OF FOUR LANE HIGHWAY FROM GHAZIPUR BALLIA UP BIHAR STATE BORDER GREENFIELD SECTION OF N,NHAI,,ROAD TRANSPORT AND HIGHWAYS,Uttar Pradesh,10/2022,,06/2025,,617.87,,106.2,72.0,QPISR_QR_1st_2025-26.pdf,241,Table 7: Project List: Ongoing Projects,SUCCESS
2025-06,1610,,N24002090,ALTERNATE_IDENTIFIER,CONSTRUCTION OF FOUR-LANE ?WESTERN SIDE SPUR OF RAMPUR-RUDRAPUR SECTION CONNECTING NH-24 TO NH-87 BY,NHAI,,ROAD TRANSPORT AND HIGHWAYS,Uttar Pradesh,03/2021,,11/2024,12/2025,646.27,,110.65,52.09,QPISR_QR_1st_2025-26.pdf,241,Table 7: Project List: Ongoing Projects,SUCCESS
2025-06,1611,,N24002093,ALTERNATE_IDENTIFIER,"IMPROVEMENT , UP-GRADATION OF NH-734 SECTION OF MORADABAD - THAKURDWARA - KASHIPUR: ?PACKAGE-I: MORA",NHAI,,ROAD TRANSPORT AND HIGHWAYS,Uttar Pradesh,10/2022,,09/2025,,1841.92,,449.98,54.4,QPISR_QR_1st_2025-26.pdf,241,Table 7: Project List: Ongoing Projects,SUCCESS
2025-06,1612,,N24002094,ALTERNATE_IDENTIFIER,"IMPROVEMENT AND UP-GRADATION OF EXISTING ROAD TO 4L PS FROM KM 123.650 TO 175.080, FROM START OF SHA",NHAI,,ROAD TRANSPORT AND HIGHWAYS,Uttar Pradesh,09/2022,,11/2025,,1212.26,,361.81,34.19,QPISR_QR_1st_2025-26.pdf,242,Table 7: Project List: Ongoing Projects,SUCCESS
2025-06,1613,,N24002095,ALTERNATE_IDENTIFIER,FOUR LANING OF SONAULI GORAKHPUR SECTION OF NH 29E (NEW NH 24) FROM DESIGN CH. 0.000 TO DESIGN CH. 7,NHAI,,ROAD TRANSPORT AND HIGHWAYS,Uttar Pradesh,12/2021,,03/2025,,2555.5,,966.89,63.57,QPISR_QR_1st_2025-26.pdf,242,Table 7: Project List: Ongoing Projects,SUCCESS
2025-06,1614,,N24002096,ALTERNATE_IDENTIFIER,CONSTRUCTION OF 4 LANE GREEN FIELD NORTHERN EAST SIDE GORAKHPUR BYPASS (26.616 KMS) STARTING FROM NH,NHAI,,ROAD TRANSPORT AND HIGHWAYS,Uttar Pradesh,02/2023,,01/2026,,1973.98,,736.14,48.5,QPISR_QR_1st_2025-26.pdf,242,Table 7: Project List: Ongoing Projects,SUCCESS
2025-06,1615,,N24002097,ALTERNATE_IDENTIFIER,STRENGTHENING OF EXISTING 4L AYODHYA BYPASS SECTION FROM DESIGN KM.121.600 TO KM. 144.020 OF NH 28 (,NHAI,,ROAD TRANSPORT AND HIGHWAYS,Uttar Pradesh,02/2023,,09/2025,,526.45,,228.37,83.0,QPISR_QR_1st_2025-26.pdf,242,Table 7: Project List: Ongoing Projects,SUCCESS
2025-06,1616,,N24002104,ALTERNATE_IDENTIFIER,CONSTRUCTION OF RING ROAD AROUND KANPUR FROM KM.000 TO KM. 23.325 (CHACHENDI SACHENDI I TO MAHARAJPU,NHAI,,ROAD TRANSPORT AND HIGHWAYS,Uttar Pradesh,01/2023,,06/2026,,1754.0,,350.78,35.2,QPISR_QR_1st_2025-26.pdf,242,Table 7: Project List: Ongoing Projects,SUCCESS
2025-06,1617,,N24002105,ALTERNATE_IDENTIFIER,CONSTRUCTION OF NEW 4 LANE PRAYAGRAJ SOUTHERN BYPASS (PHASE-I) FROM DESIGN KM 43+200 (AT MAHUWARI VI,NHAI,,ROAD TRANSPORT AND HIGHWAYS,Uttar Pradesh,08/2023,,06/2026,,1378.36,,213.86,30.89,QPISR_QR_1st_2025-26.pdf,242,Table 7: Project List: Ongoing Projects,SUCCESS
2025-06,1618,,N24002106,ALTERNATE_IDENTIFIER,CONSTRUCTION OF NEW 4 LANE PRAYAGRAJ SOUTHERN BYPASS FROM DESIGN KM 50.860 (NABABA URF NIBI KALA UPA,NHAI,,ROAD TRANSPORT AND HIGHWAYS,Uttar Pradesh,08/2023,,03/2025,,993.77,,372.98,92.98,QPISR_QR_1st_2025-26.pdf,242,Table 7: Project List: Ongoing Projects,SUCCESS
2025-06,1619,,N24002115,ALTERNATE_IDENTIFIER,CONSTRUCTION OF MARIAHU BYPASS WITH FOUR LANE PAVED SHOULDER CONFIGURATION (KM.53.540 TO KM.59.200),MoRTH,,ROAD TRANSPORT AND HIGHWAYS,Uttar Pradesh,03/2023,,08/2025,,438.24,362.39,211.72,39.0,QPISR_QR_1st_2025-26.pdf,242,Table 7: Project List: Ongoing Projects,SUCCESS
2025-06,1620,,N24002116,ALTERNATE_IDENTIFIER,REHABILITATION AND UPGRADATION FROM KM 51.600 TO KM 75.700 OF NH-321G (NUHKHAS TO ETAH SECTION) TO T,MoRTH,,ROAD TRANSPORT AND HIGHWAYS,Uttar Pradesh,01/2022,,08/2025,,343.54,,75.96,42.0,QPISR_QR_1st_2025-26.pdf,243,Table 7: Project List: Ongoing Projects,SUCCESS
2025-06,1621,,N24002120,ALTERNATE_IDENTIFIER,CONSTRUCTION OF JASRA BYPASS WITH FOUR LANE PAVED SHOULDER CONFIGURATION FROM KM. 379.670 ON NH-76 (,MoRTH,,ROAD TRANSPORT AND HIGHWAYS,Uttar Pradesh,02/2023,,09/2025,,274.06,,135.53,88.0,QPISR_QR_1st_2025-26.pdf,243,Table 7: Project List: Ongoing Projects,SUCCESS
2025-06,1622,,N24002121,ALTERNATE_IDENTIFIER,IMPROVEMENT AND UP-GRADATION TO TWO LANE WITH PAVED SHOULDER CONFIGURATION FROM EXISTING KM. 420.00,MoRTH,,ROAD TRANSPORT AND HIGHWAYS,Uttar Pradesh,01/2022,,09/2025,,509.65,,188.84,34.0,QPISR_QR_1st_2025-26.pdf,243,Table 7: Project List: Ongoing Projects,SUCCESS
2025-06,1623,,N24002134,ALTERNATE_IDENTIFIER,REHABILITATION AND UP-GRADATION FROM KM. 0.000 TO KM. 40.390 OF NH-730S (MAHARAJGANJ ? NICHLOUL ? TH,MoRTH,,ROAD TRANSPORT AND HIGHWAYS,Uttar Pradesh,03/2023,,12/2025,,809.25,,279.77,35.0,QPISR_QR_1st_2025-26.pdf,243,Table 7: Project List: Ongoing Projects,SUCCESS
2025-06,1624,,N24002138,ALTERNATE_IDENTIFIER,CONSTRUCTION OF FOUR LANE HIGHWAY WITH PAVED SHOULDER FROM KM.74.700 TO KM.112.950 OF NH-731A (I/C Y,MoRTH,,ROAD TRANSPORT AND HIGHWAYS,Uttar Pradesh,03/2022,,06/2026,,1141.67,,423.37,50.0,QPISR_QR_1st_2025-26.pdf,243,Table 7: Project List: Ongoing Projects,SUCCESS
2025-06,1625,,N24002150,ALTERNATE_IDENTIFIER,CONSTRUCTION OF BALRAMPUR BYPASS WITH 2L FLEXIBLE PAVEMENT CONFIGURATION FROM KM.223.000 OF NH-330 T,MoRTH,,ROAD TRANSPORT AND HIGHWAYS,Uttar Pradesh,12/2022,,02/2026,,515.69,,187.8,37.0,QPISR_QR_1st_2025-26.pdf,243,Table 7: Project List: Ongoing Projects,SUCCESS
2025-06,1626,,N24002199,ALTERNATE_IDENTIFIER,WIDENING TO 4L RIGID PAVEMENT CONFIGURATION FROM KM 90.00 TO KM 100.800 OF NH-96 (KM 42.O TO KM 53.3,MoRTH,,ROAD TRANSPORT AND HIGHWAYS,Uttar Pradesh,12/2022,,11/2026,,309.63,,13.52,15.0,QPISR_QR_1st_2025-26.pdf,243,Table 7: Project List: Ongoing Projects,SUCCESS
2025-06,1627,,N24002201,ALTERNATE_IDENTIFIER,IMPROVEMENT AND UP-GRADATION TO TWO LANE WITH PAVED SHOULDER/FOUR LANE CONFIGURATION FROM EXISTING K,MoRTH,,ROAD TRANSPORT AND HIGHWAYS,Uttar Pradesh,01/2022,,05/2027,,974.19,,616.12,14.0,QPISR_QR_1st_2025-26.pdf,243,Table 7: Project List: Ongoing Projects,SUCCESS
2025-06,1628,,N24002211,ALTERNATE_IDENTIFIER,REHABILITATION AND UPGRADATION TO FOUR LANE ROAD FROM KM 70.500 TO KM 78.600 OF NH-92 UNDER EPC MODE,MoRTH,,ROAD TRANSPORT AND HIGHWAYS,Uttar Pradesh,01/2022,,01/2027,,296.02,,27.96,0.0,QPISR_QR_1st_2025-26.pdf,244,Table 7: Project List: Ongoing Projects,SUCCESS
2025-06,1629,,N24002212,ALTERNATE_IDENTIFIER,WIDENING AND STRENGTHENING FROM DESIGN KM. 67.280 TO KM. 88.622 OF NH-727A (SALEMPUR-MAIRWA ROAD) TO,MoRTH,,ROAD TRANSPORT AND HIGHWAYS,Uttar Pradesh,03/2023,,07/2026,,371.89,,151.99,45.0,QPISR_QR_1st_2025-26.pdf,244,Table 7: Project List: Ongoing Projects,SUCCESS
2025-06,1630,,N24002213,ALTERNATE_IDENTIFIER,REHABILITATION and UP-GRADATION TO 2L+PS FROM KM. 0.0 TO KM. 7.80 AND KM. 35.400 TO KM. 52.345 (DESI,MoRTH,,ROAD TRANSPORT AND HIGHWAYS,Uttar Pradesh,03/2023,,07/2026,,701.02,,270.54,22.0,QPISR_QR_1st_2025-26.pdf,244,Table 7: Project List: Ongoing Projects,SUCCESS
2025-06,1631,,N24002214,ALTERNATE_IDENTIFIER,CONSTRUCTION OF AMETHI BYPASS (PART-II) AT KM.30.050 OF NH-931 UNDER EPC MODE IN THE STATE OF UTTAR,MoRTH,,ROAD TRANSPORT AND HIGHWAYS,Uttar Pradesh,12/2022,,02/2027,,283.86,,58.92,7.0,QPISR_QR_1st_2025-26.pdf,244,Table 7: Project List: Ongoing Projects,SUCCESS
2025-06,1632,,N24002234,ALTERNATE_IDENTIFIER,WIDENING TO 4L FROM KM.108.50 TO 139.00 OF NH-135A PKG-II (JAUNPUR TO AKBARPUR SECTION) ON HAM IN TH,MoRTH,,ROAD TRANSPORT AND HIGHWAYS,Uttar Pradesh,03/2023,,03/2027,,1511.57,,154.69,12.0,QPISR_QR_1st_2025-26.pdf,244,Table 7: Project List: Ongoing Projects,SUCCESS
2025-06,1633,,N24002235,ALTERNATE_IDENTIFIER,CONSTRUCTION OF RAEBARELI RING ROAD (PHASE-2) WITH FOUR LANE CONFIGURATION FOR RAEBARELI CITY IN THE,MoRTH,,ROAD TRANSPORT AND HIGHWAYS,Uttar Pradesh,03/2022,,05/2027,,1273.72,,330.15,0.0,QPISR_QR_1st_2025-26.pdf,244,Table 7: Project List: Ongoing Projects,SUCCESS
2025-06,1634,,N24002240,ALTERNATE_IDENTIFIER,"IMPROVEMENT AND UP-GRADATION OF NH- 227B (84 KOSI PARIKRAMA MARG) PACKAGE ?I, FROM KM 228.920 (JAGARN",MoRTH,,ROAD TRANSPORT AND HIGHWAYS,Uttar Pradesh,03/2022,,11/2026,,912.5,,388.5,1.0,QPISR_QR_1st_2025-26.pdf,244,Table 7: Project List: Ongoing Projects,SUCCESS
2025-06,1635,,N24002241,ALTERNATE_IDENTIFIER,"IMPROVEMENT AND UP-GRADATION OF NH- 227B (84 KOSI PARIKRAMA MARG) PACKAGE ?III, FROM KM.47.800 (GOSAI",MoRTH,,ROAD TRANSPORT AND HIGHWAYS,Uttar Pradesh,03/2022,,11/2026,,587.97,,107.68,3.0,QPISR_QR_1st_2025-26.pdf,244,Table 7: Project List: Ongoing Projects,SUCCESS
2025-06,1636,,N24002245,ALTERNATE_IDENTIFIER,CONSTRUCTION OF BASTI RING ROAD (PHASE-I) WITH 4L CONFIGURATION FOR BASTI CITY IN THE STATE OF UTTAR,MoRTH,,ROAD TRANSPORT AND HIGHWAYS,Uttar Pradesh,12/2022,,06/2027,,1138.72,,263.7,0.0,QPISR_QR_1st_2025-26.pdf,244,Table 7: Project List: Ongoing Projects,SUCCESS
2025-06,1637,,N24000331,ALTERNATE_IDENTIFIER,CONSTRUCTION OF RING ROAD FOR RAEBARELI CITY (PHASE -I) ON EASTERN SIDE OF NH 24B,MoRTH,,ROAD TRANSPORT AND HIGHWAYS,Uttar Pradesh,12/2019,,04/2022,,282.41,,276.35,88.0,QPISR_QR_1st_2025-26.pdf,245,Table 7: Project List: Ongoing Projects,SUCCESS
2025-06,1638,,N24000564,ALTERNATE_IDENTIFIER,4-LANNING OF HARIDWAR-NAGINA SECTION OF NH 74 FROM (KM 204.300 OF NH 58) TO KM 73.00,NHAI,,ROAD TRANSPORT AND HIGHWAYS,Uttar Pradesh,03/2016,,07/2020,07/2025,1408.0,1659.12,1336.33,91.39,QPISR_QR_1st_2025-26.pdf,245,Table 7: Project List: Ongoing Projects,SUCCESS
2025-06,1639,,N24000796,ALTERNATE_IDENTIFIER,CONSTRUCTION OF NH-24 EXTENSION 4-LANE BYPASS STARTING FROM BEHTA ROAD AND TERMINATING AT SITAPUR RO,NHAI,,ROAD TRANSPORT AND HIGHWAYS,Uttar Pradesh,03/2018,,12/2021,12/2023,1117.84,,1960.91,99.99,QPISR_QR_1st_2025-26.pdf,245,Table 7: Project List: Ongoing Projects,SUCCESS
2025-06,1640,,N24000798,ALTERNATE_IDENTIFIER,SIX LANING OF HAPUR BYPASS TO MORADABAD SECTION INCLUDING HAPUR BYPASS FROM KM 50.000 (DESIGN CHAINA,NHAI,,ROAD TRANSPORT AND HIGHWAYS,Uttar Pradesh,03/2018,,11/2021,,2140.93,,2081.52,100.0,QPISR_QR_1st_2025-26.pdf,245,Table 7: Project List: Ongoing Projects,SUCCESS
2025-06,1641,,N28000144,ALTERNATE_IDENTIFIER,KANPUR METRO RAIL PROJECT,LMRCL,,URBAN DEVELOPMENT,Uttar Pradesh,05/2019,,03/2024,,11076.48,,8839.21,72.6,QPISR_QR_1st_2025-26.pdf,245,Table 7: Project List: Ongoing Projects,SUCCESS
2025-06,1642,,N28000145,ALTERNATE_IDENTIFIER,AGRA METRO RAIL PROJECT,LMRCL,,URBAN DEVELOPMENT,Uttar Pradesh,05/2019,,03/2024,,8379.62,,5116.0,54.7,QPISR_QR_1st_2025-26.pdf,245,Table 7: Project List: Ongoing Projects,SUCCESS
2025-06,1643,,N30000021,ALTERNATE_IDENTIFIER,INTERCEPTION AND DIVERSION WORKS AND STP AT MUZAFFARNAGAR UTTAR PRADESH,UPJalNigam,,WATER RESOURCES,Uttar Pradesh,01/2019,,12/2021,01/2020,231.79,234.03,141.79,100.0,QPISR_QR_1st_2025-26.pdf,245,Table 7: Project List: Ongoing Projects,SUCCESS
2025-06,1644,,N30000024,ALTERNATE_IDENTIFIER,SEWERAGE SCHEME INTERCEPTION AND DIVERSION WITH STP WORKS AT MEERUT UTTAR PRADESH,UPJalNigam,,WATER RESOURCES,Uttar Pradesh,02/2019,,06/2022,,681.78,,13.34,27.0,QPISR_QR_1st_2025-26.pdf,245,Table 7: Project List: Ongoing Projects,SUCCESS
2025-06,1645,,N04000085,ALTERNATE_IDENTIFIER,"CONSTRUCTION OF DOMESTIC PASSENGER TERMINAL BUILDING AT DEHRADUN AIRPORT, DEHRADUN",AAI,,CIVIL AVIATION,Uttarakhand,07/2018,,09/2020,09/2024,456.86,500.0,483.96,100.0,QPISR_QR_1st_2025-26.pdf,245,Table 7: Project List: Ongoing Projects,SUCCESS
2025-06,1646,,N18000010,ALTERNATE_IDENTIFIER,TEHRI PUMPED STORAGE PLANT(1000MW),THDCIL,,POWER,Uttarakhand,07/2006,,07/2010,06/2022,1657.0,4825.6,8046.19,98.3,QPISR_QR_1st_2025-26.pdf,246,Table 7: Project List: Ongoing Projects,SUCCESS
2025-06,1647,,N18000014,ALTERNATE_IDENTIFIER,TAPOVAN-VISHNUGAD HEP (4X130MW),NTPC,,POWER,Uttarakhand,11/2006,,03/2013,12/2021,2978.48,,7007.93,72.4,QPISR_QR_1st_2025-26.pdf,246,Table 7: Project List: Ongoing Projects,SUCCESS
2025-06,1648,,N18000042,ALTERNATE_IDENTIFIER,VISHNUGAD PIPALKOTI HYDRO ELECTRIC PROJECT,THDCIL,,POWER,Uttarakhand,08/2008,,06/2013,,2491.58,3860.35,4918.46,71.0,QPISR_QR_1st_2025-26.pdf,246,Table 7: Project List: Ongoing Projects,SUCCESS
2025-06,1649,,N18000142,ALTERNATE_IDENTIFIER,LATA-TAPOVAN HYDRO ELECTRIC POWER PROJECT 3X57 MW,NTPC,,POWER,Uttarakhand,07/2012,,08/2017,,1527.0,,149.93,0.0,QPISR_QR_1st_2025-26.pdf,246,Table 7: Project List: Ongoing Projects,SUCCESS
2025-06,1650,,N22000406,ALTERNATE_IDENTIFIER,RISHIKESH - KARNAPRAYAG NEW LINE,RVNL,,RAILWAYS,Uttarakhand,04/2011,,12/2025,,38953.15,,18820.04,0.0,QPISR_QR_1st_2025-26.pdf,246,Table 7: Project List: Ongoing Projects,SUCCESS
2025-06,1651,,N24001525,ALTERNATE_IDENTIFIER,6L ACCESS-CONTROLLED HIGHWAY OF DAAT KALI TUNNEL - DEHRADUN OF GANESHPUR ? DEHRADUN SECTION FROM KM.,NHAI,,ROAD TRANSPORT AND HIGHWAYS,Uttarakhand,03/2021,,03/2024,05/2025,169.08,,105.77,99.99,QPISR_QR_1st_2025-26.pdf,246,Table 7: Project List: Ongoing Projects,SUCCESS
2025-06,1652,,N24001526,ALTERNATE_IDENTIFIER,UPGRADATION AND 4L OF HARIDWAR BYPASS FROM KM 0.000 (KM 188.100 OF NH-58) TO KM. 15.100 (KM 5.100 OF,NHAI,,ROAD TRANSPORT AND HIGHWAYS,Uttarakhand,08/2021,,10/2024,08/2025,1377.79,1384.11,684.93,58.41,QPISR_QR_1st_2025-26.pdf,246,Table 7: Project List: Ongoing Projects,SUCCESS
2025-06,1653,,N24001553,ALTERNATE_IDENTIFIER,4L MEDINIPUR TO BALLUPUR FROM KM. 458.65 TO KM. 487.65 OF NH-07(PKG-2),NHAI,,ROAD TRANSPORT AND HIGHWAYS,Uttarakhand,03/2022,,02/2025,11/2025,1092.9,1092.9,463.92,89.25,QPISR_QR_1st_2025-26.pdf,246,Table 7: Project List: Ongoing Projects,SUCCESS
2025-06,1654,,N24001990,ALTERNATE_IDENTIFIER,4L POANTA SAHEB?MEDNIPUR FROM KM. 435.65 TO KM. 458.65 OF NH-07(PKG-1),NHAI,,ROAD TRANSPORT AND HIGHWAYS,Uttarakhand,06/2022,,05/2025,10/2025,524.54,683.26,91.94,74.78,QPISR_QR_1st_2025-26.pdf,246,Table 7: Project List: Ongoing Projects,SUCCESS
2025-06,1655,,N24001991,ALTERNATE_IDENTIFIER,ACCESS ROAD/BRIDGE CONNECTIVITY FROM NH-09 AT KM.40 NEAR JAGBUDA BRIDGE (INDIA) TO BOUNDARY PILLAR,NHAI,,ROAD TRANSPORT AND HIGHWAYS,Uttarakhand,05/2022,,09/2024,11/2026,314.31,,178.52,71.79,QPISR_QR_1st_2025-26.pdf,247,Table 7: Project List: Ongoing Projects,SUCCESS
2025-06,1656,,N24002163,ALTERNATE_IDENTIFIER,CONSTRUCTION FOR MITIGATION MEASURES KM 368.00-UTTARAKHAND-TO KM 433.00 ON NH-07-PKG-1,NHIDCL,,ROAD TRANSPORT AND HIGHWAYS,Uttarakhand,12/2023,,12/2025,,216.88,,82.19,75.8,QPISR_QR_1st_2025-26.pdf,247,Table 7: Project List: Ongoing Projects,SUCCESS
2025-06,1657,,N24002164,ALTERNATE_IDENTIFIER,CONSTRUCTION FOR MITIGATION MEASURES KM 450.00-UTTARAKHAND-TO KM 468.00 ON NH-07-PKG-3,NHIDCL,,ROAD TRANSPORT AND HIGHWAYS,Uttarakhand,12/2023,,12/2025,,250.33,,46.63,48.5,QPISR_QR_1st_2025-26.pdf,247,Table 7: Project List: Ongoing Projects,SUCCESS
2025-06,1658,,N24002206,ALTERNATE_IDENTIFIER,CONSTRUCTION FOR MITIGATION MEASURES PKG-2,NHIDCL,,ROAD TRANSPORT AND HIGHWAYS,Uttarakhand,12/2023,,06/2026,,259.64,,18.62,20.23,QPISR_QR_1st_2025-26.pdf,247,Table 7: Project List: Ongoing Projects,SUCCESS
2025-06,1659,,N24000465,ALTERNATE_IDENTIFIER,4-LANING OF KASHIPUR-SITARGANJ SECTION,AMR,,ROAD TRANSPORT AND HIGHWAYS,Uttarakhand,11/2012,,08/2016,,605.84,,,0.0,QPISR_QR_1st_2025-26.pdf,247,Table 7: Project List: Ongoing Projects,SUCCESS
2025-06,1660,,N24000741,ALTERNATE_IDENTIFIER,CONSTRUCTION AND UPGRADATION OF EXISTING ROAD TO 2 LANE WITH PAVED SHOULDER FROM KM 368.00 TO KM 399,NHIDCL,,ROAD TRANSPORT AND HIGHWAYS,Uttarakhand,03/2018,,11/2020,03/2024,274.31,,253.61,100.0,QPISR_QR_1st_2025-26.pdf,247,Table 7: Project List: Ongoing Projects,SUCCESS
2025-06,1661,,N24000742,ALTERNATE_IDENTIFIER,2 LANE WITH PAVED SHOULDER FROM KM 399.00 TO KM 430.00 OF KARANPARYAG TO CHAMOLI UNDER CHARDHAM PARI,NHIDCL,,ROAD TRANSPORT AND HIGHWAYS,Uttarakhand,03/2018,,11/2020,,403.36,,340.32,100.0,QPISR_QR_1st_2025-26.pdf,247,Table 7: Project List: Ongoing Projects,SUCCESS
2025-06,1662,,N24000743,ALTERNATE_IDENTIFIER,2 LANE WITH PAVED SHOULDER FROM KM 430.00 TO KM 468.00 OF CHAMOLI TO PAINI UNDER CHARDHAM PARIYOJNA,NHIDCL,,ROAD TRANSPORT AND HIGHWAYS,Uttarakhand,03/2018,,11/2020,,417.24,,344.2,100.0,QPISR_QR_1st_2025-26.pdf,247,Table 7: Project List: Ongoing Projects,SUCCESS
2025-06,1663,,N24000772,ALTERNATE_IDENTIFIER,RECONSTRUCTION WITH GEOMETRIC IMPROVEMENT OF EXISTING 2 LANE/INTERMEDIATE LANE TO 2LANE WITH PAVED S,MoRTH,,ROAD TRANSPORT AND HIGHWAYS,Uttarakhand,12/2017,,12/2019,,257.34,,232.69,100.0,QPISR_QR_1st_2025-26.pdf,248,Table 7: Project List: Ongoing Projects,SUCCESS
2025-06,1664,,N24000773,ALTERNATE_IDENTIFIER,RECONSTRUCTION WITH GEOMETRIC IMPROVEMENT OF EXISTING 2 LANE/INTERMEDIATE LANE TO 2LANE WITH PAVED S,MoRTH,,ROAD TRANSPORT AND HIGHWAYS,Uttarakhand,12/2017,,12/2019,,200.34,,227.98,100.0,QPISR_QR_1st_2025-26.pdf,248,Table 7: Project List: Ongoing Projects,SUCCESS
2025-06,1665,,N24000774,ALTERNATE_IDENTIFIER,WIDENING OF EXISTING SINGLE LANE ROAD TO TWO LANE WITH PAVED SHOULDERS CONFIGURATION FROM KM. 235.00,MoRTH,,ROAD TRANSPORT AND HIGHWAYS,Uttarakhand,12/2017,,12/2019,,248.22,,236.8,100.0,QPISR_QR_1st_2025-26.pdf,248,Table 7: Project List: Ongoing Projects,SUCCESS
2025-06,1666,,N24000775,ALTERNATE_IDENTIFIER,RECONSTRUCTION WITH GEOMETRIC IMPROVEMENT OF EXISTING 2 LANE/INTERMEDIATE LANE TO 2LANE WITH PAVED S,MoRTH,,ROAD TRANSPORT AND HIGHWAYS,Uttarakhand,06/2017,,06/2019,,282.08,,234.97,100.0,QPISR_QR_1st_2025-26.pdf,248,Table 7: Project List: Ongoing Projects,SUCCESS
2025-06,1667,,N24000776,ALTERNATE_IDENTIFIER,RECONSTRUCTION WITH GEOMETIC IMPROVEMENT OF EXISTING TWO LANE TO 2- LANE WITH PAVED SHOULDERS CONFIG,MoRTH,,ROAD TRANSPORT AND HIGHWAYS,Uttarakhand,11/2017,,11/2019,,232.81,,201.58,100.0,QPISR_QR_1st_2025-26.pdf,248,Table 7: Project List: Ongoing Projects,SUCCESS
2025-06,1668,,N24000777,ALTERNATE_IDENTIFIER,RECONSTRUCTION WITH GEOMETIC IMPROVEMENT OF SINGLE LANE TO 2- LANE WITH PAVED SHOULDER CONFIGURATION,MoRTH,,ROAD TRANSPORT AND HIGHWAYS,Uttarakhand,11/2017,,11/2019,,283.51,,278.51,100.0,QPISR_QR_1st_2025-26.pdf,248,Table 7: Project List: Ongoing Projects,SUCCESS
2025-06,1669,,N24000778,ALTERNATE_IDENTIFIER,RECONSTRUCTION WITH GEOMETRIC IMPROVEMENT OF EXISTING SINGLE/INTERMEDIATE LANE TO 2LANE WITH PAVED S,MoRTH,,ROAD TRANSPORT AND HIGHWAYS,Uttarakhand,11/2017,,11/2019,,266.52,,250.34,100.0,QPISR_QR_1st_2025-26.pdf,248,Table 7: Project List: Ongoing Projects,SUCCESS
2025-06,1670,,N24000779,ALTERNATE_IDENTIFIER,RECONSTRUCTION WITH GEOMETRIC IMPROVEMENT OF EXISTING SINGLE/INTERMEDIATE LANE TO 2 LANE WITH EAR,MoRTH,,ROAD TRANSPORT AND HIGHWAYS,Uttarakhand,02/2018,,02/2020,,418.88,,339.71,94.0,QPISR_QR_1st_2025-26.pdf,248,Table 7: Project List: Ongoing Projects,SUCCESS
2025-06,1671,,N24000780,ALTERNATE_IDENTIFIER,REHABILITATION AND UP GRADATION OF 2 LANE/ 2 LANE WITH PAVED SHOULDER FROM EXISTING KM. 172.900 TO K,MoRTH,,ROAD TRANSPORT AND HIGHWAYS,Uttarakhand,02/2018,,,,293.68,,244.25,100.0,QPISR_QR_1st_2025-26.pdf,249,Table 7: Project List: Ongoing Projects,SUCCESS
2025-06,1672,,N24000781,ALTERNATE_IDENTIFIER,CONSTRUCTION OF KUND BYPASS FROM EXISTING KM 33+130 TO KM 41+260 (EXISTING LENGTH: 8.130 KM); DESIGN,MoRTH,,ROAD TRANSPORT AND HIGHWAYS,Uttarakhand,05/2018,,05/2020,,248.0,,120.5,67.0,QPISR_QR_1st_2025-26.pdf,249,Table 7: Project List: Ongoing Projects,SUCCESS
2025-06,1673,,N24000782,ALTERNATE_IDENTIFIER,REHABILITATION AND UPGRADATION OF 2 LANE WITH PAVED SHOULDER FROM EXISTING KM. 195.175 TO KM. 220.00,MoRTH,,ROAD TRANSPORT AND HIGHWAYS,Uttarakhand,03/2018,,,,460.73,,,0.0,QPISR_QR_1st_2025-26.pdf,249,Table 7: Project List: Ongoing Projects,SUCCESS
2025-06,1674,,N24000855,ALTERNATE_IDENTIFIER,CONSTRUCTION OF 4.5 KM LONG SILKYARA TUNNEL BETWEEN KM 25.40 TO 50.25 KM (TUNNEL WORK),NHIDCL,,ROAD TRANSPORT AND HIGHWAYS,Uttarakhand,03/2018,,07/2022,,1383.78,,714.33,64.27,QPISR_QR_1st_2025-26.pdf,249,Table 7: Project List: Ongoing Projects,SUCCESS
2025-06,1675,,N24001130,ALTERNATE_IDENTIFIER,RECONSTRUCTION WITH GEOMETRIC IMPROVMENT OF EXISTING INTERMEDIATE LANE TO 2 LANE WITH PAVED SHOULDER,MoRTH,,ROAD TRANSPORT AND HIGHWAYS,Uttarakhand,08/2016,,12/2017,,234.88,,237.19,100.0,QPISR_QR_1st_2025-26.pdf,249,Table 7: Project List: Ongoing Projects,SUCCESS
2025-06,1676,,N04000080,ALTERNATE_IDENTIFIER,CONSTRUCTION OF ATC TOWER AND TECHNICAL BLOCK AT NSCBI AIRPORT KOLKATA,AAI,,ROAD TRANSPORT AND HIGHWAYS,West Bengal,01/2016,,03/2020,12/2023,458.0,,251.64,100.0,QPISR_QR_1st_2025-26.pdf,249,Table 7: Project List: Ongoing Projects,SUCCESS
2025-06,1677,,N04000081,ALTERNATE_IDENTIFIER,"AIRSIDE CAPACITY ENHANCEMENT OF NSBI AIRPORT, KOLKATA",AAI,,ROAD TRANSPORT AND HIGHWAYS,West Bengal,01/2019,,11/2021,05/2023,389.71,397.0,396.61,100.0,QPISR_QR_1st_2025-26.pdf,249,Table 7: Project List: Ongoing Projects,SUCCESS
2025-06,1678,,N04000109,ALTERNATE_IDENTIFIER,"NSCBI AIRPORT KOLKATA: RE- CONSTRUCTION OF RIGID POSITIONS OF SECONDARY RUNWAY, 'K' AND 'A' TAXIWAY",AAI,,ROAD TRANSPORT AND HIGHWAYS,West Bengal,04/2023,,10/2025,,328.3,,91.7,42.5,QPISR_QR_1st_2025-26.pdf,249,Table 7: Project List: Ongoing Projects,SUCCESS
2025-06,1679,,N04000115,ALTERNATE_IDENTIFIER,BAGDOGRA AIRPORT: DEVELOPMENT OF NEW CIVIL ENCLAVE AT BAGDOGRA AIRPORT. SUB- HEAD : CONSTRUCTION OF N,AAI,,ROAD TRANSPORT AND HIGHWAYS,West Bengal,08/2024,,03/2027,,1549.0,,239.75,9.62,QPISR_QR_1st_2025-26.pdf,250,Table 7: Project List: Ongoing Projects,SUCCESS
2025-06,1680,,N06000163,ALTERNATE_IDENTIFIER,RANIGANJ MASTER PLAN,ECL,,ROAD TRANSPORT AND HIGHWAYS,West Bengal,08/2009,,08/2019,,2661.73,,787.6,42.0,QPISR_QR_1st_2025-26.pdf,250,Table 7: Project List: Ongoing Projects,SUCCESS
2025-06,1681,,N06000165,ALTERNATE_IDENTIFIER,SIDULI MINE (OC AND UG),ECL,,ROAD TRANSPORT AND HIGHWAYS,West Bengal,05/2018,,03/2027,,535.18,,5.0,14.0,QPISR_QR_1st_2025-26.pdf,250,Table 7: Project List: Ongoing Projects,SUCCESS
2025-06,1682,,N06000170,ALTERNATE_IDENTIFIER,NAKRAKONDA KUMARDIH B OCP,ECL,,ROAD TRANSPORT AND HIGHWAYS,West Bengal,08/2018,,03/2029,,502.68,,71.07,25.51,QPISR_QR_1st_2025-26.pdf,250,Table 7: Project List: Ongoing Projects,SUCCESS
2025-06,1683,,N06000191,ALTERNATE_IDENTIFIER,SHYAMSUNDARPUR UG INCLUDING SAPI UNIT,ECL,,ROAD TRANSPORT AND HIGHWAYS,West Bengal,04/2020,,03/2026,03/2026,483.65,,55.53,12.09,QPISR_QR_1st_2025-26.pdf,250,Table 7: Project List: Ongoing Projects,SUCCESS
2025-06,1684,,N06000195,ALTERNATE_IDENTIFIER,2.0 MTPA BHOJUDIH NLW WASHERY,BCCL,,ROAD TRANSPORT AND HIGHWAYS,West Bengal,12/2015,,09/2020,,384.57,,351.16,97.0,QPISR_QR_1st_2025-26.pdf,250,Table 7: Project List: Ongoing Projects,SUCCESS
2025-06,1685,,N06000220,ALTERNATE_IDENTIFIER,SONEPUR BAZARI EXPANSION OC,ECL,,ROAD TRANSPORT AND HIGHWAYS,West Bengal,07/2021,,03/2029,,5365.88,5366.0,562.41,17.38,QPISR_QR_1st_2025-26.pdf,250,Table 7: Project List: Ongoing Projects,SUCCESS
2025-06,1686,,N06000223,ALTERNATE_IDENTIFIER,EXPANSION PR OF JHANJRA UG (5.00 MTY),ECL,,ROAD TRANSPORT AND HIGHWAYS,West Bengal,04/2020,,03/2029,,1210.12,,495.37,40.0,QPISR_QR_1st_2025-26.pdf,250,Table 7: Project List: Ongoing Projects,SUCCESS
2025-06,1687,,N06000236,ALTERNATE_IDENTIFIER,MOHANPUR EXPANSION OC PHASE II,ECL,,ROAD TRANSPORT AND HIGHWAYS,West Bengal,11/2020,,03/2026,,888.99,,89.54,30.25,QPISR_QR_1st_2025-26.pdf,250,Table 7: Project List: Ongoing Projects,SUCCESS
2025-06,1688,,N06000244,ALTERNATE_IDENTIFIER,BONJEMEHARI EXPANSION OCP,ECL,,ROAD TRANSPORT AND HIGHWAYS,West Bengal,08/2021,,03/2026,03/2026,570.12,,81.58,16.0,QPISR_QR_1st_2025-26.pdf,250,Table 7: Project List: Ongoing Projects,SUCCESS
2025-06,1689,,N06000272,ALTERNATE_IDENTIFIER,ITAPARA OC,ECL,,ROAD TRANSPORT AND HIGHWAYS,West Bengal,12/2023,,03/2030,,929.1,,65.03,6.8,QPISR_QR_1st_2025-26.pdf,251,Table 7: Project List: Ongoing Projects,SUCCESS
2025-06,1690,,N06000276,ALTERNATE_IDENTIFIER,UCE OF TILABONI UG,ECL,,ROAD TRANSPORT AND HIGHWAYS,West Bengal,01/2023,,03/2029,,749.07,,52.09,10.3,QPISR_QR_1st_2025-26.pdf,251,Table 7: Project List: Ongoing Projects,SUCCESS
2025-06,1691,,N06000277,ALTERNATE_IDENTIFIER,UCE OF PARASEA BELBAID REORGANISATION UG,ECL,,ROAD TRANSPORT AND HIGHWAYS,West Bengal,01/2023,,03/2029,03/2028,389.1,,131.42,16.41,QPISR_QR_1st_2025-26.pdf,251,Table 7: Project List: Ongoing Projects,SUCCESS
2025-06,1692,,N06000281,ALTERNATE_IDENTIFIER,PARASCOLE JAMBAD OCP,ECL,,ROAD TRANSPORT AND HIGHWAYS,West Bengal,11/2024,,03/2037,,1193.55,,6.04,0.01,QPISR_QR_1st_2025-26.pdf,251,Table 7: Project List: Ongoing Projects,SUCCESS
2025-06,1693,,N28000146,ALTERNATE_IDENTIFIER,CONSTRUCTION OF TWO NOS GIRLS HOSTELS AND ONE NO BOYS HOSTEL OF 500 CAPACITY EACH G PLUS 8 STOREYED,CPWD EDUCATION,,DEPARTMENT OF HIGHER EDUCATION,West Bengal,03/2020,,06/2020,,193.83,,187.65,99.0,QPISR_QR_1st_2025-26.pdf,251,Table 7: Project List: Ongoing Projects,SUCCESS
2025-06,1694,,N28000104,ALTERNATE_IDENTIFIER,NSG AT KOLKATA,CPWD FOR MHA,,HOME AFFAIRS,West Bengal,10/2014,,04/2018,,162.88,210.83,193.91,100.0,QPISR_QR_1st_2025-26.pdf,251,Table 7: Project List: Ongoing Projects,SUCCESS
2025-06,1695,,N10000015,ALTERNATE_IDENTIFIER,"CONSTRUCTION OF BASEMENTG FLOOR10 STORIES BUILDING FOR THE STATE OF THE ART, DG, GSI AT SECTOR-V, SA",CPWD,,MINES,West Bengal,04/2019,,04/2022,,255.37,,74.13,40.0,QPISR_QR_1st_2025-26.pdf,251,Table 7: Project List: Ongoing Projects,SUCCESS
2025-06,1696,,N16000275,ALTERNATE_IDENTIFIER,DURGAPUR-HALDIA PIPELINE PROJECT,GAIL,,MINES,West Bengal,03/2017,,12/2020,12/2025,1740.0,2433.15,2193.8,90.0,QPISR_QR_1st_2025-26.pdf,251,Table 7: Project List: Ongoing Projects,SUCCESS
2025-06,1697,,N16000392,ALTERNATE_IDENTIFIER,CITY GAS DISTRIBUTION IN WEST BENGAL,HPCL,,MINES,West Bengal,03/2019,,03/2031,03/2031,5830.2,,875.27,100.0,QPISR_QR_1st_2025-26.pdf,251,Table 7: Project List: Ongoing Projects,SUCCESS
2025-06,1698,,N16000478,ALTERNATE_IDENTIFIER,HALDIA PANAGARH PIPELINE PROJECT,HPCL,,MINES,West Bengal,11/2022,,11/2025,,1010.0,,573.18,80.09,QPISR_QR_1st_2025-26.pdf,251,Table 7: Project List: Ongoing Projects,SUCCESS
2025-06,1699,,N16000491,ALTERNATE_IDENTIFIER,"CGD PROJECT AT EAST MEDNIPORE, WEST MEDNIPORE AND JHARGRAM DISTRICTS",IOCL,,MINES,West Bengal,03/2022,,03/2030,,609.0,,56.0,2.1,QPISR_QR_1st_2025-26.pdf,252,Table 7: Project List: Ongoing Projects,SUCCESS
2025-06,1700,,N16000498,ALTERNATE_IDENTIFIER,CGD PROJECT IN WEST BENGAL 11TH ROUND,HPCL,,MINES,West Bengal,06/2022,,06/2030,,2628.0,,320.83,24.1,QPISR_QR_1st_2025-26.pdf,252,Table 7: Project List: Ongoing Projects,SUCCESS
2025-06,1701,,N16000522,ALTERNATE_IDENTIFIER,CITY GAS DISTRIBUTION PROJECTS AT ALIPURDUAR AND COOCH BEHAR,BPCL,,MINES,West Bengal,12/2022,,03/2030,,1017.0,,168.34,31.9,QPISR_QR_1st_2025-26.pdf,252,Table 7: Project List: Ongoing Projects,SUCCESS
2025-06,1702,,N18000178,ALTERNATE_IDENTIFIER,RAMMAM-III HEPP (3X40 MW),NTPC,,POWER,West Bengal,09/2014,,09/2019,12/2024,1381.84,,1302.76,43.68,QPISR_QR_1st_2025-26.pdf,252,Table 7: Project List: Ongoing Projects,SUCCESS
2025-06,1703,220100272,,PRIMARY_IDENTIFIER,"TARAKESWAR - BISHNUPUR NEW BG LINE (NL), ER",ER,,POWER,West Bengal,04/2000,,03/2019,02/2026,1188.91,,1283.98,75.0,QPISR_QR_1st_2025-26.pdf,252,Table 7: Project List: Ongoing Projects,SUCCESS
2025-06,1704,,N22000108,ALTERNATE_IDENTIFIER,NEW WORK FOR CONSTRUCTION OF METRO RAILWAY FROM NOAPARA-BARASAI VIA BIMANBANDER (MTP),KOMRCL,,POWER,West Bengal,04/2010,,08/2026,,4829.6,,197.2,17.0,QPISR_QR_1st_2025-26.pdf,252,Table 7: Project List: Ongoing Projects,SUCCESS
2025-06,1705,,N22000109,ALTERNATE_IDENTIFIER,NEW WORK FOR CONSTRUCTION OF METRO RAILWAY FROM BARANAGAR TO BARRACKPORE AND DAKSHINESHWAR (MTP),RVNL,,POWER,West Bengal,04/2010,,12/2026,,2298.42,,392.98,0.0,QPISR_QR_1st_2025-26.pdf,252,Table 7: Project List: Ongoing Projects,SUCCESS
2025-06,1706,,N22000110,ALTERNATE_IDENTIFIER,NEW WORK FOR CONSTRUCTION OF METRO RAILWAY FROM NSCB AIRPORT TO NEW GARIA VIA RAJARHAT (MTP),RVNL,,POWER,West Bengal,04/2010,,12/2025,,8964.35,,7387.4,0.0,QPISR_QR_1st_2025-26.pdf,252,Table 7: Project List: Ongoing Projects,SUCCESS
2025-06,1707,,N22000111,ALTERNATE_IDENTIFIER,NEW WORK FOR CONSTRUCTION OF METRO RAILWAY FROM JOKA TO BINOY BADAL DINESH BAGH.,RVNL,,POWER,West Bengal,04/2010,,12/2026,,4834.54,,3918.86,0.0,QPISR_QR_1st_2025-26.pdf,252,Table 7: Project List: Ongoing Projects,SUCCESS
2025-06,1708,,N22000510,ALTERNATE_IDENTIFIER,PURULIA TO KOTSHILA DOUBLING (39.1 KM),SER,,POWER,West Bengal,04/2018,,12/2024,,393.83,,319.21,100.0,QPISR_QR_1st_2025-26.pdf,253,Table 7: Project List: Ongoing Projects,SUCCESS
2025-06,1709,,N22000609,ALTERNATE_IDENTIFIER,AZIMGANJ-MURSHIDABAD (JIYAGANJ) INCL. RLY. BRIDGE OVER RIVER BHAGIRATHI,ER,,POWER,West Bengal,10/2001,,02/2024,,164.33,,160.82,100.0,QPISR_QR_1st_2025-26.pdf,253,Table 7: Project List: Ongoing Projects,SUCCESS
2025-06,1710,,N22000624,ALTERNATE_IDENTIFIER,NAHATI - RANAGHAT 3RD LINE (MM OF KALINARAYANPUR - KRISHNANAGAR),ER,,POWER,West Bengal,07/2015,,03/2025,,1000.0,,171.63,44.0,QPISR_QR_1st_2025-26.pdf,253,Table 7: Project List: Ongoing Projects,SUCCESS
2025-06,1711,,N22000628,ALTERNATE_IDENTIFIER,EAST WEST METRO CORRIDOR KOLKATA,KOMRCL,,POWER,West Bengal,02/2009,,09/2016,,4874.58,8575.0,,0.0,QPISR_QR_1st_2025-26.pdf,253,Table 7: Project List: Ongoing Projects,SUCCESS
2025-06,1712,,N22000630,ALTERNATE_IDENTIFIER,KALIPAHARI - BAKHTARNAGAR 5TH LINE (17.61 KM),ER,,POWER,West Bengal,04/2024,,06/2027,,350.46,,,0.0,QPISR_QR_1st_2025-26.pdf,253,Table 7: Project List: Ongoing Projects,SUCCESS
2025-06,1713,,N22000631,ALTERNATE_IDENTIFIER,SITARAMPUR BYE - PASS LINE (6.59 KM),ER,,POWER,West Bengal,02/2023,,03/2027,,461.64,,26.87,0.0,QPISR_QR_1st_2025-26.pdf,253,Table 7: Project List: Ongoing Projects,SUCCESS
2025-06,1714,,N22000632,ALTERNATE_IDENTIFIER,MURARAI - BARHARWA 3RD LINE (48.90 KM),ER,,POWER,West Bengal,05/2025,,05/2028,,935.19,,,0.0,QPISR_QR_1st_2025-26.pdf,253,Table 7: Project List: Ongoing Projects,SUCCESS
2025-06,1715,,N24001747,ALTERNATE_IDENTIFIER,SIX LANE OF PALSIT TO DANKUNI SECTION FROM 588.870 TO KM. 652.700,NHAI,,ROAD TRANSPORT AND HIGHWAYS,West Bengal,03/2020,,09/2024,,2193.23,2314.0,2085.0,97.04,QPISR_QR_1st_2025-26.pdf,253,Table 7: Project List: Ongoing Projects,SUCCESS
2025-06,1716,,N24001748,ALTERNATE_IDENTIFIER,SIX LANING OF NATIONAL CORRIDOR NH19 FROM PANAGARH TO PALSIT IN THE STATE OF WEST BENGAL UNDER BHARA,NHAI,,ROAD TRANSPORT AND HIGHWAYS,West Bengal,03/2021,,09/2024,,2200.93,,2622.05,97.6,QPISR_QR_1st_2025-26.pdf,253,Table 7: Project List: Ongoing Projects,SUCCESS
2025-06,1717,,N24001749,ALTERNATE_IDENTIFIER,FOUR LANING OF PURULIYA BYPASS SECTION OF NH 32 IN THE STATE OF WEST BENGAL ON EPC MODE,NHAI,,ROAD TRANSPORT AND HIGHWAYS,West Bengal,08/2021,,08/2023,,557.55,,473.26,91.41,QPISR_QR_1st_2025-26.pdf,254,Table 7: Project List: Ongoing Projects,SUCCESS
2025-06,1718,,N24001750,ALTERNATE_IDENTIFIER,CONSTRUCTION OF NEW 4 LANE BRIDGE OVER RIVER GANGA AT DOWNSTREAM OF FARAKKA BARRAGE INCLUDING APPROA,NHAI,,ROAD TRANSPORT AND HIGHWAYS,West Bengal,08/2018,,12/2021,,622.04,,579.31,91.64,QPISR_QR_1st_2025-26.pdf,254,Table 7: Project List: Ongoing Projects,SUCCESS
2025-06,1719,,N24001850,ALTERNATE_IDENTIFIER,DEVELOPMENT TO 4/6-LANNING OF NH-31 (NEW NH-10) WITH BOTH SIDE SERVICE ROADS FROM KM 569.258 TO KM 5,MoRTH,,ROAD TRANSPORT AND HIGHWAYS,West Bengal,03/2022,,09/2025,09/2025,995.04,995.04,422.06,51.21,QPISR_QR_1st_2025-26.pdf,254,Table 7: Project List: Ongoing Projects,SUCCESS
2025-06,1720,,N24002184,ALTERNATE_IDENTIFIER,CONSTRUCTION OR 4 LANE RANIGANJ BYPASS OF LENGTH 5 261 KM ON NH 60 NEW NH 14 FROM KM 273 00 OF NH,MoRTH,,ROAD TRANSPORT AND HIGHWAYS,West Bengal,03/2023,,03/2026,03/2026,410.83,,164.34,37.5,QPISR_QR_1st_2025-26.pdf,254,Table 7: Project List: Ongoing Projects,SUCCESS
2025-06,1721,,N24002191,ALTERNATE_IDENTIFIER,CONSTRUCTION OF ROB AND ITS APPROACHES IN LIEU OF LEVEL CROSSING NO 10 B T AT KM 307 050 OF NH 60 B,MoRTH,,ROAD TRANSPORT AND HIGHWAYS,West Bengal,03/2016,,08/2025,,155.87,,21.68,10.61,QPISR_QR_1st_2025-26.pdf,254,Table 7: Project List: Ongoing Projects,SUCCESS
2025-06,1722,,N24000463,ALTERNATE_IDENTIFIER,4 LANING OF NH-31D FROM GHOSHPUKUR - SALSALABARI ( KM 0.00 TO KM . 83.785),NHAI,,ROAD TRANSPORT AND HIGHWAYS,West Bengal,12/2015,,06/2018,05/2024,1083.0,1414.01,1080.05,100.0,QPISR_QR_1st_2025-26.pdf,254,Table 7: Project List: Ongoing Projects,SUCCESS
2025-06,1723,,N24000515,ALTERNATE_IDENTIFIER,SIX-LANING OF BARWA ADDA-PANAGARH,NHAI,,ROAD TRANSPORT AND HIGHWAYS,West Bengal,04/2014,,09/2016,,1665.0,,4980.13,100.0,QPISR_QR_1st_2025-26.pdf,254,Table 7: Project List: Ongoing Projects,SUCCESS
2025-06,1724,,N24000788,ALTERNATE_IDENTIFIER,REHABILITATION AND UP GRADATION OF EXISTING ROAD TO 2-LANE WITH PAVED SHOULDER CONFIGURATION IN PURU,NHAI,,ROAD TRANSPORT AND HIGHWAYS,West Bengal,03/2018,,09/2022,12/2022,841.57,708.3,12485.63,96.49,QPISR_QR_1st_2025-26.pdf,254,Table 7: Project List: Ongoing Projects,SUCCESS
2025-06,1725,,N24000874,ALTERNATE_IDENTIFIER,CONSTRUCTION OF NEW ROAD AT THE MISSING LINK PORTION OF NH-81 ALONG THE APPROVED ALIGNMENT BETWEEN H,MoRTH,,ROAD TRANSPORT AND HIGHWAYS,West Bengal,03/2016,,11/2018,12/2023,271.17,291.2,199.72,82.56,QPISR_QR_1st_2025-26.pdf,255,Table 7: Project List: Ongoing Projects,SUCCESS
2025-06,1726,,N24000880,ALTERNATE_IDENTIFIER,UPGRADATION OF NH-81 WITH A MINIMUM OF 2-LANE WITH PAVED SHOULDER CONFIGURATION STARTING FROM KM 19.,MoRTH,,ROAD TRANSPORT AND HIGHWAYS,West Bengal,02/2018,,09/2020,01/2024,426.18,426.18,364.92,100.0,QPISR_QR_1st_2025-26.pdf,255,Table 7: Project List: Ongoing Projects,SUCCESS
2025-06,1727,,N12000132,ALTERNATE_IDENTIFIER,REBUILDING OF COKE OVEN BATTERY NO.4 OF DURGAPUR STEEL PLANT,SAIL,,STEEL,West Bengal,11/2023,,12/2026,,916.78,,110.08,10.98,QPISR_QR_1st_2025-26.pdf,255,Table 7: Project List: Ongoing Projects,SUCCESS
2025-06,1728,,N12000138,ALTERNATE_IDENTIFIER,INSTALLATION OF NEW BAR MILL AT DURGAPUR STEEL PLANT,SAIL,,STEEL,West Bengal,09/2024,,06/2027,,2115.44,,100.12,19.97,QPISR_QR_1st_2025-26.pdf,255,Table 7: Project List: Ongoing Projects,SUCCESS
2025-06,1729,,N12000139,ALTERNATE_IDENTIFIER,UP-GRADATION OF BLAST FURNACE NO. 3 AT DURGAPUR STEEL PLANT,SAIL,,STEEL,West Bengal,09/2024,,06/2026,,758.09,,35.34,2.5,QPISR_QR_1st_2025-26.pdf,255,Table 7: Project List: Ongoing Projects,SUCCESS
2025-06,1730,,N12000140,ALTERNATE_IDENTIFIER,REVAMPING OF AIR POLLUTION CONTROL SYSTEMS OF SP-1 AT DURGAPUR STEEL PLANT,SAIL,,STEEL,West Bengal,11/2024,,05/2026,,196.4,,0.19,1.0,QPISR_QR_1st_2025-26.pdf,255,Table 7: Project List: Ongoing Projects,SUCCESS
2025-06,1731,,N12000141,ALTERNATE_IDENTIFIER,THIRD LADLE FURNACE IN SECONDARY REFINERY UNIT AT IISCO STEEL PLANT,SAIL,,STEEL,West Bengal,11/2024,,07/2026,,227.96,,2.61,29.0,QPISR_QR_1st_2025-26.pdf,255,Table 7: Project List: Ongoing Projects,SUCCESS
2025-06,1732,,N30000032,ALTERNATE_IDENTIFIER,INTERCEPTION AND DIVERSION WITH STP AT MAHESHTALA,KMDA,,STEEL,West Bengal,05/2018,,02/2022,,198.43,224.69,77.79,98.0,QPISR_QR_1st_2025-26.pdf,255,Table 7: Project List: Ongoing Projects,SUCCESS
2025-06,1733,,N30000034,ALTERNATE_IDENTIFIER,INTERCEPTION DIVERSION TREATMENT WORKS AT TOLLYS NULLAH ADI GANGA,KMDA,,STEEL,West Bengal,08/2017,,09/2022,01/2023,307.12,,,0.0,QPISR_QR_1st_2025-26.pdf,255,Table 7: Project List: Ongoing Projects,SUCCESS
2025-06,1734,,N30000042,ALTERNATE_IDENTIFIER,INTERCEPTION AND DIVERSION WITH STP AT HUGHLY-CHINSURAH,KMDA,,STEEL,West Bengal,05/2018,,02/2022,09/2020,160.0,154.73,93.32,92.0,QPISR_QR_1st_2025-26.pdf,256,Table 7: Project List: Ongoing Projects,SUCCESS
