identity_key,project_code,alternate_identifier,first_observed_month,last_observed_month,number_of_months,consecutive_months,gaps,months_before_first_revision,months_before_last_revision,eligible_cutoffs_3m,eligible_cutoffs_6m
L:N04000073,,N04000073,2025-04,2025-06,3,3,0,,,0,0
L:N04000074,,N04000074,2025-04,2025-06,3,3,0,,,0,0
L:N04000076,,N04000076,2025-04,2025-06,3,3,0,,,0,0
L:N04000077,,N04000077,2025-04,2025-06,3,3,0,,,0,0
L:N04000078,,N04000078,2025-04,2025-06,3,3,0,1,1,0,0
L:N04000079,,N04000079,2025-04,2025-06,3,3,0,,,0,0
L:N04000080,,N04000080,2025-04,2025-06,3,3,0,,,0,0
L:N04000081,,N04000081,2025-04,2025-06,3,3,0,1,1,0,0
L:N04000082,,N04000082,2025-04,2025-06,3,3,0,2,2,0,0
L:N04000083,,N04000083,2025-04,2025-06,3,3,0,2,2,0,0
L:N04000085,,N04000085,2025-04,2025-06,3,3,0,,,0,0
L:N04000087,,N04000087,2025-04,2025-06,3,3,0,,,0,0
L:N04000088,,N04000088,2025-04,2025-06,3,3,0,,,0,0
L:N04000090,,N04000090,2025-04,2025-06,3,3,0,,,0,0
L:N04000091,,N04000091,2025-04,2025-06,3,3,0,,,0,0
L:N04000092,,N04000092,2025-04,2025-06,3,3,0,1,2,0,0
L:N04000093,,N04000093,2025-04,2025-06,3,3,0,,,0,0
L:N04000094,,N04000094,2025-04,2025-06,3,3,0,1,2,0,0
L:N04000095,,N04000095,2025-04,2025-06,3,3,0,1,1,0,0
L:N04000096,,N04000096,2025-04,2025-06,3,3,0,1,1,0,0
L:N04000098,,N04000098,2025-04,2025-06,3,3,0,,,0,0
L:N04000099,,N04000099,2025-04,2025-06,3,3,0,,,0,0
L:N04000100,,N04000100,2025-04,2025-06,3,3,0,2,2,0,0
L:N04000101,,N04000101,2025-04,2025-06,3,3,0,,,0,0
L:N04000102,,N04000102,2025-04,2025-06,3,3,0,1,1,0,0
L:N04000103,,N04000103,2025-04,2025-06,3,3,0,,,0,0
L:N04000104,,N04000104,2025-04,2025-06,3,3,0,,,0,0
L:N04000105,,N04000105,2025-04,2025-06,3,3,0,,,0,0
L:N04000106,,N04000106,2025-04,2025-06,3,3,0,2,2,0,0
L:N04000107,,N04000107,2025-04,2025-06,3,3,0,,,0,0
L:N04000108,,N04000108,2025-04,2025-06,3,3,0,,,0,0
L:N04000109,,N04000109,2025-04,2025-06,3,3,0,,,0,0
L:N04000110,,N04000110,2025-04,2025-06,3,3,0,,,0,0
L:N04000111,,N04000111,2025-04,2025-06,3,3,0,1,1,0,0
L:N04000112,,N04000112,2025-04,2025-06,3,3,0,,,0,0
L:N04000113,,N04000113,2025-04,2025-06,3,3,0,,,0,0
L:N04000114,,N04000114,2025-04,2025-06,3,3,0,,,0,0
L:N04000115,,N04000115,2025-04,2025-06,3,3,0,,,0,0
L:N06000045,,N06000045,2025-04,2025-06,3,3,0,,,0,0
L:N06000087,,N06000087,2025-04,2025-06,3,3,0,,,0,0
L:N06000096,,N06000096,2025-04,2025-06,3,3,0,,,0,0
L:N06000098,,N06000098,2025-04,2025-06,3,3,0,,,0,0
L:N06000104,,N06000104,2025-04,2025-06,3,3,0,,,0,0
L:N06000112,,N06000112,2025-04,2025-06,3,3,0,,,0,0
L:N06000113,,N06000113,2025-04,2025-06,3,3,0,,,0,0
L:N06000123,,N06000123,2025-04,2025-06,3,3,0,,,0,0
L:N06000125,,N06000125,2025-04,2025-06,3,3,0,,,0,0
L:N06000132,,N06000132,2025-04,2025-06,3,3,0,,,0,0
L:N06000135,,N06000135,2025-04,2025-06,3,3,0,,,0,0
L:N06000148,,N06000148,2025-04,2025-06,3,3,0,,,0,0
L:N06000152,,N06000152,2025-04,2025-06,3,3,0,,,0,0
L:N06000154,,N06000154,2025-04,2025-06,3,3,0,,,0,0
L:N06000161,,N06000161,2025-04,2025-06,3,3,0,,,0,0
L:N06000163,,N06000163,2025-04,2025-06,3,3,0,,,0,0
L:N06000164,,N06000164,2025-04,2025-06,3,3,0,,,0,0
L:N06000165,,N06000165,2025-04,2025-06,3,3,0,,,0,0
L:N06000166,,N06000166,2025-04,2025-06,3,3,0,,,0,0
L:N06000167,,N06000167,2025-04,2025-06,3,3,0,,,0,0
L:N06000169,,N06000169,2025-04,2025-06,3,3,0,,,0,0
L:N06000170,,N06000170,2025-04,2025-06,3,3,0,,,0,0
L:N06000171,,N06000171,2025-04,2025-06,3,3,0,,,0,0
L:N06000179,,N06000179,2025-04,2025-06,3,3,0,,,0,0
L:N06000183,,N06000183,2025-04,2025-06,3,3,0,,,0,0
L:N06000184,,N06000184,2025-04,2025-06,3,3,0,,,0,0
L:N06000186,,N06000186,2025-04,2025-06,3,3,0,,,0,0
L:N06000189,,N06000189,2025-04,2025-04,1,1,0,,,0,0
L:N06000191,,N06000191,2025-04,2025-06,3,3,0,,,0,0
L:N06000192,,N06000192,2025-04,2025-06,3,3,0,,,0,0
L:N06000193,,N06000193,2025-04,2025-06,3,3,0,,,0,0
L:N06000194,,N06000194,2025-04,2025-06,3,3,0,,,0,0
L:N06000195,,N06000195,2025-04,2025-06,3,3,0,,,0,0
L:N06000196,,N06000196,2025-04,2025-06,3,3,0,,,0,0
L:N06000197,,N06000197,2025-04,2025-06,3,3,0,,,0,0
L:N06000198,,N06000198,2025-04,2025-06,3,3,0,,,0,0
L:N06000199,,N06000199,2025-04,2025-06,3,3,0,,,0,0
L:N06000200,,N06000200,2025-04,2025-06,3,3,0,,,0,0
L:N06000202,,N06000202,2025-04,2025-06,3,3,0,,,0,0
L:N06000203,,N06000203,2025-04,2025-06,3,3,0,,,0,0
L:N06000204,,N06000204,2025-04,2025-06,3,3,0,,,0,0
L:N06000205,,N06000205,2025-04,2025-06,3,3,0,,,0,0
L:N06000206,,N06000206,2025-04,2025-06,3,3,0,,,0,0
L:N06000208,,N06000208,2025-04,2025-06,3,3,0,,,0,0
L:N06000209,,N06000209,2025-04,2025-06,3,3,0,,,0,0
L:N06000210,,N06000210,2025-04,2025-06,3,3,0,,,0,0
L:N06000211,,N06000211,2025-04,2025-06,3,3,0,,,0,0
L:N06000213,,N06000213,2025-04,2025-06,3,3,0,,,0,0
L:N06000214,,N06000214,2025-04,2025-06,3,3,0,,,0,0
L:N06000216,,N06000216,2025-04,2025-06,3,3,0,,,0,0
L:N06000217,,N06000217,2025-04,2025-06,3,3,0,,,0,0
L:N06000218,,N06000218,2025-04,2025-06,3,3,0,,,0,0
L:N06000219,,N06000219,2025-04,2025-06,3,3,0,,,0,0
L:N06000220,,N06000220,2025-04,2025-06,3,3,0,,,0,0
L:N06000222,,N06000222,2025-04,2025-06,3,3,0,,,0,0
L:N06000223,,N06000223,2025-04,2025-06,3,3,0,,,0,0
L:N06000226,,N06000226,2025-04,2025-06,3,3,0,,,0,0
L:N06000229,,N06000229,2025-04,2025-06,3,3,0,,,0,0
L:N06000230,,N06000230,2025-04,2025-06,3,3,0,,,0,0
L:N06000232,,N06000232,2025-04,2025-06,3,3,0,,,0,0
L:N06000233,,N06000233,2025-04,2025-06,3,3,0,,,0,0
L:N06000236,,N06000236,2025-04,2025-06,3,3,0,,,0,0
L:N06000237,,N06000237,2025-04,2025-06,3,3,0,,,0,0
L:N06000238,,N06000238,2025-04,2025-06,3,3,0,,,0,0
L:N06000239,,N06000239,2025-04,2025-06,3,3,0,,,0,0
L:N06000240,,N06000240,2025-04,2025-06,3,3,0,,,0,0
L:N06000241,,N06000241,2025-04,2025-06,3,3,0,,,0,0
L:N06000242,,N06000242,2025-04,2025-06,3,3,0,,,0,0
L:N06000243,,N06000243,2025-04,2025-06,3,3,0,,,0,0
L:N06000244,,N06000244,2025-04,2025-06,3,3,0,,,0,0
L:N06000245,,N06000245,2025-04,2025-06,3,3,0,,,0,0
L:N06000246,,N06000246,2025-04,2025-06,3,3,0,,,0,0
L:N06000247,,N06000247,2025-04,2025-06,3,3,0,,,0,0
L:N06000249,,N06000249,2025-04,2025-06,3,3,0,,,0,0
L:N06000250,,N06000250,2025-04,2025-06,3,3,0,,,0,0
L:N06000251,,N06000251,2025-04,2025-06,3,3,0,,,0,0
L:N06000252,,N06000252,2025-04,2025-06,3,3,0,,,0,0
L:N06000253,,N06000253,2025-04,2025-06,3,3,0,,,0,0
L:N06000254,,N06000254,2025-04,2025-06,3,3,0,,,0,0
L:N06000255,,N06000255,2025-04,2025-06,3,3,0,,,0,0
L:N06000256,,N06000256,2025-04,2025-06,3,3,0,,,0,0
L:N06000257,,N06000257,2025-04,2025-06,3,3,0,,,0,0
L:N06000258,,N06000258,2025-04,2025-06,3,3,0,,,0,0
L:N06000259,,N06000259,2025-04,2025-06,3,3,0,,,0,0
L:N06000260,,N06000260,2025-04,2025-06,3,3,0,,,0,0
L:N06000264,,N06000264,2025-04,2025-06,3,3,0,,,0,0
L:N06000265,,N06000265,2025-04,2025-06,3,3,0,,,0,0
L:N06000266,,N06000266,2025-04,2025-06,3,3,0,,,0,0
L:N06000267,,N06000267,2025-04,2025-06,3,3,0,,,0,0
L:N06000269,,N06000269,2025-04,2025-06,3,3,0,,,0,0
L:N06000270,,N06000270,2025-04,2025-06,3,3,0,,,0,0
L:N06000271,,N06000271,2025-04,2025-06,3,3,0,,,0,0
L:N06000272,,N06000272,2025-04,2025-06,3,3,0,,,0,0
L:N06000273,,N06000273,2025-04,2025-06,3,3,0,,,0,0
L:N06000274,,N06000274,2025-04,2025-06,3,3,0,,,0,0
L:N06000275,,N06000275,2025-04,2025-06,3,3,0,,,0,0
L:N06000276,,N06000276,2025-04,2025-06,3,3,0,,,0,0
L:N06000277,,N06000277,2025-04,2025-06,3,3,0,,,0,0
L:N06000278,,N06000278,2025-04,2025-06,3,3,0,,,0,0
L:N06000279,,N06000279,2025-04,2025-06,3,3,0,2,2,0,0
L:N06000280,,N06000280,2025-04,2025-06,3,3,0,,,0,0
L:N06000281,,N06000281,2025-04,2025-06,3,3,0,,,0,0
L:N06000282,,N06000282,2025-04,2025-06,3,3,0,,,0,0
L:N06000283,,N06000283,2025-04,2025-06,3,3,0,,,0,0
L:N06000284,,N06000284,2025-04,2025-06,3,3,0,,,0,0
L:N06000285,,N06000285,2025-04,2025-06,3,3,0,,,0,0
L:N06000286,,N06000286,2025-04,2025-06,3,3,0,,,0,0
L:N06000287,,N06000287,2025-04,2025-06,3,3,0,,,0,0
L:N06000288,,N06000288,2025-04,2025-06,3,3,0,,,0,0
L:N06000289,,N06000289,2025-04,2025-06,3,3,0,,,0,0
L:N06000290,,N06000290,2025-04,2025-06,3,3,0,,,0,0
L:N06000291,,N06000291,2025-04,2025-06,3,3,0,,,0,0
L:N06000292,,N06000292,2025-05,2025-06,2,2,0,,,0,0
L:N06000293,,N06000293,2025-06,2025-06,1,1,0,,,0,0
L:N06000294,,N06000294,2025-06,2025-06,1,1,0,,,0,0
L:N06000295,,N06000295,2025-06,2025-06,1,1,0,,,0,0
L:N07000001,,N07000001,2025-04,2025-06,3,3,0,,,0,0
L:N10000010,,N10000010,2025-04,2025-06,3,3,0,2,2,0,0
L:N10000011,,N10000011,2025-04,2025-06,3,3,0,,,0,0
L:N10000012,,N10000012,2025-04,2025-06,3,3,0,,,0,0
L:N10000013,,N10000013,2025-04,2025-06,3,3,0,1,1,0,0
L:N10000014,,N10000014,2025-04,2025-06,3,3,0,2,2,0,0
L:N10000015,,N10000015,2025-04,2025-06,3,3,0,,,0,0
L:N10000016,,N10000016,2025-04,2025-06,3,3,0,,,0,0
L:N10000017,,N10000017,2025-04,2025-06,3,3,0,,,0,0
L:N12000095,,N12000095,2025-04,2025-06,3,3,0,,,0,0
L:N12000122,,N12000122,2025-04,2025-06,3,3,0,,,0,0
L:N12000124,,N12000124,2025-04,2025-06,3,3,0,,,0,0
L:N12000125,,N12000125,2025-04,2025-06,3,3,0,2,2,0,0
L:N12000127,,N12000127,2025-04,2025-06,3,3,0,,,0,0
L:N12000129,,N12000129,2025-04,2025-06,3,3,0,,,0,0
L:N12000130,,N12000130,2025-04,2025-06,3,3,0,,,0,0
L:N12000131,,N12000131,2025-04,2025-06,3,3,0,,,0,0
L:N12000132,,N12000132,2025-04,2025-06,3,3,0,,,0,0
L:N12000133,,N12000133,2025-04,2025-06,3,3,0,,,0,0
L:N12000134,,N12000134,2025-04,2025-06,3,3,0,,,0,0
L:N12000135,,N12000135,2025-04,2025-06,3,3,0,,,0,0
L:N12000136,,N12000136,2025-04,2025-06,3,3,0,,,0,0
L:N12000137,,N12000137,2025-04,2025-06,3,3,0,,,0,0
L:N12000138,,N12000138,2025-04,2025-06,3,3,0,,,0,0
L:N12000139,,N12000139,2025-04,2025-06,3,3,0,,,0,0
L:N12000140,,N12000140,2025-04,2025-06,3,3,0,,,0,0
L:N12000141,,N12000141,2025-04,2025-06,3,3,0,,,0,0
L:N12000142,,N12000142,2025-04,2025-06,3,3,0,,,0,0
L:N12000143,,N12000143,2025-04,2025-06,3,3,0,,,0,0
L:N16000213,,N16000213,2025-04,2025-06,3,3,0,,,0,0
L:N16000234,,N16000234,2025-04,2025-06,3,3,0,,,0,0
L:N16000247,,N16000247,2025-04,2025-06,3,3,0,,,0,0
L:N16000275,,N16000275,2025-04,2025-06,3,3,0,,,0,0
L:N16000279,,N16000279,2025-04,2025-06,3,3,0,,,0,0
L:N16000285,,N16000285,2025-04,2025-06,3,3,0,,,0,0
L:N16000331,,N16000331,2025-04,2025-06,3,3,0,2,2,0,0
L:N16000361,,N16000361,2025-04,2025-04,1,1,0,,,0,0
L:N16000369,,N16000369,2025-04,2025-06,3,3,0,,,0,0
L:N16000375,,N16000375,2025-04,2025-06,3,3,0,,,0,0
L:N16000379,,N16000379,2025-04,2025-06,3,3,0,,,0,0
L:N16000382,,N16000382,2025-04,2025-06,3,3,0,,,0,0
L:N16000386,,N16000386,2025-04,2025-06,3,3,0,,,0,0
L:N16000388,,N16000388,2025-04,2025-06,3,3,0,2,2,0,0
L:N16000391,,N16000391,2025-04,2025-06,3,3,0,,,0,0
L:N16000392,,N16000392,2025-04,2025-05,2,2,0,,,0,0
L:N16000394,,N16000394,2025-04,2025-06,3,3,0,,,0,0
L:N16000396,,N16000396,2025-04,2025-06,3,3,0,,,0,0
L:N16000398,,N16000398,2025-04,2025-06,3,3,0,2,2,0,0
L:N16000402,,N16000402,2025-04,2025-06,3,3,0,,,0,0
L:N16000409,,N16000409,2025-04,2025-06,3,3,0,,,0,0
L:N16000411,,N16000411,2025-04,2025-06,3,3,0,,,0,0
L:N16000412,,N16000412,2025-04,2025-06,3,3,0,,,0,0
L:N16000414,,N16000414,2025-04,2025-06,3,3,0,,,0,0
L:N16000423,,N16000423,2025-04,2025-06,3,3,0,,,0,0
L:N16000426,,N16000426,2025-04,2025-05,2,2,0,,,0,0
L:N16000428,,N16000428,2025-04,2025-06,3,3,0,,,0,0
L:N16000429,,N16000429,2025-04,2025-06,3,3,0,,,0,0
L:N16000430,,N16000430,2025-04,2025-06,3,3,0,,,0,0
L:N16000431,,N16000431,2025-04,2025-06,3,3,0,,,0,0
L:N16000432,,N16000432,2025-04,2025-06,3,3,0,,,0,0
L:N16000434,,N16000434,2025-04,2025-06,3,3,0,,,0,0
L:N16000435,,N16000435,2025-04,2025-06,3,3,0,,,0,0
L:N16000437,,N16000437,2025-04,2025-06,3,3,0,,,0,0
L:N16000438,,N16000438,2025-04,2025-06,3,3,0,,,0,0
L:N16000439,,N16000439,2025-04,2025-06,3,3,0,,,0,0
L:N16000440,,N16000440,2025-04,2025-06,3,3,0,,,0,0
L:N16000441,,N16000441,2025-04,2025-06,3,3,0,,,0,0
L:N16000442,,N16000442,2025-04,2025-06,3,3,0,,,0,0
L:N16000444,,N16000444,2025-04,2025-06,3,3,0,,,0,0
L:N16000445,,N16000445,2025-04,2025-06,3,3,0,,,0,0
L:N16000446,,N16000446,2025-04,2025-06,3,3,0,1,1,0,0
L:N16000449,,N16000449,2025-04,2025-06,3,3,0,2,2,0,0
L:N16000450,,N16000450,2025-04,2025-06,3,3,0,2,2,0,0
L:N16000452,,N16000452,2025-04,2025-06,3,3,0,,,0,0
L:N16000453,,N16000453,2025-04,2025-06,3,3,0,,,0,0
L:N16000454,,N16000454,2025-04,2025-06,3,3,0,,,0,0
L:N16000455,,N16000455,2025-04,2025-06,3,3,0,,,0,0
L:N16000456,,N16000456,2025-04,2025-06,3,3,0,,,0,0
L:N16000457,,N16000457,2025-04,2025-06,3,3,0,,,0,0
L:N16000458,,N16000458,2025-04,2025-06,3,3,0,,,0,0
L:N16000470,,N16000470,2025-04,2025-06,3,3,0,,,0,0
L:N16000477,,N16000477,2025-04,2025-06,3,3,0,,,0,0
L:N16000478,,N16000478,2025-04,2025-06,3,3,0,,,0,0
L:N16000480,,N16000480,2025-04,2025-06,3,3,0,,,0,0
L:N16000481,,N16000481,2025-04,2025-06,3,3,0,,,0,0
L:N16000483,,N16000483,2025-04,2025-06,3,3,0,,,0,0
L:N16000484,,N16000484,2025-04,2025-06,3,3,0,,,0,0
L:N16000485,,N16000485,2025-04,2025-06,3,3,0,,,0,0
L:N16000486,,N16000486,2025-04,2025-06,3,3,0,,,0,0
L:N16000487,,N16000487,2025-04,2025-06,3,3,0,,,0,0
L:N16000488,,N16000488,2025-04,2025-06,3,3,0,,,0,0
L:N16000491,,N16000491,2025-04,2025-06,3,3,0,,,0,0
L:N16000494,,N16000494,2025-04,2025-06,3,3,0,,,0,0
L:N16000495,,N16000495,2025-04,2025-06,3,3,0,,,0,0
L:N16000496,,N16000496,2025-04,2025-05,2,2,0,,,0,0
L:N16000497,,N16000497,2025-04,2025-06,3,3,0,,,0,0
L:N16000498,,N16000498,2025-04,2025-06,3,3,0,,,0,0
L:N16000499,,N16000499,2025-04,2025-06,3,3,0,,,0,0
L:N16000500,,N16000500,2025-04,2025-06,3,3,0,,,0,0
L:N16000503,,N16000503,2025-04,2025-06,3,3,0,,,0,0
L:N16000504,,N16000504,2025-04,2025-06,3,3,0,,,0,0
L:N16000505,,N16000505,2025-04,2025-06,3,3,0,,,0,0
L:N16000506,,N16000506,2025-04,2025-06,3,3,0,,,0,0
L:N16000507,,N16000507,2025-04,2025-06,3,3,0,,,0,0
L:N16000508,,N16000508,2025-04,2025-06,3,3,0,,,0,0
L:N16000509,,N16000509,2025-04,2025-06,3,3,0,,,0,0
L:N16000510,,N16000510,2025-04,2025-06,3,3,0,,,0,0
L:N16000511,,N16000511,2025-04,2025-06,3,3,0,,,0,0
L:N16000512,,N16000512,2025-04,2025-06,3,3,0,,,0,0
L:N16000513,,N16000513,2025-04,2025-06,3,3,0,,,0,0
L:N16000514,,N16000514,2025-04,2025-06,3,3,0,,,0,0
L:N16000515,,N16000515,2025-04,2025-06,3,3,0,,,0,0
L:N16000518,,N16000518,2025-04,2025-06,3,3,0,,,0,0
L:N16000519,,N16000519,2025-04,2025-06,3,3,0,,,0,0
L:N16000520,,N16000520,2025-04,2025-06,3,3,0,,,0,0
L:N16000521,,N16000521,2025-04,2025-06,3,3,0,,,0,0
L:N16000522,,N16000522,2025-04,2025-06,3,3,0,,,0,0
L:N16000523,,N16000523,2025-04,2025-06,3,3,0,,,0,0
L:N16000524,,N16000524,2025-04,2025-06,3,3,0,,,0,0
L:N16000525,,N16000525,2025-04,2025-06,3,3,0,,,0,0
L:N16000526,,N16000526,2025-04,2025-06,3,3,0,,,0,0
L:N16000527,,N16000527,2025-04,2025-06,3,3,0,,,0,0
L:N16000528,,N16000528,2025-04,2025-06,3,3,0,,,0,0
L:N16000529,,N16000529,2025-04,2025-06,3,3,0,,,0,0
L:N16000530,,N16000530,2025-04,2025-06,3,3,0,,,0,0
L:N16000531,,N16000531,2025-04,2025-06,3,3,0,,,0,0
L:N16000532,,N16000532,2025-04,2025-06,3,3,0,,,0,0
L:N16000533,,N16000533,2025-04,2025-06,3,3,0,,,0,0
L:N16000534,,N16000534,2025-04,2025-06,3,3,0,,,0,0
L:N16000535,,N16000535,2025-04,2025-06,3,3,0,,,0,0
L:N16000536,,N16000536,2025-04,2025-06,3,3,0,,,0,0
L:N16000537,,N16000537,2025-04,2025-06,3,3,0,,,0,0
L:N16000538,,N16000538,2025-04,2025-06,3,3,0,,,0,0
L:N16000539,,N16000539,2025-04,2025-06,3,3,0,,,0,0
L:N16000540,,N16000540,2025-04,2025-06,3,3,0,,,0,0
L:N18000010,,N18000010,2025-04,2025-06,3,3,0,,,0,0
L:N18000014,,N18000014,2025-04,2025-06,3,3,0,,,0,0
L:N18000042,,N18000042,2025-04,2025-06,3,3,0,,,0,0
L:N18000142,,N18000142,2025-04,2025-06,3,3,0,,,0,0
L:N18000172,,N18000172,2025-04,2025-06,3,3,0,,,0,0
L:N18000177,,N18000177,2025-04,2025-06,3,3,0,,,0,0
L:N18000178,,N18000178,2025-04,2025-06,3,3,0,,,0,0
L:N18000194,,N18000194,2025-04,2025-06,3,3,0,,,0,0
L:N18000249,,N18000249,2025-04,2025-06,3,3,0,,,0,0
L:N18000250,,N18000250,2025-04,2025-06,3,3,0,,,0,0
L:N18000272,,N18000272,2025-04,2025-06,3,3,0,1,1,0,0
L:N18000275,,N18000275,2025-04,2025-06,3,3,0,,,0,0
L:N18000278,,N18000278,2025-04,2025-06,3,3,0,,,0,0
L:N18000279,,N18000279,2025-04,2025-06,3,3,0,,,0,0
L:N18000286,,N18000286,2025-04,2025-05,2,2,0,1,1,0,0
L:N18000291,,N18000291,2025-04,2025-06,3,3,0,,,0,0
L:N18000293,,N18000293,2025-04,2025-05,2,2,0,1,1,0,0
L:N18000295,,N18000295,2025-04,2025-06,3,3,0,1,1,0,0
L:N18000296,,N18000296,2025-04,2025-05,2,2,0,1,1,0,0
L:N18000297,,N18000297,2025-04,2025-06,3,3,0,,,0,0
L:N18000319,,N18000319,2025-04,2025-06,3,3,0,1,2,0,0
L:N18000320,,N18000320,2025-04,2025-04,1,1,0,,,0,0
L:N18000321,,N18000321,2025-04,2025-04,1,1,0,,,0,0
L:N18000322,,N18000322,2025-04,2025-04,1,1,0,,,0,0
L:N18000324,,N18000324,2025-04,2025-06,3,3,0,,,0,0
L:N18000325,,N18000325,2025-04,2025-06,3,3,0,,,0,0
L:N18000326,,N18000326,2025-04,2025-06,3,3,0,,,0,0
L:N18000328,,N18000328,2025-04,2025-06,3,3,0,,,0,0
L:N18000330,,N18000330,2025-04,2025-06,3,3,0,,,0,0
L:N18000331,,N18000331,2025-04,2025-06,3,3,0,,,0,0
L:N18000332,,N18000332,2025-04,2025-06,3,3,0,1,1,0,0
L:N18000335,,N18000335,2025-04,2025-06,3,3,0,,,0,0
L:N18000337,,N18000337,2025-04,2025-06,3,3,0,,,0,0
L:N18000343,,N18000343,2025-04,2025-06,3,3,0,,,0,0
L:N18000344,,N18000344,2025-04,2025-06,3,3,0,,,0,0
L:N18000345,,N18000345,2025-04,2025-06,3,3,0,1,1,0,0
L:N18000346,,N18000346,2025-04,2025-06,3,3,0,1,2,0,0
L:N18000347,,N18000347,2025-04,2025-06,3,3,0,1,1,0,0
L:N18000348,,N18000348,2025-04,2025-06,3,3,0,1,1,0,0
L:N18000349,,N18000349,2025-04,2025-06,3,3,0,1,1,0,0
L:N18000350,,N18000350,2025-04,2025-06,3,3,0,,,0,0
L:N18000351,,N18000351,2025-04,2025-06,3,3,0,,,0,0
L:N18000352,,N18000352,2025-04,2025-06,3,3,0,,,0,0
L:N18000353,,N18000353,2025-04,2025-06,3,3,0,,,0,0
L:N18000356,,N18000356,2025-04,2025-06,3,3,0,,,0,0
L:N18000357,,N18000357,2025-04,2025-06,3,3,0,,,0,0
L:N18000358,,N18000358,2025-04,2025-06,3,3,0,,,0,0
L:N18000359,,N18000359,2025-04,2025-06,3,3,0,,,0,0
L:N18000360,,N18000360,2025-04,2025-06,3,3,0,,,0,0
L:N18000361,,N18000361,2025-04,2025-06,3,3,0,,,0,0
L:N18000362,,N18000362,2025-04,2025-06,3,3,0,,,0,0
L:N18000363,,N18000363,2025-04,2025-06,3,3,0,,,0,0
L:N18000364,,N18000364,2025-04,2025-06,3,3,0,,,0,0
L:N18000365,,N18000365,2025-04,2025-06,3,3,0,1,1,0,0
L:N18000366,,N18000366,2025-04,2025-06,3,3,0,1,1,0,0
L:N18000367,,N18000367,2025-04,2025-06,3,3,0,,,0,0
L:N18000368,,N18000368,2025-04,2025-06,3,3,0,,,0,0
L:N18000370,,N18000370,2025-04,2025-06,3,3,0,,,0,0
L:N18000373,,N18000373,2025-04,2025-06,3,3,0,,,0,0
L:N18000374,,N18000374,2025-04,2025-06,3,3,0,,,0,0
L:N18000375,,N18000375,2025-04,2025-06,3,3,0,,,0,0
L:N18000376,,N18000376,2025-04,2025-06,3,3,0,,,0,0
L:N18000377,,N18000377,2025-04,2025-06,3,3,0,,,0,0
L:N18000378,,N18000378,2025-04,2025-06,3,3,0,,,0,0
L:N18000379,,N18000379,2025-04,2025-06,3,3,0,,,0,0
L:N18000380,,N18000380,2025-04,2025-06,3,3,0,,,0,0
L:N18000381,,N18000381,2025-04,2025-06,3,3,0,,,0,0
L:N18000382,,N18000382,2025-04,2025-06,3,3,0,,,0,0
L:N18000383,,N18000383,2025-04,2025-06,3,3,0,,,0,0
L:N18000384,,N18000384,2025-04,2025-06,3,3,0,,,0,0
L:N18000385,,N18000385,2025-04,2025-06,3,3,0,,,0,0
L:N18000386,,N18000386,2025-04,2025-06,3,3,0,,,0,0
L:N18000387,,N18000387,2025-04,2025-06,3,3,0,,,0,0
L:N18000388,,N18000388,2025-04,2025-06,3,3,0,,,0,0
L:N18000389,,N18000389,2025-04,2025-06,3,3,0,,,0,0
L:N18000390,,N18000390,2025-04,2025-06,3,3,0,,,0,0
L:N18000391,,N18000391,2025-04,2025-06,3,3,0,,,0,0
L:N18000392,,N18000392,2025-04,2025-06,3,3,0,,,0,0
L:N18000393,,N18000393,2025-04,2025-06,3,3,0,,,0,0
L:N18000394,,N18000394,2025-04,2025-06,3,3,0,,,0,0
L:N18000395,,N18000395,2025-04,2025-06,3,3,0,,,0,0
L:N18000396,,N18000396,2025-04,2025-06,3,3,0,,,0,0
L:N18000397,,N18000397,2025-04,2025-06,3,3,0,,,0,0
L:N18000398,,N18000398,2025-04,2025-06,3,3,0,,,0,0
L:N18000399,,N18000399,2025-04,2025-06,3,3,0,,,0,0
L:N18000400,,N18000400,2025-04,2025-06,3,3,0,,,0,0
L:N18000401,,N18000401,2025-04,2025-06,3,3,0,,,0,0
L:N18000402,,N18000402,2025-04,2025-06,3,3,0,,,0,0
L:N18000403,,N18000403,2025-04,2025-06,3,3,0,,,0,0
L:N18000404,,N18000404,2025-04,2025-06,3,3,0,,,0,0
L:N18000405,,N18000405,2025-04,2025-06,3,3,0,,,0,0
L:N18000406,,N18000406,2025-04,2025-06,3,3,0,2,2,0,0
L:N18000407,,N18000407,2025-04,2025-06,3,3,0,,,0,0
L:N18000408,,N18000408,2025-04,2025-06,3,3,0,,,0,0
L:N18000409,,N18000409,2025-04,2025-06,3,3,0,,,0,0
L:N18000410,,N18000410,2025-04,2025-06,3,3,0,,,0,0
L:N18000411,,N18000411,2025-04,2025-06,3,3,0,,,0,0
L:N18000412,,N18000412,2025-04,2025-06,3,3,0,,,0,0
L:N18000413,,N18000413,2025-04,2025-06,3,3,0,,,0,0
L:N18000414,,N18000414,2025-04,2025-06,3,3,0,,,0,0
L:N18000415,,N18000415,2025-04,2025-06,3,3,0,,,0,0
L:N18000416,,N18000416,2025-04,2025-06,3,3,0,,,0,0
L:N18000417,,N18000417,2025-04,2025-06,3,3,0,,,0,0
L:N18000418,,N18000418,2025-05,2025-06,2,2,0,,,0,0
L:N18000419,,N18000419,2025-05,2025-06,2,2,0,,,0,0
L:N18000420,,N18000420,2025-05,2025-06,2,2,0,,,0,0
L:N18000421,,N18000421,2025-05,2025-06,2,2,0,,,0,0
L:N18000422,,N18000422,2025-05,2025-06,2,2,0,,,0,0
L:N18000423,,N18000423,2025-05,2025-06,2,2,0,,,0,0
L:N21000027,,N21000027,2025-04,2025-06,3,3,0,,,0,0
L:N21000029,,N21000029,2025-04,2025-06,3,3,0,,,0,0
L:N21000031,,N21000031,2025-04,2025-06,3,3,0,,,0,0
L:N21000032,,N21000032,2025-04,2025-06,3,3,0,,,0,0
L:N21000033,,N21000033,2025-04,2025-06,3,3,0,,,0,0
L:N22000028,,N22000028,2025-04,2025-06,3,3,0,2,2,0,0
L:N22000032,,N22000032,2025-04,2025-06,3,3,0,,,0,0
L:N22000085,,N22000085,2025-04,2025-06,3,3,0,,,0,0
L:N22000087,,N22000087,2025-04,2025-06,3,3,0,,,0,0
L:N22000092,,N22000092,2025-04,2025-06,3,3,0,,,0,0
L:N22000100,,N22000100,2025-04,2025-06,3,3,0,,,0,0
L:N22000102,,N22000102,2025-04,2025-06,3,3,0,,,0,0
L:N22000108,,N22000108,2025-04,2025-06,3,3,0,,,0,0
L:N22000109,,N22000109,2025-04,2025-06,3,3,0,,,0,0
L:N22000110,,N22000110,2025-04,2025-06,3,3,0,,,0,0
L:N22000111,,N22000111,2025-04,2025-06,3,3,0,,,0,0
L:N22000120,,N22000120,2025-04,2025-06,3,3,0,,,0,0
L:N22000124,,N22000124,2025-04,2025-06,3,3,0,,,0,0
L:N22000134,,N22000134,2025-04,2025-06,3,3,0,,,0,0
L:N22000138,,N22000138,2025-04,2025-06,3,3,0,,,0,0
L:N22000139,,N22000139,2025-04,2025-06,3,3,0,,,0,0
L:N22000142,,N22000142,2025-04,2025-06,3,3,0,,,0,0
L:N22000148,,N22000148,2025-04,2025-06,3,3,0,,,0,0
L:N22000158,,N22000158,2025-04,2025-06,3,3,0,,,0,0
L:N22000171,,N22000171,2025-04,2025-06,3,3,0,,,0,0
L:N22000177,,N22000177,2025-04,2025-06,3,3,0,,,0,0
L:N22000181,,N22000181,2025-04,2025-06,3,3,0,,,0,0
L:N22000183,,N22000183,2025-04,2025-04,1,1,0,,,0,0
L:N22000206,,N22000206,2025-04,2025-06,3,3,0,,,0,0
L:N22000207,,N22000207,2025-04,2025-06,3,3,0,,,0,0
L:N22000208,,N22000208,2025-04,2025-06,3,3,0,,,0,0
L:N22000219,,N22000219,2025-04,2025-06,3,3,0,,,0,0
L:N22000231,,N22000231,2025-04,2025-06,3,3,0,,,0,0
L:N22000233,,N22000233,2025-04,2025-06,3,3,0,,,0,0
L:N22000250,,N22000250,2025-04,2025-06,3,3,0,,,0,0
L:N22000256,,N22000256,2025-04,2025-06,3,3,0,,,0,0
L:N22000258,,N22000258,2025-04,2025-06,3,3,0,,,0,0
L:N22000261,,N22000261,2025-04,2025-06,3,3,0,,,0,0
L:N22000273,,N22000273,2025-04,2025-06,3,3,0,,,0,0
L:N22000274,,N22000274,2025-04,2025-06,3,3,0,,,0,0
L:N22000279,,N22000279,2025-04,2025-06,3,3,0,1,1,0,0
L:N22000281,,N22000281,2025-04,2025-06,3,3,0,,,0,0
L:N22000286,,N22000286,2025-04,2025-06,3,3,0,,,0,0
L:N22000297,,N22000297,2025-04,2025-06,3,3,0,,,0,0
L:N22000299,,N22000299,2025-04,2025-06,3,3,0,,,0,0
L:N22000308,,N22000308,2025-04,2025-06,3,3,0,,,0,0
L:N22000316,,N22000316,2025-04,2025-06,3,3,0,,,0,0
L:N22000318,,N22000318,2025-04,2025-06,3,3,0,,,0,0
L:N22000329,,N22000329,2025-04,2025-06,3,3,0,,,0,0
L:N22000333,,N22000333,2025-04,2025-06,3,3,0,,,0,0
L:N22000349,,N22000349,2025-04,2025-06,3,3,0,,,0,0
L:N22000350,,N22000350,2025-04,2025-06,3,3,0,,,0,0
L:N22000351,,N22000351,2025-04,2025-06,3,3,0,,,0,0
L:N22000356,,N22000356,2025-04,2025-06,3,3,0,,,0,0
L:N22000358,,N22000358,2025-04,2025-06,3,3,0,,,0,0
L:N22000359,,N22000359,2025-04,2025-06,3,3,0,,,0,0
L:N22000360,,N22000360,2025-04,2025-06,3,3,0,,,0,0
L:N22000361,,N22000361,2025-04,2025-06,3,3,0,,,0,0
L:N22000362,,N22000362,2025-04,2025-06,3,3,0,,,0,0
L:N22000367,,N22000367,2025-04,2025-06,3,3,0,,,0,0
L:N22000368,,N22000368,2025-04,2025-06,3,3,0,,,0,0
L:N22000369,,N22000369,2025-04,2025-06,3,3,0,,,0,0
L:N22000376,,N22000376,2025-04,2025-06,3,3,0,,,0,0
L:N22000377,,N22000377,2025-04,2025-06,3,3,0,,,0,0
L:N22000379,,N22000379,2025-04,2025-06,3,3,0,,,0,0
L:N22000380,,N22000380,2025-04,2025-06,3,3,0,,,0,0
L:N22000381,,N22000381,2025-04,2025-06,3,3,0,,,0,0
L:N22000388,,N22000388,2025-04,2025-06,3,3,0,,,0,0
L:N22000396,,N22000396,2025-04,2025-06,3,3,0,,,0,0
L:N22000399,,N22000399,2025-04,2025-06,3,3,0,,,0,0
L:N22000401,,N22000401,2025-04,2025-04,1,1,0,,,0,0
L:N22000406,,N22000406,2025-04,2025-06,3,3,0,,,0,0
L:N22000409,,N22000409,2025-04,2025-06,3,3,0,,,0,0
L:N22000416,,N22000416,2025-04,2025-06,3,3,0,,,0,0
L:N22000417,,N22000417,2025-04,2025-04,1,1,0,,,0,0
L:N22000418,,N22000418,2025-04,2025-04,1,1,0,,,0,0
L:N22000419,,N22000419,2025-04,2025-04,1,1,0,,,0,0
L:N22000420,,N22000420,2025-04,2025-06,3,3,0,,,0,0
L:N22000434,,N22000434,2025-04,2025-06,3,3,0,,,0,0
L:N22000463,,N22000463,2025-04,2025-06,3,3,0,,,0,0
L:N22000464,,N22000464,2025-04,2025-06,3,3,0,,,0,0
L:N22000467,,N22000467,2025-04,2025-06,3,3,0,,,0,0
L:N22000468,,N22000468,2025-04,2025-06,3,3,0,,,0,0
L:N22000470,,N22000470,2025-04,2025-06,3,3,0,,,0,0
L:N22000472,,N22000472,2025-04,2025-06,3,3,0,,,0,0
L:N22000473,,N22000473,2025-04,2025-06,3,3,0,,,0,0
L:N22000476,,N22000476,2025-04,2025-06,3,3,0,,,0,0
L:N22000480,,N22000480,2025-04,2025-06,3,3,0,,,0,0
L:N22000484,,N22000484,2025-04,2025-06,3,3,0,,,0,0
L:N22000485,,N22000485,2025-04,2025-06,3,3,0,,,0,0
L:N22000486,,N22000486,2025-04,2025-06,3,3,0,,,0,0
L:N22000489,,N22000489,2025-04,2025-06,3,3,0,,,0,0
L:N22000495,,N22000495,2025-04,2025-06,3,3,0,,,0,0
L:N22000496,,N22000496,2025-04,2025-06,3,3,0,,,0,0
L:N22000501,,N22000501,2025-04,2025-06,3,3,0,,,0,0
L:N22000502,,N22000502,2025-04,2025-04,1,1,0,,,0,0
L:N22000503,,N22000503,2025-04,2025-06,3,3,0,2,2,0,0
L:N22000504,,N22000504,2025-04,2025-06,3,3,0,1,1,0,0
L:N22000505,,N22000505,2025-04,2025-04,1,1,0,,,0,0
L:N22000506,,N22000506,2025-04,2025-06,3,3,0,,,0,0
L:N22000508,,N22000508,2025-04,2025-06,3,3,0,,,0,0
L:N22000510,,N22000510,2025-04,2025-06,3,3,0,,,0,0
L:N22000511,,N22000511,2025-04,2025-06,3,3,0,,,0,0
L:N22000513,,N22000513,2025-04,2025-06,3,3,0,,,0,0
L:N22000514,,N22000514,2025-04,2025-06,3,3,0,,,0,0
L:N22000515,,N22000515,2025-04,2025-06,3,3,0,,,0,0
L:N22000516,,N22000516,2025-04,2025-06,3,3,0,,,0,0
L:N22000517,,N22000517,2025-04,2025-06,3,3,0,1,1,0,0
L:N22000518,,N22000518,2025-04,2025-06,3,3,0,,,0,0
L:N22000519,,N22000519,2025-04,2025-06,3,3,0,,,0,0
L:N22000520,,N22000520,2025-04,2025-06,3,3,0,,,0,0
L:N22000521,,N22000521,2025-04,2025-06,3,3,0,,,0,0
L:N22000522,,N22000522,2025-04,2025-06,3,3,0,,,0,0
L:N22000523,,N22000523,2025-04,2025-04,1,1,0,,,0,0
L:N22000524,,N22000524,2025-04,2025-06,3,3,0,,,0,0
L:N22000525,,N22000525,2025-04,2025-06,3,3,0,,,0,0
L:N22000526,,N22000526,2025-04,2025-06,3,3,0,,,0,0
L:N22000528,,N22000528,2025-04,2025-06,3,3,0,,,0,0
L:N22000529,,N22000529,2025-04,2025-06,3,3,0,,,0,0
L:N22000532,,N22000532,2025-04,2025-06,3,3,0,2,2,0,0
L:N22000533,,N22000533,2025-04,2025-06,3,3,0,,,0,0
L:N22000535,,N22000535,2025-04,2025-06,3,3,0,1,1,0,0
L:N22000536,,N22000536,2025-04,2025-06,3,3,0,1,1,0,0
L:N22000537,,N22000537,2025-04,2025-06,3,3,0,2,2,0,0
L:N22000538,,N22000538,2025-04,2025-06,3,3,0,,,0,0
L:N22000539,,N22000539,2025-04,2025-06,3,3,0,,,0,0
L:N22000540,,N22000540,2025-04,2025-06,3,3,0,,,0,0
L:N22000541,,N22000541,2025-04,2025-06,3,3,0,,,0,0
L:N22000542,,N22000542,2025-04,2025-06,3,3,0,,,0,0
L:N22000543,,N22000543,2025-04,2025-06,3,3,0,,,0,0
L:N22000544,,N22000544,2025-04,2025-06,3,3,0,,,0,0
L:N22000545,,N22000545,2025-04,2025-06,3,3,0,,,0,0
L:N22000546,,N22000546,2025-04,2025-06,3,3,0,,,0,0
L:N22000547,,N22000547,2025-04,2025-06,3,3,0,2,2,0,0
L:N22000548,,N22000548,2025-04,2025-06,3,3,0,2,2,0,0
L:N22000550,,N22000550,2025-04,2025-06,3,3,0,1,1,0,0
L:N22000551,,N22000551,2025-04,2025-06,3,3,0,2,2,0,0
L:N22000553,,N22000553,2025-04,2025-06,3,3,0,,,0,0
L:N22000554,,N22000554,2025-04,2025-06,3,3,0,,,0,0
L:N22000555,,N22000555,2025-04,2025-06,3,3,0,,,0,0
L:N22000556,,N22000556,2025-04,2025-06,3,3,0,,,0,0
L:N22000557,,N22000557,2025-04,2025-06,3,3,0,,,0,0
L:N22000558,,N22000558,2025-04,2025-06,3,3,0,,,0,0
L:N22000559,,N22000559,2025-04,2025-06,3,3,0,,,0,0
L:N22000562,,N22000562,2025-04,2025-06,3,3,0,,,0,0
L:N22000563,,N22000563,2025-04,2025-06,3,3,0,,,0,0
L:N22000564,,N22000564,2025-04,2025-06,3,3,0,,,0,0
L:N22000565,,N22000565,2025-04,2025-06,3,3,0,,,0,0
L:N22000566,,N22000566,2025-04,2025-06,3,3,0,,,0,0
L:N22000568,,N22000568,2025-04,2025-06,3,3,0,,,0,0
L:N22000569,,N22000569,2025-04,2025-06,3,3,0,,,0,0
L:N22000570,,N22000570,2025-04,2025-06,3,3,0,,,0,0
L:N22000571,,N22000571,2025-04,2025-06,3,3,0,,,0,0
L:N22000572,,N22000572,2025-04,2025-06,3,3,0,,,0,0
L:N22000573,,N22000573,2025-04,2025-06,3,3,0,,,0,0
L:N22000574,,N22000574,2025-04,2025-06,3,3,0,,,0,0
L:N22000575,,N22000575,2025-04,2025-06,3,3,0,,,0,0
L:N22000576,,N22000576,2025-04,2025-06,3,3,0,,,0,0
L:N22000577,,N22000577,2025-04,2025-06,3,3,0,,,0,0
L:N22000579,,N22000579,2025-04,2025-06,3,3,0,,,0,0
L:N22000580,,N22000580,2025-04,2025-06,3,3,0,,,0,0
L:N22000583,,N22000583,2025-04,2025-06,3,3,0,,,0,0
L:N22000584,,N22000584,2025-04,2025-06,3,3,0,2,2,0,0
L:N22000585,,N22000585,2025-04,2025-06,3,3,0,,,0,0
L:N22000586,,N22000586,2025-04,2025-06,3,3,0,,,0,0
L:N22000587,,N22000587,2025-04,2025-06,3,3,0,,,0,0
L:N22000589,,N22000589,2025-04,2025-06,3,3,0,,,0,0
L:N22000590,,N22000590,2025-04,2025-06,3,3,0,,,0,0
L:N22000591,,N22000591,2025-04,2025-06,3,3,0,,,0,0
L:N22000592,,N22000592,2025-04,2025-06,3,3,0,,,0,0
L:N22000593,,N22000593,2025-04,2025-06,3,3,0,2,2,0,0
L:N22000594,,N22000594,2025-04,2025-06,3,3,0,,,0,0
L:N22000595,,N22000595,2025-04,2025-06,3,3,0,,,0,0
L:N22000596,,N22000596,2025-04,2025-06,3,3,0,,,0,0
L:N22000598,,N22000598,2025-04,2025-06,3,3,0,,,0,0
L:N22000599,,N22000599,2025-04,2025-06,3,3,0,,,0,0
L:N22000600,,N22000600,2025-04,2025-06,3,3,0,,,0,0
L:N22000601,,N22000601,2025-04,2025-06,3,3,0,,,0,0
L:N22000602,,N22000602,2025-04,2025-06,3,3,0,,,0,0
L:N22000604,,N22000604,2025-04,2025-06,3,3,0,2,2,0,0
L:N22000605,,N22000605,2025-04,2025-06,3,3,0,,,0,0
L:N22000606,,N22000606,2025-04,2025-06,3,3,0,2,2,0,0
L:N22000607,,N22000607,2025-04,2025-06,3,3,0,2,2,0,0
L:N22000608,,N22000608,2025-04,2025-06,3,3,0,2,2,0,0
L:N22000609,,N22000609,2025-04,2025-04,1,1,0,,,0,0
L:N22000610,,N22000610,2025-04,2025-06,3,3,0,,,0,0
L:N22000611,,N22000611,2025-04,2025-06,3,3,0,,,0,0
L:N22000612,,N22000612,2025-04,2025-06,3,3,0,,,0,0
L:N22000613,,N22000613,2025-04,2025-06,3,3,0,,,0,0
L:N22000614,,N22000614,2025-04,2025-06,3,3,0,,,0,0
L:N22000615,,N22000615,2025-04,2025-06,3,3,0,,,0,0
L:N22000616,,N22000616,2025-04,2025-06,3,3,0,,,0,0
L:N22000618,,N22000618,2025-04,2025-06,3,3,0,1,1,0,0
L:N22000619,,N22000619,2025-04,2025-06,3,3,0,,,0,0
L:N22000620,,N22000620,2025-04,2025-06,3,3,0,,,0,0
L:N22000621,,N22000621,2025-04,2025-06,3,3,0,,,0,0
L:N22000622,,N22000622,2025-04,2025-06,3,3,0,2,2,0,0
L:N22000624,,N22000624,2025-04,2025-06,3,3,0,,,0,0
L:N22000625,,N22000625,2025-04,2025-05,2,2,0,,,0,0
L:N22000626,,N22000626,2025-04,2025-06,3,3,0,,,0,0
L:N22000627,,N22000627,2025-04,2025-06,3,3,0,,,0,0
L:N22000628,,N22000628,2025-04,2025-06,3,3,0,,,0,0
L:N22000629,,N22000629,2025-04,2025-06,3,3,0,,,0,0
L:N22000630,,N22000630,2025-04,2025-06,3,3,0,,,0,0
L:N22000631,,N22000631,2025-04,2025-06,3,3,0,,,0,0
L:N22000632,,N22000632,2025-06,2025-06,1,1,0,,,0,0
L:N24000165,,N24000165,2025-04,2025-06,3,3,0,,,0,0
L:N24000182,,N24000182,2025-04,2025-06,3,3,0,,,0,0
L:N24000187,,N24000187,2025-04,2025-06,3,3,0,1,1,0,0
L:N24000245,,N24000245,2025-04,2025-06,3,3,0,,,0,0
L:N24000247,,N24000247,2025-04,2025-06,3,3,0,,,0,0
L:N24000248,,N24000248,2025-04,2025-06,3,3,0,,,0,0
L:N24000301,,N24000301,2025-04,2025-05,2,2,0,,,0,0
L:N24000319,,N24000319,2025-04,2025-06,3,3,0,,,0,0
L:N24000320,,N24000320,2025-04,2025-06,3,3,0,,,0,0
L:N24000331,,N24000331,2025-04,2025-06,3,3,0,,,0,0
L:N24000332,,N24000332,2025-04,2025-05,2,2,0,,,0,0
L:N24000334,,N24000334,2025-04,2025-06,3,3,0,,,0,0
L:N24000382,,N24000382,2025-04,2025-06,3,3,0,2,2,0,0
L:N24000431,,N24000431,2025-04,2025-06,3,3,0,,,0,0
L:N24000438,,N24000438,2025-04,2025-06,3,3,0,,,0,0
L:N24000442,,N24000442,2025-04,2025-06,3,3,0,,,0,0
L:N24000462,,N24000462,2025-04,2025-06,3,3,0,,,0,0
L:N24000463,,N24000463,2025-04,2025-06,3,3,0,,,0,0
L:N24000465,,N24000465,2025-04,2025-06,3,3,0,,,0,0
L:N24000480,,N24000480,2025-04,2025-06,3,3,0,,,0,0
L:N24000488,,N24000488,2025-04,2025-06,3,3,0,1,2,0,0
L:N24000507,,N24000507,2025-04,2025-06,3,3,0,,,0,0
L:N24000513,,N24000513,2025-04,2025-06,3,3,0,,,0,0
L:N24000515,,N24000515,2025-04,2025-06,3,3,0,,,0,0
L:N24000531,,N24000531,2025-04,2025-06,3,3,0,,,0,0
L:N24000560,,N24000560,2025-04,2025-06,3,3,0,,,0,0
L:N24000564,,N24000564,2025-04,2025-06,3,3,0,1,1,0,0
L:N24000567,,N24000567,2025-04,2025-04,1,1,0,,,0,0
L:N24000569,,N24000569,2025-04,2025-06,3,3,0,,,0,0
L:N24000570,,N24000570,2025-04,2025-04,1,1,0,,,0,0
L:N24000576,,N24000576,2025-04,2025-06,3,3,0,,,0,0
L:N24000578,,N24000578,2025-04,2025-06,3,3,0,,,0,0
L:N24000579,,N24000579,2025-04,2025-06,3,3,0,2,2,0,0
L:N24000582,,N24000582,2025-04,2025-06,3,3,0,,,0,0
L:N24000583,,N24000583,2025-04,2025-06,3,3,0,,,0,0
L:N24000584,,N24000584,2025-04,2025-06,3,3,0,,,0,0
L:N24000585,,N24000585,2025-04,2025-06,3,3,0,,,0,0
L:N24000592,,N24000592,2025-04,2025-06,3,3,0,,,0,0
L:N24000603,,N24000603,2025-04,2025-04,1,1,0,,,0,0
L:N24000613,,N24000613,2025-04,2025-06,3,3,0,,,0,0
L:N24000619,,N24000619,2025-04,2025-06,3,3,0,,,0,0
L:N24000649,,N24000649,2025-04,2025-06,3,3,0,,,0,0
L:N24000656,,N24000656,2025-04,2025-06,3,3,0,,,0,0
L:N24000659,,N24000659,2025-04,2025-05,2,2,0,,,0,0
L:N24000665,,N24000665,2025-04,2025-06,3,3,0,1,1,0,0
L:N24000683,,N24000683,2025-04,2025-06,3,3,0,,,0,0
L:N24000686,,N24000686,2025-04,2025-05,2,2,0,,,0,0
L:N24000688,,N24000688,2025-04,2025-06,3,3,0,,,0,0
L:N24000696,,N24000696,2025-04,2025-06,3,3,0,,,0,0
L:N24000697,,N24000697,2025-04,2025-06,3,3,0,,,0,0
L:N24000704,,N24000704,2025-04,2025-05,2,2,0,,,0,0
L:N24000708,,N24000708,2025-04,2025-06,3,3,0,1,2,0,0
L:N24000709,,N24000709,2025-04,2025-04,1,1,0,,,0,0
L:N24000714,,N24000714,2025-04,2025-06,3,3,0,2,2,0,0
L:N24000715,,N24000715,2025-04,2025-06,3,3,0,,,0,0
L:N24000717,,N24000717,2025-04,2025-06,3,3,0,1,2,0,0
L:N24000723,,N24000723,2025-04,2025-06,3,3,0,1,1,0,0
L:N24000726,,N24000726,2025-04,2025-06,3,3,0,1,1,0,0
L:N24000733,,N24000733,2025-04,2025-06,3,3,0,,,0,0
L:N24000734,,N24000734,2025-04,2025-06,3,3,0,,,0,0
L:N24000736,,N24000736,2025-04,2025-06,3,3,0,,,0,0
L:N24000738,,N24000738,2025-04,2025-06,3,3,0,,,0,0
L:N24000739,,N24000739,2025-04,2025-06,3,3,0,1,2,0,0
L:N24000741,,N24000741,2025-04,2025-05,2,2,0,,,0,0
L:N24000742,,N24000742,2025-04,2025-06,3,3,0,,,0,0
L:N24000743,,N24000743,2025-04,2025-06,3,3,0,,,0,0
L:N24000745,,N24000745,2025-04,2025-06,3,3,0,,,0,0
L:N24000749,,N24000749,2025-04,2025-06,3,3,0,,,0,0
L:N24000752,,N24000752,2025-04,2025-06,3,3,0,,,0,0
L:N24000753,,N24000753,2025-04,2025-06,3,3,0,,,0,0
L:N24000763,,N24000763,2025-04,2025-06,3,3,0,,,0,0
L:N24000765,,N24000765,2025-04,2025-06,3,3,0,,,0,0
L:N24000767,,N24000767,2025-04,2025-06,3,3,0,,,0,0
L:N24000768,,N24000768,2025-04,2025-05,2,2,0,,,0,0
L:N24000771,,N24000771,2025-04,2025-06,3,3,0,2,2,0,0
L:N24000772,,N24000772,2025-04,2025-06,3,3,0,,,0,0
L:N24000773,,N24000773,2025-04,2025-06,3,3,0,2,2,0,0
L:N24000774,,N24000774,2025-04,2025-06,3,3,0,,,0,0
L:N24000775,,N24000775,2025-04,2025-06,3,3,0,2,2,0,0
L:N24000776,,N24000776,2025-04,2025-06,3,3,0,,,0,0
L:N24000777,,N24000777,2025-04,2025-06,3,3,0,,,0,0
L:N24000778,,N24000778,2025-04,2025-06,3,3,0,,,0,0
L:N24000779,,N24000779,2025-04,2025-06,3,3,0,2,2,0,0
L:N24000780,,N24000780,2025-04,2025-06,3,3,0,,,0,0
L:N24000781,,N24000781,2025-04,2025-06,3,3,0,2,2,0,0
L:N24000782,,N24000782,2025-04,2025-06,3,3,0,,,0,0
L:N24000784,,N24000784,2025-04,2025-06,3,3,0,,,0,0
L:N24000788,,N24000788,2025-04,2025-06,3,3,0,,,0,0
L:N24000795,,N24000795,2025-04,2025-06,3,3,0,1,1,0,0
L:N24000798,,N24000798,2025-04,2025-06,3,3,0,,,0,0
L:N24000811,,N24000811,2025-04,2025-06,3,3,0,,,0,0
L:N24000813,,N24000813,2025-04,2025-06,3,3,0,,,0,0
L:N24000820,,N24000820,2025-04,2025-06,3,3,0,,,0,0
L:N24000821,,N24000821,2025-04,2025-06,3,3,0,,,0,0
L:N24000826,,N24000826,2025-04,2025-06,3,3,0,1,2,0,0
L:N24000834,,N24000834,2025-04,2025-06,3,3,0,,,0,0
L:N24000851,,N24000851,2025-04,2025-06,3,3,0,,,0,0
L:N24000852,,N24000852,2025-04,2025-06,3,3,0,,,0,0
L:N24000855,,N24000855,2025-04,2025-06,3,3,0,,,0,0
L:N24000857,,N24000857,2025-04,2025-06,3,3,0,,,0,0
L:N24000858,,N24000858,2025-04,2025-06,3,3,0,,,0,0
L:N24000861,,N24000861,2025-04,2025-06,3,3,0,,,0,0
L:N24000862,,N24000862,2025-04,2025-06,3,3,0,,,0,0
L:N24000863,,N24000863,2025-04,2025-06,3,3,0,,,0,0
L:N24000864,,N24000864,2025-04,2025-06,3,3,0,,,0,0
L:N24000865,,N24000865,2025-04,2025-06,3,3,0,,,0,0
L:N24000868,,N24000868,2025-04,2025-06,3,3,0,,,0,0
L:N24000874,,N24000874,2025-04,2025-06,3,3,0,,,0,0
L:N24000880,,N24000880,2025-04,2025-06,3,3,0,,,0,0
L:N24000907,,N24000907,2025-04,2025-06,3,3,0,,,0,0
L:N24000909,,N24000909,2025-04,2025-06,3,3,0,,,0,0
L:N24000910,,N24000910,2025-04,2025-06,3,3,0,1,1,0,0
L:N24000912,,N24000912,2025-04,2025-06,3,3,0,,,0,0
L:N24000914,,N24000914,2025-04,2025-06,3,3,0,,,0,0
L:N24000917,,N24000917,2025-04,2025-06,3,3,0,,,0,0
L:N24000925,,N24000925,2025-04,2025-06,3,3,0,,,0,0
L:N24000931,,N24000931,2025-04,2025-06,3,3,0,,,0,0
L:N24000937,,N24000937,2025-04,2025-06,3,3,0,,,0,0
L:N24000943,,N24000943,2025-04,2025-06,3,3,0,2,2,0,0
L:N24000946,,N24000946,2025-04,2025-06,3,3,0,,,0,0
L:N24000964,,N24000964,2025-04,2025-06,3,3,0,,,0,0
L:N24000969,,N24000969,2025-04,2025-06,3,3,0,,,0,0
L:N24000979,,N24000979,2025-04,2025-06,3,3,0,,,0,0
L:N24000980,,N24000980,2025-04,2025-06,3,3,0,,,0,0
L:N24000981,,N24000981,2025-04,2025-06,3,3,0,,,0,0
L:N24000982,,N24000982,2025-04,2025-06,3,3,0,,,0,0
L:N24000983,,N24000983,2025-04,2025-06,3,3,0,,,0,0
L:N24000984,,N24000984,2025-04,2025-06,3,3,0,,,0,0
L:N24000986,,N24000986,2025-04,2025-06,3,3,0,,,0,0
L:N24000987,,N24000987,2025-04,2025-06,3,3,0,,,0,0
L:N24000988,,N24000988,2025-04,2025-06,3,3,0,,,0,0
L:N24000989,,N24000989,2025-04,2025-06,3,3,0,,,0,0
L:N24000990,,N24000990,2025-04,2025-06,3,3,0,,,0,0
L:N24000993,,N24000993,2025-04,2025-06,3,3,0,,,0,0
L:N24000994,,N24000994,2025-04,2025-06,3,3,0,,,0,0
L:N24000996,,N24000996,2025-04,2025-06,3,3,0,,,0,0
L:N24000997,,N24000997,2025-04,2025-06,3,3,0,,,0,0
L:N24000998,,N24000998,2025-04,2025-06,3,3,0,,,0,0
L:N24001002,,N24001002,2025-04,2025-06,3,3,0,,,0,0
L:N24001003,,N24001003,2025-04,2025-05,2,2,0,,,0,0
L:N24001008,,N24001008,2025-04,2025-05,2,2,0,,,0,0
L:N24001013,,N24001013,2025-04,2025-06,3,3,0,,,0,0
L:N24001017,,N24001017,2025-04,2025-06,3,3,0,,,0,0
L:N24001018,,N24001018,2025-04,2025-05,2,2,0,,,0,0
L:N24001021,,N24001021,2025-04,2025-05,2,2,0,,,0,0
L:N24001022,,N24001022,2025-04,2025-06,3,3,0,,,0,0
L:N24001046,,N24001046,2025-04,2025-05,2,2,0,,,0,0
L:N24001050,,N24001050,2025-04,2025-06,3,3,0,,,0,0
L:N24001057,,N24001057,2025-04,2025-06,3,3,0,,,0,0
L:N24001058,,N24001058,2025-04,2025-06,3,3,0,,,0,0
L:N24001060,,N24001060,2025-04,2025-06,3,3,0,,,0,0
L:N24001069,,N24001069,2025-04,2025-06,3,3,0,,,0,0
L:N24001078,,N24001078,2025-04,2025-05,2,2,0,,,0,0
L:N24001079,,N24001079,2025-04,2025-05,2,2,0,,,0,0
L:N24001080,,N24001080,2025-04,2025-05,2,2,0,,,0,0
L:N24001082,,N24001082,2025-04,2025-06,3,3,0,,,0,0
L:N24001090,,N24001090,2025-04,2025-05,2,2,0,,,0,0
L:N24001092,,N24001092,2025-04,2025-06,3,3,0,,,0,0
L:N24001099,,N24001099,2025-04,2025-06,3,3,0,,,0,0
L:N24001101,,N24001101,2025-04,2025-05,2,2,0,,,0,0
L:N24001102,,N24001102,2025-04,2025-05,2,2,0,,,0,0
L:N24001106,,N24001106,2025-04,2025-06,3,3,0,,,0,0
L:N24001107,,N24001107,2025-04,2025-06,3,3,0,,,0,0
L:N24001112,,N24001112,2025-04,2025-06,3,3,0,,,0,0
L:N24001114,,N24001114,2025-04,2025-06,3,3,0,,,0,0
L:N24001122,,N24001122,2025-04,2025-06,3,3,0,,,0,0
L:N24001123,,N24001123,2025-04,2025-06,3,3,0,,,0,0
L:N24001124,,N24001124,2025-04,2025-06,3,3,0,,,0,0
L:N24001125,,N24001125,2025-04,2025-06,3,3,0,,,0,0
L:N24001130,,N24001130,2025-04,2025-06,3,3,0,2,2,0,0
L:N24001132,,N24001132,2025-04,2025-06,3,3,0,,,0,0
L:N24001134,,N24001134,2025-04,2025-06,3,3,0,,,0,0
L:N24001138,,N24001138,2025-04,2025-05,2,2,0,,,0,0
L:N24001156,,N24001156,2025-04,2025-06,3,3,0,,,0,0
L:N24001157,,N24001157,2025-04,2025-06,3,3,0,,,0,0
L:N24001158,,N24001158,2025-04,2025-06,3,3,0,,,0,0
L:N24001159,,N24001159,2025-04,2025-06,3,3,0,,,0,0
L:N24001160,,N24001160,2025-04,2025-06,3,3,0,,,0,0
L:N24001161,,N24001161,2025-04,2025-06,3,3,0,,,0,0
L:N24001162,,N24001162,2025-04,2025-06,3,3,0,,,0,0
L:N24001164,,N24001164,2025-04,2025-06,3,3,0,,,0,0
L:N24001165,,N24001165,2025-04,2025-06,3,3,0,,,0,0
L:N24001166,,N24001166,2025-04,2025-06,3,3,0,,,0,0
L:N24001168,,N24001168,2025-04,2025-06,3,3,0,,,0,0
L:N24001172,,N24001172,2025-04,2025-06,3,3,0,,,0,0
L:N24001173,,N24001173,2025-04,2025-06,3,3,0,,,0,0
L:N24001179,,N24001179,2025-04,2025-04,1,1,0,,,0,0
L:N24001180,,N24001180,2025-04,2025-04,1,1,0,,,0,0
L:N24001201,,N24001201,2025-04,2025-06,3,3,0,,,0,0
L:N24001216,,N24001216,2025-04,2025-06,3,3,0,,,0,0
L:N24001217,,N24001217,2025-04,2025-06,3,3,0,,,0,0
L:N24001221,,N24001221,2025-04,2025-06,3,3,0,,,0,0
L:N24001222,,N24001222,2025-04,2025-06,3,3,0,,,0,0
L:N24001227,,N24001227,2025-04,2025-06,3,3,0,,,0,0
L:N24001228,,N24001228,2025-04,2025-06,3,3,0,,,0,0
L:N24001244,,N24001244,2025-04,2025-06,3,3,0,2,2,0,0
L:N24001246,,N24001246,2025-04,2025-06,3,3,0,,,0,0
L:N24001251,,N24001251,2025-04,2025-06,3,3,0,,,0,0
L:N24001252,,N24001252,2025-04,2025-06,3,3,0,,,0,0
L:N24001254,,N24001254,2025-04,2025-05,2,2,0,,,0,0
L:N24001255,,N24001255,2025-04,2025-06,3,3,0,,,0,0
L:N24001256,,N24001256,2025-04,2025-06,3,3,0,,,0,0
L:N24001257,,N24001257,2025-04,2025-06,3,3,0,,,0,0
L:N24001258,,N24001258,2025-04,2025-06,3,3,0,,,0,0
L:N24001259,,N24001259,2025-04,2025-04,1,1,0,,,0,0
L:N24001261,,N24001261,2025-04,2025-06,3,3,0,,,0,0
L:N24001262,,N24001262,2025-04,2025-06,3,3,0,,,0,0
L:N24001263,,N24001263,2025-04,2025-06,3,3,0,,,0,0
L:N24001264,,N24001264,2025-04,2025-06,3,3,0,,,0,0
L:N24001266,,N24001266,2025-04,2025-06,3,3,0,,,0,0
L:N24001269,,N24001269,2025-04,2025-06,3,3,0,1,1,0,0
L:N24001270,,N24001270,2025-04,2025-06,3,3,0,1,1,0,0
L:N24001271,,N24001271,2025-04,2025-06,3,3,0,1,1,0,0
L:N24001272,,N24001272,2025-04,2025-05,2,2,0,,,0,0
L:N24001273,,N24001273,2025-04,2025-05,2,2,0,,,0,0
L:N24001274,,N24001274,2025-04,2025-06,3,3,0,,,0,0
L:N24001278,,N24001278,2025-04,2025-06,3,3,0,,,0,0
L:N24001281,,N24001281,2025-04,2025-06,3,3,0,,,0,0
L:N24001282,,N24001282,2025-04,2025-06,3,3,0,,,0,0
L:N24001286,,N24001286,2025-04,2025-05,2,2,0,,,0,0
L:N24001287,,N24001287,2025-04,2025-06,3,3,0,,,0,0
L:N24001288,,N24001288,2025-04,2025-06,3,3,0,,,0,0
L:N24001297,,N24001297,2025-04,2025-06,3,3,0,,,0,0
L:N24001301,,N24001301,2025-04,2025-06,3,3,0,,,0,0
L:N24001303,,N24001303,2025-04,2025-06,3,3,0,,,0,0
L:N24001304,,N24001304,2025-04,2025-06,3,3,0,,,0,0
L:N24001305,,N24001305,2025-04,2025-06,3,3,0,,,0,0
L:N24001306,,N24001306,2025-04,2025-06,3,3,0,,,0,0
L:N24001309,,N24001309,2025-04,2025-06,3,3,0,,,0,0
L:N24001313,,N24001313,2025-04,2025-06,3,3,0,,,0,0
L:N24001314,,N24001314,2025-04,2025-06,3,3,0,,,0,0
L:N24001317,,N24001317,2025-04,2025-06,3,3,0,,,0,0
L:N24001322,,N24001322,2025-04,2025-06,3,3,0,,,0,0
L:N24001323,,N24001323,2025-04,2025-06,3,3,0,,,0,0
L:N24001325,,N24001325,2025-04,2025-06,3,3,0,,,0,0
L:N24001326,,N24001326,2025-04,2025-06,3,3,0,,,0,0
L:N24001327,,N24001327,2025-04,2025-06,3,3,0,,,0,0
L:N24001331,,N24001331,2025-04,2025-06,3,3,0,,,0,0
L:N24001332,,N24001332,2025-04,2025-06,3,3,0,,,0,0
L:N24001334,,N24001334,2025-04,2025-06,3,3,0,,,0,0
L:N24001335,,N24001335,2025-04,2025-06,3,3,0,,,0,0
L:N24001336,,N24001336,2025-04,2025-06,3,3,0,,,0,0
L:N24001337,,N24001337,2025-04,2025-06,3,3,0,,,0,0
L:N24001338,,N24001338,2025-04,2025-06,3,3,0,,,0,0
L:N24001339,,N24001339,2025-04,2025-05,2,2,0,,,0,0
L:N24001341,,N24001341,2025-04,2025-06,3,3,0,,,0,0
L:N24001343,,N24001343,2025-04,2025-06,3,3,0,,,0,0
L:N24001344,,N24001344,2025-04,2025-06,3,3,0,,,0,0
L:N24001345,,N24001345,2025-04,2025-06,3,3,0,,,0,0
L:N24001348,,N24001348,2025-04,2025-06,3,3,0,,,0,0
L:N24001349,,N24001349,2025-04,2025-06,3,3,0,,,0,0
L:N24001350,,N24001350,2025-04,2025-06,3,3,0,1,1,0,0
L:N24001353,,N24001353,2025-04,2025-04,1,1,0,,,0,0
L:N24001354,,N24001354,2025-04,2025-06,3,3,0,,,0,0
L:N24001356,,N24001356,2025-04,2025-06,3,3,0,,,0,0
L:N24001358,,N24001358,2025-04,2025-06,3,3,0,,,0,0
L:N24001359,,N24001359,2025-04,2025-06,3,3,0,,,0,0
L:N24001360,,N24001360,2025-04,2025-04,1,1,0,,,0,0
L:N24001361,,N24001361,2025-04,2025-04,1,1,0,,,0,0
L:N24001362,,N24001362,2025-04,2025-06,3,3,0,2,2,0,0
L:N24001363,,N24001363,2025-04,2025-06,3,3,0,,,0,0
L:N24001366,,N24001366,2025-04,2025-06,3,3,0,,,0,0
L:N24001368,,N24001368,2025-04,2025-06,3,3,0,,,0,0
L:N24001369,,N24001369,2025-04,2025-06,3,3,0,,,0,0
L:N24001370,,N24001370,2025-04,2025-06,3,3,0,,,0,0
L:N24001371,,N24001371,2025-04,2025-06,3,3,0,1,1,0,0
L:N24001375,,N24001375,2025-04,2025-06,3,3,0,,,0,0
L:N24001381,,N24001381,2025-04,2025-06,3,3,0,,,0,0
L:N24001382,,N24001382,2025-04,2025-06,3,3,0,,,0,0
L:N24001383,,N24001383,2025-04,2025-06,3,3,0,,,0,0
L:N24001386,,N24001386,2025-04,2025-06,3,3,0,,,0,0
L:N24001387,,N24001387,2025-04,2025-06,3,3,0,,,0,0
L:N24001388,,N24001388,2025-04,2025-06,3,3,0,,,0,0
L:N24001389,,N24001389,2025-04,2025-04,1,1,0,,,0,0
L:N24001390,,N24001390,2025-04,2025-06,3,3,0,,,0,0
L:N24001391,,N24001391,2025-04,2025-04,1,1,0,,,0,0
L:N24001393,,N24001393,2025-04,2025-06,3,3,0,,,0,0
L:N24001394,,N24001394,2025-04,2025-06,3,3,0,,,0,0
L:N24001395,,N24001395,2025-04,2025-06,3,3,0,,,0,0
L:N24001396,,N24001396,2025-04,2025-06,3,3,0,,,0,0
L:N24001397,,N24001397,2025-04,2025-06,3,3,0,1,1,0,0
L:N24001400,,N24001400,2025-04,2025-06,3,3,0,,,0,0
L:N24001401,,N24001401,2025-04,2025-06,3,3,0,,,0,0
L:N24001402,,N24001402,2025-04,2025-06,3,3,0,,,0,0
L:N24001403,,N24001403,2025-04,2025-06,3,3,0,1,1,0,0
L:N24001404,,N24001404,2025-04,2025-06,3,3,0,,,0,0
L:N24001405,,N24001405,2025-04,2025-06,3,3,0,,,0,0
L:N24001406,,N24001406,2025-04,2025-06,3,3,0,,,0,0
L:N24001408,,N24001408,2025-04,2025-06,3,3,0,,,0,0
L:N24001411,,N24001411,2025-04,2025-06,3,3,0,,,0,0
L:N24001415,,N24001415,2025-04,2025-06,3,3,0,,,0,0
L:N24001416,,N24001416,2025-04,2025-06,3,3,0,,,0,0
L:N24001417,,N24001417,2025-04,2025-06,3,3,0,,,0,0
L:N24001418,,N24001418,2025-04,2025-06,3,3,0,,,0,0
L:N24001419,,N24001419,2025-04,2025-06,3,3,0,,,0,0
L:N24001420,,N24001420,2025-04,2025-06,3,3,0,,,0,0
L:N24001421,,N24001421,2025-04,2025-06,3,3,0,,,0,0
L:N24001422,,N24001422,2025-04,2025-06,3,3,0,,,0,0
L:N24001424,,N24001424,2025-04,2025-06,3,3,0,,,0,0
L:N24001425,,N24001425,2025-04,2025-06,3,3,0,,,0,0
L:N24001426,,N24001426,2025-04,2025-06,3,3,0,1,2,0,0
L:N24001427,,N24001427,2025-04,2025-06,3,3,0,,,0,0
L:N24001428,,N24001428,2025-04,2025-04,1,1,0,,,0,0
L:N24001429,,N24001429,2025-04,2025-06,3,3,0,1,2,0,0
L:N24001430,,N24001430,2025-04,2025-04,1,1,0,,,0,0
L:N24001431,,N24001431,2025-04,2025-06,3,3,0,1,1,0,0
L:N24001434,,N24001434,2025-04,2025-06,3,3,0,,,0,0
L:N24001436,,N24001436,2025-04,2025-06,3,3,0,,,0,0
L:N24001437,,N24001437,2025-04,2025-06,3,3,0,,,0,0
L:N24001438,,N24001438,2025-04,2025-06,3,3,0,,,0,0
L:N24001439,,N24001439,2025-04,2025-06,3,3,0,,,0,0
L:N24001440,,N24001440,2025-04,2025-05,2,2,0,,,0,0
L:N24001441,,N24001441,2025-04,2025-06,3,3,0,1,1,0,0
L:N24001442,,N24001442,2025-04,2025-06,3,3,0,2,2,0,0
L:N24001443,,N24001443,2025-04,2025-06,3,3,0,2,2,0,0
L:N24001444,,N24001444,2025-04,2025-06,3,3,0,2,2,0,0
L:N24001445,,N24001445,2025-04,2025-06,3,3,0,2,2,0,0
L:N24001446,,N24001446,2025-04,2025-06,3,3,0,1,2,0,0
L:N24001447,,N24001447,2025-04,2025-06,3,3,0,,,0,0
L:N24001448,,N24001448,2025-04,2025-06,3,3,0,,,0,0
L:N24001450,,N24001450,2025-04,2025-06,3,3,0,,,0,0
L:N24001453,,N24001453,2025-04,2025-06,3,3,0,,,0,0
L:N24001455,,N24001455,2025-04,2025-06,3,3,0,,,0,0
L:N24001456,,N24001456,2025-04,2025-06,3,3,0,,,0,0
L:N24001457,,N24001457,2025-04,2025-06,3,3,0,,,0,0
L:N24001461,,N24001461,2025-04,2025-06,3,3,0,,,0,0
L:N24001462,,N24001462,2025-04,2025-06,3,3,0,,,0,0
L:N24001464,,N24001464,2025-04,2025-06,3,3,0,,,0,0
L:N24001465,,N24001465,2025-04,2025-06,3,3,0,,,0,0
L:N24001466,,N24001466,2025-04,2025-06,3,3,0,1,1,0,0
L:N24001467,,N24001467,2025-04,2025-06,3,3,0,,,0,0
L:N24001468,,N24001468,2025-04,2025-06,3,3,0,,,0,0
L:N24001469,,N24001469,2025-04,2025-06,3,3,0,,,0,0
L:N24001470,,N24001470,2025-04,2025-06,3,3,0,,,0,0
L:N24001471,,N24001471,2025-04,2025-06,3,3,0,,,0,0
L:N24001472,,N24001472,2025-04,2025-06,3,3,0,,,0,0
L:N24001473,,N24001473,2025-04,2025-06,3,3,0,,,0,0
L:N24001474,,N24001474,2025-04,2025-06,3,3,0,2,2,0,0
L:N24001475,,N24001475,2025-04,2025-04,1,1,0,,,0,0
L:N24001476,,N24001476,2025-04,2025-06,3,3,0,,,0,0
L:N24001477,,N24001477,2025-04,2025-06,3,3,0,,,0,0
L:N24001479,,N24001479,2025-04,2025-06,3,3,0,,,0,0
L:N24001480,,N24001480,2025-04,2025-06,3,3,0,,,0,0
L:N24001482,,N24001482,2025-04,2025-06,3,3,0,1,1,0,0
L:N24001483,,N24001483,2025-04,2025-06,3,3,0,1,1,0,0
L:N24001484,,N24001484,2025-04,2025-06,3,3,0,1,1,0,0
L:N24001486,,N24001486,2025-04,2025-06,3,3,0,,,0,0
L:N24001488,,N24001488,2025-04,2025-06,3,3,0,,,0,0
L:N24001493,,N24001493,2025-04,2025-06,3,3,0,,,0,0
L:N24001495,,N24001495,2025-04,2025-06,3,3,0,,,0,0
L:N24001502,,N24001502,2025-04,2025-06,3,3,0,1,2,0,0
L:N24001503,,N24001503,2025-04,2025-06,3,3,0,,,0,0
L:N24001504,,N24001504,2025-04,2025-06,3,3,0,,,0,0
L:N24001505,,N24001505,2025-04,2025-06,3,3,0,,,0,0
L:N24001506,,N24001506,2025-04,2025-06,3,3,0,,,0,0
L:N24001507,,N24001507,2025-04,2025-06,3,3,0,,,0,0
L:N24001508,,N24001508,2025-04,2025-06,3,3,0,,,0,0
L:N24001511,,N24001511,2025-04,2025-06,3,3,0,1,1,0,0
L:N24001515,,N24001515,2025-04,2025-06,3,3,0,,,0,0
L:N24001516,,N24001516,2025-04,2025-06,3,3,0,1,1,0,0
L:N24001518,,N24001518,2025-04,2025-06,3,3,0,,,0,0
L:N24001519,,N24001519,2025-04,2025-06,3,3,0,,,0,0
L:N24001520,,N24001520,2025-04,2025-06,3,3,0,,,0,0
L:N24001521,,N24001521,2025-04,2025-06,3,3,0,1,1,0,0
L:N24001522,,N24001522,2025-04,2025-06,3,3,0,1,1,0,0
L:N24001523,,N24001523,2025-04,2025-06,3,3,0,1,2,0,0
L:N24001524,,N24001524,2025-04,2025-06,3,3,0,1,2,0,0
L:N24001525,,N24001525,2025-04,2025-06,3,3,0,,,0,0
L:N24001526,,N24001526,2025-04,2025-06,3,3,0,,,0,0
L:N24001527,,N24001527,2025-04,2025-06,3,3,0,,,0,0
L:N24001528,,N24001528,2025-04,2025-06,3,3,0,,,0,0
L:N24001529,,N24001529,2025-04,2025-06,3,3,0,,,0,0
L:N24001530,,N24001530,2025-04,2025-06,3,3,0,,,0,0
L:N24001532,,N24001532,2025-04,2025-04,1,1,0,,,0,0
L:N24001533,,N24001533,2025-04,2025-04,1,1,0,,,0,0
L:N24001534,,N24001534,2025-04,2025-04,1,1,0,,,0,0
L:N24001535,,N24001535,2025-04,2025-06,3,3,0,,,0,0
L:N24001536,,N24001536,2025-04,2025-04,1,1,0,,,0,0
L:N24001537,,N24001537,2025-04,2025-06,3,3,0,,,0,0
L:N24001538,,N24001538,2025-04,2025-06,3,3,0,1,1,0,0
L:N24001539,,N24001539,2025-04,2025-06,3,3,0,,,0,0
L:N24001540,,N24001540,2025-04,2025-06,3,3,0,,,0,0
L:N24001541,,N24001541,2025-04,2025-06,3,3,0,,,0,0
L:N24001542,,N24001542,2025-04,2025-06,3,3,0,,,0,0
L:N24001543,,N24001543,2025-04,2025-06,3,3,0,,,0,0
L:N24001544,,N24001544,2025-04,2025-06,3,3,0,,,0,0
L:N24001545,,N24001545,2025-04,2025-06,3,3,0,,,0,0
L:N24001546,,N24001546,2025-04,2025-06,3,3,0,,,0,0
L:N24001547,,N24001547,2025-04,2025-06,3,3,0,,,0,0
L:N24001548,,N24001548,2025-04,2025-06,3,3,0,,,0,0
L:N24001550,,N24001550,2025-04,2025-06,3,3,0,1,1,0,0
L:N24001551,,N24001551,2025-04,2025-06,3,3,0,1,1,0,0
L:N24001552,,N24001552,2025-04,2025-06,3,3,0,1,1,0,0
L:N24001553,,N24001553,2025-04,2025-06,3,3,0,1,1,0,0
L:N24001555,,N24001555,2025-04,2025-06,3,3,0,,,0,0
L:N24001556,,N24001556,2025-04,2025-06,3,3,0,,,0,0
L:N24001557,,N24001557,2025-04,2025-06,3,3,0,1,2,0,0
L:N24001558,,N24001558,2025-04,2025-06,3,3,0,1,2,0,0
L:N24001559,,N24001559,2025-04,2025-06,3,3,0,1,2,0,0
L:N24001563,,N24001563,2025-04,2025-06,3,3,0,1,2,0,0
L:N24001564,,N24001564,2025-04,2025-06,3,3,0,1,2,0,0
L:N24001567,,N24001567,2025-04,2025-06,3,3,0,2,2,0,0
L:N24001568,,N24001568,2025-04,2025-06,3,3,0,1,2,0,0
L:N24001573,,N24001573,2025-04,2025-06,3,3,0,1,2,0,0
L:N24001587,,N24001587,2025-04,2025-06,3,3,0,,,0,0
L:N24001588,,N24001588,2025-04,2025-06,3,3,0,,,0,0
L:N24001589,,N24001589,2025-04,2025-06,3,3,0,,,0,0
L:N24001590,,N24001590,2025-04,2025-06,3,3,0,,,0,0
L:N24001593,,N24001593,2025-04,2025-06,3,3,0,,,0,0
L:N24001594,,N24001594,2025-04,2025-06,3,3,0,,,0,0
L:N24001595,,N24001595,2025-04,2025-06,3,3,0,2,2,0,0
L:N24001596,,N24001596,2025-04,2025-06,3,3,0,,,0,0
L:N24001598,,N24001598,2025-04,2025-06,3,3,0,2,2,0,0
L:N24001599,,N24001599,2025-04,2025-06,3,3,0,,,0,0
L:N24001600,,N24001600,2025-04,2025-05,2,2,0,1,1,0,0
L:N24001601,,N24001601,2025-04,2025-06,3,3,0,2,2,0,0
L:N24001602,,N24001602,2025-04,2025-06,3,3,0,1,1,0,0
L:N24001603,,N24001603,2025-04,2025-05,2,2,0,1,1,0,0
L:N24001605,,N24001605,2025-04,2025-06,3,3,0,,,0,0
L:N24001606,,N24001606,2025-04,2025-06,3,3,0,1,1,0,0
L:N24001607,,N24001607,2025-04,2025-06,3,3,0,,,0,0
L:N24001608,,N24001608,2025-04,2025-06,3,3,0,,,0,0
L:N24001609,,N24001609,2025-04,2025-06,3,3,0,,,0,0
L:N24001610,,N24001610,2025-04,2025-06,3,3,0,,,0,0
L:N24001611,,N24001611,2025-04,2025-06,3,3,0,,,0,0
L:N24001612,,N24001612,2025-04,2025-06,3,3,0,,,0,0
L:N24001614,,N24001614,2025-04,2025-06,3,3,0,,,0,0
L:N24001615,,N24001615,2025-04,2025-06,3,3,0,1,1,0,0
L:N24001616,,N24001616,2025-04,2025-04,1,1,0,,,0,0
L:N24001618,,N24001618,2025-04,2025-06,3,3,0,,,0,0
L:N24001619,,N24001619,2025-04,2025-06,3,3,0,,,0,0
L:N24001620,,N24001620,2025-04,2025-06,3,3,0,,,0,0
L:N24001621,,N24001621,2025-04,2025-06,3,3,0,2,2,0,0
L:N24001622,,N24001622,2025-04,2025-06,3,3,0,2,2,0,0
L:N24001623,,N24001623,2025-04,2025-06,3,3,0,1,1,0,0
L:N24001624,,N24001624,2025-04,2025-06,3,3,0,,,0,0
L:N24001625,,N24001625,2025-04,2025-06,3,3,0,,,0,0
L:N24001626,,N24001626,2025-04,2025-06,3,3,0,,,0,0
L:N24001627,,N24001627,2025-04,2025-06,3,3,0,,,0,0
L:N24001628,,N24001628,2025-04,2025-06,3,3,0,,,0,0
L:N24001629,,N24001629,2025-04,2025-06,3,3,0,1,2,0,0
L:N24001630,,N24001630,2025-04,2025-06,3,3,0,,,0,0
L:N24001631,,N24001631,2025-04,2025-06,3,3,0,,,0,0
L:N24001632,,N24001632,2025-04,2025-06,3,3,0,,,0,0
L:N24001633,,N24001633,2025-04,2025-06,3,3,0,,,0,0
L:N24001634,,N24001634,2025-04,2025-06,3,3,0,,,0,0
L:N24001635,,N24001635,2025-04,2025-06,3,3,0,,,0,0
L:N24001636,,N24001636,2025-04,2025-06,3,3,0,,,0,0
L:N24001637,,N24001637,2025-04,2025-06,3,3,0,,,0,0
L:N24001638,,N24001638,2025-04,2025-06,3,3,0,,,0,0
L:N24001639,,N24001639,2025-04,2025-06,3,3,0,,,0,0
L:N24001640,,N24001640,2025-04,2025-06,3,3,0,,,0,0
L:N24001641,,N24001641,2025-04,2025-06,3,3,0,,,0,0
L:N24001642,,N24001642,2025-04,2025-06,3,3,0,,,0,0
L:N24001643,,N24001643,2025-04,2025-06,3,3,0,,,0,0
L:N24001644,,N24001644,2025-04,2025-06,3,3,0,,,0,0
L:N24001647,,N24001647,2025-04,2025-06,3,3,0,,,0,0
L:N24001648,,N24001648,2025-04,2025-06,3,3,0,,,0,0
L:N24001649,,N24001649,2025-04,2025-06,3,3,0,,,0,0
L:N24001650,,N24001650,2025-04,2025-06,3,3,0,,,0,0
L:N24001651,,N24001651,2025-04,2025-06,3,3,0,,,0,0
L:N24001652,,N24001652,2025-04,2025-06,3,3,0,,,0,0
L:N24001653,,N24001653,2025-04,2025-06,3,3,0,,,0,0
L:N24001654,,N24001654,2025-04,2025-06,3,3,0,,,0,0
L:N24001655,,N24001655,2025-04,2025-06,3,3,0,,,0,0
L:N24001656,,N24001656,2025-04,2025-06,3,3,0,,,0,0
L:N24001657,,N24001657,2025-04,2025-06,3,3,0,,,0,0
L:N24001658,,N24001658,2025-04,2025-06,3,3,0,,,0,0
L:N24001659,,N24001659,2025-04,2025-06,3,3,0,,,0,0
L:N24001660,,N24001660,2025-04,2025-06,3,3,0,,,0,0
L:N24001661,,N24001661,2025-04,2025-06,3,3,0,,,0,0
L:N24001662,,N24001662,2025-04,2025-06,3,3,0,,,0,0
L:N24001663,,N24001663,2025-04,2025-06,3,3,0,,,0,0
L:N24001664,,N24001664,2025-04,2025-06,3,3,0,,,0,0
L:N24001665,,N24001665,2025-04,2025-06,3,3,0,,,0,0
L:N24001666,,N24001666,2025-04,2025-06,3,3,0,,,0,0
L:N24001667,,N24001667,2025-04,2025-06,3,3,0,,,0,0
L:N24001668,,N24001668,2025-04,2025-06,3,3,0,,,0,0
L:N24001669,,N24001669,2025-04,2025-06,3,3,0,,,0,0
L:N24001670,,N24001670,2025-04,2025-06,3,3,0,,,0,0
L:N24001671,,N24001671,2025-04,2025-06,3,3,0,,,0,0
L:N24001673,,N24001673,2025-04,2025-06,3,3,0,,,0,0
L:N24001674,,N24001674,2025-04,2025-06,3,3,0,1,1,0,0
L:N24001676,,N24001676,2025-04,2025-06,3,3,0,,,0,0
L:N24001677,,N24001677,2025-04,2025-06,3,3,0,1,1,0,0
L:N24001678,,N24001678,2025-04,2025-06,3,3,0,,,0,0
L:N24001679,,N24001679,2025-04,2025-06,3,3,0,1,1,0,0
L:N24001680,,N24001680,2025-04,2025-06,3,3,0,2,2,0,0
L:N24001681,,N24001681,2025-04,2025-06,3,3,0,,,0,0
L:N24001682,,N24001682,2025-04,2025-06,3,3,0,,,0,0
L:N24001684,,N24001684,2025-04,2025-06,3,3,0,,,0,0
L:N24001687,,N24001687,2025-04,2025-06,3,3,0,,,0,0
L:N24001692,,N24001692,2025-04,2025-06,3,3,0,,,0,0
L:N24001693,,N24001693,2025-04,2025-06,3,3,0,,,0,0
L:N24001694,,N24001694,2025-04,2025-06,3,3,0,,,0,0
L:N24001696,,N24001696,2025-04,2025-06,3,3,0,,,0,0
L:N24001697,,N24001697,2025-04,2025-06,3,3,0,,,0,0
L:N24001698,,N24001698,2025-04,2025-06,3,3,0,1,1,0,0
L:N24001699,,N24001699,2025-04,2025-06,3,3,0,1,1,0,0
L:N24001700,,N24001700,2025-04,2025-06,3,3,0,,,0,0
L:N24001701,,N24001701,2025-04,2025-06,3,3,0,,,0,0
L:N24001702,,N24001702,2025-04,2025-06,3,3,0,,,0,0
L:N24001703,,N24001703,2025-04,2025-06,3,3,0,,,0,0
L:N24001704,,N24001704,2025-04,2025-06,3,3,0,,,0,0
L:N24001705,,N24001705,2025-04,2025-06,3,3,0,,,0,0
L:N24001708,,N24001708,2025-04,2025-04,1,1,0,,,0,0
L:N24001709,,N24001709,2025-04,2025-06,3,3,0,,,0,0
L:N24001711,,N24001711,2025-04,2025-04,1,1,0,,,0,0
L:N24001712,,N24001712,2025-04,2025-06,3,3,0,,,0,0
L:N24001715,,N24001715,2025-04,2025-06,3,3,0,,,0,0
L:N24001716,,N24001716,2025-04,2025-06,3,3,0,,,0,0
L:N24001717,,N24001717,2025-04,2025-06,3,3,0,,,0,0
L:N24001718,,N24001718,2025-04,2025-06,3,3,0,,,0,0
L:N24001719,,N24001719,2025-04,2025-06,3,3,0,,,0,0
L:N24001720,,N24001720,2025-04,2025-06,3,3,0,,,0,0
L:N24001721,,N24001721,2025-04,2025-06,3,3,0,,,0,0
L:N24001722,,N24001722,2025-04,2025-06,3,3,0,,,0,0
L:N24001723,,N24001723,2025-04,2025-06,3,3,0,,,0,0
L:N24001725,,N24001725,2025-04,2025-06,3,3,0,,,0,0
L:N24001726,,N24001726,2025-04,2025-06,3,3,0,,,0,0
L:N24001727,,N24001727,2025-04,2025-06,3,3,0,,,0,0
L:N24001729,,N24001729,2025-04,2025-06,3,3,0,,,0,0
L:N24001730,,N24001730,2025-04,2025-06,3,3,0,,,0,0
L:N24001731,,N24001731,2025-04,2025-06,3,3,0,,,0,0
L:N24001732,,N24001732,2025-04,2025-06,3,3,0,,,0,0
L:N24001733,,N24001733,2025-04,2025-06,3,3,0,,,0,0
L:N24001734,,N24001734,2025-04,2025-06,3,3,0,,,0,0
L:N24001735,,N24001735,2025-04,2025-06,3,3,0,,,0,0
L:N24001736,,N24001736,2025-04,2025-06,3,3,0,,,0,0
L:N24001737,,N24001737,2025-04,2025-06,3,3,0,,,0,0
L:N24001738,,N24001738,2025-04,2025-06,3,3,0,,,0,0
L:N24001739,,N24001739,2025-04,2025-06,3,3,0,,,0,0
L:N24001744,,N24001744,2025-04,2025-06,3,3,0,,,0,0
L:N24001745,,N24001745,2025-04,2025-06,3,3,0,,,0,0
L:N24001746,,N24001746,2025-04,2025-06,3,3,0,2,2,0,0
L:N24001747,,N24001747,2025-04,2025-06,3,3,0,,,0,0
L:N24001748,,N24001748,2025-04,2025-06,3,3,0,,,0,0
L:N24001749,,N24001749,2025-04,2025-06,3,3,0,,,0,0
L:N24001750,,N24001750,2025-04,2025-06,3,3,0,,,0,0
L:N24001753,,N24001753,2025-04,2025-06,3,3,0,1,2,0,0
L:N24001754,,N24001754,2025-04,2025-06,3,3,0,,,0,0
L:N24001755,,N24001755,2025-04,2025-06,3,3,0,,,0,0
L:N24001759,,N24001759,2025-04,2025-06,3,3,0,2,2,0,0
L:N24001762,,N24001762,2025-04,2025-06,3,3,0,1,1,0,0
L:N24001765,,N24001765,2025-04,2025-04,1,1,0,,,0,0
L:N24001766,,N24001766,2025-04,2025-06,3,3,0,,,0,0
L:N24001767,,N24001767,2025-04,2025-06,3,3,0,,,0,0
L:N24001768,,N24001768,2025-04,2025-04,1,1,0,,,0,0
L:N24001770,,N24001770,2025-04,2025-06,3,3,0,,,0,0
L:N24001771,,N24001771,2025-04,2025-06,3,3,0,,,0,0
L:N24001772,,N24001772,2025-04,2025-06,3,3,0,,,0,0
L:N24001773,,N24001773,2025-04,2025-06,3,3,0,,,0,0
L:N24001774,,N24001774,2025-04,2025-06,3,3,0,,,0,0
L:N24001775,,N24001775,2025-04,2025-06,3,3,0,,,0,0
L:N24001777,,N24001777,2025-04,2025-06,3,3,0,,,0,0
L:N24001779,,N24001779,2025-04,2025-06,3,3,0,,,0,0
L:N24001781,,N24001781,2025-04,2025-06,3,3,0,,,0,0
L:N24001785,,N24001785,2025-04,2025-06,3,3,0,,,0,0
L:N24001786,,N24001786,2025-04,2025-06,3,3,0,,,0,0
L:N24001788,,N24001788,2025-04,2025-04,1,1,0,,,0,0
L:N24001789,,N24001789,2025-04,2025-06,3,3,0,,,0,0
L:N24001790,,N24001790,2025-04,2025-06,3,3,0,,,0,0
L:N24001792,,N24001792,2025-04,2025-06,3,3,0,,,0,0
L:N24001793,,N24001793,2025-04,2025-06,3,3,0,,,0,0
L:N24001794,,N24001794,2025-04,2025-06,3,3,0,,,0,0
L:N24001795,,N24001795,2025-04,2025-06,3,3,0,,,0,0
L:N24001796,,N24001796,2025-04,2025-06,3,3,0,,,0,0
L:N24001797,,N24001797,2025-04,2025-06,3,3,0,,,0,0
L:N24001798,,N24001798,2025-04,2025-06,3,3,0,,,0,0
L:N24001799,,N24001799,2025-04,2025-06,3,3,0,,,0,0
L:N24001804,,N24001804,2025-04,2025-06,3,3,0,,,0,0
L:N24001808,,N24001808,2025-04,2025-06,3,3,0,,,0,0
L:N24001809,,N24001809,2025-04,2025-06,3,3,0,,,0,0
L:N24001810,,N24001810,2025-04,2025-06,3,3,0,,,0,0
L:N24001811,,N24001811,2025-04,2025-06,3,3,0,,,0,0
L:N24001812,,N24001812,2025-04,2025-06,3,3,0,,,0,0
L:N24001813,,N24001813,2025-04,2025-06,3,3,0,,,0,0
L:N24001815,,N24001815,2025-04,2025-04,1,1,0,,,0,0
L:N24001817,,N24001817,2025-04,2025-06,3,3,0,,,0,0
L:N24001818,,N24001818,2025-04,2025-06,3,3,0,,,0,0
L:N24001819,,N24001819,2025-04,2025-06,3,3,0,,,0,0
L:N24001820,,N24001820,2025-04,2025-06,3,3,0,,,0,0
L:N24001821,,N24001821,2025-04,2025-06,3,3,0,,,0,0
L:N24001822,,N24001822,2025-04,2025-06,3,3,0,,,0,0
L:N24001823,,N24001823,2025-04,2025-06,3,3,0,,,0,0
L:N24001824,,N24001824,2025-04,2025-06,3,3,0,,,0,0
L:N24001825,,N24001825,2025-04,2025-06,3,3,0,,,0,0
L:N24001826,,N24001826,2025-04,2025-06,3,3,0,,,0,0
L:N24001827,,N24001827,2025-04,2025-06,3,3,0,,,0,0
L:N24001828,,N24001828,2025-04,2025-06,3,3,0,,,0,0
L:N24001829,,N24001829,2025-04,2025-06,3,3,0,,,0,0
L:N24001830,,N24001830,2025-04,2025-06,3,3,0,,,0,0
L:N24001831,,N24001831,2025-04,2025-06,3,3,0,,,0,0
L:N24001832,,N24001832,2025-04,2025-06,3,3,0,,,0,0
L:N24001833,,N24001833,2025-04,2025-06,3,3,0,,,0,0
L:N24001834,,N24001834,2025-04,2025-06,3,3,0,,,0,0
L:N24001835,,N24001835,2025-04,2025-06,3,3,0,,,0,0
L:N24001836,,N24001836,2025-04,2025-06,3,3,0,,,0,0
L:N24001837,,N24001837,2025-04,2025-06,3,3,0,,,0,0
L:N24001838,,N24001838,2025-04,2025-06,3,3,0,,,0,0
L:N24001840,,N24001840,2025-04,2025-06,3,3,0,,,0,0
L:N24001841,,N24001841,2025-04,2025-06,3,3,0,,,0,0
L:N24001842,,N24001842,2025-04,2025-06,3,3,0,,,0,0
L:N24001843,,N24001843,2025-04,2025-06,3,3,0,,,0,0
L:N24001844,,N24001844,2025-04,2025-06,3,3,0,,,0,0
L:N24001845,,N24001845,2025-04,2025-06,3,3,0,,,0,0
L:N24001846,,N24001846,2025-04,2025-06,3,3,0,,,0,0
L:N24001847,,N24001847,2025-04,2025-06,3,3,0,,,0,0
L:N24001848,,N24001848,2025-04,2025-06,3,3,0,,,0,0
L:N24001849,,N24001849,2025-04,2025-06,3,3,0,,,0,0
L:N24001850,,N24001850,2025-04,2025-06,3,3,0,,,0,0
L:N24001851,,N24001851,2025-04,2025-06,3,3,0,,,0,0
L:N24001852,,N24001852,2025-04,2025-06,3,3,0,,,0,0
L:N24001853,,N24001853,2025-04,2025-06,3,3,0,,,0,0
L:N24001854,,N24001854,2025-04,2025-06,3,3,0,,,0,0
L:N24001855,,N24001855,2025-04,2025-06,3,3,0,1,1,0,0
L:N24001856,,N24001856,2025-04,2025-06,3,3,0,,,0,0
L:N24001857,,N24001857,2025-04,2025-06,3,3,0,,,0,0
L:N24001858,,N24001858,2025-04,2025-06,3,3,0,,,0,0
L:N24001859,,N24001859,2025-04,2025-06,3,3,0,,,0,0
L:N24001860,,N24001860,2025-04,2025-06,3,3,0,,,0,0
L:N24001861,,N24001861,2025-04,2025-06,3,3,0,,,0,0
L:N24001862,,N24001862,2025-04,2025-06,3,3,0,,,0,0
L:N24001863,,N24001863,2025-04,2025-06,3,3,0,,,0,0
L:N24001864,,N24001864,2025-04,2025-06,3,3,0,,,0,0
L:N24001865,,N24001865,2025-04,2025-06,3,3,0,2,2,0,0
L:N24001866,,N24001866,2025-04,2025-06,3,3,0,,,0,0
L:N24001867,,N24001867,2025-04,2025-06,3,3,0,,,0,0
L:N24001868,,N24001868,2025-04,2025-06,3,3,0,,,0,0
L:N24001869,,N24001869,2025-04,2025-04,1,1,0,,,0,0
L:N24001870,,N24001870,2025-04,2025-06,3,3,0,,,0,0
L:N24001875,,N24001875,2025-04,2025-06,3,3,0,,,0,0
L:N24001876,,N24001876,2025-04,2025-06,3,3,0,,,0,0
L:N24001877,,N24001877,2025-04,2025-06,3,3,0,,,0,0
L:N24001878,,N24001878,2025-04,2025-06,3,3,0,,,0,0
L:N24001879,,N24001879,2025-04,2025-06,3,3,0,,,0,0
L:N24001880,,N24001880,2025-04,2025-06,3,3,0,,,0,0
L:N24001882,,N24001882,2025-04,2025-06,3,3,0,,,0,0
L:N24001883,,N24001883,2025-04,2025-06,3,3,0,,,0,0
L:N24001884,,N24001884,2025-04,2025-06,3,3,0,,,0,0
L:N24001885,,N24001885,2025-04,2025-06,3,3,0,,,0,0
L:N24001886,,N24001886,2025-04,2025-06,3,3,0,,,0,0
L:N24001887,,N24001887,2025-04,2025-05,2,2,0,,,0,0
L:N24001888,,N24001888,2025-04,2025-05,2,2,0,,,0,0
L:N24001889,,N24001889,2025-04,2025-05,2,2,0,,,0,0
L:N24001890,,N24001890,2025-04,2025-06,3,3,0,,,0,0
L:N24001891,,N24001891,2025-04,2025-06,3,3,0,,,0,0
L:N24001892,,N24001892,2025-04,2025-06,3,3,0,,,0,0
L:N24001894,,N24001894,2025-04,2025-05,2,2,0,,,0,0
L:N24001895,,N24001895,2025-04,2025-05,2,2,0,,,0,0
L:N24001896,,N24001896,2025-04,2025-06,3,3,0,,,0,0
L:N24001897,,N24001897,2025-04,2025-06,3,3,0,,,0,0
L:N24001898,,N24001898,2025-04,2025-06,3,3,0,,,0,0
L:N24001899,,N24001899,2025-04,2025-06,3,3,0,,,0,0
L:N24001900,,N24001900,2025-04,2025-06,3,3,0,,,0,0
L:N24001901,,N24001901,2025-04,2025-06,3,3,0,,,0,0
L:N24001902,,N24001902,2025-04,2025-06,3,3,0,,,0,0
L:N24001903,,N24001903,2025-04,2025-06,3,3,0,,,0,0
L:N24001904,,N24001904,2025-04,2025-06,3,3,0,,,0,0
L:N24001905,,N24001905,2025-04,2025-05,2,2,0,,,0,0
L:N24001906,,N24001906,2025-04,2025-06,3,3,0,,,0,0
L:N24001907,,N24001907,2025-04,2025-06,3,3,0,,,0,0
L:N24001908,,N24001908,2025-04,2025-06,3,3,0,,,0,0
L:N24001909,,N24001909,2025-04,2025-05,2,2,0,,,0,0
L:N24001910,,N24001910,2025-04,2025-06,3,3,0,,,0,0
L:N24001911,,N24001911,2025-04,2025-06,3,3,0,,,0,0
L:N24001912,,N24001912,2025-04,2025-06,3,3,0,,,0,0
L:N24001914,,N24001914,2025-04,2025-06,3,3,0,,,0,0
L:N24001915,,N24001915,2025-04,2025-06,3,3,0,,,0,0
L:N24001916,,N24001916,2025-04,2025-06,3,3,0,,,0,0
L:N24001917,,N24001917,2025-04,2025-06,3,3,0,,,0,0
L:N24001919,,N24001919,2025-04,2025-06,3,3,0,,,0,0
L:N24001920,,N24001920,2025-04,2025-06,3,3,0,,,0,0
L:N24001921,,N24001921,2025-04,2025-06,3,3,0,,,0,0
L:N24001922,,N24001922,2025-04,2025-06,3,3,0,,,0,0
L:N24001923,,N24001923,2025-04,2025-06,3,3,0,,,0,0
L:N24001924,,N24001924,2025-04,2025-06,3,3,0,,,0,0
L:N24001925,,N24001925,2025-04,2025-06,3,3,0,,,0,0
L:N24001926,,N24001926,2025-04,2025-06,3,3,0,,,0,0
L:N24001927,,N24001927,2025-04,2025-06,3,3,0,,,0,0
L:N24001928,,N24001928,2025-04,2025-06,3,3,0,,,0,0
L:N24001929,,N24001929,2025-04,2025-06,3,3,0,,,0,0
L:N24001932,,N24001932,2025-04,2025-06,3,3,0,,,0,0
L:N24001934,,N24001934,2025-04,2025-06,3,3,0,,,0,0
L:N24001935,,N24001935,2025-04,2025-06,3,3,0,,,0,0
L:N24001936,,N24001936,2025-04,2025-06,3,3,0,,,0,0
L:N24001937,,N24001937,2025-04,2025-06,3,3,0,,,0,0
L:N24001938,,N24001938,2025-04,2025-06,3,3,0,,,0,0
L:N24001939,,N24001939,2025-04,2025-06,3,3,0,,,0,0
L:N24001940,,N24001940,2025-04,2025-06,3,3,0,,,0,0
L:N24001941,,N24001941,2025-04,2025-06,3,3,0,,,0,0
L:N24001942,,N24001942,2025-04,2025-06,3,3,0,,,0,0
L:N24001943,,N24001943,2025-04,2025-06,3,3,0,,,0,0
L:N24001944,,N24001944,2025-04,2025-06,3,3,0,,,0,0
L:N24001945,,N24001945,2025-04,2025-06,3,3,0,,,0,0
L:N24001946,,N24001946,2025-04,2025-06,3,3,0,,,0,0
L:N24001947,,N24001947,2025-04,2025-06,3,3,0,,,0,0
L:N24001948,,N24001948,2025-04,2025-06,3,3,0,,,0,0
L:N24001951,,N24001951,2025-04,2025-06,3,3,0,,,0,0
L:N24001952,,N24001952,2025-04,2025-06,3,3,0,,,0,0
L:N24001953,,N24001953,2025-04,2025-06,3,3,0,,,0,0
L:N24001954,,N24001954,2025-04,2025-06,3,3,0,,,0,0
L:N24001955,,N24001955,2025-04,2025-06,3,3,0,,,0,0
L:N24001956,,N24001956,2025-04,2025-06,3,3,0,,,0,0
L:N24001957,,N24001957,2025-04,2025-06,3,3,0,,,0,0
L:N24001958,,N24001958,2025-04,2025-06,3,3,0,,,0,0
L:N24001959,,N24001959,2025-04,2025-06,3,3,0,,,0,0
L:N24001960,,N24001960,2025-04,2025-06,3,3,0,,,0,0
L:N24001961,,N24001961,2025-04,2025-06,3,3,0,,,0,0
L:N24001962,,N24001962,2025-04,2025-06,3,3,0,,,0,0
L:N24001963,,N24001963,2025-04,2025-06,3,3,0,,,0,0
L:N24001964,,N24001964,2025-04,2025-06,3,3,0,,,0,0
L:N24001965,,N24001965,2025-04,2025-06,3,3,0,,,0,0
L:N24001966,,N24001966,2025-04,2025-05,2,2,0,,,0,0
L:N24001967,,N24001967,2025-04,2025-06,3,3,0,,,0,0
L:N24001968,,N24001968,2025-04,2025-06,3,3,0,,,0,0
L:N24001969,,N24001969,2025-04,2025-06,3,3,0,,,0,0
L:N24001970,,N24001970,2025-04,2025-06,3,3,0,,,0,0
L:N24001971,,N24001971,2025-04,2025-06,3,3,0,,,0,0
L:N24001972,,N24001972,2025-04,2025-06,3,3,0,,,0,0
L:N24001973,,N24001973,2025-04,2025-06,3,3,0,,,0,0
L:N24001974,,N24001974,2025-04,2025-06,3,3,0,1,1,0,0
L:N24001975,,N24001975,2025-04,2025-06,3,3,0,,,0,0
L:N24001976,,N24001976,2025-04,2025-06,3,3,0,,,0,0
L:N24001977,,N24001977,2025-04,2025-06,3,3,0,,,0,0
L:N24001978,,N24001978,2025-04,2025-06,3,3,0,,,0,0
L:N24001979,,N24001979,2025-04,2025-06,3,3,0,,,0,0
L:N24001980,,N24001980,2025-04,2025-06,3,3,0,,,0,0
L:N24001981,,N24001981,2025-04,2025-06,3,3,0,,,0,0
L:N24001982,,N24001982,2025-04,2025-06,3,3,0,,,0,0
L:N24001983,,N24001983,2025-04,2025-06,3,3,0,,,0,0
L:N24001984,,N24001984,2025-04,2025-06,3,3,0,,,0,0
L:N24001985,,N24001985,2025-04,2025-06,3,3,0,,,0,0
L:N24001986,,N24001986,2025-04,2025-06,3,3,0,,,0,0
L:N24001987,,N24001987,2025-04,2025-06,3,3,0,,,0,0
L:N24001988,,N24001988,2025-04,2025-06,3,3,0,,,0,0
L:N24001989,,N24001989,2025-04,2025-06,3,3,0,,,0,0
L:N24001990,,N24001990,2025-04,2025-06,3,3,0,1,1,0,0
L:N24001991,,N24001991,2025-04,2025-06,3,3,0,,,0,0
L:N24001992,,N24001992,2025-04,2025-06,3,3,0,1,2,0,0
L:N24001993,,N24001993,2025-04,2025-06,3,3,0,,,0,0
L:N24001994,,N24001994,2025-04,2025-06,3,3,0,1,1,0,0
L:N24001996,,N24001996,2025-04,2025-06,3,3,0,,,0,0
L:N24001997,,N24001997,2025-04,2025-06,3,3,0,,,0,0
L:N24001998,,N24001998,2025-04,2025-06,3,3,0,,,0,0
L:N24001999,,N24001999,2025-04,2025-06,3,3,0,,,0,0
L:N24002000,,N24002000,2025-04,2025-06,3,3,0,,,0,0
L:N24002001,,N24002001,2025-04,2025-06,3,3,0,,,0,0
L:N24002002,,N24002002,2025-04,2025-06,3,3,0,,,0,0
L:N24002003,,N24002003,2025-04,2025-06,3,3,0,,,0,0
L:N24002004,,N24002004,2025-04,2025-06,3,3,0,,,0,0
L:N24002005,,N24002005,2025-04,2025-06,3,3,0,,,0,0
L:N24002006,,N24002006,2025-04,2025-06,3,3,0,,,0,0
L:N24002007,,N24002007,2025-04,2025-06,3,3,0,,,0,0
L:N24002008,,N24002008,2025-04,2025-06,3,3,0,,,0,0
L:N24002009,,N24002009,2025-04,2025-06,3,3,0,,,0,0
L:N24002010,,N24002010,2025-04,2025-06,3,3,0,,,0,0
L:N24002011,,N24002011,2025-04,2025-06,3,3,0,,,0,0
L:N24002012,,N24002012,2025-04,2025-06,3,3,0,,,0,0
L:N24002013,,N24002013,2025-04,2025-06,3,3,0,,,0,0
L:N24002014,,N24002014,2025-04,2025-06,3,3,0,,,0,0
L:N24002015,,N24002015,2025-04,2025-06,3,3,0,,,0,0
L:N24002016,,N24002016,2025-04,2025-06,3,3,0,,,0,0
L:N24002017,,N24002017,2025-04,2025-06,3,3,0,,,0,0
L:N24002018,,N24002018,2025-04,2025-06,3,3,0,,,0,0
L:N24002019,,N24002019,2025-04,2025-06,3,3,0,,,0,0
L:N24002020,,N24002020,2025-04,2025-06,3,3,0,,,0,0
L:N24002021,,N24002021,2025-04,2025-06,3,3,0,,,0,0
L:N24002022,,N24002022,2025-04,2025-06,3,3,0,,,0,0
L:N24002023,,N24002023,2025-04,2025-06,3,3,0,,,0,0
L:N24002024,,N24002024,2025-04,2025-06,3,3,0,,,0,0
L:N24002025,,N24002025,2025-04,2025-06,3,3,0,,,0,0
L:N24002026,,N24002026,2025-04,2025-04,1,1,0,,,0,0
L:N24002027,,N24002027,2025-04,2025-06,3,3,0,,,0,0
L:N24002028,,N24002028,2025-04,2025-06,3,3,0,,,0,0
L:N24002029,,N24002029,2025-04,2025-06,3,3,0,,,0,0
L:N24002030,,N24002030,2025-04,2025-06,3,3,0,,,0,0
L:N24002031,,N24002031,2025-04,2025-06,3,3,0,,,0,0
L:N24002032,,N24002032,2025-04,2025-06,3,3,0,,,0,0
L:N24002033,,N24002033,2025-04,2025-06,3,3,0,,,0,0
L:N24002034,,N24002034,2025-04,2025-06,3,3,0,,,0,0
L:N24002035,,N24002035,2025-04,2025-06,3,3,0,,,0,0
L:N24002036,,N24002036,2025-04,2025-06,3,3,0,,,0,0
L:N24002037,,N24002037,2025-04,2025-06,3,3,0,,,0,0
L:N24002038,,N24002038,2025-04,2025-06,3,3,0,,,0,0
L:N24002039,,N24002039,2025-04,2025-06,3,3,0,,,0,0
L:N24002040,,N24002040,2025-04,2025-06,3,3,0,,,0,0
L:N24002041,,N24002041,2025-04,2025-06,3,3,0,,,0,0
L:N24002042,,N24002042,2025-04,2025-06,3,3,0,,,0,0
L:N24002043,,N24002043,2025-04,2025-06,3,3,0,,,0,0
L:N24002044,,N24002044,2025-04,2025-06,3,3,0,,,0,0
L:N24002045,,N24002045,2025-04,2025-06,3,3,0,,,0,0
L:N24002046,,N24002046,2025-04,2025-06,3,3,0,,,0,0
L:N24002048,,N24002048,2025-04,2025-06,3,3,0,,,0,0
L:N24002049,,N24002049,2025-04,2025-06,3,3,0,,,0,0
L:N24002050,,N24002050,2025-04,2025-06,3,3,0,,,0,0
L:N24002051,,N24002051,2025-04,2025-06,3,3,0,,,0,0
L:N24002052,,N24002052,2025-04,2025-06,3,3,0,,,0,0
L:N24002053,,N24002053,2025-04,2025-06,3,3,0,,,0,0
L:N24002054,,N24002054,2025-04,2025-06,3,3,0,,,0,0
L:N24002055,,N24002055,2025-04,2025-06,3,3,0,,,0,0
L:N24002056,,N24002056,2025-04,2025-06,3,3,0,,,0,0
L:N24002057,,N24002057,2025-04,2025-06,3,3,0,,,0,0
L:N24002058,,N24002058,2025-04,2025-06,3,3,0,2,2,0,0
L:N24002059,,N24002059,2025-04,2025-06,3,3,0,,,0,0
L:N24002060,,N24002060,2025-04,2025-06,3,3,0,,,0,0
L:N24002061,,N24002061,2025-04,2025-06,3,3,0,,,0,0
L:N24002062,,N24002062,2025-04,2025-06,3,3,0,,,0,0
L:N24002063,,N24002063,2025-04,2025-06,3,3,0,,,0,0
L:N24002064,,N24002064,2025-04,2025-06,3,3,0,,,0,0
L:N24002065,,N24002065,2025-04,2025-06,3,3,0,,,0,0
L:N24002066,,N24002066,2025-04,2025-06,3,3,0,,,0,0
L:N24002067,,N24002067,2025-04,2025-06,3,3,0,,,0,0
L:N24002068,,N24002068,2025-04,2025-06,3,3,0,,,0,0
L:N24002069,,N24002069,2025-04,2025-06,3,3,0,,,0,0
L:N24002070,,N24002070,2025-04,2025-06,3,3,0,,,0,0
L:N24002071,,N24002071,2025-04,2025-06,3,3,0,,,0,0
L:N24002072,,N24002072,2025-04,2025-06,3,3,0,,,0,0
L:N24002073,,N24002073,2025-04,2025-06,3,3,0,,,0,0
L:N24002074,,N24002074,2025-04,2025-06,3,3,0,,,0,0
L:N24002075,,N24002075,2025-04,2025-06,3,3,0,,,0,0
L:N24002076,,N24002076,2025-04,2025-06,3,3,0,,,0,0
L:N24002077,,N24002077,2025-04,2025-06,3,3,0,,,0,0
L:N24002078,,N24002078,2025-04,2025-06,3,3,0,,,0,0
L:N24002079,,N24002079,2025-04,2025-06,3,3,0,,,0,0
L:N24002080,,N24002080,2025-04,2025-06,3,3,0,,,0,0
L:N24002081,,N24002081,2025-04,2025-06,3,3,0,,,0,0
L:N24002082,,N24002082,2025-04,2025-06,3,3,0,,,0,0
L:N24002083,,N24002083,2025-04,2025-06,3,3,0,,,0,0
L:N24002084,,N24002084,2025-04,2025-06,3,3,0,,,0,0
L:N24002085,,N24002085,2025-04,2025-04,1,1,0,,,0,0
L:N24002086,,N24002086,2025-04,2025-06,3,3,0,,,0,0
L:N24002087,,N24002087,2025-04,2025-06,3,3,0,,,0,0
L:N24002088,,N24002088,2025-04,2025-06,3,3,0,,,0,0
L:N24002089,,N24002089,2025-04,2025-06,3,3,0,,,0,0
L:N24002090,,N24002090,2025-04,2025-06,3,3,0,2,2,0,0
L:N24002091,,N24002091,2025-04,2025-06,3,3,0,,,0,0
L:N24002092,,N24002092,2025-04,2025-06,3,3,0,,,0,0
L:N24002093,,N24002093,2025-04,2025-06,3,3,0,,,0,0
L:N24002094,,N24002094,2025-04,2025-06,3,3,0,,,0,0
L:N24002095,,N24002095,2025-04,2025-06,3,3,0,,,0,0
L:N24002096,,N24002096,2025-04,2025-06,3,3,0,,,0,0
L:N24002097,,N24002097,2025-04,2025-06,3,3,0,,,0,0
L:N24002098,,N24002098,2025-04,2025-06,3,3,0,,,0,0
L:N24002100,,N24002100,2025-04,2025-06,3,3,0,,,0,0
L:N24002101,,N24002101,2025-04,2025-06,3,3,0,,,0,0
L:N24002102,,N24002102,2025-04,2025-06,3,3,0,,,0,0
L:N24002103,,N24002103,2025-04,2025-06,3,3,0,,,0,0
L:N24002104,,N24002104,2025-04,2025-06,3,3,0,,,0,0
L:N24002105,,N24002105,2025-04,2025-06,3,3,0,,,0,0
L:N24002106,,N24002106,2025-04,2025-06,3,3,0,,,0,0
L:N24002107,,N24002107,2025-04,2025-06,3,3,0,,,0,0
L:N24002108,,N24002108,2025-04,2025-06,3,3,0,,,0,0
L:N24002109,,N24002109,2025-04,2025-06,3,3,0,,,0,0
L:N24002110,,N24002110,2025-04,2025-06,3,3,0,,,0,0
L:N24002111,,N24002111,2025-04,2025-06,3,3,0,1,1,0,0
L:N24002112,,N24002112,2025-04,2025-06,3,3,0,,,0,0
L:N24002113,,N24002113,2025-04,2025-06,3,3,0,,,0,0
L:N24002114,,N24002114,2025-04,2025-06,3,3,0,,,0,0
L:N24002115,,N24002115,2025-04,2025-06,3,3,0,,,0,0
L:N24002116,,N24002116,2025-04,2025-06,3,3,0,,,0,0
L:N24002117,,N24002117,2025-04,2025-06,3,3,0,,,0,0
L:N24002118,,N24002118,2025-04,2025-06,3,3,0,,,0,0
L:N24002119,,N24002119,2025-04,2025-06,3,3,0,,,0,0
L:N24002120,,N24002120,2025-04,2025-06,3,3,0,,,0,0
L:N24002121,,N24002121,2025-04,2025-06,3,3,0,,,0,0
L:N24002122,,N24002122,2025-04,2025-06,3,3,0,,,0,0
L:N24002123,,N24002123,2025-04,2025-06,3,3,0,,,0,0
L:N24002124,,N24002124,2025-04,2025-06,3,3,0,,,0,0
L:N24002125,,N24002125,2025-04,2025-06,3,3,0,,,0,0
L:N24002126,,N24002126,2025-04,2025-06,3,3,0,,,0,0
L:N24002127,,N24002127,2025-04,2025-06,3,3,0,,,0,0
L:N24002128,,N24002128,2025-04,2025-06,3,3,0,,,0,0
L:N24002129,,N24002129,2025-04,2025-06,3,3,0,,,0,0
L:N24002130,,N24002130,2025-04,2025-06,3,3,0,,,0,0
L:N24002131,,N24002131,2025-04,2025-06,3,3,0,,,0,0
L:N24002132,,N24002132,2025-04,2025-06,3,3,0,,,0,0
L:N24002133,,N24002133,2025-04,2025-06,3,3,0,,,0,0
L:N24002134,,N24002134,2025-04,2025-06,3,3,0,,,0,0
L:N24002135,,N24002135,2025-04,2025-06,3,3,0,,,0,0
L:N24002136,,N24002136,2025-04,2025-06,3,3,0,,,0,0
L:N24002137,,N24002137,2025-04,2025-05,2,2,0,,,0,0
L:N24002138,,N24002138,2025-04,2025-06,3,3,0,,,0,0
L:N24002139,,N24002139,2025-04,2025-06,3,3,0,,,0,0
L:N24002140,,N24002140,2025-04,2025-06,3,3,0,,,0,0
L:N24002142,,N24002142,2025-04,2025-06,3,3,0,,,0,0
L:N24002143,,N24002143,2025-04,2025-06,3,3,0,,,0,0
L:N24002144,,N24002144,2025-04,2025-06,3,3,0,,,0,0
L:N24002145,,N24002145,2025-04,2025-06,3,3,0,,,0,0
L:N24002146,,N24002146,2025-04,2025-06,3,3,0,,,0,0
L:N24002147,,N24002147,2025-04,2025-06,3,3,0,,,0,0
L:N24002148,,N24002148,2025-04,2025-06,3,3,0,,,0,0
L:N24002149,,N24002149,2025-04,2025-06,3,3,0,,,0,0
L:N24002150,,N24002150,2025-04,2025-06,3,3,0,,,0,0
L:N24002151,,N24002151,2025-04,2025-06,3,3,0,,,0,0
L:N24002152,,N24002152,2025-04,2025-06,3,3,0,,,0,0
L:N24002153,,N24002153,2025-04,2025-06,3,3,0,,,0,0
L:N24002154,,N24002154,2025-04,2025-06,3,3,0,,,0,0
L:N24002155,,N24002155,2025-04,2025-06,3,3,0,,,0,0
L:N24002156,,N24002156,2025-04,2025-06,3,3,0,,,0,0
L:N24002157,,N24002157,2025-04,2025-06,3,3,0,,,0,0
L:N24002158,,N24002158,2025-04,2025-06,3,3,0,,,0,0
L:N24002159,,N24002159,2025-04,2025-06,3,3,0,,,0,0
L:N24002160,,N24002160,2025-04,2025-06,3,3,0,,,0,0
L:N24002161,,N24002161,2025-04,2025-06,3,3,0,,,0,0
L:N24002162,,N24002162,2025-04,2025-06,3,3,0,,,0,0
L:N24002163,,N24002163,2025-04,2025-06,3,3,0,,,0,0
L:N24002164,,N24002164,2025-04,2025-06,3,3,0,,,0,0
L:N24002165,,N24002165,2025-04,2025-06,3,3,0,,,0,0
L:N24002166,,N24002166,2025-04,2025-06,3,3,0,,,0,0
L:N24002167,,N24002167,2025-04,2025-06,3,3,0,,,0,0
L:N24002168,,N24002168,2025-04,2025-06,3,3,0,,,0,0
L:N24002169,,N24002169,2025-04,2025-06,3,3,0,,,0,0
L:N24002170,,N24002170,2025-04,2025-06,3,3,0,,,0,0
L:N24002171,,N24002171,2025-04,2025-06,3,3,0,,,0,0
L:N24002172,,N24002172,2025-04,2025-06,3,3,0,,,0,0
L:N24002173,,N24002173,2025-04,2025-06,3,3,0,,,0,0
L:N24002174,,N24002174,2025-04,2025-06,3,3,0,,,0,0
L:N24002175,,N24002175,2025-04,2025-06,3,3,0,,,0,0
L:N24002176,,N24002176,2025-04,2025-06,3,3,0,,,0,0
L:N24002177,,N24002177,2025-04,2025-06,3,3,0,,,0,0
L:N24002178,,N24002178,2025-04,2025-06,3,3,0,,,0,0
L:N24002179,,N24002179,2025-04,2025-06,3,3,0,,,0,0
L:N24002180,,N24002180,2025-04,2025-06,3,3,0,,,0,0
L:N24002181,,N24002181,2025-04,2025-06,3,3,0,,,0,0
L:N24002182,,N24002182,2025-04,2025-06,3,3,0,,,0,0
L:N24002183,,N24002183,2025-04,2025-06,3,3,0,,,0,0
L:N24002184,,N24002184,2025-04,2025-06,3,3,0,,,0,0
L:N24002185,,N24002185,2025-04,2025-06,3,3,0,,,0,0
L:N24002186,,N24002186,2025-04,2025-06,3,3,0,,,0,0
L:N24002187,,N24002187,2025-04,2025-06,3,3,0,,,0,0
L:N24002188,,N24002188,2025-04,2025-06,3,3,0,,,0,0
L:N24002189,,N24002189,2025-04,2025-06,3,3,0,,,0,0
L:N24002190,,N24002190,2025-04,2025-06,3,3,0,,,0,0
L:N24002191,,N24002191,2025-04,2025-06,3,3,0,,,0,0
L:N24002192,,N24002192,2025-04,2025-06,3,3,0,,,0,0
L:N24002193,,N24002193,2025-04,2025-06,3,3,0,,,0,0
L:N24002194,,N24002194,2025-04,2025-06,3,3,0,,,0,0
L:N24002195,,N24002195,2025-04,2025-06,3,3,0,,,0,0
L:N24002196,,N24002196,2025-04,2025-06,3,3,0,,,0,0
L:N24002197,,N24002197,2025-04,2025-06,3,3,0,,,0,0
L:N24002198,,N24002198,2025-04,2025-06,3,3,0,,,0,0
L:N24002199,,N24002199,2025-04,2025-06,3,3,0,,,0,0
L:N24002200,,N24002200,2025-04,2025-06,3,3,0,,,0,0
L:N24002201,,N24002201,2025-04,2025-06,3,3,0,,,0,0
L:N24002202,,N24002202,2025-04,2025-06,3,3,0,,,0,0
L:N24002203,,N24002203,2025-04,2025-06,3,3,0,,,0,0
L:N24002204,,N24002204,2025-04,2025-06,3,3,0,,,0,0
L:N24002205,,N24002205,2025-04,2025-06,3,3,0,,,0,0
L:N24002206,,N24002206,2025-04,2025-06,3,3,0,,,0,0
L:N24002207,,N24002207,2025-04,2025-06,3,3,0,,,0,0
L:N24002208,,N24002208,2025-04,2025-06,3,3,0,,,0,0
L:N24002209,,N24002209,2025-04,2025-06,3,3,0,,,0,0
L:N24002210,,N24002210,2025-04,2025-06,3,3,0,,,0,0
L:N24002211,,N24002211,2025-04,2025-06,3,3,0,,,0,0
L:N24002212,,N24002212,2025-04,2025-06,3,3,0,,,0,0
L:N24002213,,N24002213,2025-04,2025-06,3,3,0,,,0,0
L:N24002214,,N24002214,2025-04,2025-06,3,3,0,,,0,0
L:N24002215,,N24002215,2025-04,2025-06,3,3,0,,,0,0
L:N24002216,,N24002216,2025-04,2025-06,3,3,0,,,0,0
L:N24002217,,N24002217,2025-04,2025-06,3,3,0,,,0,0
L:N24002219,,N24002219,2025-04,2025-06,3,3,0,,,0,0
L:N24002220,,N24002220,2025-04,2025-06,3,3,0,,,0,0
L:N24002221,,N24002221,2025-04,2025-06,3,3,0,,,0,0
L:N24002222,,N24002222,2025-04,2025-06,3,3,0,,,0,0
L:N24002223,,N24002223,2025-04,2025-06,3,3,0,,,0,0
L:N24002224,,N24002224,2025-04,2025-06,3,3,0,,,0,0
L:N24002225,,N24002225,2025-04,2025-06,3,3,0,,,0,0
L:N24002226,,N24002226,2025-04,2025-06,3,3,0,,,0,0
L:N24002227,,N24002227,2025-04,2025-06,3,3,0,,,0,0
L:N24002228,,N24002228,2025-04,2025-06,3,3,0,,,0,0
L:N24002229,,N24002229,2025-04,2025-06,3,3,0,,,0,0
L:N24002230,,N24002230,2025-04,2025-06,3,3,0,,,0,0
L:N24002231,,N24002231,2025-04,2025-06,3,3,0,,,0,0
L:N24002232,,N24002232,2025-04,2025-06,3,3,0,,,0,0
L:N24002233,,N24002233,2025-04,2025-06,3,3,0,,,0,0
L:N24002234,,N24002234,2025-04,2025-06,3,3,0,,,0,0
L:N24002235,,N24002235,2025-04,2025-06,3,3,0,,,0,0
L:N24002236,,N24002236,2025-04,2025-06,3,3,0,,,0,0
L:N24002237,,N24002237,2025-05,2025-06,2,2,0,,,0,0
L:N24002238,,N24002238,2025-05,2025-06,2,2,0,,,0,0
L:N24002239,,N24002239,2025-05,2025-06,2,2,0,,,0,0
L:N24002240,,N24002240,2025-05,2025-06,2,2,0,,,0,0
L:N24002241,,N24002241,2025-05,2025-06,2,2,0,,,0,0
L:N24002242,,N24002242,2025-05,2025-06,2,2,0,,,0,0
L:N24002243,,N24002243,2025-05,2025-06,2,2,0,,,0,0
L:N24002244,,N24002244,2025-05,2025-06,2,2,0,,,0,0
L:N24002245,,N24002245,2025-06,2025-06,1,1,0,,,0,0
L:N25000072,,N25000072,2025-04,2025-06,3,3,0,,,0,0
L:N26000114,,N26000114,2025-04,2025-06,3,3,0,,,0,0
L:N26000115,,N26000115,2025-04,2025-06,3,3,0,,,0,0
L:N26000116,,N26000116,2025-04,2025-06,3,3,0,,,0,0
L:N26000117,,N26000117,2025-04,2025-06,3,3,0,,,0,0
L:N26000118,,N26000118,2025-04,2025-06,3,3,0,,,0,0
L:N28000056,,N28000056,2025-04,2025-06,3,3,0,,,0,0
L:N28000058,,N28000058,2025-04,2025-06,3,3,0,,,0,0
L:N28000067,,N28000067,2025-04,2025-06,3,3,0,,,0,0
L:N28000071,,N28000071,2025-04,2025-06,3,3,0,,,0,0
L:N28000086,,N28000086,2025-04,2025-06,3,3,0,,,0,0
L:N28000098,,N28000098,2025-04,2025-06,3,3,0,,,0,0
L:N28000100,,N28000100,2025-04,2025-06,3,3,0,,,0,0
L:N28000104,,N28000104,2025-04,2025-04,1,1,0,,,0,0
L:N28000105,,N28000105,2025-04,2025-06,3,3,0,,,0,0
L:N28000109,,N28000109,2025-04,2025-06,3,3,0,,,0,0
L:N28000112,,N28000112,2025-04,2025-04,1,1,0,,,0,0
L:N28000115,,N28000115,2025-04,2025-06,3,3,0,,,0,0
L:N28000117,,N28000117,2025-04,2025-06,3,3,0,,,0,0
L:N28000121,,N28000121,2025-04,2025-05,2,2,0,,,0,0
L:N28000122,,N28000122,2025-04,2025-06,3,3,0,,,0,0
L:N28000124,,N28000124,2025-04,2025-06,3,3,0,,,0,0
L:N28000125,,N28000125,2025-04,2025-06,3,3,0,,,0,0
L:N28000126,,N28000126,2025-04,2025-06,3,3,0,,,0,0
L:N28000128,,N28000128,2025-04,2025-06,3,3,0,,,0,0
L:N28000129,,N28000129,2025-04,2025-06,3,3,0,,,0,0
L:N28000130,,N28000130,2025-04,2025-06,3,3,0,,,0,0
L:N28000131,,N28000131,2025-04,2025-06,3,3,0,,,0,0
L:N28000134,,N28000134,2025-04,2025-06,3,3,0,,,0,0
L:N28000135,,N28000135,2025-04,2025-06,3,3,0,,,0,0
L:N28000137,,N28000137,2025-04,2025-06,3,3,0,,,0,0
L:N28000138,,N28000138,2025-04,2025-06,3,3,0,,,0,0
L:N28000140,,N28000140,2025-04,2025-06,3,3,0,,,0,0
L:N28000141,,N28000141,2025-04,2025-06,3,3,0,,,0,0
L:N28000142,,N28000142,2025-04,2025-06,3,3,0,,,0,0
L:N28000144,,N28000144,2025-04,2025-06,3,3,0,,,0,0
L:N28000145,,N28000145,2025-04,2025-06,3,3,0,,,0,0
L:N28000146,,N28000146,2025-04,2025-06,3,3,0,,,0,0
L:N28000147,,N28000147,2025-04,2025-06,3,3,0,,,0,0
L:N28000148,,N28000148,2025-04,2025-06,3,3,0,,,0,0
L:N28000149,,N28000149,2025-04,2025-06,3,3,0,,,0,0
L:N28000150,,N28000150,2025-04,2025-06,3,3,0,1,1,0,0
L:N28000151,,N28000151,2025-04,2025-06,3,3,0,,,0,0
L:N28000153,,N28000153,2025-04,2025-06,3,3,0,2,2,0,0
L:N28000154,,N28000154,2025-04,2025-05,2,2,0,,,0,0
L:N28000155,,N28000155,2025-04,2025-06,3,3,0,,,0,0
L:N28000156,,N28000156,2025-04,2025-06,3,3,0,2,2,0,0
L:N28000157,,N28000157,2025-04,2025-06,3,3,0,,,0,0
L:N28000158,,N28000158,2025-04,2025-06,3,3,0,,,0,0
L:N28000159,,N28000159,2025-04,2025-05,2,2,0,,,0,0
L:N28000160,,N28000160,2025-04,2025-06,3,3,0,,,0,0
L:N30000002,,N30000002,2025-04,2025-06,3,3,0,,,0,0
L:N30000014,,N30000014,2025-04,2025-06,3,3,0,,,0,0
L:N30000021,,N30000021,2025-04,2025-06,3,3,0,,,0,0
L:N30000024,,N30000024,2025-04,2025-06,3,3,0,,,0,0
L:N30000026,,N30000026,2025-04,2025-06,3,3,0,,,0,0
L:N30000027,,N30000027,2025-04,2025-06,3,3,0,,,0,0
L:N30000032,,N30000032,2025-04,2025-06,3,3,0,,,0,0
L:N30000034,,N30000034,2025-04,2025-06,3,3,0,,,0,0
L:N30000035,,N30000035,2025-04,2025-06,3,3,0,,,0,0
L:N30000036,,N30000036,2025-04,2025-06,3,3,0,,,0,0
L:N30000039,,N30000039,2025-04,2025-06,3,3,0,,,0,0
L:N30000042,,N30000042,2025-04,2025-06,3,3,0,,,0,0
L:N30000044,,N30000044,2025-04,2025-06,3,3,0,,,0,0
L:N30000050,,N30000050,2025-04,2025-06,3,3,0,,,0,0
L:N30000051,,N30000051,2025-04,2025-06,3,3,0,,,0,0
L:N38000001,,N38000001,2025-04,2025-05,2,2,0,,,0,0
L:N40000001,,N40000001,2025-04,2025-06,3,3,0,,,0,0
L:N40000002,,N40000002,2025-04,2025-06,3,3,0,,,0,0
L:N42000001,,N42000001,2025-04,2025-06,3,3,0,,,0,0
L:N42000002,,N42000002,2025-04,2025-06,3,3,0,,,0,0
L:N42000005,,N42000005,2025-04,2025-06,3,3,0,,,0,0
L:N42000006,,N42000006,2025-04,2025-06,3,3,0,2,2,0,0
L:N42000007,,N42000007,2025-04,2025-06,3,3,0,,,0,0
L:N42000008,,N42000008,2025-04,2025-06,3,3,0,,,0,0
L:N42000009,,N42000009,2025-04,2025-06,3,3,0,,,0,0
L:N42000010,,N42000010,2025-04,2025-06,3,3,0,,,0,0
L:N42000011,,N42000011,2025-04,2025-06,3,3,0,,,0,0
L:N44000002,,N44000002,2025-04,2025-06,3,3,0,,,0,0
L:N45000002,,N45000002,2025-04,2025-06,3,3,0,,,0,0
L:N45000003,,N45000003,2025-04,2025-04,1,1,0,,,0,0
P:060100093,060100093,,2025-04,2025-06,3,3,0,,,0,0
P:10362,10362,,2025-09,2026-01,5,5,0,1,1,2,0
P:108000,108000,,2025-09,2026-06,10,10,0,,,7,4
P:108841,108841,,2026-06,2026-07,2,2,0,,,0,0
P:10947,10947,,2025-09,2026-01,5,5,0,,,2,0
P:11256,11256,,2025-09,2026-01,5,5,0,2,2,2,0
P:11783,11783,N16000396,2025-09,2026-03,7,7,0,,,4,1
P:124005,124005,,2025-09,2026-06,10,10,0,,,7,4
P:124199,124199,,2026-07,2026-07,1,1,0,,,0,0
P:12543,12543,,2025-09,2026-01,5,5,0,,,2,0
P:12728,12728,,2025-09,2026-01,5,5,0,,,2,0
P:13626,13626,,2026-02,2026-03,2,2,0,,,0,0
P:14358,14358,,2025-09,2026-01,5,5,0,,,2,0
P:14730,14730,,2025-09,2026-01,5,5,0,,,2,0
P:150000,150000,,2025-09,2025-10,2,2,0,,,0,0
P:15530,15530,,2025-09,2025-10,2,2,0,,,0,0
P:15767,15767,,2025-12,2026-01,2,2,0,,,0,0
P:16106,16106,,2025-11,2026-01,3,3,0,1,1,0,0
P:16654,16654,N16000525,2025-09,2026-03,7,7,0,,,4,1
P:16724,16724,,2025-09,2026-01,5,5,0,,,2,0
P:171218,171218,,2026-07,2026-07,1,1,0,,,0,0
P:17195,17195,,2025-09,2026-01,5,5,0,,,2,0
P:175860,175860,,2026-07,2026-07,1,1,0,,,0,0
P:17673,17673,,2025-09,2026-03,7,7,0,,,4,1
P:17825,17825,,2025-09,2026-01,5,5,0,,,2,0
P:180100210,180100210,,2025-04,2025-04,1,1,0,,,0,0
P:180100221,180100221,,2025-04,2025-06,3,3,0,,,0,0
P:180100242,180100242,,2025-04,2025-06,3,3,0,,,0,0
P:188000,188000,,2025-09,2026-01,5,5,0,,,2,0
P:19000,19000,,2026-01,2026-01,1,1,0,,,0,0
P:19592,19592,,2025-09,2026-01,5,5,0,,,2,0
P:20302,20302,,2025-09,2026-01,5,5,0,2,3,2,0
P:20446,20446,,2025-12,2026-01,2,2,0,,,0,0
P:210914,210914,,2026-07,2026-07,1,1,0,,,0,0
P:220100133,220100133,,2025-04,2025-04,1,1,0,,,0,0
P:220100181,220100181,,2025-04,2025-06,3,3,0,,,0,0
P:220100188,220100188,,2025-04,2025-06,3,3,0,,,0,0
P:220100232,220100232,,2025-04,2025-06,3,3,0,,,0,0
P:220100257,220100257,,2025-04,2025-06,3,3,0,,,0,0
P:220100265,220100265,,2025-04,2025-06,3,3,0,,,0,0
P:220100272,220100272,,2025-04,2025-06,3,3,0,,,0,0
P:220100284,220100284,,2025-04,2025-06,3,3,0,,,0,0
P:220100288,220100288,,2025-04,2025-06,3,3,0,,,0,0
P:220100303,220100303,,2025-04,2025-06,3,3,0,,,0,0
P:220100305,220100305,,2025-04,2025-06,3,3,0,,,0,0
P:220100314,220100314,,2025-04,2025-06,3,3,0,,,0,0
P:220100328,220100328,,2025-04,2025-06,3,3,0,,,0,0
P:222253,222253,,2026-06,2026-07,2,2,0,,,0,0
P:22494,22494,,2025-09,2026-01,5,5,0,3,3,2,0
P:240484,240484,,2026-07,2026-07,1,1,0,,,0,0
P:245986,245986,,2026-07,2026-07,1,1,0,,,0,0
P:24819,24819,N18000405,2025-09,2026-06,10,10,0,,,7,4
P:27213,27213,,2025-09,2026-01,5,5,0,,,2,0
P:298178,298178,,2026-07,2026-07,1,1,0,,,0,0
P:29948,29948,,2026-01,2026-01,1,1,0,,,0,0
P:30274,30274,,2025-09,2026-01,5,5,0,2,4,2,0
P:30620,30620,,2025-09,2026-01,5,5,0,,,2,0
P:317725,317725,,2026-07,2026-07,1,1,0,,,0,0
P:32841,32841,,2026-01,2026-03,3,3,0,,,0,0
P:32850,32850,,2025-09,2025-12,4,4,0,,,1,0
P:33690,33690,,2025-09,2026-01,5,5,0,,,2,0
P:34012,34012,,2025-09,2026-01,5,5,0,,,2,0
P:36225,36225,,2025-09,2026-01,5,5,0,,,2,0
P:36354,36354,,2025-09,2026-01,5,5,0,,,2,0
P:364934,364934,,2026-07,2026-07,1,1,0,,,0,0
P:37276,37276,,2025-09,2026-01,5,5,0,,,2,0
P:38953,38953,,2025-09,2026-01,5,5,0,3,3,2,0
P:400006,400006,,2025-12,2026-07,8,8,0,1,1,5,2
P:400010,400010,N04000078,2025-07,2026-07,13,13,0,4,4,10,7
P:400012,400012,,2025-07,2026-07,13,13,0,5,12,10,7
P:400013,400013,,2025-07,2026-07,8,6,5,7,12,3,1
P:400018,400018,N06000275,2025-07,2026-07,13,13,0,,,10,7
P:400019,400019,N22000514,2025-07,2026-06,12,12,0,1,1,9,6
P:400022,400022,N22000592,2025-07,2026-07,13,13,0,12,12,10,7
P:400023,400023,N22000558,2025-07,2026-07,12,10,1,10,10,9,6
P:400033,400033,N06000254,2025-07,2026-07,13,13,0,,,10,7
P:400035,400035,N16000495,2025-07,2026-05,11,11,0,1,1,8,5
P:400043,400043,N16000455,2025-07,2026-07,13,13,0,10,10,10,7
P:400045,400045,,2025-07,2026-07,13,13,0,,,10,7
P:400047,400047,,2025-12,2026-07,8,8,0,1,1,5,2
P:400048,400048,,2025-12,2026-07,8,8,0,1,4,5,2
P:400062,400062,,2025-07,2026-07,6,4,7,12,12,1,0
P:400065,400065,,2025-07,2025-11,5,5,0,1,1,2,0
P:400073,400073,N06000245,2025-07,2026-07,13,13,0,10,10,10,7
P:400074,400074,N06000246,2025-07,2026-07,13,13,0,10,10,10,7
P:400077,400077,N16000438,2025-07,2026-02,8,8,0,,,5,2
P:400078,400078,N16000435,2025-07,2026-06,12,12,0,4,4,9,6
P:400081,400081,,2025-10,2026-07,10,10,0,2,2,7,4
P:400087,400087,N16000431,2025-07,2026-07,13,13,0,6,6,10,7
P:400093,400093,,2025-07,2026-04,10,10,0,,,7,4
P:400094,400094,,2025-07,2025-07,1,1,0,,,0,0
P:400095,400095,,2025-07,2026-04,10,10,0,,,7,4
P:400096,400096,,2025-07,2026-04,10,10,0,8,8,7,4
P:400097,400097,,2025-07,2026-04,10,10,0,2,2,7,4
P:400100,400100,,2025-07,2026-07,13,13,0,1,1,10,7
P:400101,400101,,2025-07,2026-07,13,13,0,,,10,7
P:400102,400102,,2025-07,2026-07,13,13,0,1,7,10,7
P:400103,400103,,2025-07,2026-07,13,13,0,1,1,10,7
P:400104,400104,,2025-07,2026-03,9,9,0,,,6,3
P:400105,400105,,2025-07,2026-04,10,10,0,1,1,7,4
P:400107,400107,,2025-07,2026-04,10,10,0,,,7,4
P:400109,400109,,2025-07,2026-04,10,10,0,1,1,7,4
P:400111,400111,,2025-07,2026-07,13,13,0,1,1,10,7
P:400112,400112,,2025-07,2026-04,10,10,0,,,7,4
P:400115,400115,,2025-07,2026-07,13,13,0,1,2,10,7
P:400116,400116,,2025-07,2026-07,13,13,0,1,8,10,7
P:400117,400117,,2025-07,2025-08,2,2,0,,,0,0
P:400119,400119,N16000213,2025-07,2026-07,13,13,0,4,10,10,7
P:400120,400120,N16000247,2025-07,2026-07,8,6,5,9,12,3,1
P:400121,400121,N12000136,2025-07,2026-07,13,13,0,,,10,7
P:400136,400136,,2025-07,2026-07,13,13,0,,,10,7
P:400138,400138,N06000238,2025-07,2026-07,13,13,0,,,10,7
P:400139,400139,N06000237,2025-07,2026-07,13,13,0,,,10,7
P:400141,400141,N10000010,2025-07,2026-07,13,13,0,6,6,10,7
P:400142,400142,N06000193,2025-07,2026-07,13,13,0,,,10,7
P:400144,400144,N06000199,2025-07,2026-07,13,13,0,,,10,7
P:400145,400145,,2025-07,2025-11,5,5,0,2,4,2,0
P:400147,400147,,2025-07,2025-09,3,3,0,,,0,0
P:400148,400148,N06000148,2025-07,2026-07,13,13,0,,,10,7
P:400149,400149,N06000197,2025-07,2026-07,13,13,0,,,10,7
P:400150,400150,N06000216,2025-07,2026-07,13,13,0,11,11,10,7
P:400151,400151,N06000218,2025-07,2026-07,13,13,0,11,11,10,7
P:400152,400152,N06000233,2025-07,2026-02,8,8,0,,,5,2
P:400153,400153,N06000243,2025-07,2026-07,13,13,0,11,11,10,7
P:400154,400154,N06000242,2025-07,2026-07,13,13,0,11,11,10,7
P:400155,400155,N06000247,2025-07,2026-07,13,13,0,2,10,10,7
P:400156,400156,N06000217,2025-07,2026-07,13,13,0,11,11,10,7
P:400158,400158,,2025-07,2025-11,5,5,0,,,2,0
P:400160,400160,N06000087,2025-07,2026-07,13,13,0,,,10,7
P:400161,400161,,2025-07,2026-01,7,7,0,1,6,4,1
P:400162,400162,N06000184,2025-07,2026-07,13,13,0,,,10,7
P:400165,400165,N06000249,2025-07,2026-07,13,13,0,1,1,10,7
P:400166,400166,N06000113,2025-07,2026-07,13,13,0,1,1,10,7
P:400167,400167,N16000279,2025-07,2026-07,13,13,0,8,9,10,7
P:400168,400168,N16000430,2025-07,2026-07,8,6,5,7,12,3,1
P:400169,400169,N16000428,2025-07,2026-07,13,13,0,3,12,10,7
P:400171,400171,N16000402,2025-07,2026-07,13,13,0,8,8,10,7
P:400172,400172,N06000169,2025-07,2026-07,13,13,0,3,3,10,7
P:400173,400173,N06000236,2025-07,2026-07,13,13,0,3,3,10,7
P:400174,400174,N12000095,2025-07,2026-07,13,13,0,,,10,7
P:400177,400177,N06000132,2025-07,2026-07,13,13,0,11,11,10,7
P:400178,400178,N06000222,2025-07,2026-07,13,13,0,,,10,7
P:400179,400179,,2025-07,2025-07,1,1,0,,,0,0
P:400180,400180,N06000244,2025-07,2026-07,13,13,0,3,3,10,7
P:400181,400181,N06000170,2025-07,2026-07,13,13,0,,,10,7
P:400182,400182,N06000165,2025-07,2026-04,10,10,0,3,3,7,4
P:400183,400183,N06000230,2025-07,2026-07,13,13,0,,,10,7
P:400185,400185,N06000229,2025-07,2026-07,13,13,0,,,10,7
P:400186,400186,N06000276,2025-07,2026-07,13,13,0,,,10,7
P:400187,400187,N06000167,2025-07,2026-07,13,13,0,,,10,7
P:400188,400188,,2025-07,2026-07,6,4,7,12,12,1,0
P:400192,400192,,2025-07,2026-07,13,13,0,12,12,10,7
P:400203,400203,,2025-07,2026-07,13,13,0,6,6,10,7
P:400204,400204,N22000569,2025-07,2026-07,13,13,0,,,10,7
P:400205,400205,N22000565,2025-07,2026-07,13,13,0,,,10,7
P:400220,400220,N22000489,2025-07,2026-07,13,13,0,5,9,10,7
P:400223,400223,N22000626,2025-07,2026-07,13,13,0,4,12,10,7
P:400231,400231,N06000270,2025-07,2026-07,8,6,5,7,7,3,1
P:400232,400232,N22000521,2025-07,2026-07,13,13,0,12,12,10,7
P:400234,400234,,2025-07,2025-12,6,6,0,5,5,3,0
P:400235,400235,,2025-07,2025-12,5,4,1,2,2,2,0
P:400247,400247,N22000624,2025-07,2026-07,13,13,0,8,12,10,7
P:400253,400253,N22000409,2025-07,2026-06,12,12,0,4,6,9,6
P:400254,400254,,2025-07,2026-07,13,13,0,12,12,10,7
P:400259,400259,N06000152,2025-07,2026-04,10,10,0,2,4,7,4
P:400261,400261,N18000275,2025-07,2026-07,8,6,5,7,12,3,1
P:400271,400271,N22000231,2025-07,2026-06,12,12,0,4,4,9,6
P:400273,400273,,2025-07,2026-07,13,13,0,12,12,10,7
P:400275,400275,N22000085,2025-07,2026-07,13,13,0,12,12,10,7
P:400277,400277,N22000110,2025-07,2026-06,12,12,0,8,8,9,6
P:400280,400280,N22000028,2025-07,2026-07,13,13,0,4,4,10,7
P:400291,400291,N22000318,2025-07,2026-07,13,13,0,6,9,10,7
P:400298,400298,N22000286,2025-07,2026-07,13,13,0,4,12,10,7
P:400299,400299,N10000016,2025-07,2026-07,13,13,0,10,10,10,7
P:400301,400301,N16000234,2025-07,2026-07,13,13,0,2,2,10,7
P:400312,400312,N06000223,2025-07,2026-07,13,13,0,,,10,7
P:400313,400313,N06000163,2025-07,2026-03,9,9,0,,,6,3
P:400315,400315,N06000220,2025-07,2026-07,13,13,0,,,10,7
P:400321,400321,N06000196,2025-07,2026-07,13,13,0,,,10,7
P:400352,400352,N06000240,2025-07,2026-07,13,13,0,11,11,10,7
P:400353,400353,N06000209,2025-07,2026-07,13,13,0,,,10,7
P:400354,400354,N06000200,2025-07,2026-07,13,13,0,,,10,7
P:400369,400369,N06000192,2025-08,2026-07,12,12,0,,,9,6
P:400382,400382,,2025-09,2026-06,10,10,0,,,7,4
P:400392,400392,N06000171,2025-07,2026-07,13,13,0,,,10,7
P:400416,400416,,2025-07,2026-07,13,13,0,2,10,10,7
P:400424,400424,,2025-07,2026-07,13,13,0,4,4,10,7
P:400425,400425,N06000098,2025-07,2026-07,13,13,0,7,11,10,7
P:400426,400426,,2025-07,2026-07,13,13,0,9,9,10,7
P:400429,400429,,2025-07,2025-07,1,1,0,,,0,0
P:425828,425828,,2026-07,2026-07,1,1,0,,,0,0
P:43367,43367,N16000518,2025-09,2026-03,7,7,0,,,4,1
P:437130,437130,,2026-07,2026-07,1,1,0,,,0,0
P:462136,462136,,2026-07,2026-07,1,1,0,,,0,0
P:476006,476006,,2026-07,2026-07,1,1,0,,,0,0
P:478482,478482,,2026-07,2026-07,1,1,0,,,0,0
P:505491,505491,,2026-07,2026-07,1,1,0,,,0,0
P:547243,547243,,2026-07,2026-07,1,1,0,,,0,0
P:589703,589703,,2026-07,2026-07,1,1,0,,,0,0
P:601812,601812,,2026-04,2026-07,4,4,0,1,1,1,0
P:602096,602096,,2025-07,2026-07,13,13,0,12,12,10,7
P:602098,602098,N28000130,2025-07,2026-07,12,11,1,2,3,9,6
P:602099,602099,N42000008,2025-07,2026-07,13,13,0,7,12,10,7
P:602181,602181,N18000325,2025-07,2026-07,13,13,0,12,12,10,7
P:602182,602182,N18000362,2025-07,2026-07,13,13,0,12,12,10,7
P:602184,602184,N18000178,2025-07,2026-07,13,13,0,4,12,10,7
P:602185,602185,N18000014,2025-07,2026-07,13,13,0,10,12,10,7
P:602193,602193,N18000010,2025-07,2026-02,8,8,0,3,5,5,2
P:602194,602194,,2025-07,2025-11,5,5,0,1,1,2,0
P:602195,602195,N18000042,2025-07,2026-07,13,13,0,5,10,10,7
P:602223,602223,N18000249,2026-02,2026-07,6,6,0,,,3,0
P:602525,602525,N18000172,2026-02,2026-07,6,6,0,5,5,3,0
P:602532,602532,N18000278,2025-09,2026-07,11,11,0,,,8,5
P:602535,602535,N18000324,2025-09,2026-07,11,11,0,1,1,8,5
P:602538,602538,,2025-07,2026-07,13,13,0,3,12,10,7
P:602579,602579,N18000194,2025-07,2026-07,13,13,0,1,12,10,7
P:602582,602582,N18000291,2025-07,2026-07,13,13,0,3,12,10,7
P:602593,602593,N18000279,2025-07,2026-07,13,13,0,1,12,10,7
P:602633,602633,,2025-07,2026-02,8,8,0,,,5,2
P:602792,602792,N22000572,2025-07,2026-07,13,13,0,3,8,10,7
P:602797,602797,N22000631,2025-07,2026-07,13,13,0,12,12,10,7
P:602961,602961,N18000364,2025-07,2026-07,8,6,5,7,12,3,1
P:603210,603210,,2026-05,2026-07,3,3,0,,,0,0
P:603293,603293,N18000367,2025-07,2026-07,13,13,0,,,10,7
P:603945,603945,,2025-07,2026-07,13,13,0,1,1,10,7
P:604791,604791,N16000379,2025-07,2026-07,8,6,5,7,12,3,1
P:604792,604792,,2025-07,2025-08,2,2,0,1,1,0,0
P:604795,604795,N16000434,2025-07,2026-07,8,6,5,7,12,3,1
P:604833,604833,N16000503,2025-07,2026-07,13,13,0,12,12,10,7
P:604852,604852,N16000506,2025-07,2026-07,13,13,0,,,10,7
P:604853,604853,N16000375,2025-07,2026-07,13,13,0,2,10,10,7
P:604859,604859,N16000396,2025-07,2026-07,6,4,7,9,12,1,0
P:604863,604863,N16000331,2025-07,2026-07,13,13,0,5,12,10,7
P:605155,605155,N18000363,2025-09,2026-07,11,11,0,,,8,5
P:605156,605156,N18000326,2025-07,2026-07,13,13,0,10,10,10,7
P:605292,605292,N28000142,2025-07,2026-07,13,13,0,6,12,10,7
P:606013,606013,,2025-07,2026-07,13,13,0,,,10,7
P:606112,606112,,2025-07,2026-07,13,13,0,2,4,10,7
P:606431,606431,N28000140,2025-07,2026-07,13,13,0,4,4,10,7
P:606479,606479,,2025-07,2026-07,13,13,0,12,12,10,7
P:606781,606781,,2025-07,2025-10,4,4,0,1,3,1,0
P:607653,607653,,2026-04,2026-07,4,4,0,,,1,0
P:607701,607701,N16000414,2025-07,2026-04,10,10,0,,,7,4
P:607709,607709,,2025-07,2026-07,13,13,0,1,8,10,7
P:608301,608301,,2025-08,2025-10,3,3,0,2,2,0,0
P:608302,608302,,2025-07,2025-10,3,2,1,2,3,1,0
P:608922,608922,,2025-09,2025-10,2,2,0,,,0,0
P:609019,609019,N28000146,2025-07,2026-07,13,13,0,12,12,10,7
P:609041,609041,,2025-07,2025-08,2,2,0,,,0,0
P:609424,609424,,2025-07,2026-07,13,13,0,3,8,10,7
P:609736,609736,N44000002,2025-07,2026-07,13,13,0,3,12,10,7
P:609996,609996,,2025-07,2026-07,13,13,0,,,10,7
P:610315,610315,N28000126,2025-07,2026-07,13,13,0,1,11,10,7
P:610940,610940,,2025-07,2025-11,5,5,0,3,3,2,0
P:610984,610984,N16000445,2025-07,2026-07,13,13,0,1,12,10,7
P:610985,610985,,2025-07,2025-11,5,5,0,,,2,0
P:611016,611016,N06000195,2025-07,2026-04,10,10,0,1,9,7,4
P:611017,611017,N06000194,2025-07,2026-04,10,10,0,6,6,7,4
P:611047,611047,N04000107,2025-07,2026-07,12,11,1,8,8,9,6
P:611142,611142,,2025-09,2026-03,7,7,0,,,4,1
P:611440,611440,,2025-07,2025-07,1,1,0,,,0,0
P:611452,611452,N22000434,2025-09,2026-06,10,10,0,2,2,7,4
P:611495,611495,N04000115,2025-07,2026-07,13,13,0,10,10,10,7
P:611509,611509,,2025-07,2026-07,8,6,5,12,12,3,1
P:611570,611570,,2025-07,2026-07,13,13,0,,,10,7
P:611586,611586,N18000344,2025-07,2026-07,13,13,0,1,12,10,7
P:611602,611602,,2025-07,2026-07,13,13,0,2,7,10,7
P:611614,611614,,2025-07,2025-11,5,5,0,,,2,0
P:611615,611615,,2025-07,2025-11,4,2,1,3,3,2,0
P:611656,611656,,2025-07,2025-10,4,4,0,3,3,1,0
P:611657,611657,,2025-07,2025-12,6,6,0,3,5,3,0
P:611659,611659,,2025-07,2025-11,5,5,0,3,4,2,0
P:611660,611660,,2025-07,2025-10,4,4,0,1,3,1,0
P:611669,611669,,2025-09,2026-07,11,11,0,,,8,5
P:611698,611698,,2025-07,2026-07,13,13,0,,,10,7
P:611699,611699,,2025-07,2026-07,13,13,0,,,10,7
P:611716,611716,,2026-04,2026-07,4,4,0,,,1,0
P:611735,611735,N18000378,2025-09,2026-07,11,11,0,1,6,8,5
P:611737,611737,,2025-07,2025-10,4,4,0,1,3,1,0
P:611751,611751,,2025-07,2026-07,13,13,0,12,12,10,7
P:611752,611752,N22000585,2025-07,2026-07,12,11,1,,,9,6
P:611754,611754,,2025-07,2026-07,13,13,0,,,10,7
P:611798,611798,,2025-07,2025-10,4,4,0,,,1,0
P:611800,611800,,2025-07,2025-10,4,4,0,,,1,0
P:611849,611849,N22000608,2025-07,2026-03,9,9,0,1,1,6,3
P:611855,611855,,2026-01,2026-07,7,7,0,6,6,4,1
P:611861,611861,N22000606,2025-07,2026-06,12,12,0,,,9,6
P:611864,611864,N06000273,2025-07,2026-07,13,13,0,,,10,7
P:611884,611884,N22000604,2025-07,2026-07,13,13,0,,,10,7
P:611917,611917,N16000458,2025-07,2026-07,13,13,0,9,9,10,7
P:611918,611918,,2025-07,2026-07,13,13,0,,,10,7
P:611927,611927,,2025-07,2026-07,13,13,0,,,10,7
P:611929,611929,,2025-07,2026-07,13,13,0,,,10,7
P:611930,611930,N18000381,2025-07,2026-07,8,6,5,7,12,3,1
P:611937,611937,,2025-07,2025-11,5,5,0,3,3,2,0
P:611938,611938,,2025-07,2025-09,3,3,0,,,0,0
P:611939,611939,,2025-07,2025-09,3,3,0,,,0,0
P:611943,611943,N22000550,2025-07,2026-07,13,13,0,8,9,10,7
P:611944,611944,,2025-07,2026-01,7,7,0,4,4,4,1
P:611945,611945,N22000538,2025-07,2026-07,13,13,0,,,10,7
P:611947,611947,N18000379,2025-07,2026-04,10,10,0,1,8,7,4
P:611948,611948,N18000374,2025-07,2026-05,11,11,0,3,9,8,5
P:611949,611949,N18000375,2025-07,2026-07,13,13,0,2,12,10,7
P:611950,611950,,2025-07,2026-01,7,7,0,5,6,4,1
P:611951,611951,N18000373,2025-07,2026-03,9,9,0,3,8,6,3
P:611957,611957,,2025-07,2026-07,13,13,0,,,10,7
P:611961,611961,,2026-04,2026-07,4,4,0,,,1,0
P:611963,611963,,2025-07,2026-07,13,13,0,,,10,7
P:611966,611966,N18000377,2025-07,2026-06,12,12,0,1,10,9,6
P:611967,611967,N18000380,2025-07,2026-05,11,11,0,2,9,8,5
P:611969,611969,,2025-07,2025-08,2,2,0,,,0,0
P:611970,611970,N22000540,2025-07,2026-07,13,13,0,,,10,7
P:611971,611971,N22000541,2025-07,2026-07,13,13,0,,,10,7
P:611972,611972,,2025-07,2025-08,2,2,0,,,0,0
P:611973,611973,,2025-07,2025-08,2,2,0,,,0,0
P:611974,611974,,2025-07,2026-07,13,13,0,3,8,10,7
P:611975,611975,,2025-07,2025-08,2,2,0,,,0,0
P:611976,611976,,2025-07,2025-08,2,2,0,,,0,0
P:611977,611977,,2025-07,2026-06,12,12,0,,,9,6
P:611978,611978,,2025-07,2026-06,12,12,0,,,9,6
P:611979,611979,,2025-07,2026-06,12,12,0,4,8,9,6
P:611980,611980,,2025-07,2025-08,2,2,0,,,0,0
P:612063,612063,,2025-07,2025-11,5,5,0,4,4,2,0
P:612066,612066,,2026-05,2026-07,3,3,0,,,0,0
P:612068,612068,,2026-05,2026-07,3,3,0,,,0,0
P:612072,612072,N22000532,2025-07,2026-07,13,13,0,3,3,10,7
P:612096,612096,N22000206,2025-07,2026-07,13,13,0,4,4,10,7
P:612128,612128,,2025-07,2026-07,13,13,0,8,12,10,7
P:612132,612132,N18000389,2025-09,2026-07,11,11,0,1,10,8,5
P:612133,612133,N18000387,2025-09,2026-07,11,11,0,6,10,8,5
P:612134,612134,N18000386,2025-07,2026-07,13,13,0,2,12,10,7
P:612135,612135,,2025-07,2025-11,5,5,0,3,3,2,0
P:612138,612138,N18000388,2025-09,2026-07,11,11,0,7,8,8,5
P:612139,612139,N18000384,2025-07,2026-07,13,13,0,2,9,10,7
P:612140,612140,N18000385,2025-07,2026-07,13,13,0,3,9,10,7
P:612142,612142,N18000382,2025-07,2026-07,8,6,5,10,10,3,1
P:612151,612151,N18000383,2025-07,2026-03,9,9,0,1,8,6,3
P:612167,612167,,2025-10,2026-07,10,10,0,2,9,7,4
P:612178,612178,,2025-10,2026-03,6,6,0,1,4,3,0
P:612183,612183,,2025-07,2026-07,13,13,0,5,5,10,7
P:612185,612185,,2025-10,2026-02,5,5,0,1,1,2,0
P:612186,612186,,2025-10,2026-07,10,10,0,1,1,7,4
P:612188,612188,N21000033,2025-10,2026-04,7,7,0,4,4,4,1
P:612194,612194,N04000112,2025-07,2026-07,13,13,0,4,9,10,7
P:612201,612201,,2025-10,2026-04,7,7,0,1,6,4,1
P:612203,612203,,2025-07,2025-10,4,4,0,,,1,0
P:612211,612211,,2025-10,2026-07,10,10,0,6,6,7,4
P:612213,612213,,2025-10,2026-07,10,10,0,1,1,7,4
P:612239,612239,,2025-10,2025-11,2,2,0,1,1,0,0
P:612259,612259,,2025-10,2026-07,10,10,0,1,7,7,4
P:612513,612513,,2025-10,2026-07,10,10,0,,,7,4
P:612688,612688,,2025-10,2025-10,1,1,0,,,0,0
P:612745,612745,,2025-10,2026-07,10,10,0,2,2,7,4
P:612748,612748,,2025-10,2026-07,10,10,0,,,7,4
P:612781,612781,N12000132,2025-07,2026-07,13,13,0,8,8,10,7
P:612786,612786,N04000106,2025-07,2026-07,13,13,0,6,12,10,7
P:612787,612787,N04000108,2025-07,2026-07,13,13,0,6,12,10,7
P:612788,612788,N04000105,2025-07,2026-07,13,13,0,4,12,10,7
P:612789,612789,N04000111,2025-07,2026-07,13,13,0,5,8,10,7
P:612790,612790,N16000509,2025-07,2026-07,13,13,0,1,9,10,7
P:612791,612791,N04000109,2025-07,2026-07,13,13,0,,,10,7
P:612793,612793,N04000110,2025-09,2026-07,11,11,0,4,7,8,5
P:612815,612815,N22000573,2025-07,2026-07,13,13,0,,,10,7
P:612816,612816,N06000272,2025-07,2026-07,13,13,0,,,10,7
P:612819,612819,N06000269,2025-07,2026-04,10,10,0,2,2,7,4
P:612827,612827,,2025-07,2026-07,13,13,0,,,10,7
P:612834,612834,,2025-07,2026-07,13,13,0,,,10,7
P:612838,612838,,2025-07,2025-09,3,3,0,,,0,0
P:612845,612845,,2026-04,2026-07,4,4,0,3,3,1,0
P:612851,612851,,2025-07,2026-07,13,13,0,2,4,10,7
P:612853,612853,,2025-07,2026-07,13,13,0,,,10,7
P:612855,612855,N18000390,2025-07,2026-07,13,13,0,2,12,10,7
P:612856,612856,N18000395,2025-07,2026-02,8,8,0,2,5,5,2
P:612876,612876,,2025-07,2026-07,13,13,0,5,5,10,7
P:612877,612877,,2025-07,2026-07,13,13,0,6,6,10,7
P:612878,612878,,2026-04,2026-07,4,4,0,,,1,0
P:612883,612883,,2025-07,2026-07,13,13,0,,,10,7
P:612885,612885,N42000001,2025-07,2026-07,13,13,0,5,5,10,7
P:612894,612894,N42000011,2025-07,2026-07,13,13,0,5,5,10,7
P:612898,612898,,2025-07,2026-07,13,13,0,5,5,10,7
P:612916,612916,,2025-07,2026-07,13,13,0,,,10,7
P:612998,612998,,2025-07,2025-09,3,3,0,1,2,0,0
P:613002,613002,,2025-07,2026-07,13,13,0,,,10,7
P:613003,613003,,2025-07,2025-12,6,6,0,,,3,0
P:613008,613008,,2025-07,2026-07,13,13,0,,,10,7
P:613013,613013,,2025-07,2026-07,13,13,0,,,10,7
P:613015,613015,,2025-07,2026-07,13,13,0,,,10,7
P:613785,613785,,2025-07,2026-06,12,12,0,,,9,6
P:613786,613786,,2025-07,2026-06,12,12,0,,,9,6
P:613787,613787,,2025-07,2026-07,13,13,0,,,10,7
P:613788,613788,,2025-07,2025-07,1,1,0,,,0,0
P:613793,613793,N06000191,2025-07,2026-07,13,13,0,3,3,10,7
P:613794,613794,N06000277,2025-07,2026-07,13,13,0,,,10,7
P:613795,613795,,2025-07,2025-10,4,4,0,,,1,0
P:613798,613798,N06000123,2025-07,2026-07,13,13,0,,,10,7
P:613799,613799,N06000135,2025-07,2026-07,13,13,0,,,10,7
P:613800,613800,N06000232,2025-07,2026-07,13,13,0,8,8,10,7
P:613801,613801,N06000164,2025-07,2026-07,13,13,0,4,4,10,7
P:613802,613802,N06000125,2025-07,2026-07,13,13,0,5,5,10,7
P:613803,613803,N06000166,2025-07,2026-07,13,13,0,2,2,10,7
P:613804,613804,N06000250,2025-07,2026-07,13,13,0,,,10,7
P:613808,613808,N06000096,2025-07,2026-07,13,13,0,,,10,7
P:615183,615183,N06000208,2025-07,2026-07,13,13,0,,,10,7
P:615184,615184,N06000251,2025-07,2026-07,13,13,0,,,10,7
P:615185,615185,N06000257,2025-07,2026-07,13,13,0,,,10,7
P:615186,615186,N06000206,2025-07,2026-07,13,13,0,11,11,10,7
P:615187,615187,N06000260,2025-07,2026-07,13,13,0,,,10,7
P:615188,615188,N06000255,2025-07,2026-07,13,13,0,,,10,7
P:615189,615189,N06000253,2025-07,2026-07,13,13,0,11,11,10,7
P:615190,615190,N06000252,2025-07,2026-07,13,13,0,,,10,7
P:615191,615191,N06000274,2025-07,2026-07,13,13,0,,,10,7
P:615192,615192,N06000264,2025-07,2026-07,13,13,0,11,11,10,7
P:615193,615193,N06000112,2025-07,2026-04,10,10,0,,,7,4
P:615194,615194,N06000265,2025-07,2026-07,13,13,0,,,10,7
P:615195,615195,N06000266,2025-07,2026-07,13,13,0,,,10,7
P:615199,615199,N06000267,2025-07,2026-07,13,13,0,,,10,7
P:615202,615202,,2025-07,2026-07,13,13,0,,,10,7
P:615206,615206,N06000183,2025-07,2026-07,13,13,0,11,11,10,7
P:615327,615327,N06000279,2025-07,2026-04,10,10,0,2,2,7,4
P:615330,615330,N06000282,2025-07,2026-07,13,13,0,,,10,7
P:615331,615331,,2025-07,2026-07,13,13,0,,,10,7
P:615332,615332,N18000391,2025-07,2026-07,13,13,0,2,8,10,7
P:615333,615333,N18000393,2026-02,2026-07,6,6,0,1,1,3,0
P:615334,615334,N18000394,2026-02,2026-07,6,6,0,1,1,3,0
P:615335,615335,N18000397,2025-07,2026-07,13,13,0,2,8,10,7
P:615336,615336,,2026-04,2026-07,4,4,0,,,1,0
P:615337,615337,N18000396,2025-07,2026-07,13,13,0,2,8,10,7
P:615338,615338,N18000401,2025-07,2026-07,13,13,0,2,2,10,7
P:615339,615339,N18000403,2026-02,2026-07,6,6,0,1,1,3,0
P:615340,615340,N18000404,2026-02,2026-07,6,6,0,1,5,3,0
P:615342,615342,N18000398,2025-07,2026-07,13,13,0,8,8,10,7
P:615343,615343,N18000402,2025-07,2026-07,13,13,0,,,10,7
P:615344,615344,N18000399,2025-07,2026-07,13,13,0,2,8,10,7
P:615345,615345,N18000400,2025-07,2026-07,13,13,0,2,8,10,7
P:615346,615346,N18000392,2025-07,2026-07,13,13,0,2,8,10,7
P:615347,615347,,2026-07,2026-07,1,1,0,,,0,0
P:615349,615349,N06000241,2025-07,2026-07,13,13,0,,,10,7
P:615818,615818,N06000259,2025-07,2026-07,13,13,0,,,10,7
P:615820,615820,N06000290,2025-07,2026-07,13,13,0,,,10,7
P:615821,615821,N06000291,2025-07,2026-07,13,13,0,,,10,7
P:615822,615822,N06000239,2025-07,2026-07,13,13,0,12,12,10,7
P:615843,615843,N06000186,2025-07,2026-07,13,13,0,12,12,10,7
P:615857,615857,N06000203,2025-07,2026-07,13,13,0,,,10,7
P:615858,615858,N06000213,2025-07,2026-07,13,13,0,,,10,7
P:615859,615859,,2025-07,2025-11,5,5,0,,,2,0
P:615860,615860,N06000202,2025-07,2026-07,13,13,0,,,10,7
P:615861,615861,N06000211,2025-07,2026-07,13,13,0,,,10,7
P:615862,615862,N06000258,2025-07,2026-07,13,13,0,,,10,7
P:615863,615863,N06000204,2025-07,2026-07,13,13,0,,,10,7
P:615864,615864,,2025-07,2025-11,5,5,0,,,2,0
P:615865,615865,N06000214,2025-07,2026-07,13,13,0,,,10,7
P:615914,615914,N06000205,2025-07,2026-07,13,13,0,,,10,7
P:615915,615915,,2026-04,2026-07,4,4,0,1,1,1,0
P:615916,615916,N06000271,2025-07,2026-07,13,13,0,,,10,7
P:615917,615917,N06000278,2025-07,2026-07,13,13,0,,,10,7
P:615918,615918,N06000256,2025-07,2026-07,13,13,0,,,10,7
P:615919,615919,N06000283,2025-07,2026-07,13,13,0,2,2,10,7
P:615982,615982,N06000154,2025-07,2026-07,13,13,0,11,11,10,7
P:616044,616044,N06000179,2025-07,2026-07,13,13,0,11,11,10,7
P:616050,616050,N06000226,2025-07,2026-07,13,13,0,11,11,10,7
P:616221,616221,,2026-05,2026-07,3,3,0,,,0,0
P:616223,616223,N06000219,2025-07,2026-07,13,13,0,11,11,10,7
P:616225,616225,N06000280,2025-07,2026-07,13,13,0,,,10,7
P:616226,616226,N06000289,2025-07,2026-07,13,13,0,,,10,7
P:616227,616227,,2025-07,2026-07,11,9,2,,,7,5
P:616229,616229,N06000284,2025-07,2026-07,13,13,0,2,2,10,7
P:616230,616230,N06000281,2025-07,2026-07,13,13,0,,,10,7
P:616231,616231,N06000286,2025-07,2026-07,13,13,0,,,10,7
P:616232,616232,N06000285,2025-07,2026-07,13,13,0,,,10,7
P:616233,616233,N06000288,2025-07,2026-07,13,13,0,,,10,7
P:616234,616234,N06000045,2025-07,2026-07,13,13,0,,,10,7
P:616235,616235,N16000538,2025-07,2026-02,8,8,0,,,5,2
P:616236,616236,N06000295,2025-07,2026-07,13,13,0,12,12,10,7
P:616253,616253,N06000287,2025-07,2026-07,13,13,0,,,10,7
P:616254,616254,,2025-07,2026-07,13,13,0,,,10,7
P:616586,616586,,2025-07,2026-07,12,10,1,,,9,6
P:616587,616587,,2025-07,2026-06,11,9,1,,,8,5
P:616588,616588,,2025-07,2026-07,12,10,1,,,9,6
P:616594,616594,,2025-07,2026-07,13,13,0,6,6,10,7
P:616600,616600,N30000027,2025-07,2026-07,13,13,0,6,6,10,7
P:616604,616604,N30000042,2025-07,2026-07,13,13,0,6,6,10,7
P:616605,616605,,2025-07,2026-07,13,13,0,10,10,10,7
P:616611,616611,N30000051,2025-07,2026-07,13,13,0,8,8,10,7
P:616612,616612,N30000050,2025-07,2026-07,13,13,0,,,10,7
P:616615,616615,N30000026,2025-07,2026-07,13,13,0,10,10,10,7
P:616616,616616,N30000035,2025-07,2026-07,13,13,0,10,10,10,7
P:616670,616670,N18000407,2025-09,2026-07,11,11,0,6,6,8,5
P:616671,616671,N18000408,2025-07,2026-07,13,13,0,8,8,10,7
P:616672,616672,N18000409,2025-07,2026-07,13,13,0,,,10,7
P:616691,616691,,2025-10,2026-07,10,10,0,2,2,7,4
P:616694,616694,,2025-07,2026-07,10,8,3,,,5,4
P:616695,616695,,2025-07,2026-07,13,13,0,,,10,7
P:616696,616696,,2025-07,2025-08,2,2,0,,,0,0
P:616697,616697,,2025-07,2026-07,13,13,0,,,10,7
P:616699,616699,,2025-07,2026-07,13,13,0,12,12,10,7
P:616701,616701,,2025-07,2026-07,13,13,0,,,10,7
P:616702,616702,,2025-07,2025-08,2,2,0,,,0,0
P:616839,616839,,2026-04,2026-07,4,4,0,3,3,1,0
P:616840,616840,,2025-07,2025-08,2,2,0,,,0,0
P:616841,616841,,2025-07,2026-07,13,13,0,10,10,10,7
P:616842,616842,,2025-07,2026-07,13,13,0,,,10,7
P:616843,616843,,2025-07,2026-07,13,13,0,10,10,10,7
P:616856,616856,,2025-07,2026-06,11,9,1,,,8,5
P:616857,616857,,2025-09,2026-07,11,11,0,,,8,5
P:616858,616858,N16000450,2025-07,2026-07,13,13,0,5,12,10,7
P:616879,616879,N16000536,2025-07,2026-07,13,13,0,,,10,7
P:616886,616886,,2025-07,2026-07,13,13,0,,,10,7
P:616933,616933,N16000540,2025-07,2026-07,13,13,0,12,12,10,7
P:616950,616950,,2025-07,2026-07,13,13,0,4,12,10,7
P:616983,616983,,2026-04,2026-07,4,4,0,,,1,0
P:617068,617068,N18000410,2025-07,2026-07,13,13,0,,,10,7
P:617069,617069,N18000411,2025-07,2026-07,13,13,0,,,10,7
P:617179,617179,N18000417,2025-07,2026-07,12,11,1,8,8,9,6
P:617181,617181,N18000415,2025-07,2026-07,13,13,0,2,8,10,7
P:617182,617182,N18000412,2025-07,2026-07,13,13,0,,,10,7
P:617183,617183,N18000416,2025-07,2026-07,13,13,0,,,10,7
P:617184,617184,N18000419,2025-07,2026-07,13,13,0,,,10,7
P:617185,617185,N18000413,2025-09,2026-07,11,11,0,6,6,8,5
P:617186,617186,N18000414,2025-09,2026-07,11,11,0,6,6,8,5
P:617188,617188,,2025-07,2026-07,13,13,0,10,10,10,7
P:617200,617200,,2025-07,2026-06,11,9,1,,,8,5
P:617201,617201,,2025-07,2026-06,11,9,1,3,3,8,5
P:617206,617206,,2025-09,2026-07,11,11,0,,,8,5
P:617207,617207,,2025-07,2026-07,13,13,0,,,10,7
P:617210,617210,,2025-07,2026-07,12,10,1,12,12,9,6
P:617211,617211,,2025-07,2026-06,12,12,0,,,9,6
P:617212,617212,,2025-07,2026-06,12,12,0,10,10,9,6
P:617213,617213,,2025-12,2026-07,8,8,0,,,5,2
P:617214,617214,,2025-07,2026-07,12,10,1,,,9,6
P:617215,617215,,2025-07,2026-07,13,13,0,,,10,7
P:617216,617216,,2025-07,2026-07,12,10,1,,,9,6
P:617221,617221,,2025-07,2026-07,13,13,0,,,10,7
P:617224,617224,,2025-07,2026-07,13,13,0,,,10,7
P:617225,617225,N28000157,2025-07,2026-07,13,13,0,8,8,10,7
P:617226,617226,N28000160,2025-07,2026-07,13,13,0,,,10,7
P:617231,617231,,2025-07,2026-07,11,10,2,,,8,5
P:617233,617233,N06000293,2025-07,2026-07,13,13,0,,,10,7
P:617239,617239,,2026-04,2026-07,4,4,0,2,3,1,0
P:617240,617240,,2025-07,2025-07,1,1,0,,,0,0
P:617242,617242,N12000138,2025-07,2026-07,13,13,0,,,10,7
P:617243,617243,N12000137,2025-07,2026-07,13,13,0,,,10,7
P:617245,617245,,2025-12,2026-07,8,8,0,7,7,5,2
P:617246,617246,N12000139,2025-07,2026-07,13,13,0,8,8,10,7
P:617248,617248,N12000141,2025-07,2026-07,13,13,0,10,10,10,7
P:617249,617249,N12000142,2025-07,2026-07,13,13,0,,,10,7
P:617250,617250,N12000143,2025-07,2026-07,13,13,0,10,10,10,7
P:617251,617251,N12000140,2025-07,2026-07,13,13,0,11,12,10,7
P:617252,617252,,2025-07,2026-07,13,13,0,12,12,10,7
P:617253,617253,N12000129,2025-07,2026-05,11,11,0,6,6,8,5
P:617254,617254,N12000135,2025-07,2026-07,13,13,0,7,7,10,7
P:617255,617255,N12000131,2025-07,2026-07,13,13,0,10,10,10,7
P:617256,617256,N12000134,2025-07,2026-07,13,13,0,4,10,10,7
P:617257,617257,N12000133,2025-07,2026-07,13,13,0,11,11,10,7
P:617269,617269,N18000423,2025-07,2026-07,13,13,0,2,10,10,7
P:617270,617270,N18000422,2025-07,2026-07,13,13,0,2,12,10,7
P:617271,617271,N18000421,2025-07,2026-07,13,13,0,2,9,10,7
P:617272,617272,N18000420,2025-07,2026-07,13,13,0,,,10,7
P:617278,617278,N06000294,2025-07,2026-07,13,13,0,,,10,7
P:617279,617279,,2025-07,2026-07,13,13,0,,,10,7
P:617280,617280,N10000015,2025-09,2026-07,11,11,0,,,8,5
P:617282,617282,,2025-07,2025-10,4,4,0,2,2,1,0
P:617284,617284,,2025-07,2026-06,12,12,0,,,9,6
P:617287,617287,,2025-07,2026-07,13,13,0,,,10,7
P:617288,617288,,2025-07,2026-07,13,13,0,,,10,7
P:617290,617290,,2025-09,2025-10,2,2,0,,,0,0
P:617299,617299,N06000292,2025-07,2026-07,13,13,0,11,11,10,7
P:617302,617302,N16000275,2025-07,2026-07,13,13,0,5,12,10,7
P:617303,617303,,2025-07,2025-08,2,2,0,,,0,0
P:617304,617304,,2025-07,2026-07,13,13,0,,,10,7
P:617320,617320,,2025-09,2025-10,2,2,0,,,0,0
P:617322,617322,,2025-07,2025-08,2,2,0,,,0,0
P:617326,617326,,2025-09,2026-07,11,11,0,3,10,8,5
P:617327,617327,,2025-09,2026-07,11,11,0,,,8,5
P:617333,617333,,2025-09,2026-07,11,11,0,,,8,5
P:617338,617338,,2025-09,2026-07,11,11,0,,,8,5
P:617345,617345,,2025-09,2026-06,10,10,0,,,7,4
P:617361,617361,,2025-09,2026-06,10,10,0,,,7,4
P:617364,617364,,2025-09,2026-07,11,11,0,,,8,5
P:617370,617370,,2025-09,2026-07,11,11,0,10,10,8,5
P:617372,617372,,2025-09,2026-07,10,9,1,4,4,7,4
P:617373,617373,,2025-09,2025-11,3,3,0,,,0,0
P:617374,617374,N22000602,2025-09,2026-06,10,10,0,2,2,7,4
P:617375,617375,,2025-09,2026-07,11,11,0,,,8,5
P:617379,617379,,2025-09,2026-06,10,10,0,2,3,7,4
P:617390,617390,,2025-09,2026-06,10,10,0,,,7,4
P:617391,617391,,2025-09,2026-07,11,11,0,6,6,8,5
P:617403,617403,,2025-09,2026-07,11,11,0,,,8,5
P:617404,617404,,2025-09,2026-07,11,11,0,,,8,5
P:617405,617405,,2025-09,2026-07,11,11,0,,,8,5
P:617406,617406,,2025-09,2026-06,10,10,0,,,7,4
P:617408,617408,,2025-09,2026-06,10,10,0,,,7,4
P:617409,617409,,2025-09,2026-07,11,11,0,3,3,8,5
P:617412,617412,,2026-07,2026-07,1,1,0,,,0,0
P:617413,617413,,2025-09,2026-07,11,11,0,2,9,8,5
P:617416,617416,,2025-09,2026-07,11,11,0,,,8,5
P:617422,617422,,2025-09,2026-07,11,11,0,,,8,5
P:617727,617727,,2026-04,2026-07,4,4,0,,,1,0
P:617729,617729,,2026-04,2026-07,4,4,0,,,1,0
P:617730,617730,,2025-10,2026-07,10,10,0,8,8,7,4
P:617764,617764,,2026-04,2026-07,4,4,0,,,1,0
P:617801,617801,,2025-10,2026-07,10,10,0,5,5,7,4
P:617802,617802,,2025-10,2026-07,10,10,0,,,7,4
P:617803,617803,,2025-10,2026-07,10,10,0,,,7,4
P:617804,617804,,2025-10,2026-07,10,10,0,,,7,4
P:617806,617806,,2025-11,2026-07,9,9,0,,,6,3
P:617807,617807,,2025-11,2026-07,9,9,0,,,6,3
P:617808,617808,,2025-11,2026-07,9,9,0,,,6,3
P:617818,617818,,2025-11,2026-07,9,9,0,4,4,6,3
P:617819,617819,,2025-11,2026-07,9,9,0,,,6,3
P:617822,617822,,2025-11,2026-07,9,9,0,,,6,3
P:617824,617824,,2025-11,2025-11,1,1,0,,,0,0
P:617827,617827,,2025-11,2026-07,9,9,0,,,6,3
P:617828,617828,,2025-11,2026-07,9,9,0,5,8,6,3
P:617829,617829,,2025-11,2026-07,9,9,0,6,6,6,3
P:617830,617830,,2025-11,2026-07,9,9,0,,,6,3
P:617832,617832,,2025-11,2026-07,9,9,0,,,6,3
P:617836,617836,,2025-11,2026-07,9,9,0,1,8,6,3
P:617837,617837,,2025-11,2026-07,9,9,0,1,6,6,3
P:617838,617838,,2025-11,2026-07,9,9,0,,,6,3
P:617839,617839,,2025-11,2026-07,9,9,0,1,1,6,3
P:617877,617877,,2025-11,2026-07,9,9,0,,,6,3
P:617878,617878,,2025-11,2026-07,9,9,0,,,6,3
P:617880,617880,,2026-04,2026-06,3,3,0,,,0,0
P:617882,617882,,2025-11,2026-07,9,9,0,,,6,3
P:617883,617883,,2025-11,2026-07,9,9,0,,,6,3
P:617885,617885,N24001441,2025-12,2026-07,8,8,0,3,7,5,2
P:617886,617886,N24001465,2025-12,2026-07,8,8,0,3,7,5,2
P:617887,617887,N24001411,2025-12,2026-06,7,7,0,1,6,4,1
P:617888,617888,,2026-02,2026-07,6,6,0,1,4,3,0
P:617889,617889,,2026-02,2026-07,6,6,0,1,4,3,0
P:617890,617890,,2026-01,2026-07,7,7,0,,,4,1
P:617891,617891,N24001866,2025-12,2026-05,6,6,0,1,3,3,0
P:617892,617892,N24001297,2025-12,2026-07,8,8,0,3,7,5,2
P:617893,617893,,2026-04,2026-07,4,4,0,,,1,0
P:617894,617894,,2026-02,2026-07,6,6,0,1,4,3,0
P:617895,617895,N24001840,2025-12,2026-07,8,8,0,3,3,5,2
P:617896,617896,N24002237,2026-02,2026-07,6,6,0,,,3,0
P:617897,617897,N24001879,2025-12,2026-07,8,8,0,3,7,5,2
P:617898,617898,,2026-02,2026-07,6,6,0,,,3,0
P:617899,617899,N24002136,2025-12,2026-07,8,8,0,3,3,5,2
P:617900,617900,N24001530,2025-12,2026-05,6,6,0,1,3,3,0
P:617901,617901,N24001528,2025-12,2026-07,8,8,0,1,6,5,2
P:617902,617902,,2026-02,2026-07,6,6,0,,,3,0
P:617904,617904,N24001862,2025-12,2026-07,8,8,0,3,7,5,2
P:617905,617905,N24001865,2025-12,2026-07,8,8,0,3,7,5,2
P:617906,617906,N24002118,2026-01,2026-07,7,7,0,,,4,1
P:617907,617907,N24001953,2025-12,2026-05,6,6,0,3,3,3,0
P:617908,617908,,2026-02,2026-07,6,6,0,,,3,0
P:617909,617909,,2026-02,2026-07,6,6,0,,,3,0
P:617911,617911,N24000513,2025-12,2026-07,8,8,0,3,6,5,2
P:617912,617912,,2026-02,2026-07,6,6,0,,,3,0
P:617913,617913,N24000987,2025-12,2026-07,8,8,0,3,4,5,2
P:617914,617914,,2026-02,2026-07,6,6,0,1,2,3,0
P:617915,617915,N24002019,2025-12,2026-06,6,5,1,3,6,3,1
P:617916,617916,,2026-01,2026-07,7,7,0,,,4,1
P:617917,617917,N24001883,2025-12,2026-05,5,4,1,,,2,0
P:617918,617918,,2026-07,2026-07,1,1,0,,,0,0
P:617919,617919,N24001227,2026-02,2026-07,6,6,0,1,1,3,0
P:617920,617920,,2026-02,2026-07,6,6,0,,,3,0
P:617921,617921,N24001858,2025-12,2026-07,8,8,0,3,5,5,2
P:617922,617922,,2026-02,2026-07,6,6,0,,,3,0
P:617923,617923,,2026-01,2026-07,7,7,0,,,4,1
P:617924,617924,N24001860,2025-12,2026-05,5,3,1,3,3,2,0
P:617925,617925,N24001861,2025-12,2026-07,8,8,0,3,7,5,2
P:617926,617926,,2026-01,2026-07,7,7,0,2,2,4,1
P:617927,617927,,2026-01,2026-07,7,7,0,2,2,4,1
P:617928,617928,N24002183,2025-12,2026-07,8,8,0,3,7,5,2
P:617929,617929,N24000781,2025-12,2026-07,8,8,0,3,3,5,2
P:617930,617930,N24001859,2025-12,2026-07,8,8,0,1,6,5,2
P:617931,617931,,2026-02,2026-07,6,6,0,1,5,3,0
P:617932,617932,N24001882,2025-12,2026-07,7,6,1,3,6,4,1
P:617933,617933,N24002174,2025-12,2026-05,5,4,1,,,2,0
P:617934,617934,N24001112,2025-12,2026-07,8,8,0,3,6,5,2
P:617935,617935,N24001938,2025-12,2026-07,8,8,0,3,3,5,2
P:617936,617936,N24000981,2025-12,2026-07,8,8,0,,,5,2
P:617937,617937,,2026-04,2026-07,4,4,0,,,1,0
P:617938,617938,,2026-01,2026-07,7,7,0,,,4,1
P:617939,617939,,2026-02,2026-07,6,6,0,4,4,3,0
P:617940,617940,N24002004,2025-12,2026-07,7,5,1,3,7,4,2
P:617941,617941,,2026-02,2026-07,6,6,0,,,3,0
P:617942,617942,N24002181,2025-12,2026-07,8,8,0,3,3,5,2
P:617943,617943,,2026-05,2026-07,3,3,0,,,0,0
P:617944,617944,N24001132,2025-12,2026-05,6,6,0,,,3,0
P:617945,617945,,2026-01,2026-07,7,7,0,,,4,1
P:617946,617946,N24000584,2026-01,2026-07,7,7,0,2,2,4,1
P:617947,617947,N24000585,2025-12,2026-07,8,8,0,3,3,5,2
P:617948,617948,N24001134,2025-12,2026-07,8,8,0,3,3,5,2
P:617949,617949,N24002145,2025-12,2026-06,7,7,0,,,4,1
P:617950,617950,,2026-01,2026-07,7,7,0,,,4,1
P:617951,617951,,2026-04,2026-07,4,4,0,,,1,0
P:617954,617954,N24001937,2025-12,2026-05,6,6,0,3,3,3,0
P:617955,617955,N24002012,2025-12,2026-07,8,8,0,3,3,5,2
P:617957,617957,N24002120,2025-12,2026-05,6,6,0,,,3,0
P:617958,617958,N24001876,2025-12,2026-07,8,8,0,3,7,5,2
P:617959,617959,N24001875,2025-12,2026-05,6,6,0,,,3,0
P:617960,617960,N24000874,2025-12,2026-07,7,6,1,3,6,4,1
P:617961,617961,N24000579,2025-12,2026-07,8,8,0,3,6,5,2
P:617962,617962,N24002165,2025-12,2026-07,8,8,0,,,5,2
P:617963,617963,N24002211,2026-01,2026-07,7,7,0,3,6,4,1
P:617964,617964,N24002199,2025-12,2026-07,8,8,0,,,5,2
P:617965,617965,N24001904,2025-12,2026-07,8,8,0,3,6,5,2
P:617966,617966,N24000382,2025-12,2026-07,8,8,0,3,7,5,2
P:617967,617967,,2026-02,2026-07,6,6,0,1,4,3,0
P:617968,617968,N24000779,2025-12,2026-07,8,8,0,3,3,5,2
P:617969,617969,N24002193,2025-12,2026-07,8,8,0,5,6,5,2
P:617970,617970,N24000775,2025-12,2026-05,6,6,0,3,3,3,0
P:617971,617971,,2026-02,2026-07,6,6,0,,,3,0
P:617972,617972,,2026-02,2026-07,6,6,0,,,3,0
P:617973,617973,N24001228,2026-02,2026-05,4,4,0,1,1,1,0
P:617974,617974,,2026-01,2026-07,7,7,0,,,4,1
P:617975,617975,N24000820,2025-12,2026-05,6,6,0,3,3,3,0
P:617976,617976,N24002182,2025-12,2026-07,8,8,0,6,7,5,2
P:617977,617977,,2026-02,2026-05,4,4,0,,,1,0
P:617978,617978,,2026-04,2026-07,4,4,0,,,1,0
P:617980,617980,N24000994,2025-12,2026-07,8,8,0,3,7,5,2
P:617981,617981,,2026-02,2026-05,4,4,0,1,2,1,0
P:617982,617982,N24000988,2025-12,2026-05,6,6,0,,,3,0
P:617983,617983,N24001925,2025-12,2026-07,8,8,0,3,7,5,2
P:617984,617984,N24000989,2025-12,2026-07,8,8,0,3,6,5,2
P:617985,617985,N24000983,2025-12,2026-07,8,8,0,3,4,5,2
P:617986,617986,N24001537,2025-12,2026-07,8,8,0,,,5,2
P:617987,617987,,2026-01,2026-07,7,7,0,,,4,1
P:617988,617988,,2026-01,2026-07,7,7,0,,,4,1
P:617989,617989,N24001450,2025-12,2026-07,8,8,0,3,5,5,2
P:617990,617990,N24002025,2025-12,2026-05,6,6,0,,,3,0
P:617991,617991,N24001278,2025-12,2026-07,8,8,0,3,6,5,2
P:617992,617992,N24001281,2025-12,2026-05,6,6,0,3,3,3,0
P:617993,617993,,2026-02,2026-05,4,4,0,1,1,1,0
P:617994,617994,N24001263,2025-12,2026-07,7,5,1,3,3,4,2
P:617995,617995,N24001323,2025-12,2026-07,8,8,0,3,6,5,2
P:617996,617996,N24002132,2025-12,2026-05,6,6,0,3,3,3,0
P:617997,617997,,2026-05,2026-07,3,3,0,,,0,0
P:617998,617998,N24000979,2025-12,2026-07,8,8,0,3,5,5,2
P:617999,617999,,2026-02,2026-07,6,6,0,1,4,3,0
P:618000,618000,N24001390,2025-12,2026-07,8,8,0,3,6,5,2
P:618001,618001,N24001416,2025-12,2026-07,8,8,0,3,4,5,2
P:618002,618002,N24001418,2025-12,2026-05,6,6,0,,,3,0
P:618003,618003,N24001419,2025-12,2026-07,8,8,0,3,7,5,2
P:618004,618004,N24001545,2026-02,2026-07,6,6,0,1,4,3,0
P:618005,618005,N24001647,2025-12,2026-06,7,7,0,3,6,4,1
P:618006,618006,N24001590,2025-12,2026-05,6,6,0,3,5,3,0
P:618007,618007,N24001792,2025-12,2026-05,6,6,0,3,5,3,0
P:618008,618008,N24001730,2025-12,2026-05,6,6,0,3,3,3,0
P:618009,618009,N24000331,2025-12,2026-07,8,8,0,3,7,5,2
P:618010,618010,,2026-02,2026-07,6,6,0,,,3,0
P:618011,618011,N24001527,2026-04,2026-07,4,4,0,1,2,1,0
P:618012,618012,N24002135,2025-12,2026-07,8,8,0,3,6,5,2
P:618013,618013,,2026-02,2026-07,6,6,0,1,4,3,0
P:618014,618014,,2026-02,2026-07,6,6,0,,,3,0
P:618015,618015,,2026-02,2026-07,6,6,0,1,1,3,0
P:618016,618016,,2026-02,2026-07,6,6,0,,,3,0
P:618017,618017,,2026-02,2026-07,6,6,0,1,1,3,0
P:618019,618019,N24001964,2025-12,2026-07,7,6,1,3,6,4,1
P:618020,618020,N24001965,2025-12,2026-07,7,6,1,3,6,4,1
P:618021,618021,,2026-01,2026-07,7,7,0,2,2,4,1
P:618022,618022,N24002118,2026-01,2026-07,7,7,0,2,3,4,1
P:618023,618023,N24001961,2025-12,2026-06,7,7,0,3,3,4,1
P:618024,618024,N24001960,2026-02,2026-07,6,6,0,1,4,3,0
P:618025,618025,N24000997,2025-12,2026-07,8,8,0,3,6,5,2
P:618026,618026,N24000996,2025-12,2026-05,6,6,0,3,4,3,0
P:618027,618027,,2026-02,2026-07,6,6,0,3,3,3,0
P:618028,618028,,2026-02,2026-07,6,6,0,,,3,0
P:618029,618029,N24001941,2025-12,2026-07,8,8,0,3,5,5,2
P:618030,618030,N24001940,2025-12,2026-06,7,7,0,3,3,4,1
P:618031,618031,N24002011,2025-12,2026-07,8,8,0,1,3,5,2
P:618033,618033,N24001375,2025-12,2026-06,7,7,0,3,3,4,1
P:618034,618034,N24002238,2026-02,2026-07,6,6,0,,,3,0
P:618035,618035,,2026-02,2026-07,6,6,0,2,2,3,0
P:618036,618036,,2026-02,2026-07,6,6,0,4,4,3,0
P:618037,618037,N24001934,2025-12,2026-07,8,8,0,3,6,5,2
P:618038,618038,,2026-01,2026-07,7,7,0,,,4,1
P:618039,618039,,2026-01,2026-07,7,7,0,,,4,1
P:618040,618040,,2026-02,2026-07,6,6,0,,,3,0
P:618041,618041,,2026-01,2026-07,7,7,0,,,4,1
P:618043,618043,,2026-02,2026-07,6,6,0,4,4,3,0
P:618044,618044,,2026-04,2026-07,4,4,0,,,1,0
P:618045,618045,N24001962,2025-12,2026-05,6,6,0,,,3,0
P:618046,618046,N24001902,2026-04,2026-05,2,2,0,,,0,0
P:618047,618047,,2026-04,2026-07,4,4,0,,,1,0
P:618049,618049,,2026-02,2026-07,6,6,0,4,4,3,0
P:618050,618050,N24001422,2025-12,2026-05,6,6,0,,,3,0
P:618051,618051,,2025-12,2026-06,3,2,4,6,6,0,1
P:618052,618052,,2026-01,2026-07,7,7,0,,,4,1
P:618053,618053,,2026-01,2026-07,7,7,0,,,4,1
P:618054,618054,N24002150,2025-12,2026-07,8,8,0,3,7,5,2
P:618055,618055,N24002016,2025-12,2026-07,8,8,0,4,5,5,2
P:618056,618056,N24002121,2025-12,2026-07,8,8,0,3,3,5,2
P:618057,618057,N24001997,2025-12,2026-07,8,8,0,3,3,5,2
P:618059,618059,N24002175,2026-04,2026-07,4,4,0,2,2,1,0
P:618060,618060,N24001923,2025-12,2026-07,8,8,0,3,7,5,2
P:618061,618061,,2026-04,2026-07,4,4,0,,,1,0
P:618062,618062,N24002147,2025-12,2026-05,6,6,0,3,3,3,0
P:618063,618063,N24001587,2025-12,2026-07,8,8,0,3,7,5,2
P:618064,618064,N24001917,2025-12,2026-05,6,6,0,,,3,0
P:618066,618066,N24002214,2026-01,2026-07,7,7,0,,,4,1
P:618067,618067,,2026-01,2026-07,7,7,0,,,4,1
P:618068,618068,N24002020,2025-12,2026-07,8,8,0,3,3,5,2
P:618069,618069,N24002167,2026-02,2026-07,6,6,0,,,3,0
P:618070,618070,N24001369,2025-12,2026-07,8,8,0,3,5,5,2
P:618071,618071,N24001442,2025-12,2026-07,8,8,0,3,6,5,2
P:618072,618072,N24001466,2025-12,2026-07,8,8,0,2,3,5,2
P:618073,618073,N24002197,2025-12,2026-07,8,8,0,1,6,5,2
P:618074,618074,N24001870,2025-12,2026-07,8,8,0,3,6,5,2
P:618075,618075,N24002031,2025-12,2026-07,8,8,0,3,7,5,2
P:618076,618076,N24002239,2026-01,2026-07,7,7,0,,,4,1
P:618078,618078,N24001919,2025-12,2026-05,6,6,0,3,3,3,0
P:618079,618079,,2026-02,2026-07,6,6,0,,,3,0
P:618080,618080,N24002198,2025-12,2026-07,8,8,0,6,6,5,2
P:618081,618081,N24002115,2025-12,2026-07,8,8,0,3,7,5,2
P:618082,618082,N24001479,2025-12,2026-07,8,8,0,3,5,5,2
P:618083,618083,,2026-02,2026-07,5,4,1,1,1,2,0
P:618084,618084,N24001922,2025-12,2026-07,8,8,0,3,7,5,2
P:618085,618085,N24001963,2025-12,2026-07,8,8,0,3,7,5,2
P:618086,618086,,2026-02,2026-07,6,6,0,,,3,0
P:618087,618087,N24001944,2025-12,2026-07,7,6,1,3,5,4,1
P:618088,618088,,2026-02,2026-07,6,6,0,,,3,0
P:618089,618089,N24001903,2026-02,2026-07,6,6,0,1,4,3,0
P:618090,618090,N24001002,2025-12,2026-05,6,6,0,3,3,3,0
P:618091,618091,,2026-02,2026-07,6,6,0,1,1,3,0
P:618092,618092,N24002168,2026-02,2026-07,6,6,0,,,3,0
P:618093,618093,N24001927,2026-02,2026-05,4,4,0,,,1,0
P:618094,618094,N24001106,2025-12,2026-07,8,8,0,3,3,5,2
P:618095,618095,,2026-02,2026-07,6,6,0,3,3,3,0
P:618096,618096,,2026-02,2026-07,6,6,0,2,3,3,0
P:618097,618097,N24001057,2025-12,2026-07,8,8,0,3,3,5,2
P:618098,618098,N24001908,2026-02,2026-07,6,6,0,1,4,3,0
P:618099,618099,,2026-02,2026-05,4,4,0,,,1,0
P:618101,618101,,2026-02,2026-07,6,6,0,,,3,0
P:618103,618103,,2026-02,2026-07,6,6,0,2,4,3,0
P:618104,618104,N24002007,2025-12,2026-07,8,8,0,3,7,5,2
P:618105,618105,N24002010,2025-12,2026-07,8,8,0,3,3,5,2
P:618106,618106,N24002009,2025-12,2026-07,8,8,0,3,7,5,2
P:618107,618107,,2026-01,2026-07,7,7,0,,,4,1
P:618108,618108,N24002014,2025-12,2026-07,8,8,0,3,5,5,2
P:618109,618109,N24001948,2025-12,2026-07,7,6,1,3,5,4,1
P:618110,618110,N24001469,2025-12,2026-05,6,6,0,,,3,0
P:618111,618111,N24002015,2025-12,2026-07,8,8,0,3,7,5,2
P:618112,618112,N24002240,2026-01,2026-07,7,7,0,6,6,4,1
P:618113,618113,N24002241,2026-01,2026-07,7,7,0,6,6,4,1
P:618114,618114,,2026-04,2026-07,4,4,0,,,1,0
P:618116,618116,,2026-01,2026-07,7,7,0,,,4,1
P:618117,618117,,2026-02,2026-07,6,6,0,4,4,3,0
P:618118,618118,N24001867,2026-02,2026-05,4,4,0,1,1,1,0
P:618119,618119,,2026-02,2026-07,6,6,0,,,3,0
P:618120,618120,,2026-01,2026-07,7,7,0,,,4,1
P:618121,618121,N24001878,2025-12,2026-07,8,8,0,3,7,5,2
P:618122,618122,,2026-02,2026-07,6,6,0,,,3,0
P:618123,618123,N24001925,2025-12,2026-06,7,7,0,,,4,1
P:618124,618124,N24002116,2025-12,2026-07,8,8,0,3,7,5,2
P:618125,618125,,2026-01,2026-07,7,7,0,2,2,4,1
P:618126,618126,,2026-02,2026-07,6,6,0,4,4,3,0
P:618127,618127,,2026-01,2026-07,7,7,0,,,4,1
P:618129,618129,,2026-02,2026-07,6,6,0,,,3,0
P:618130,618130,,2026-02,2026-07,6,6,0,3,5,3,0
P:618132,618132,N24000989,2025-12,2026-05,6,6,0,,,3,0
P:618133,618133,N24000983,2026-02,2026-07,6,6,0,1,3,3,0
P:618134,618134,,2026-02,2026-07,6,6,0,,,3,0
P:618136,618136,N24001537,2026-02,2026-05,4,4,0,1,1,1,0
P:618137,618137,,2026-02,2026-07,6,6,0,,,3,0
P:618138,618138,,2026-02,2026-07,6,6,0,,,3,0
P:618139,618139,,2026-02,2026-07,6,6,0,,,3,0
P:618140,618140,,2026-02,2026-07,6,6,0,,,3,0
P:618141,618141,N24001450,2025-12,2026-07,8,8,0,3,6,5,2
P:618142,618142,N24002025,2025-12,2026-05,6,6,0,3,3,3,0
P:618143,618143,N24000983,2025-12,2026-05,6,6,0,,,3,0
P:618144,618144,N24001281,2025-12,2026-05,5,4,1,,,2,0
P:618145,618145,N24001263,2025-12,2026-05,6,6,0,3,3,3,0
P:618146,618146,N24001323,2025-12,2026-07,8,8,0,3,3,5,2
P:618147,618147,,2026-02,2026-07,6,6,0,1,1,3,0
P:618148,618148,,2026-05,2026-07,3,3,0,,,0,0
P:618149,618149,,2026-02,2026-07,6,6,0,,,3,0
P:618150,618150,,2026-04,2026-07,4,4,0,,,1,0
P:618151,618151,,2026-05,2026-07,3,3,0,,,0,0
P:618152,618152,N24002132,2025-12,2026-07,8,8,0,3,6,5,2
P:618153,618153,N24000979,2025-12,2026-07,8,8,0,3,6,5,2
P:618154,618154,N24001390,2025-12,2026-07,8,8,0,3,3,5,2
P:618155,618155,,2026-02,2026-07,6,6,0,4,4,3,0
P:618156,618156,,2026-01,2026-07,7,7,0,,,4,1
P:618157,618157,,2026-02,2026-07,6,6,0,2,2,3,0
P:618158,618158,,2026-02,2026-07,6,6,0,,,3,0
P:618159,618159,,2026-02,2026-07,6,6,0,,,3,0
P:618160,618160,,2026-02,2026-07,6,6,0,,,3,0
P:618161,618161,N24001416,2025-12,2026-05,6,6,0,3,3,3,0
P:618162,618162,,2026-01,2026-07,7,7,0,,,4,1
P:618163,618163,N24001418,2025-12,2026-07,8,8,0,3,3,5,2
P:618164,618164,N24001419,2025-12,2026-07,8,8,0,5,7,5,2
P:618165,618165,N24001545,2025-12,2026-06,7,7,0,3,6,4,1
P:618166,618166,N24001647,2025-12,2026-07,8,8,0,3,6,5,2
P:618167,618167,N24001590,2025-12,2026-05,6,6,0,4,5,3,0
P:618168,618168,N24001792,2025-12,2026-07,8,8,0,3,3,5,2
P:618169,618169,N24001730,2025-12,2026-07,8,8,0,3,7,5,2
P:618170,618170,,2026-02,2026-07,6,6,0,1,2,3,0
P:618171,618171,,2026-02,2026-07,6,6,0,1,4,3,0
P:618172,618172,N24001122,2025-12,2026-07,8,8,0,3,6,5,2
P:618173,618173,N24001123,2025-12,2026-07,8,8,0,3,6,5,2
P:618174,618174,,2026-02,2026-07,6,6,0,,,3,0
P:618175,618175,N24001884,2025-12,2026-06,7,7,0,3,6,4,1
P:618176,618176,,2026-01,2026-07,7,7,0,2,2,4,1
P:618177,618177,N24001060,2025-12,2026-07,8,8,0,3,3,5,2
P:618178,618178,,2026-02,2026-07,6,6,0,2,4,3,0
P:618179,618179,,2026-02,2026-06,5,5,0,4,4,2,0
P:618180,618180,N24001082,2025-12,2026-07,8,8,0,3,6,5,2
P:618181,618181,N24002177,2025-12,2026-05,6,6,0,3,3,3,0
P:618182,618182,,2026-02,2026-07,6,6,0,5,5,3,0
P:618183,618183,,2026-02,2026-07,6,6,0,,,3,0
P:618184,618184,,2026-02,2026-07,6,6,0,1,1,3,0
P:618185,618185,,2026-02,2026-07,6,6,0,,,3,0
P:618186,618186,N24002003,2025-12,2026-07,8,8,0,3,5,5,2
P:618187,618187,,2026-02,2026-07,6,6,0,,,3,0
P:618188,618188,N24002173,2025-12,2026-07,8,8,0,3,7,5,2
P:618189,618189,,2026-02,2026-07,6,6,0,,,3,0
P:618190,618190,N24002005,2025-12,2026-07,8,8,0,3,7,5,2
P:618191,618191,N24001951,2025-12,2026-05,6,6,0,3,3,3,0
P:618192,618192,N24001942,2025-12,2026-05,6,6,0,3,3,3,0
P:618193,618193,,2026-02,2026-07,6,6,0,1,2,3,0
P:618194,618194,N24000937,2025-12,2026-07,8,8,0,3,3,5,2
P:618196,618196,N24002008,2025-12,2026-07,8,8,0,3,6,5,2
P:618197,618197,N24002001,2025-12,2026-07,8,8,0,3,5,5,2
P:618198,618198,N24001107,2026-02,2026-07,6,6,0,1,4,3,0
P:618199,618199,N24002178,2026-02,2026-07,6,6,0,4,4,3,0
P:618200,618200,N24001928,2025-12,2026-07,8,8,0,3,6,5,2
P:618201,618201,,2026-02,2026-07,6,6,0,3,3,3,0
P:618202,618202,N24002185,2026-01,2026-07,7,7,0,4,4,4,1
P:618203,618203,N24002179,2026-02,2026-07,6,6,0,3,3,3,0
P:618204,618204,N24001999,2026-02,2026-07,6,6,0,1,3,3,0
P:618205,618205,N24001998,2026-04,2026-07,4,4,0,3,3,1,0
P:618206,618206,,2026-02,2026-07,6,6,0,,,3,0
P:618207,618207,,2026-02,2026-07,6,6,0,1,1,3,0
P:618208,618208,,2026-02,2026-05,4,4,0,,,1,0
P:618209,618209,,2026-02,2026-07,6,6,0,1,1,3,0
P:618210,618210,,2026-02,2026-07,6,6,0,1,4,3,0
P:618211,618211,,2026-02,2026-07,6,6,0,5,5,3,0
P:618212,618212,,2026-04,2026-07,4,4,0,,,1,0
P:618215,618215,,2026-02,2026-07,6,6,0,,,3,0
P:618216,618216,N24001915,2025-12,2026-07,8,8,0,4,4,5,2
P:618217,618217,N24001916,2025-12,2026-07,8,8,0,4,4,5,2
P:618218,618218,,2026-02,2026-07,6,6,0,1,1,3,0
P:618219,618219,,2026-02,2026-07,6,6,0,1,1,3,0
P:618220,618220,N24001897,2026-02,2026-05,4,4,0,1,1,1,0
P:618221,618221,N24002180,2026-02,2026-07,6,6,0,3,3,3,0
P:618222,618222,N24002119,2026-02,2026-07,6,6,0,1,5,3,0
P:618223,618223,N24001901,2026-02,2026-07,6,6,0,1,4,3,0
P:618224,618224,N24001901,2026-02,2026-07,6,6,0,1,5,3,0
P:618225,618225,N24001899,2026-02,2026-07,6,6,0,1,4,3,0
P:618226,618226,N24001898,2026-02,2026-07,6,6,0,1,5,3,0
P:618227,618227,N24001850,2025-12,2026-07,7,6,1,3,3,4,1
P:618228,618228,N24001201,2025-12,2026-07,8,8,0,3,7,5,2
P:618229,618229,N24001462,2025-12,2026-05,5,4,1,,,2,0
P:618230,618230,N24001470,2025-12,2026-07,8,8,0,3,4,5,2
P:618231,618231,N24001447,2025-12,2026-07,8,8,0,3,6,5,2
P:618232,618232,,2026-02,2026-07,6,6,0,1,2,3,0
P:618233,618233,N24001421,2025-12,2026-07,8,8,0,3,3,5,2
P:618234,618234,N24000943,2025-12,2026-07,8,8,0,3,3,5,2
P:618235,618235,,2026-02,2026-07,6,6,0,,,3,0
P:618236,618236,,2026-02,2026-07,6,6,0,1,1,3,0
P:618237,618237,N24000969,2025-12,2026-05,6,6,0,3,3,3,0
P:618238,618238,N24000964,2025-12,2026-07,8,8,0,1,6,5,2
P:618239,618239,,2026-02,2026-07,6,6,0,1,1,3,0
P:618240,618240,N24001461,2025-12,2026-07,8,8,0,3,7,5,2
P:618242,618242,,2026-02,2026-07,6,6,0,1,4,3,0
P:618243,618243,N24002245,2026-01,2026-07,7,7,0,,,4,1
P:618244,618244,N24002235,2026-01,2026-07,7,7,0,,,4,1
P:618246,618246,N24001877,2025-12,2026-07,8,8,0,6,6,5,2
P:618247,618247,,2026-01,2026-07,7,7,0,,,4,1
P:618248,618248,,2026-01,2026-07,7,7,0,,,4,1
P:618249,618249,N24002234,2026-01,2026-07,7,7,0,,,4,1
P:618250,618250,N24002194,2025-12,2026-07,8,8,0,3,3,5,2
P:618251,618251,,2026-01,2026-07,7,7,0,2,2,4,1
P:618252,618252,N24002201,2026-01,2026-07,7,7,0,,,4,1
P:618253,618253,,2026-04,2026-07,4,4,0,,,1,0
P:618254,618254,N24002148,2025-12,2026-07,8,8,0,3,3,5,2
P:618255,618255,N24002142,2025-12,2026-07,8,8,0,3,6,5,2
P:618256,618256,N24001958,2025-12,2026-07,8,8,0,3,6,5,2
P:618257,618257,N24001957,2025-12,2026-07,8,8,0,1,6,5,2
P:618258,618258,N24001956,2025-12,2026-05,6,6,0,1,1,3,0
P:618259,618259,N24001386,2025-12,2026-05,6,6,0,,,3,0
P:618260,618260,,2026-01,2026-07,7,7,0,,,4,1
P:618262,618262,,2026-01,2026-07,7,7,0,,,4,1
P:618263,618263,N24002213,2026-01,2026-07,7,7,0,5,5,4,1
P:618264,618264,,2026-01,2026-07,7,7,0,,,4,1
P:618265,618265,N24001457,2025-12,2026-07,8,8,0,3,7,5,2
P:618266,618266,N24001471,2025-12,2026-07,8,8,0,3,7,5,2
P:618267,618267,,2026-05,2026-07,3,3,0,,,0,0
P:618282,618282,N24002023,2025-12,2026-07,8,8,0,3,3,5,2
P:618283,618283,N24002022,2025-12,2026-07,8,8,0,3,3,5,2
P:618284,618284,N24002021,2026-02,2026-07,6,6,0,,,3,0
P:618285,618285,N24001368,2026-02,2026-05,4,4,0,1,1,1,0
P:618286,618286,N24001434,2025-12,2026-07,8,8,0,3,3,5,2
P:618287,618287,N24002229,2026-01,2026-07,7,7,0,,,4,1
P:618288,618288,N24002225,2026-01,2026-07,7,7,0,,,4,1
P:618289,618289,N24001246,2025-12,2026-07,8,8,0,3,3,5,2
P:618290,618290,N24001258,2025-12,2026-07,8,8,0,1,3,5,2
P:618291,618291,N24001257,2025-12,2026-07,8,8,0,1,3,5,2
P:618292,618292,N24001255,2025-12,2026-07,8,8,0,3,6,5,2
P:618293,618293,N24001288,2025-12,2026-07,8,8,0,,,5,2
P:618294,618294,,2026-01,2026-07,7,7,0,,,4,1
P:618295,618295,N24002233,2026-01,2026-07,7,7,0,,,4,1
P:618296,618296,N24001287,2026-02,2026-07,6,6,0,1,4,3,0
P:618297,618297,N24001282,2026-02,2026-07,6,6,0,1,1,3,0
P:618298,618298,N24001400,2025-12,2026-07,8,8,0,3,7,5,2
P:618299,618299,,2026-02,2026-07,6,6,0,3,3,3,0
P:618300,618300,N24001274,2025-12,2026-07,8,8,0,3,3,5,2
P:618301,618301,,2026-02,2026-07,6,6,0,5,5,3,0
P:618302,618302,N24001332,2025-12,2026-07,8,8,0,3,6,5,2
P:618303,618303,N24001331,2025-12,2026-07,8,8,0,3,6,5,2
P:618304,618304,N24002227,2026-01,2026-07,7,7,0,2,5,4,1
P:618305,618305,N24002202,2026-01,2026-07,7,7,0,5,5,4,1
P:618306,618306,N24002242,2026-01,2026-07,7,7,0,2,5,4,1
P:618307,618307,,2025-12,2026-07,4,2,4,6,6,0,2
P:618308,618308,N24002154,2026-02,2026-07,6,6,0,5,5,3,0
P:618309,618309,,2026-02,2026-07,6,6,0,,,3,0
P:618310,618310,N24002231,2026-02,2026-07,6,6,0,,,3,0
P:618311,618311,N24002230,2026-02,2026-07,6,6,0,,,3,0
P:618312,618312,N24002243,2026-02,2026-07,6,6,0,,,3,0
P:618313,618313,,2026-02,2026-07,6,6,0,,,3,0
P:618314,618314,N24002128,2026-02,2026-07,6,6,0,5,5,3,0
P:618315,618315,N24002127,2026-02,2026-07,6,6,0,5,5,3,0
P:618316,618316,,2026-01,2026-07,7,7,0,2,2,4,1
P:618317,618317,,2026-01,2026-07,7,7,0,2,2,4,1
P:618318,618318,,2026-01,2026-07,7,7,0,2,2,4,1
P:618319,618319,,2026-01,2026-07,7,7,0,2,2,4,1
P:618320,618320,,2026-01,2026-07,7,7,0,,,4,1
P:618321,618321,,2026-01,2026-07,7,7,0,,,4,1
P:618323,618323,,2026-01,2026-07,7,7,0,,,4,1
P:618324,618324,,2026-01,2026-07,7,7,0,,,4,1
P:618325,618325,N24001537,2025-12,2026-06,7,7,0,6,6,4,1
P:618326,618326,N24001450,2025-12,2026-07,8,8,0,3,5,5,2
P:618327,618327,N24001450,2025-12,2026-05,6,6,0,,,3,0
P:618328,618328,N24001278,2026-02,2026-07,6,6,0,4,5,3,0
P:618329,618329,N24001281,2026-02,2026-05,4,4,0,,,1,0
P:618330,618330,N24001263,2026-02,2026-05,4,4,0,1,1,1,0
P:618331,618331,N24002226,2026-02,2026-07,6,6,0,,,3,0
P:618333,618333,N24001323,2025-12,2026-07,8,8,0,3,6,5,2
P:618334,618334,N24002132,2025-12,2026-07,8,8,0,3,7,5,2
P:618335,618335,N24000979,2025-12,2026-07,8,8,0,3,7,5,2
P:618336,618336,N24001390,2025-12,2026-07,8,8,0,3,7,5,2
P:618337,618337,N24001416,2025-12,2026-07,8,8,0,3,3,5,2
P:618338,618338,N24002244,2026-01,2026-07,7,7,0,2,6,4,1
P:618339,618339,N24002025,2026-02,2026-06,5,5,0,,,2,0
P:618340,618340,N24001419,2026-02,2026-07,6,6,0,1,4,3,0
P:618341,618341,N24001545,2025-12,2026-05,6,6,0,,,3,0
P:618342,618342,N24001278,2025-12,2026-05,6,6,0,,,3,0
P:618343,618343,N24001281,2025-12,2026-05,6,6,0,,,3,0
P:618344,618344,N24001792,2025-12,2026-07,7,5,1,3,3,4,2
P:618345,618345,N24001730,2025-12,2026-07,7,5,1,3,6,4,2
P:618346,618346,N24001270,2025-12,2026-07,8,8,0,3,7,5,2
P:618347,618347,N24001269,2025-12,2026-07,8,8,0,3,7,5,2
P:618348,618348,,2026-01,2026-07,7,7,0,,,4,1
P:618349,618349,,2026-01,2026-07,7,7,0,,,4,1
P:618350,618350,N24002205,2026-01,2026-07,7,7,0,2,2,4,1
P:618351,618351,N24001971,2026-02,2026-07,6,6,0,1,3,3,0
P:618352,618352,N24001970,2026-02,2026-07,6,6,0,1,5,3,0
P:618353,618353,N24001969,2026-03,2026-07,5,5,0,2,2,2,0
P:618354,618354,N24002130,2026-02,2026-07,6,6,0,1,3,3,0
P:618355,618355,N24001403,2025-12,2026-07,8,8,0,3,3,5,2
P:618356,618356,N24001354,2025-12,2026-07,8,8,0,4,4,5,2
P:618357,618357,N24001436,2025-12,2026-07,8,8,0,3,3,5,2
P:618358,618358,N24001437,2025-12,2026-07,8,8,0,3,3,5,2
P:618362,618362,N24001358,2025-12,2026-07,8,8,0,3,6,5,2
P:618363,618363,N24001359,2025-12,2026-07,8,8,0,3,3,5,2
P:618364,618364,N24001976,2026-02,2026-07,6,6,0,,,3,0
P:618365,618365,N24001978,2026-02,2026-07,6,6,0,,,3,0
P:618366,618366,N24001977,2026-02,2026-07,6,6,0,,,3,0
P:618367,618367,N24002228,2026-01,2026-07,7,7,0,4,4,4,1
P:618368,618368,N24002162,2025-12,2026-07,8,8,0,5,5,5,2
P:618369,618369,N24002161,2026-02,2026-07,6,6,0,3,3,3,0
P:618370,618370,N24002160,2026-02,2026-07,6,6,0,1,4,3,0
P:618371,618371,N24001831,2026-02,2026-07,6,6,0,,,3,0
P:618372,618372,N24001544,2026-02,2026-05,4,4,0,1,1,1,0
P:618373,618373,N24001326,2026-02,2026-07,6,6,0,1,1,3,0
P:618374,618374,N24001335,2025-12,2026-07,8,8,0,3,3,5,2
P:618375,618375,N24001334,2025-12,2026-07,8,8,0,3,3,5,2
P:618376,618376,N24001314,2025-12,2026-07,8,8,0,3,3,5,2
P:618377,618377,N24001313,2025-12,2026-07,8,8,0,3,5,5,2
P:618379,618379,N24000861,2025-12,2026-07,8,8,0,5,5,5,2
P:618380,618380,N24000857,2025-12,2026-07,8,8,0,3,5,5,2
P:618381,618381,N24000863,2025-12,2026-05,6,6,0,3,3,3,0
P:618382,618382,N24000864,2025-12,2026-05,6,6,0,3,3,3,0
P:618383,618383,N24000865,2025-12,2026-07,8,8,0,3,5,5,2
P:618384,618384,N24000862,2025-12,2026-05,6,6,0,3,3,3,0
P:618385,618385,N24002159,2026-02,2026-07,6,6,0,1,1,3,0
P:618386,618386,N24001263,2026-02,2026-05,4,4,0,,,1,0
P:618387,618387,N24002131,2025-12,2026-07,8,8,0,3,5,5,2
P:618388,618388,N24001974,2025-12,2026-07,8,8,0,3,7,5,2
P:618389,618389,N24001473,2025-12,2026-07,8,8,0,3,6,5,2
P:618390,618390,N24000855,2025-12,2026-07,7,6,1,3,3,4,1
P:618391,618391,N24002164,2025-12,2026-07,8,8,0,3,5,5,2
P:618392,618392,N24002206,2026-01,2026-07,7,7,0,4,4,4,1
P:618393,618393,N24002163,2025-12,2026-07,8,8,0,6,6,5,2
P:618394,618394,N24001264,2025-12,2026-07,7,6,1,3,3,4,1
P:618395,618395,N24001394,2026-02,2026-07,6,6,0,1,1,3,0
P:618396,618396,N24001323,2026-02,2026-05,4,4,0,,,1,0
P:618397,618397,,2026-02,2026-07,6,6,0,4,4,3,0
P:618398,618398,N24001266,2026-02,2026-07,6,6,0,1,4,3,0
P:618399,618399,N24001395,2026-02,2026-07,6,6,0,1,1,3,0
P:618400,618400,N24001341,2026-02,2026-07,6,6,0,1,1,3,0
P:618401,618401,,2026-01,2026-07,7,7,0,,,4,1
P:618402,618402,N24002222,2026-01,2026-07,7,7,0,2,2,4,1
P:618403,618403,N24002223,2026-01,2026-07,7,7,0,,,4,1
P:618404,618404,,2026-02,2026-07,6,6,0,,,3,0
P:618405,618405,N24002224,2026-01,2026-07,7,7,0,,,4,1
P:618406,618406,N24000868,2026-02,2026-07,6,6,0,4,4,3,0
P:618407,618407,N24001543,2025-12,2026-07,7,5,1,3,6,4,2
P:618408,618408,N24001348,2025-12,2026-07,7,5,1,3,6,4,2
P:618409,618409,N24001345,2025-12,2026-07,8,8,0,3,7,5,2
P:618410,618410,N24001344,2025-12,2026-07,8,8,0,3,3,5,2
P:618411,618411,N24001914,2025-12,2026-07,8,8,0,1,7,5,2
P:618412,618412,N24001256,2025-12,2026-07,7,5,1,3,3,4,2
P:618413,618413,N24001912,2026-02,2026-07,6,6,0,1,5,3,0
P:618414,618414,N24001406,2026-02,2026-07,6,6,0,,,3,0
P:618415,618415,N24001350,2025-12,2026-07,8,8,0,2,3,5,2
P:618416,618416,N24001349,2025-12,2026-07,8,8,0,1,6,5,2
P:618417,618417,N24002132,2025-12,2026-07,8,8,0,,,5,2
P:618418,618418,N24001474,2025-12,2026-07,8,8,0,3,5,5,2
P:618419,618419,N24002158,2025-12,2026-07,8,8,0,,,5,2
P:618420,618420,N24002157,2025-12,2026-07,8,8,0,,,5,2
P:618421,618421,N24002156,2025-12,2026-07,8,8,0,,,5,2
P:618422,618422,N24001438,2026-02,2026-07,6,6,0,1,4,3,0
P:618423,618423,N24000763,2026-02,2026-07,6,6,0,1,1,3,0
P:618424,618424,,2025-12,2026-01,2,2,0,,,0,0
P:618426,618426,,2026-02,2026-07,6,6,0,1,2,3,0
P:618427,618427,N24001261,2025-12,2026-07,7,6,1,3,7,4,1
P:618428,618428,,2026-02,2026-07,6,6,0,1,2,3,0
P:618429,618429,N24001262,2025-12,2026-07,7,6,1,2,6,4,1
P:618430,618430,N24001251,2026-02,2026-07,6,6,0,1,4,3,0
P:618431,618431,N24001252,2026-02,2026-07,6,6,0,1,5,3,0
P:618432,618432,N24001390,2025-12,2026-05,6,6,0,,,3,0
P:618433,618433,N24001393,2025-12,2026-07,8,8,0,2,3,5,2
P:618434,618434,N24000946,2025-12,2026-07,8,8,0,3,6,5,2
P:618435,618435,N24000438,2025-12,2026-06,7,7,0,2,6,4,1
P:618436,618436,N24000431,2025-12,2026-07,8,8,0,3,3,5,2
P:618437,618437,N24000583,2025-12,2026-07,8,8,0,,,5,2
P:618438,618438,N24000582,2025-12,2026-07,8,8,0,3,3,5,2
P:618439,618439,N24000319,2026-01,2026-06,6,6,0,5,5,3,0
P:618440,618440,N24000320,2026-01,2026-07,7,7,0,5,6,4,1
P:618441,618441,N24000320,2025-12,2026-07,8,8,0,6,7,5,2
P:618442,618442,N24000319,2026-01,2026-07,7,7,0,5,5,4,1
P:618443,618443,N24000319,2026-01,2026-06,6,6,0,5,5,3,0
P:618444,618444,N24000319,2026-01,2026-06,6,6,0,5,5,3,0
P:618445,618445,,2026-02,2026-07,6,6,0,,,3,0
P:618446,618446,N24001337,2025-12,2026-07,8,8,0,3,5,5,2
P:618447,618447,N24001362,2025-12,2026-07,8,8,0,1,6,5,2
P:618448,618448,N24001338,2025-12,2026-07,8,8,0,3,6,5,2
P:618449,618449,N24001336,2025-12,2026-07,8,8,0,3,4,5,2
P:618450,618450,N24001327,2025-12,2026-07,8,8,0,3,5,5,2
P:618452,618452,N24002204,2026-01,2026-07,7,7,0,2,2,4,1
P:618454,618454,N24002030,2026-02,2026-07,6,6,0,,,3,0
P:618455,618455,N24002030,2025-12,2026-07,7,6,1,3,3,4,1
P:618456,618456,N24001568,2025-12,2026-05,6,6,0,,,3,0
P:618457,618457,N24001567,2025-12,2026-07,8,8,0,3,7,5,2
P:618458,618458,N24001612,2025-12,2026-07,8,8,0,3,7,5,2
P:618459,618459,N24001515,2025-12,2026-07,8,8,0,3,6,5,2
P:618460,618460,N24001519,2025-12,2026-06,7,7,0,3,6,4,1
P:618461,618461,N24001518,2025-12,2026-02,3,3,0,,,0,0
P:618462,618462,N24001520,2025-12,2026-07,8,8,0,3,7,5,2
P:618463,618463,N24000834,2025-12,2026-07,8,8,0,3,7,5,2
P:618464,618464,,2026-02,2026-05,4,4,0,1,2,1,0
P:618465,618465,N24001789,2025-12,2026-05,6,6,0,3,4,3,0
P:618466,618466,,2026-02,2026-06,5,5,0,1,1,2,0
P:618467,618467,,2026-02,2026-07,6,6,0,1,3,3,0
P:618468,618468,N24001504,2025-12,2026-05,6,6,0,3,3,3,0
P:618469,618469,N24001506,2025-12,2026-07,8,8,0,3,7,5,2
P:618470,618470,N24001507,2025-12,2026-07,8,8,0,3,7,5,2
P:618471,618471,N24001521,2025-12,2026-07,8,8,0,3,7,5,2
P:618472,618472,N24001508,2025-12,2026-07,8,8,0,3,7,5,2
P:618473,618473,N24001608,2025-12,2026-07,8,8,0,3,7,5,2
P:618475,618475,N24001985,2025-12,2026-07,8,8,0,4,5,5,2
P:618476,618476,N24001821,2025-12,2026-07,8,8,0,3,5,5,2
P:618477,618477,N24001720,2025-12,2026-07,8,8,0,3,6,5,2
P:618478,618478,N24001718,2025-12,2026-07,8,8,0,3,6,5,2
P:618479,618479,N24001717,2025-12,2026-07,8,8,0,3,5,5,2
P:618480,618480,,2026-02,2026-07,6,6,0,1,2,3,0
P:618481,618481,N24001719,2025-12,2026-07,8,8,0,3,4,5,2
P:618482,618482,,2026-02,2026-07,6,6,0,1,4,3,0
P:618483,618483,,2026-02,2026-07,6,6,0,1,4,3,0
P:618484,618484,N24001633,2025-12,2026-05,6,6,0,,,3,0
P:618485,618485,N24001634,2025-12,2026-05,6,6,0,,,3,0
P:618486,618486,N24001632,2026-01,2026-07,7,7,0,2,6,4,1
P:618487,618487,N24001415,2026-02,2026-05,4,4,0,1,1,1,0
P:618488,618488,N24001416,2026-02,2026-06,5,5,0,4,4,2,0
P:618489,618489,N24001417,2026-02,2026-07,6,6,0,1,2,3,0
P:618490,618490,N24001418,2026-02,2026-06,5,5,0,4,4,2,0
P:618491,618491,N24001419,2026-02,2026-06,5,5,0,4,4,2,0
P:618492,618492,N24001420,2026-02,2026-07,6,6,0,1,4,3,0
P:618493,618493,N24002102,2026-02,2026-07,6,6,0,1,1,3,0
P:618494,618494,N24001552,2025-12,2026-07,8,8,0,3,4,5,2
P:618495,618495,N24002061,2025-12,2026-07,8,8,0,3,7,5,2
P:618496,618496,N24001550,2025-12,2026-07,8,8,0,3,4,5,2
P:618497,618497,N24002060,2025-12,2026-07,8,8,0,3,5,5,2
P:618498,618498,N24001731,2025-12,2026-05,6,6,0,2,3,3,0
P:618499,618499,N24001745,2025-12,2026-07,8,8,0,3,7,5,2
P:618500,618500,N24001772,2025-12,2026-07,8,8,0,4,7,5,2
P:618501,618501,N24001443,2025-12,2026-05,6,6,0,3,5,3,0
P:618502,618502,N24001444,2025-12,2026-05,6,6,0,3,5,3,0
P:618503,618503,N24001445,2025-12,2026-07,8,8,0,3,7,5,2
P:618504,618504,N24001446,2025-12,2026-07,8,8,0,3,7,5,2
P:618505,618505,N24002058,2025-12,2026-07,8,8,0,3,6,5,2
P:618506,618506,,2026-02,2026-07,6,6,0,,,3,0
P:618507,618507,,2026-02,2026-07,6,6,0,1,5,3,0
P:618508,618508,,2026-02,2026-07,6,6,0,3,3,3,0
P:618509,618509,N24001777,2025-12,2026-07,8,8,0,3,7,5,2
P:618511,618511,,2026-02,2026-07,6,6,0,1,1,3,0
P:618512,618512,N24001486,2025-12,2026-07,8,8,0,3,6,5,2
P:618513,618513,N24001546,2025-12,2026-07,8,8,0,4,4,5,2
P:618514,618514,N24001493,2025-12,2026-07,8,8,0,3,4,5,2
P:618515,618515,N24001679,2025-12,2026-05,6,6,0,3,5,3,0
P:618516,618516,N24001598,2025-12,2026-07,8,8,0,3,6,5,2
P:618517,618517,N24001994,2025-12,2026-07,8,8,0,3,6,5,2
P:618518,618518,,2026-02,2026-07,6,6,0,1,5,3,0
P:618519,618519,N24001968,2025-12,2026-07,8,8,0,3,5,5,2
P:618520,618520,,2026-02,2026-07,6,6,0,1,5,3,0
P:618521,618521,N24001723,2025-12,2026-07,8,8,0,3,7,5,2
P:618522,618522,,2026-02,2026-07,6,6,0,2,3,3,0
P:618523,618523,N24000738,2025-12,2026-07,8,8,0,3,4,5,2
P:618524,618524,,2026-02,2026-07,6,6,0,3,3,3,0
P:618525,618525,,2026-01,2026-07,7,7,0,,,4,1
P:618526,618526,,2026-02,2026-07,6,6,0,1,3,3,0
P:618527,618527,N24001301,2025-12,2026-05,6,6,0,3,5,3,0
P:618529,618529,N24001826,2025-12,2026-07,8,8,0,3,4,5,2
P:618530,618530,N24000182,2025-12,2026-07,8,8,0,1,7,5,2
P:618531,618531,N24001703,2025-12,2026-07,8,8,0,,,5,2
P:618532,618532,N24001700,2025-12,2026-05,6,6,0,3,4,3,0
P:618533,618533,N24000515,2025-12,2026-07,8,8,0,3,5,5,2
P:618534,618534,,2026-05,2026-07,3,3,0,1,1,0,0
P:618535,618535,,2026-01,2026-07,7,7,0,,,4,1
P:618536,618536,,2026-01,2026-07,7,7,0,,,4,1
P:618537,618537,N24002104,2025-12,2026-07,8,8,0,5,5,5,2
P:618538,618538,,2026-02,2026-07,6,6,0,,,3,0
P:618539,618539,,2026-02,2026-07,6,6,0,,,3,0
P:618540,618540,,2026-01,2026-07,7,7,0,2,2,4,1
P:618541,618541,N24001511,2025-12,2026-07,8,8,0,3,5,5,2
P:618542,618542,,2026-05,2026-07,3,3,0,,,0,0
P:618543,618543,N24001627,2025-12,2026-07,8,8,0,3,4,5,2
P:618544,618544,N24001622,2025-12,2026-07,8,8,0,3,5,5,2
P:618545,618545,N24001621,2025-12,2026-07,8,8,0,3,4,5,2
P:618546,618546,N24001620,2025-12,2026-02,3,3,0,,,0,0
P:618547,618547,N24002059,2025-12,2026-07,8,8,0,3,5,5,2
P:618548,618548,N24000717,2025-12,2026-02,3,3,0,,,0,0
P:618549,618549,N24001926,2025-12,2026-07,8,8,0,3,4,5,2
P:618550,618550,N24001619,2025-12,2026-07,8,8,0,3,5,5,2
P:618551,618551,,2026-01,2026-07,7,7,0,,,4,1
P:618552,618552,N24001637,2025-12,2026-07,8,8,0,3,3,5,2
P:618553,618553,N24001852,2025-12,2026-05,6,6,0,4,5,3,0
P:618554,618554,N24001853,2025-12,2026-07,8,8,0,3,5,5,2
P:618555,618555,N24000442,2025-12,2026-03,4,4,0,3,3,1,0
P:618556,618556,,2026-02,2026-07,6,6,0,1,5,3,0
P:618557,618557,N24002071,2025-12,2026-07,8,8,0,4,7,5,2
P:618558,618558,N24001555,2025-12,2026-06,7,7,0,6,6,4,1
P:618559,618559,N24001556,2025-12,2026-06,7,7,0,6,6,4,1
P:618560,618560,N24002082,2025-12,2026-06,7,7,0,6,6,4,1
P:618561,618561,,2026-02,2026-07,6,6,0,,,3,0
P:618562,618562,,2026-02,2026-05,4,4,0,,,1,0
P:618563,618563,N24001606,2025-12,2026-07,8,8,0,3,7,5,2
P:618564,618564,,2026-02,2026-07,6,6,0,1,3,3,0
P:618565,618565,N24002097,2025-12,2026-05,6,6,0,,,3,0
P:618566,618566,N24002096,2025-12,2026-07,8,8,0,2,4,5,2
P:618567,618567,,2026-01,2026-07,7,7,0,,,4,1
P:618568,618568,,2026-02,2026-07,6,6,0,,,3,0
P:618569,618569,N24002063,2025-12,2026-06,7,7,0,3,5,4,1
P:618570,618570,N24001702,2025-12,2026-05,6,6,0,3,3,3,0
P:618571,618571,N24002064,2026-02,2026-07,6,6,0,1,5,3,0
P:618572,618572,,2026-01,2026-07,7,7,0,,,4,1
P:618574,618574,,2026-02,2026-07,6,6,0,,,3,0
P:618575,618575,N24001548,2025-12,2026-02,3,3,0,,,0,0
P:618576,618576,N24001545,2025-12,2026-05,6,6,0,,,3,0
P:618577,618577,,2026-02,2026-06,5,5,0,1,4,2,0
P:618578,618578,N24001773,2025-12,2026-05,6,6,0,1,5,3,0
P:618579,618579,,2026-01,2026-07,7,7,0,1,6,4,1
P:618580,618580,N24001535,2025-12,2026-07,8,8,0,3,6,5,2
P:618581,618581,N24001693,2025-12,2026-07,8,8,0,3,6,5,2
P:618582,618582,,2026-02,2026-05,4,4,0,,,1,0
P:618583,618583,,2026-02,2026-05,4,4,0,,,1,0
P:618584,618584,,2026-01,2026-07,7,7,0,,,4,1
P:618585,618585,,2026-02,2026-07,6,6,0,1,1,3,0
P:618586,618586,,2026-02,2026-07,6,6,0,3,3,3,0
P:618588,618588,N24001798,2025-12,2026-07,8,8,0,3,7,5,2
P:618589,618589,N24002045,2025-12,2026-07,8,8,0,3,5,5,2
P:618590,618590,N24002046,2025-12,2026-07,8,8,0,3,5,5,2
P:618591,618591,,2026-02,2026-07,6,6,0,,,3,0
P:618592,618592,,2026-01,2026-07,7,7,0,2,4,4,1
P:618593,618593,,2026-02,2026-07,6,6,0,,,3,0
P:618594,618594,N24001609,2025-12,2026-07,8,8,0,3,7,5,2
P:618595,618595,N24001664,2025-12,2026-07,8,8,0,2,3,5,2
P:618596,618596,N24001660,2025-12,2026-07,8,8,0,3,6,5,2
P:618597,618597,N24001661,2025-12,2026-07,8,8,0,3,6,5,2
P:618598,618598,N24001652,2025-12,2026-07,8,8,0,3,7,5,2
P:618599,618599,N24001658,2025-12,2026-07,8,8,0,3,7,5,2
P:618600,618600,N24001659,2025-12,2026-07,8,8,0,3,7,5,2
P:618601,618601,N24001655,2025-12,2026-07,8,8,0,3,5,5,2
P:618602,618602,N24001656,2025-12,2026-07,8,8,0,3,5,5,2
P:618603,618603,N24001653,2025-12,2026-07,8,8,0,3,5,5,2
P:618604,618604,N24001648,2025-12,2026-07,8,8,0,3,4,5,2
P:618605,618605,N24001651,2025-12,2026-07,8,8,0,3,5,5,2
P:618606,618606,N24001649,2025-12,2026-07,8,8,0,3,4,5,2
P:618607,618607,N24001657,2025-12,2026-07,8,8,0,3,4,5,2
P:618608,618608,N24002113,2025-12,2026-07,8,8,0,3,7,5,2
P:618609,618609,,2026-02,2026-07,6,6,0,2,2,3,0
P:618610,618610,N24002075,2025-12,2026-07,8,8,0,3,7,5,2
P:618611,618611,,2026-02,2026-07,6,6,0,1,5,3,0
P:618612,618612,N24001563,2025-12,2026-07,8,8,0,3,7,5,2
P:618613,618613,N24001564,2025-12,2026-07,8,8,0,3,7,5,2
P:618614,618614,N24001790,2025-12,2026-05,6,6,0,3,5,3,0
P:618615,618615,N24001794,2025-12,2026-07,8,8,0,3,7,5,2
P:618616,618616,,2026-01,2026-07,7,7,0,,,4,1
P:618617,618617,N24001640,2025-12,2026-07,8,8,0,3,6,5,2
P:618618,618618,N24002076,2025-12,2026-07,8,8,0,5,5,5,2
P:618619,618619,,2026-01,2026-07,7,7,0,,,4,1
P:618620,618620,,2026-02,2026-07,6,6,0,1,4,3,0
P:618621,618621,N24002070,2025-12,2026-07,8,8,0,3,4,5,2
P:618622,618622,N24001767,2025-12,2026-07,8,8,0,3,5,5,2
P:618623,618623,,2026-02,2026-07,6,6,0,1,3,3,0
P:618624,618624,,2026-02,2026-05,4,4,0,,,1,0
P:618625,618625,,2026-02,2026-05,4,4,0,,,1,0
P:618626,618626,,2026-02,2026-07,6,6,0,1,1,3,0
P:618627,618627,,2026-01,2026-07,7,7,0,,,4,1
P:618628,618628,,2026-02,2026-07,6,6,0,1,4,3,0
P:618629,618629,,2026-02,2026-07,6,6,0,1,3,3,0
P:618630,618630,N24001676,2025-12,2026-07,8,8,0,3,7,5,2
P:618631,618631,,2026-02,2026-07,6,6,0,1,4,3,0
P:618632,618632,N24001626,2025-12,2026-07,8,8,0,3,4,5,2
P:618633,618633,,2026-04,2026-07,4,4,0,,,1,0
P:618634,618634,N24001819,2025-12,2026-07,8,8,0,3,5,5,2
P:618635,618635,N24001818,2025-12,2026-07,8,8,0,3,5,5,2
P:618636,618636,,2026-02,2026-07,6,6,0,2,2,3,0
P:618637,618637,N24001804,2025-12,2026-07,8,8,0,3,4,5,2
P:618638,618638,,2026-02,2026-05,4,4,0,1,1,1,0
P:618639,618639,N24001611,2026-01,2026-07,7,7,0,2,6,4,1
P:618640,618640,,2026-02,2026-07,6,6,0,,,3,0
P:618641,618641,,2026-02,2026-07,6,6,0,,,3,0
P:618642,618642,N24001595,2025-12,2026-07,8,8,0,3,7,5,2
P:618644,618644,N24001854,2025-12,2026-07,8,8,0,3,5,5,2
P:618645,618645,N24002056,2025-12,2026-07,8,8,0,3,5,5,2
P:618646,618646,,2026-05,2026-07,3,3,0,,,0,0
P:618647,618647,N24002091,2025-12,2026-07,8,8,0,3,5,5,2
P:618648,618648,,2026-06,2026-07,2,2,0,,,0,0
P:618649,618649,,2026-02,2026-07,6,6,0,2,2,3,0
P:618650,618650,,2026-02,2026-07,6,6,0,2,4,3,0
P:618651,618651,,2026-01,2026-07,7,7,0,3,5,4,1
P:618652,618652,,2026-02,2026-05,4,4,0,,,1,0
P:618653,618653,,2026-02,2026-07,6,6,0,1,3,3,0
P:618654,618654,N24001967,2025-12,2026-07,8,8,0,3,5,5,2
P:618655,618655,,2026-02,2026-07,6,6,0,,,3,0
P:618661,618661,,2026-01,2026-07,7,7,0,,,4,1
P:618662,618662,,2026-04,2026-07,4,4,0,,,1,0
P:618663,618663,N24002077,2025-12,2026-07,8,8,0,5,5,5,2
P:618664,618664,N24001614,2025-12,2026-07,8,8,0,3,5,5,2
P:618665,618665,N24001615,2025-12,2026-05,6,6,0,1,5,3,0
P:618666,618666,,2026-02,2026-07,6,6,0,,,3,0
P:618667,618667,,2026-01,2026-07,7,7,0,2,4,4,1
P:618668,618668,,2026-02,2026-07,6,6,0,5,5,3,0
P:618669,618669,,2026-02,2026-07,6,6,0,1,5,3,0
P:618671,618671,,2026-01,2026-07,7,7,0,,,4,1
P:618672,618672,,2026-01,2026-07,7,7,0,,,4,1
P:618673,618673,N24001593,2025-12,2026-07,8,8,0,3,5,5,2
P:618674,618674,N24001588,2025-12,2026-07,8,8,0,3,7,5,2
P:618675,618675,N24002017,2025-12,2026-07,8,8,0,3,4,5,2
P:618676,618676,N24001669,2025-12,2026-05,6,6,0,3,3,3,0
P:618677,618677,N24001667,2025-12,2026-07,8,8,0,3,5,5,2
P:618678,618678,N24001678,2025-12,2026-07,8,8,0,3,7,5,2
P:618680,618680,N24001665,2025-12,2026-07,8,8,0,3,7,5,2
P:618681,618681,N24001838,2025-12,2026-07,8,8,0,3,7,5,2
P:618682,618682,,2026-02,2026-07,6,6,0,1,5,3,0
P:618684,618684,,2026-02,2026-07,6,6,0,1,3,3,0
P:618685,618685,,2026-02,2026-07,6,6,0,1,4,3,0
P:618686,618686,,2026-02,2026-07,6,6,0,1,3,3,0
P:618687,618687,N24002068,2026-01,2026-07,7,7,0,2,4,4,1
P:618688,618688,,2026-01,2026-07,7,7,0,,,4,1
P:618689,618689,N24001746,2025-12,2026-02,3,3,0,,,0,0
P:618690,618690,,2026-02,2026-07,6,6,0,,,3,0
P:618691,618691,,2026-02,2026-07,6,6,0,,,3,0
P:618692,618692,,2026-02,2026-06,5,5,0,1,2,2,0
P:618693,618693,N24000656,2025-12,2026-07,8,8,0,3,6,5,2
P:618694,618694,N24001766,2025-12,2026-07,8,8,0,3,7,5,2
P:618695,618695,N24001762,2025-12,2026-05,6,6,0,1,5,3,0
P:618696,618696,,2026-02,2026-02,1,1,0,,,0,0
P:618697,618697,,2026-01,2026-07,7,7,0,2,5,4,1
P:618698,618698,,2026-02,2026-05,4,4,0,,,1,0
P:618699,618699,,2026-02,2026-05,4,4,0,,,1,0
P:618700,618700,N24001824,2025-12,2026-07,8,8,0,3,5,5,2
P:618701,618701,N24002067,2025-12,2026-05,6,6,0,,,3,0
P:618702,618702,N24001425,2025-12,2026-07,8,8,0,4,7,5,2
P:618704,618704,,2026-02,2026-07,6,6,0,1,5,3,0
P:618705,618705,,2026-04,2026-07,4,4,0,,,1,0
P:618706,618706,,2026-02,2026-07,6,6,0,1,5,3,0
P:618707,618707,,2026-01,2026-07,7,7,0,4,5,4,1
P:618708,618708,N24002074,2025-12,2026-07,8,8,0,3,5,5,2
P:618709,618709,N24001989,2026-01,2026-07,7,7,0,3,3,4,1
P:618710,618710,N24001830,2025-12,2026-07,8,8,0,3,7,5,2
P:618711,618711,N24001629,2025-12,2026-07,8,8,0,3,7,5,2
P:618712,618712,N24001841,2025-12,2026-07,8,8,0,3,5,5,2
P:618713,618713,N24001846,2025-12,2026-07,8,8,0,3,5,5,2
P:618714,618714,N24001845,2025-12,2026-07,8,8,0,3,5,5,2
P:618715,618715,N24001844,2025-12,2026-07,8,8,0,3,5,5,2
P:618716,618716,N24001843,2025-12,2026-07,8,8,0,3,5,5,2
P:618717,618717,N24001842,2025-12,2026-07,8,8,0,3,5,5,2
P:618718,618718,,2026-01,2026-07,7,7,0,3,4,4,1
P:618719,618719,N24001848,2025-12,2026-07,8,8,0,3,5,5,2
P:618720,618720,N24001847,2025-12,2026-07,8,8,0,3,5,5,2
P:618721,618721,N24002123,2025-12,2026-07,8,8,0,3,5,5,2
P:618722,618722,N24002036,2025-12,2026-07,8,8,0,3,5,5,2
P:618723,618723,N24002040,2025-12,2026-07,8,8,0,3,6,5,2
P:618724,618724,,2026-01,2026-07,7,7,0,,,4,1
P:618725,618725,,2026-01,2026-07,7,7,0,,,4,1
P:618726,618726,,2026-01,2026-07,7,7,0,,,4,1
P:618727,618727,,2026-01,2026-07,7,7,0,,,4,1
P:618728,618728,,2026-02,2026-07,6,6,0,1,1,3,0
P:618729,618729,,2026-06,2026-07,2,2,0,,,0,0
P:618730,618730,,2026-05,2026-07,3,3,0,,,0,0
P:618731,618731,,2026-07,2026-07,1,1,0,,,0,0
P:618732,618732,,2026-05,2026-07,3,3,0,,,0,0
P:618733,618733,,2026-06,2026-07,2,2,0,,,0,0
P:618734,618734,,2026-01,2026-07,7,7,0,,,4,1
P:618735,618735,N24001759,2025-12,2026-07,8,8,0,3,5,5,2
P:618736,618736,,2026-02,2026-07,6,6,0,,,3,0
P:618737,618737,,2026-01,2026-07,7,7,0,,,4,1
P:618738,618738,N24002062,2025-12,2026-07,8,8,0,3,4,5,2
P:618739,618739,N24002065,2025-12,2026-07,8,8,0,3,5,5,2
P:618740,618740,N24002066,2025-12,2026-07,8,8,0,3,5,5,2
P:618741,618741,N24001697,2025-12,2026-07,8,8,0,2,5,5,2
P:618742,618742,,2026-04,2026-07,4,4,0,,,1,0
P:618743,618743,,2026-02,2026-05,4,4,0,,,1,0
P:618744,618744,N24002084,2025-12,2026-07,8,8,0,3,7,5,2
P:618745,618745,N24002114,2025-12,2026-05,6,6,0,3,5,3,0
P:618746,618746,N24001482,2025-12,2026-07,8,8,0,3,4,5,2
P:618747,618747,N24001484,2025-12,2026-07,8,8,0,3,7,5,2
P:618748,618748,N24001476,2025-12,2026-05,6,6,0,,,3,0
P:618749,618749,N24001477,2025-12,2026-06,7,7,0,3,6,4,1
P:618751,618751,N24001921,2025-12,2026-07,8,8,0,4,6,5,2
P:618754,618754,,2026-02,2026-07,6,6,0,,,3,0
P:618755,618755,,2026-02,2026-05,4,4,0,1,3,1,0
P:618756,618756,N24001605,2025-12,2026-07,8,8,0,3,7,5,2
P:618757,618757,,2026-02,2026-07,6,6,0,1,3,3,0
P:618758,618758,,2026-02,2026-07,6,6,0,5,5,3,0
P:618759,618759,N24001849,2026-01,2026-07,7,7,0,2,4,4,1
P:618760,618760,N24001638,2025-12,2026-05,6,6,0,3,3,3,0
P:618761,618761,N24001754,2025-12,2026-07,8,8,0,1,7,5,2
P:618762,618762,,2026-02,2026-07,6,6,0,1,5,3,0
P:618764,618764,N24001639,2025-12,2026-07,8,8,0,3,5,5,2
P:618765,618765,N24002083,2026-01,2026-07,7,7,0,2,5,4,1
P:618766,618766,,2026-02,2026-07,6,6,0,,,3,0
P:618768,618768,,2026-04,2026-07,4,4,0,,,1,0
P:618769,618769,,2026-01,2026-07,7,7,0,,,4,1
P:618770,618770,N24001729,2025-12,2026-05,6,6,0,,,3,0
P:618771,618771,N24001820,2025-12,2026-05,6,6,0,3,3,3,0
P:618772,618772,N24001988,2025-12,2026-07,8,8,0,3,5,5,2
P:618773,618773,,2026-02,2026-05,4,4,0,,,1,0
P:618774,618774,N24001712,2025-12,2026-05,6,6,0,,,3,0
P:618775,618775,,2026-01,2026-07,7,7,0,,,4,1
P:618776,618776,,2026-02,2026-07,6,6,0,1,3,3,0
P:618777,618777,N24001986,2025-12,2026-07,8,8,0,3,5,5,2
P:618778,618778,N24001823,2025-12,2026-07,8,8,0,3,7,5,2
P:618779,618779,N24001795,2025-12,2026-05,6,6,0,3,5,3,0
P:618782,618782,,2026-02,2026-07,6,6,0,2,3,3,0
P:618783,618783,,2026-02,2026-07,6,6,0,1,3,3,0
P:618784,618784,,2026-02,2026-07,6,6,0,2,4,3,0
P:618785,618785,N24001630,2025-12,2026-07,8,8,0,3,6,5,2
P:618786,618786,,2026-02,2026-07,6,6,0,2,2,3,0
P:618787,618787,N24001785,2025-12,2026-07,8,8,0,3,6,5,2
P:618788,618788,N24002043,2026-01,2026-07,7,7,0,2,5,4,1
P:618789,618789,N24001631,2025-12,2026-02,3,3,0,,,0,0
P:618790,618790,,2026-04,2026-07,4,4,0,,,1,0
P:618791,618791,,2026-01,2026-07,7,7,0,,,4,1
P:618792,618792,N24002042,2026-01,2026-07,7,7,0,2,5,4,1
P:618793,618793,,2026-02,2026-07,6,6,0,2,5,3,0
P:618794,618794,N24001644,2025-12,2026-07,8,8,0,3,5,5,2
P:618795,618795,N24001642,2025-12,2026-07,8,8,0,3,4,5,2
P:618796,618796,N24000795,2025-12,2026-07,8,8,0,3,7,5,2
P:618797,618797,,2026-01,2026-07,7,7,0,,,4,1
P:618798,618798,N24002095,2025-12,2026-07,8,8,0,3,5,5,2
P:618799,618799,N24001599,2025-12,2026-07,8,8,0,3,7,5,2
P:618800,618800,N24002109,2025-12,2026-07,8,8,0,3,5,5,2
P:618801,618801,N24002110,2025-12,2026-07,8,8,0,3,5,5,2
P:618803,618803,N24001856,2025-12,2026-07,8,8,0,3,6,5,2
P:618804,618804,N24000811,2025-12,2026-07,8,8,0,3,5,5,2
P:618805,618805,,2026-02,2026-07,6,6,0,,,3,0
P:618806,618806,,2026-02,2026-07,6,6,0,1,3,3,0
P:618807,618807,N24001979,2025-12,2026-07,8,8,0,3,5,5,2
P:618808,618808,,2026-02,2026-07,6,6,0,1,1,3,0
P:618809,618809,N24002101,2025-12,2026-07,8,8,0,3,4,5,2
P:618810,618810,N24002100,2025-12,2026-07,8,8,0,3,4,5,2
P:618811,618811,,2026-01,2026-07,7,7,0,5,5,4,1
P:618812,618812,,2026-02,2026-07,6,6,0,2,2,3,0
P:618813,618813,,2026-02,2026-07,6,6,0,1,2,3,0
P:618814,618814,,2026-01,2026-07,6,4,1,3,3,3,1
P:618815,618815,,2026-02,2026-07,6,6,0,1,3,3,0
P:618816,618816,,2026-01,2026-07,6,3,1,,,2,1
P:618817,618817,,2026-01,2026-07,7,7,0,3,3,4,1
P:618818,618818,,2026-02,2026-07,6,6,0,2,2,3,0
P:618819,618819,N24001647,2025-12,2026-05,6,6,0,,,3,0
P:618820,618820,N24002079,2025-12,2026-07,8,8,0,3,7,5,2
P:618821,618821,N24002080,2025-12,2026-07,8,8,0,3,7,5,2
P:618822,618822,,2026-02,2026-07,6,6,0,1,5,3,0
P:618823,618823,,2026-02,2026-07,6,6,0,1,3,3,0
P:618824,618824,,2026-02,2026-07,6,6,0,1,3,3,0
P:618825,618825,N24001750,2025-12,2026-07,8,8,0,2,4,5,2
P:618826,618826,N24001980,2025-12,2026-07,8,8,0,3,5,5,2
P:618827,618827,N24001983,2025-12,2026-07,8,8,0,3,5,5,2
P:618828,618828,N24002053,2025-12,2026-05,6,6,0,3,4,3,0
P:618829,618829,N24001590,2025-12,2026-05,6,6,0,,,3,0
P:618830,618830,N24002054,2025-12,2026-07,8,8,0,3,5,5,2
P:618831,618831,,2026-02,2026-07,6,6,0,1,1,3,0
P:618832,618832,,2026-02,2026-07,6,6,0,,,3,0
P:618833,618833,N24000592,2025-12,2026-06,7,7,0,3,6,4,1
P:618834,618834,N24001827,2025-12,2026-05,6,6,0,3,3,3,0
P:618835,618835,N24001792,2025-12,2026-05,6,6,0,,,3,0
P:618836,618836,N24001834,2025-12,2026-07,8,8,0,2,7,5,2
P:618837,618837,N24001835,2025-12,2026-07,8,8,0,4,7,5,2
P:618838,618838,N24001558,2025-12,2026-07,8,8,0,3,7,5,2
P:618839,618839,N24000696,2025-12,2026-05,6,6,0,3,3,3,0
P:618840,618840,N24000480,2025-12,2026-07,8,8,0,3,5,5,2
P:618841,618841,N24001699,2025-12,2026-07,8,8,0,3,6,5,2
P:618842,618842,,2026-06,2026-07,2,2,0,1,1,0,0
P:618843,618843,,2026-01,2026-07,7,7,0,3,6,4,1
P:618844,618844,,2026-02,2026-07,6,6,0,1,4,3,0
P:618845,618845,N24001429,2025-12,2026-07,8,8,0,3,6,5,2
P:618846,618846,,2026-02,2026-07,6,6,0,1,4,3,0
P:618847,618847,N24001431,2025-12,2026-07,8,8,0,1,5,5,2
P:618848,618848,,2026-01,2026-07,7,7,0,,,4,1
P:618849,618849,N24001809,2025-12,2026-05,6,6,0,3,4,3,0
P:618850,618850,N24000613,2025-12,2026-07,8,8,0,3,7,5,2
P:618851,618851,,2026-02,2026-07,6,6,0,3,3,3,0
P:618852,618852,N24001810,2025-12,2026-07,8,8,0,3,7,5,2
P:618853,618853,,2026-02,2026-07,6,6,0,5,5,3,0
P:618854,618854,N24001306,2025-12,2026-05,6,6,0,,,3,0
P:618855,618855,N24001727,2025-12,2026-05,6,6,0,3,3,3,0
P:618856,618856,N24002094,2025-12,2026-07,8,8,0,3,5,5,2
P:618858,618858,,2026-02,2026-07,6,6,0,1,3,3,0
P:618859,618859,N24001732,2025-12,2026-07,8,8,0,3,7,5,2
P:618861,618861,N24001709,2025-12,2026-07,8,8,0,3,7,5,2
P:618862,618862,,2026-02,2026-07,6,6,0,1,5,3,0
P:618863,618863,,2026-02,2026-07,6,6,0,1,5,3,0
P:618864,618864,N24001851,2025-12,2026-05,6,6,0,3,5,3,0
P:618865,618865,N24001730,2025-12,2026-05,6,6,0,,,3,0
P:618866,618866,,2026-01,2026-07,7,7,0,,,4,1
P:618867,618867,,2026-01,2026-07,7,7,0,2,4,4,1
P:618868,618868,,2026-02,2026-07,6,6,0,3,3,3,0
P:618869,618869,,2026-01,2026-07,7,7,0,,,4,1
P:618870,618870,,2026-02,2026-07,6,6,0,2,4,3,0
P:618871,618871,,2026-01,2026-07,7,7,0,4,6,4,1
P:618872,618872,,2026-02,2026-07,6,6,0,2,4,3,0
P:618873,618873,,2026-02,2026-07,6,6,0,2,5,3,0
P:618874,618874,,2026-02,2026-05,4,4,0,2,3,1,0
P:618875,618875,,2026-02,2026-07,6,6,0,1,3,3,0
P:618876,618876,,2026-02,2026-02,1,1,0,,,0,0
P:618878,618878,N24002050,2025-12,2026-07,8,8,0,3,6,5,2
P:618879,618879,,2026-02,2026-07,6,6,0,,,3,0
P:618880,618880,,2026-02,2026-07,6,6,0,1,2,3,0
P:618881,618881,,2026-01,2026-07,7,7,0,,,4,1
P:618882,618882,,2026-02,2026-07,6,6,0,,,3,0
P:618883,618883,N24002086,2025-12,2026-07,8,8,0,3,6,5,2
P:618884,618884,N24002087,2025-12,2026-07,8,8,0,3,7,5,2
P:618885,618885,N24002089,2025-12,2026-07,8,8,0,2,7,5,2
P:618886,618886,,2026-01,2026-07,7,7,0,,,4,1
P:618887,618887,N24001687,2025-12,2026-07,8,8,0,3,3,5,2
P:618888,618888,N24002052,2025-12,2026-07,8,8,0,3,7,5,2
P:618889,618889,N24001808,2025-12,2026-07,8,8,0,3,6,5,2
P:618890,618890,N24002051,2025-12,2026-07,8,8,0,3,7,5,2
P:618891,618891,,2026-02,2026-07,6,6,0,1,1,3,0
P:618892,618892,,2026-06,2026-07,2,2,0,,,0,0
P:618893,618893,,2026-02,2026-07,6,6,0,1,3,3,0
P:618894,618894,N24001602,2025-12,2026-07,8,8,0,3,7,5,2
P:618895,618895,N24001601,2025-12,2026-07,8,8,0,3,7,5,2
P:618896,618896,N24001680,2025-12,2026-07,8,8,0,4,4,5,2
P:618897,618897,N24000708,2025-12,2026-05,6,6,0,3,3,3,0
P:618898,618898,,2026-02,2026-07,6,6,0,,,3,0
P:618899,618899,,2026-02,2026-07,6,6,0,1,5,3,0
P:618901,618901,,2026-02,2026-07,6,6,0,1,5,3,0
P:618902,618902,N24000723,2025-12,2026-07,8,8,0,3,4,5,2
P:618903,618903,N24000665,2025-12,2026-07,8,8,0,2,4,5,2
P:618904,618904,N24000187,2025-12,2026-06,7,7,0,,,4,1
P:618905,618905,,2026-02,2026-07,6,6,0,4,4,3,0
P:618906,618906,N24001643,2025-12,2026-07,8,8,0,3,5,5,2
P:618907,618907,,2026-02,2026-07,6,6,0,,,3,0
P:618908,618908,N24002081,2025-12,2026-07,8,8,0,3,5,5,2
P:618909,618909,N24000788,2025-12,2026-07,8,8,0,3,4,5,2
P:618910,618910,N24001749,2025-12,2026-06,7,7,0,3,5,4,1
P:618911,618911,N24002090,2025-12,2026-07,8,8,0,3,5,5,2
P:618912,618912,,2026-02,2026-05,4,4,0,1,2,1,0
P:618913,618913,N24000739,2025-12,2026-05,6,6,0,,,3,0
P:618914,618914,,2026-04,2026-07,4,4,0,,,1,0
P:618915,618915,N24001304,2025-12,2026-05,6,6,0,,,3,0
P:618916,618916,N24001305,2025-12,2026-05,6,6,0,,,3,0
P:618917,618917,,2026-02,2026-07,6,6,0,1,4,3,0
P:618919,618919,N24001984,2025-12,2026-05,6,6,0,,,3,0
P:618920,618920,,2026-02,2026-07,6,6,0,2,3,3,0
P:618921,618921,N24002049,2025-12,2026-07,8,8,0,4,6,5,2
P:618922,618922,,2026-02,2026-07,6,6,0,2,2,3,0
P:618923,618923,,2026-02,2026-07,6,6,0,3,3,3,0
P:618924,618924,,2026-02,2026-07,6,6,0,1,3,3,0
P:618925,618925,N24001738,2025-12,2026-07,8,8,0,3,7,5,2
P:618926,618926,,2026-02,2026-07,6,6,0,1,1,3,0
P:618927,618927,,2026-02,2026-07,6,6,0,3,3,3,0
P:618928,618928,N24002093,2026-02,2026-07,6,6,0,1,3,3,0
P:618929,618929,,2026-02,2026-07,6,6,0,1,4,3,0
P:618930,618930,,2026-01,2026-07,5,4,2,,,2,1
P:618931,618931,,2026-01,2026-07,7,7,0,,,4,1
P:618932,618932,,2026-01,2026-07,7,7,0,,,4,1
P:618933,618933,,2026-02,2026-07,6,6,0,4,4,3,0
P:618934,618934,,2026-01,2026-07,7,7,0,,,4,1
P:618935,618935,N24002044,2025-12,2026-05,6,6,0,3,4,3,0
P:618936,618936,N24001635,2025-12,2026-07,8,8,0,3,5,5,2
P:618937,618937,N24001799,2025-12,2026-07,8,8,0,3,7,5,2
P:618938,618938,N24001796,2025-12,2026-05,6,6,0,3,4,3,0
P:618939,618939,,2026-01,2026-07,7,7,0,,,4,1
P:618941,618941,,2026-02,2026-07,6,6,0,2,2,3,0
P:618942,618942,N24001677,2025-12,2026-07,8,8,0,3,4,5,2
P:618943,618943,,2026-01,2026-05,5,5,0,4,4,2,0
P:618944,618944,,2026-02,2026-07,6,6,0,2,2,3,0
P:618945,618945,N24001522,2025-12,2026-07,8,8,0,3,7,5,2
P:618946,618946,N24002057,2025-12,2026-05,6,6,0,3,5,3,0
P:618947,618947,N24001596,2025-12,2026-07,8,8,0,1,6,5,2
P:618948,618948,,2026-02,2026-07,6,6,0,,,3,0
P:618949,618949,N24002055,2025-12,2026-07,8,8,0,3,5,5,2
P:618950,618950,,2026-01,2026-07,7,7,0,2,3,4,1
P:618951,618951,N24001589,2025-12,2026-07,8,8,0,3,7,5,2
P:618952,618952,N24000714,2025-12,2026-07,8,8,0,7,7,5,2
P:618953,618953,N24001371,2025-12,2026-07,8,8,0,3,4,5,2
P:618954,618954,,2026-02,2026-07,6,6,0,,,3,0
P:618955,618955,N24000813,2025-12,2026-07,8,8,0,3,7,5,2
P:618956,618956,,2026-02,2026-07,6,6,0,4,4,3,0
P:618957,618957,,2026-02,2026-07,6,6,0,1,5,3,0
P:618958,618958,,2026-02,2026-07,6,6,0,1,1,3,0
P:618959,618959,N24002106,2025-12,2026-05,6,6,0,,,3,0
P:618960,618960,N24002105,2025-12,2026-07,8,8,0,4,4,5,2
P:618961,618961,,2026-01,2026-07,7,7,0,,,4,1
P:618962,618962,,2026-01,2026-07,7,7,0,2,6,4,1
P:618963,618963,,2026-02,2026-07,6,6,0,,,3,0
P:618964,618964,,2026-01,2026-07,7,7,0,,,4,1
P:618966,618966,,2026-01,2026-07,7,7,0,,,4,1
P:618967,618967,,2026-01,2026-07,7,7,0,4,4,4,1
P:618968,618968,N24001735,2025-12,2026-07,8,8,0,3,7,5,2
P:618969,618969,N24001628,2025-12,2026-07,8,8,0,3,5,5,2
P:618970,618970,N24001734,2025-12,2026-07,8,8,0,3,7,5,2
P:618971,618971,,2025-11,2026-07,9,9,0,,,6,3
P:618972,618972,,2025-12,2026-06,7,7,0,,,4,1
P:618976,618976,,2026-02,2026-07,6,6,0,3,5,3,0
P:618977,618977,,2025-12,2026-07,8,8,0,4,4,5,2
P:618978,618978,,2025-12,2026-06,7,7,0,,,4,1
P:618981,618981,,2026-04,2026-07,4,4,0,,,1,0
P:618982,618982,,2025-12,2026-07,8,8,0,5,5,5,2
P:618985,618985,,2025-12,2026-07,8,8,0,,,5,2
P:618986,618986,,2025-12,2026-06,7,7,0,,,4,1
P:618991,618991,,2025-12,2026-07,8,8,0,,,5,2
P:618992,618992,,2025-12,2026-07,8,8,0,,,5,2
P:618995,618995,,2025-12,2026-06,7,7,0,,,4,1
P:619003,619003,N24000852,2026-01,2026-07,7,7,0,2,2,4,1
P:619004,619004,,2026-01,2026-07,7,7,0,,,4,1
P:619005,619005,,2026-01,2026-07,7,7,0,6,6,4,1
P:619007,619007,,2026-02,2026-07,6,6,0,1,1,3,0
P:619008,619008,,2026-02,2026-07,6,6,0,1,1,3,0
P:619009,619009,,2026-04,2026-07,4,4,0,1,1,1,0
P:619010,619010,N24002027,2026-04,2026-07,4,4,0,2,2,1,0
P:619013,619013,N24000320,2026-01,2026-07,7,7,0,2,6,4,1
P:619014,619014,,2026-04,2026-07,4,4,0,,,1,0
P:619022,619022,,2026-01,2026-07,7,7,0,,,4,1
P:619024,619024,,2026-01,2026-07,7,7,0,,,4,1
P:619025,619025,,2026-01,2026-07,7,7,0,,,4,1
P:619026,619026,,2026-02,2026-07,6,6,0,,,3,0
P:619027,619027,,2026-01,2026-07,7,7,0,,,4,1
P:619028,619028,,2026-01,2026-07,7,7,0,6,6,4,1
P:619029,619029,,2026-01,2026-07,7,7,0,1,2,4,1
P:619030,619030,,2026-01,2026-07,7,7,0,,,4,1
P:619031,619031,,2026-01,2026-07,7,7,0,6,6,4,1
P:619032,619032,,2026-01,2026-07,7,7,0,6,6,4,1
P:619033,619033,,2026-01,2026-07,7,7,0,6,6,4,1
P:619038,619038,N24001396,2026-01,2026-07,7,7,0,3,3,4,1
P:619039,619039,,2026-06,2026-07,2,2,0,,,0,0
P:619042,619042,N24001907,2026-01,2026-07,7,7,0,2,2,4,1
P:619043,619043,,2026-07,2026-07,1,1,0,,,0,0
P:619045,619045,,2026-02,2026-07,6,6,0,1,3,3,0
P:619049,619049,,2026-01,2026-07,7,7,0,6,6,4,1
P:619051,619051,,2026-02,2026-07,6,6,0,3,5,3,0
P:619052,619052,,2026-01,2026-07,7,7,0,,,4,1
P:619053,619053,,2026-01,2026-07,7,7,0,,,4,1
P:619054,619054,,2026-01,2026-07,7,7,0,,,4,1
P:619055,619055,,2026-01,2026-07,7,7,0,,,4,1
P:619056,619056,,2026-04,2026-07,4,4,0,1,1,1,0
P:619057,619057,N24002129,2026-02,2026-07,6,6,0,5,5,3,0
P:619059,619059,N24000765,2026-02,2026-07,6,6,0,1,1,3,0
P:619060,619060,N24000320,2026-02,2026-07,6,6,0,4,5,3,0
P:619061,619061,,2026-05,2026-07,3,3,0,,,0,0
P:619063,619063,N24001557,2026-01,2026-05,5,5,0,2,4,2,0
P:619064,619064,,2026-01,2026-07,7,7,0,2,4,4,1
P:619065,619065,,2026-01,2026-07,3,2,4,5,5,0,1
P:619067,619067,,2026-01,2026-05,5,5,0,2,4,2,0
P:619068,619068,N24002048,2026-01,2026-07,7,7,0,2,2,4,1
P:619069,619069,,2026-01,2026-07,7,7,0,5,6,4,1
P:619070,619070,,2026-01,2026-04,4,4,0,,,1,0
P:619071,619071,N24001681,2026-01,2026-07,7,7,0,,,4,1
P:619072,619072,N24001674,2026-01,2026-07,7,7,0,2,5,4,1
P:619073,619073,,2026-01,2026-07,7,7,0,2,6,4,1
P:619074,619074,,2026-01,2026-07,7,7,0,5,6,4,1
P:619075,619075,,2026-01,2026-05,5,5,0,3,3,2,0
P:619076,619076,,2026-01,2026-07,7,7,0,2,4,4,1
P:619077,619077,,2026-01,2026-07,7,7,0,2,6,4,1
P:619078,619078,N24000726,2026-01,2026-07,7,7,0,2,2,4,1
P:619080,619080,,2026-01,2026-07,7,7,0,2,2,4,1
P:619083,619083,,2026-01,2026-05,5,5,0,3,3,2,0
P:619084,619084,,2026-01,2026-05,5,5,0,3,3,2,0
P:619086,619086,,2026-01,2026-07,7,7,0,3,3,4,1
P:619087,619087,N24002035,2026-01,2026-07,7,7,0,,,4,1
P:619089,619089,N24001547,2026-01,2026-07,7,7,0,2,6,4,1
P:619090,619090,N24001781,2026-01,2026-07,7,7,0,2,6,4,1
P:619092,619092,,2026-01,2026-07,7,7,0,2,5,4,1
P:619093,619093,,2026-01,2026-07,7,7,0,2,4,4,1
P:619094,619094,N24001694,2026-01,2026-07,7,7,0,2,2,4,1
P:619095,619095,N24001607,2026-01,2026-07,7,7,0,2,6,4,1
P:619096,619096,N24000462,2026-01,2026-07,7,7,0,2,6,4,1
P:619097,619097,,2026-01,2026-07,7,7,0,2,6,4,1
P:619098,619098,N24000784,2026-01,2026-07,7,7,0,2,6,4,1
P:619099,619099,,2026-01,2026-07,7,7,0,2,3,4,1
P:619100,619100,,2026-01,2026-07,7,7,0,2,4,4,1
P:619101,619101,,2026-01,2026-07,7,7,0,2,3,4,1
P:619102,619102,,2026-04,2026-07,4,4,0,,,1,0
P:619103,619103,,2026-01,2026-07,7,7,0,3,6,4,1
P:619104,619104,,2026-01,2026-05,5,5,0,,,2,0
P:619105,619105,,2026-01,2026-07,7,7,0,,,4,1
P:619106,619106,,2026-01,2026-07,7,7,0,3,4,4,1
P:619107,619107,,2026-01,2026-07,7,7,0,3,5,4,1
P:619108,619108,,2026-01,2026-07,7,7,0,3,5,4,1
P:619109,619109,N24001668,2026-01,2026-07,7,7,0,2,6,4,1
P:619111,619111,N24001837,2026-01,2026-07,7,7,0,2,6,4,1
P:619112,619112,N24001836,2026-01,2026-07,7,7,0,2,2,4,1
P:619113,619113,,2026-01,2026-06,2,1,4,,,0,0
P:619114,619114,,2026-01,2026-07,7,7,0,2,4,4,1
P:619115,619115,,2026-01,2026-02,2,2,0,,,0,0
P:619117,619117,,2026-01,2026-07,7,7,0,2,6,4,1
P:619118,619118,N24000619,2026-01,2026-07,7,7,0,2,6,4,1
P:619119,619119,N24000715,2026-01,2026-07,7,7,0,2,4,4,1
P:619120,619120,,2026-01,2026-07,7,7,0,2,6,4,1
P:619121,619121,,2026-01,2026-05,5,5,0,2,2,2,0
P:619122,619122,N24001771,2026-01,2026-05,5,5,0,2,4,2,0
P:619123,619123,N24002122,2026-01,2026-07,7,7,0,2,4,4,1
P:619124,619124,N24002124,2026-01,2026-07,7,7,0,2,4,4,1
P:619125,619125,N24002126,2026-01,2026-07,7,7,0,2,4,4,1
P:619126,619126,N24002125,2026-01,2026-07,7,7,0,2,4,4,1
P:619127,619127,,2026-01,2026-07,7,7,0,2,4,4,1
P:619128,619128,N24001483,2026-01,2026-07,7,7,0,2,6,4,1
P:619129,619129,N24001721,2026-01,2026-07,7,7,0,2,4,4,1
P:619130,619130,N24002111,2026-01,2026-07,7,7,0,2,4,4,1
P:619131,619131,N24000826,2026-01,2026-07,7,7,0,2,3,4,1
P:619132,619132,N24001774,2026-01,2026-07,7,7,0,2,3,4,1
P:619134,619134,N24002098,2026-01,2026-07,7,7,0,4,4,4,1
P:619136,619136,,2026-01,2026-07,7,7,0,2,6,4,1
P:619137,619137,,2026-01,2026-04,4,4,0,2,3,1,0
P:619138,619138,N24001682,2026-01,2026-07,7,7,0,3,6,4,1
P:619139,619139,,2026-01,2026-07,7,7,0,2,4,4,1
P:619140,619140,N24001981,2026-01,2026-07,7,7,0,2,4,4,1
P:619141,619141,N24002033,2026-04,2026-07,4,4,0,1,1,1,0
P:619142,619142,,2026-01,2026-07,7,7,0,,,4,1
P:619143,619143,,2026-02,2026-07,6,6,0,2,2,3,0
P:619144,619144,,2026-01,2026-05,5,5,0,,,2,0
P:619145,619145,,2026-01,2026-07,7,7,0,5,6,4,1
P:619146,619146,N24000569,2026-01,2026-06,6,6,0,3,5,3,0
P:619147,619147,N24001793,2026-01,2026-05,5,5,0,2,2,2,0
P:619148,619148,,2026-01,2026-05,5,5,0,,,2,0
P:619149,619149,N24001495,2026-01,2026-07,7,7,0,2,3,4,1
P:619150,619150,,2026-01,2026-07,7,7,0,2,6,4,1
P:619152,619152,N24000507,2026-01,2026-07,7,7,0,2,6,4,1
P:619153,619153,N24001812,2026-01,2026-07,7,7,0,2,6,4,1
P:619154,619154,,2026-02,2026-07,6,6,0,1,3,3,0
P:619155,619155,N24001526,2026-01,2026-07,7,7,0,2,4,4,1
P:619156,619156,,2026-05,2026-07,3,3,0,2,2,0,0
P:619157,619157,N24000734,2026-01,2026-07,7,7,0,2,3,4,1
P:619158,619158,N24000733,2026-01,2026-07,7,7,0,2,4,4,1
P:619160,619160,,2026-01,2026-07,7,7,0,2,2,4,1
P:619161,619161,,2026-01,2026-07,7,7,0,3,4,4,1
P:619162,619162,N24001753,2026-01,2026-07,7,7,0,2,6,4,1
P:619163,619163,N24001502,2026-01,2026-07,7,7,0,2,4,4,1
P:619164,619164,,2026-01,2026-07,7,7,0,2,2,4,1
P:619165,619165,,2026-01,2026-07,7,7,0,4,6,4,1
P:619166,619166,,2026-01,2026-07,7,7,0,2,5,4,1
P:619167,619167,,2026-01,2026-07,7,7,0,2,6,4,1
P:619168,619168,N24001733,2026-01,2026-07,7,7,0,2,6,4,1
P:619171,619171,,2026-02,2026-07,6,6,0,,,3,0
P:619172,619172,,2026-02,2026-07,6,6,0,3,3,3,0
P:619181,619181,,2026-02,2026-07,6,6,0,1,5,3,0
P:619184,619184,,2026-02,2026-07,6,6,0,1,3,3,0
P:619185,619185,,2026-02,2026-07,6,6,0,1,4,3,0
P:619186,619186,,2026-02,2026-07,6,6,0,1,1,3,0
P:619187,619187,,2026-02,2026-07,6,6,0,,,3,0
P:619191,619191,,2026-02,2026-07,6,6,0,,,3,0
P:619193,619193,,2026-02,2026-07,6,6,0,1,5,3,0
P:619194,619194,,2026-05,2026-07,3,3,0,,,0,0
P:619196,619196,,2026-02,2026-07,6,6,0,5,5,3,0
P:619197,619197,,2026-02,2026-07,6,6,0,1,5,3,0
P:619198,619198,,2026-02,2026-07,6,6,0,1,5,3,0
P:619199,619199,,2026-02,2026-07,6,6,0,1,5,3,0
P:619200,619200,,2026-02,2026-07,6,6,0,1,3,3,0
P:619201,619201,,2026-02,2026-07,6,6,0,1,1,3,0
P:619202,619202,,2026-02,2026-07,6,6,0,1,5,3,0
P:619203,619203,,2026-02,2026-07,6,6,0,1,5,3,0
P:619204,619204,,2026-06,2026-07,2,2,0,,,0,0
P:619205,619205,,2026-02,2026-07,6,6,0,1,5,3,0
P:619206,619206,,2026-02,2026-07,6,6,0,1,1,3,0
P:619207,619207,,2026-02,2026-07,6,6,0,1,3,3,0
P:619208,619208,,2026-02,2026-07,6,6,0,1,3,3,0
P:619209,619209,,2026-02,2026-05,4,4,0,1,1,1,0
P:619210,619210,,2026-02,2026-07,6,6,0,1,5,3,0
P:619211,619211,,2026-02,2026-07,6,6,0,1,3,3,0
P:619212,619212,,2026-02,2026-07,6,6,0,1,3,3,0
P:619213,619213,,2026-02,2026-07,6,6,0,1,5,3,0
P:619214,619214,,2026-02,2026-07,6,6,0,1,3,3,0
P:619215,619215,,2026-02,2026-07,6,6,0,1,3,3,0
P:619216,619216,,2026-02,2026-07,6,6,0,1,4,3,0
P:619217,619217,,2026-02,2026-07,6,6,0,1,5,3,0
P:619218,619218,,2026-02,2026-07,6,6,0,1,5,3,0
P:619219,619219,,2026-02,2026-07,6,6,0,1,2,3,0
P:619220,619220,,2026-02,2026-07,6,6,0,1,2,3,0
P:619221,619221,,2026-07,2026-07,1,1,0,,,0,0
P:619222,619222,,2026-02,2026-07,6,6,0,1,5,3,0
P:619223,619223,,2026-04,2026-07,4,4,0,,,1,0
P:619224,619224,,2026-02,2026-07,6,6,0,,,3,0
P:619225,619225,,2026-02,2026-07,6,6,0,,,3,0
P:619226,619226,,2026-02,2026-07,6,6,0,,,3,0
P:619227,619227,,2026-04,2026-07,4,4,0,,,1,0
P:619228,619228,,2026-04,2026-07,4,4,0,,,1,0
P:619229,619229,,2026-05,2026-06,2,2,0,,,0,0
P:619248,619248,,2026-06,2026-07,2,2,0,,,0,0
P:619251,619251,,2026-03,2026-07,5,5,0,,,2,0
P:619253,619253,,2026-04,2026-07,4,4,0,,,1,0
P:619265,619265,,2026-07,2026-07,1,1,0,,,0,0
P:619270,619270,,2026-06,2026-07,2,2,0,1,1,0,0
P:619271,619271,,2026-06,2026-07,2,2,0,,,0,0
P:619289,619289,,2026-03,2026-07,5,5,0,2,2,2,0
P:619291,619291,,2026-03,2026-06,4,4,0,1,1,1,0
P:619292,619292,,2026-03,2026-07,5,5,0,1,4,2,0
P:619293,619293,,2026-03,2026-07,5,5,0,,,2,0
P:619294,619294,,2026-03,2026-07,5,5,0,,,2,0
P:619295,619295,,2026-03,2026-07,5,5,0,,,2,0
P:619297,619297,,2026-07,2026-07,1,1,0,,,0,0
P:619298,619298,,2026-06,2026-07,2,2,0,,,0,0
P:619299,619299,,2026-06,2026-07,2,2,0,,,0,0
P:619300,619300,,2026-06,2026-07,2,2,0,,,0,0
P:619301,619301,,2026-03,2026-07,5,5,0,1,4,2,0
P:619305,619305,,2026-03,2026-07,5,5,0,2,2,2,0
P:619306,619306,,2026-03,2026-07,5,5,0,1,4,2,0
P:619307,619307,,2026-03,2026-07,5,5,0,1,2,2,0
P:619308,619308,,2026-03,2026-07,5,5,0,1,4,2,0
P:619311,619311,,2026-04,2026-07,4,4,0,3,3,1,0
P:619312,619312,,2026-04,2026-07,4,4,0,,,1,0
P:619313,619313,,2026-04,2026-07,4,4,0,,,1,0
P:619314,619314,,2026-04,2026-07,4,4,0,,,1,0
P:619316,619316,,2026-04,2026-07,4,4,0,,,1,0
P:619317,619317,,2026-04,2026-07,4,4,0,1,3,1,0
P:619318,619318,,2026-04,2026-07,4,4,0,,,1,0
P:619320,619320,,2026-04,2026-05,2,2,0,,,0,0
P:619321,619321,,2026-05,2026-07,3,3,0,,,0,0
P:619326,619326,,2026-05,2026-06,2,2,0,,,0,0
P:619328,619328,,2026-05,2026-07,3,3,0,,,0,0
P:619341,619341,,2026-05,2026-07,3,3,0,2,2,0,0
P:619347,619347,,2026-06,2026-07,2,2,0,,,0,0
P:63246,63246,,2025-09,2026-01,5,5,0,,,2,0
P:635651,635651,,2026-07,2026-07,1,1,0,,,0,0
P:660056,660056,,2026-07,2026-07,1,1,0,,,0,0
P:665021,665021,,2026-07,2026-07,1,1,0,,,0,0
P:701091,701091,,2025-07,2025-10,4,4,0,,,1,0
P:701101,701101,N04000082,2025-07,2026-07,13,13,0,5,10,10,7
P:701105,701105,N04000095,2025-07,2026-05,11,11,0,4,6,8,5
P:701107,701107,N04000091,2025-07,2026-07,13,13,0,4,12,10,7
P:701113,701113,N04000114,2025-07,2026-07,13,13,0,,,10,7
P:701121,701121,N04000103,2025-07,2026-07,13,13,0,4,12,10,7
P:701122,701122,N04000113,2025-07,2026-07,13,13,0,8,8,10,7
P:701126,701126,N04000099,2025-07,2026-07,13,13,0,10,12,10,7
P:701127,701127,N04000101,2025-07,2026-07,13,13,0,3,10,10,7
P:701128,701128,N04000104,2025-07,2026-07,13,13,0,5,5,10,7
P:701167,701167,N28000150,2025-09,2026-07,11,11,0,2,10,8,5
P:701168,701168,,2025-12,2026-07,8,8,0,,,5,2
P:701170,701170,,2025-12,2026-07,8,8,0,5,5,5,2
P:701171,701171,N21000031,2025-07,2026-07,13,13,0,4,12,10,7
P:701172,701172,,2025-12,2026-07,8,8,0,7,7,5,2
P:701173,701173,N21000032,2025-07,2026-07,13,13,0,4,4,10,7
P:701228,701228,,2025-07,2026-07,13,13,0,1,8,10,7
P:701263,701263,N16000513,2025-07,2026-05,9,5,2,8,8,4,4
P:701269,701269,,2025-07,2025-07,1,1,0,,,0,0
P:701289,701289,N16000412,2025-07,2026-07,8,6,5,7,12,3,1
P:701324,701324,N16000386,2025-07,2026-07,8,6,5,7,12,3,1
P:701329,701329,N16000409,2025-07,2026-07,8,6,5,7,12,3,1
P:701330,701330,,2025-07,2026-07,13,13,0,5,12,10,7
P:701338,701338,,2025-07,2026-07,13,13,0,,,10,7
P:701343,701343,N16000388,2025-07,2026-06,12,12,0,5,5,9,6
P:701344,701344,N16000391,2025-07,2026-07,13,13,0,5,8,10,7
P:701346,701346,,2025-07,2026-07,13,13,0,8,12,10,7
P:701349,701349,,2025-07,2026-07,13,13,0,2,12,10,7
P:701350,701350,N16000449,2025-09,2026-02,6,6,0,1,3,3,0
P:701370,701370,,2025-07,2026-07,13,13,0,1,1,10,7
P:701371,701371,,2025-07,2025-08,2,2,0,,,0,0
P:701372,701372,,2025-07,2026-07,13,13,0,1,2,10,7
P:701376,701376,,2025-07,2026-07,13,13,0,1,1,10,7
P:701377,701377,,2025-07,2026-07,13,13,0,1,2,10,7
P:701383,701383,,2025-07,2026-07,13,13,0,,,10,7
P:701384,701384,,2025-07,2025-07,1,1,0,,,0,0
P:701386,701386,,2025-07,2026-07,13,13,0,2,2,10,7
P:701388,701388,,2025-07,2025-07,1,1,0,,,0,0
P:701390,701390,,2025-07,2025-07,1,1,0,,,0,0
P:701391,701391,,2025-07,2026-07,13,13,0,1,12,10,7
P:701392,701392,,2025-07,2025-07,1,1,0,,,0,0
P:701395,701395,,2025-07,2026-06,12,12,0,,,9,6
P:701396,701396,,2025-07,2026-07,13,13,0,,,10,7
P:701398,701398,,2025-07,2026-07,13,13,0,1,1,10,7
P:701399,701399,,2025-07,2026-07,13,13,0,6,6,10,7
P:701400,701400,,2025-07,2026-07,13,13,0,10,10,10,7
P:701402,701402,,2026-02,2026-07,6,6,0,,,3,0
P:701404,701404,,2025-07,2026-07,13,13,0,2,2,10,7
P:701405,701405,,2025-07,2026-07,8,6,5,7,12,3,1
P:701406,701406,,2025-07,2026-06,12,12,0,,,9,6
P:701408,701408,,2025-07,2026-07,13,13,0,1,1,10,7
P:701410,701410,,2025-07,2026-07,13,13,0,1,1,10,7
P:701411,701411,,2025-07,2026-07,13,13,0,8,8,10,7
P:701412,701412,,2025-07,2026-07,13,13,0,12,12,10,7
P:701415,701415,N30000002,2025-07,2026-07,13,13,0,12,12,10,7
P:701530,701530,,2026-02,2026-07,6,6,0,,,3,0
P:701564,701564,,2025-09,2025-10,2,2,0,,,0,0
P:701565,701565,,2025-07,2026-07,13,13,0,1,12,10,7
P:701568,701568,,2025-09,2026-02,6,6,0,,,3,0
P:701570,701570,,2025-09,2026-07,11,11,0,,,8,5
P:701574,701574,,2025-07,2026-07,13,13,0,,,10,7
P:701576,701576,,2025-07,2026-02,8,8,0,,,5,2
P:701577,701577,,2025-07,2026-03,9,9,0,,,6,3
P:701586,701586,,2025-07,2026-03,9,9,0,,,6,3
P:701593,701593,,2025-07,2026-07,8,6,5,7,12,3,1
P:701597,701597,,2026-02,2026-07,6,6,0,3,3,3,0
P:701598,701598,,2025-07,2026-07,13,13,0,1,10,10,7
P:701599,701599,,2025-07,2026-07,13,13,0,4,10,10,7
P:701600,701600,,2025-07,2026-02,8,8,0,,,5,2
P:701602,701602,,2025-07,2026-07,13,13,0,1,10,10,7
P:701657,701657,,2025-07,2026-07,13,13,0,10,10,10,7
P:701658,701658,,2025-07,2026-07,13,13,0,10,10,10,7
P:701661,701661,,2026-07,2026-07,1,1,0,,,0,0
P:701662,701662,,2026-07,2026-07,1,1,0,,,0,0
P:701668,701668,,2026-04,2026-07,4,4,0,,,1,0
P:701719,701719,,2025-07,2026-07,13,13,0,9,10,10,7
P:701745,701745,,2025-07,2026-07,13,13,0,,,10,7
P:701766,701766,,2025-07,2026-07,13,13,0,9,9,10,7
P:701991,701991,,2025-07,2026-07,13,13,0,9,9,10,7
P:702355,702355,,2025-07,2026-04,10,10,0,,,7,4
P:702522,702522,,2025-07,2025-07,1,1,0,,,0,0
P:702524,702524,,2025-07,2025-07,1,1,0,,,0,0
P:702540,702540,,2025-07,2025-07,1,1,0,,,0,0
P:702544,702544,,2025-07,2025-07,1,1,0,,,0,0
P:702555,702555,,2025-07,2025-07,1,1,0,,,0,0
P:702612,702612,,2025-07,2025-07,1,1,0,,,0,0
P:702625,702625,N28000124,2025-07,2026-07,13,13,0,,,10,7
P:702626,702626,N28000125,2025-07,2026-07,13,13,0,,,10,7
P:702627,702627,N28000148,2025-07,2026-07,13,13,0,12,12,10,7
P:702628,702628,N28000144,2025-07,2026-07,13,13,0,12,12,10,7
P:702629,702629,N28000145,2025-07,2026-07,13,13,0,,,10,7
P:702630,702630,N28000138,2025-07,2026-07,13,13,0,10,12,10,7
P:702631,702631,N28000137,2025-07,2026-02,8,8,0,,,5,2
P:702632,702632,N28000135,2025-07,2026-07,13,13,0,7,12,10,7
P:702633,702633,N28000134,2026-02,2026-02,1,1,0,,,0,0
P:702635,702635,N28000058,2025-07,2026-07,13,13,0,12,12,10,7
P:702637,702637,N28000086,2025-07,2026-07,8,6,5,1,12,3,1
P:702639,702639,N28000122,2025-07,2026-04,10,10,0,1,9,7,4
P:702658,702658,N28000155,2025-07,2026-07,13,13,0,,,10,7
P:702664,702664,N28000158,2025-07,2026-07,13,13,0,,,10,7
P:702665,702665,N28000151,2025-07,2026-07,13,13,0,,,10,7
P:702668,702668,,2025-07,2026-07,8,6,5,,,3,1
P:702674,702674,,2025-08,2026-07,12,12,0,3,9,9,6
P:702682,702682,,2025-08,2025-10,3,3,0,,,0,0
P:702699,702699,,2025-08,2026-07,12,12,0,1,7,9,6
P:702734,702734,,2025-08,2026-07,12,12,0,7,7,9,6
P:702735,702735,,2025-08,2026-03,8,8,0,3,7,5,2
P:702741,702741,,2025-08,2026-07,12,12,0,7,7,9,6
P:702742,702742,,2025-08,2026-07,12,12,0,7,7,9,6
P:702746,702746,,2025-08,2026-07,12,12,0,7,7,9,6
P:702760,702760,,2025-08,2026-07,12,12,0,4,7,9,6
P:702764,702764,,2025-08,2026-03,8,8,0,4,7,5,2
P:702793,702793,,2025-08,2026-07,12,12,0,4,8,9,6
P:702798,702798,,2025-08,2026-03,8,8,0,4,7,5,2
P:702808,702808,,2025-08,2026-07,12,12,0,3,9,9,6
P:702810,702810,,2025-08,2026-07,12,12,0,4,8,9,6
P:702833,702833,,2025-08,2026-07,12,12,0,4,9,9,6
P:702840,702840,,2025-08,2026-04,9,9,0,4,7,6,3
P:702842,702842,,2025-08,2025-11,4,4,0,1,1,1,0
P:702851,702851,,2025-08,2026-06,11,11,0,4,9,8,5
P:702854,702854,,2025-08,2026-04,9,9,0,4,8,6,3
P:702948,702948,,2025-08,2026-01,6,6,0,4,5,3,0
P:702949,702949,,2025-08,2026-07,12,12,0,2,9,9,6
P:702958,702958,,2026-04,2026-07,4,4,0,1,1,1,0
P:703021,703021,,2025-08,2026-07,12,12,0,5,9,9,6
P:703057,703057,,2025-08,2026-07,12,12,0,4,9,9,6
P:703585,703585,N22000543,2025-07,2026-06,12,12,0,1,2,9,6
P:703586,703586,N22000542,2025-07,2026-07,13,13,0,2,12,10,7
P:704495,704495,,2025-07,2026-07,13,13,0,6,6,10,7
P:705244,705244,,2025-07,2026-07,13,13,0,,,10,7
P:705252,705252,,2025-08,2026-06,11,11,0,,,8,5
P:705253,705253,,2025-08,2026-07,12,12,0,8,8,9,6
P:705298,705298,,2025-07,2026-07,13,13,0,,,10,7
P:705300,705300,,2025-07,2025-11,5,5,0,,,2,0
P:705356,705356,,2025-07,2026-07,13,13,0,1,12,10,7
P:705357,705357,N22000615,2025-07,2026-07,13,13,0,1,12,10,7
P:705358,705358,,2025-07,2026-07,13,13,0,12,12,10,7
P:705359,705359,,2025-07,2026-07,13,13,0,7,12,10,7
P:705362,705362,N22000181,2025-07,2026-06,12,12,0,,,9,6
P:705363,705363,,2025-07,2025-07,1,1,0,,,0,0
P:705364,705364,,2025-07,2026-06,12,12,0,4,4,9,6
P:705366,705366,,2025-07,2026-07,13,13,0,9,12,10,7
P:705368,705368,N22000177,2025-07,2026-07,13,13,0,12,12,10,7
P:705373,705373,N22000476,2025-07,2026-07,13,13,0,12,12,10,7
P:705375,705375,,2025-07,2026-07,13,13,0,3,12,10,7
P:705385,705385,N22000219,2025-07,2026-07,13,13,0,12,12,10,7
P:705391,705391,,2025-08,2026-07,12,12,0,11,11,9,6
P:705392,705392,N22000124,2025-07,2026-07,13,13,0,6,12,10,7
P:705394,705394,,2026-04,2026-07,4,4,0,3,3,1,0
P:705396,705396,,2026-04,2026-06,3,3,0,,,0,0
P:705400,705400,,2025-07,2025-07,1,1,0,,,0,0
P:705401,705401,,2025-07,2026-07,13,13,0,2,12,10,7
P:705410,705410,,2026-04,2026-07,4,4,0,3,3,1,0
P:705419,705419,N22000148,2025-07,2026-07,13,13,0,12,12,10,7
P:705424,705424,N22000467,2025-07,2026-07,13,13,0,1,12,10,7
P:705428,705428,,2025-07,2026-06,12,12,0,,,9,6
P:705429,705429,N22000406,2025-07,2026-06,7,5,5,7,7,2,1
P:705432,705432,N22000102,2025-07,2026-07,13,13,0,2,12,10,7
P:705433,705433,N22000602,2025-07,2026-07,13,13,0,,,10,7
P:705434,705434,,2025-07,2026-06,12,12,0,,,9,6
P:705436,705436,,2025-07,2026-06,12,12,0,,,9,6
P:705437,705437,N22000032,2025-07,2026-06,12,12,0,,,9,6
P:705444,705444,,2025-07,2026-07,13,13,0,4,9,10,7
P:705450,705450,N22000207,2025-07,2026-07,13,13,0,,,10,7
P:705453,705453,N22000139,2025-07,2026-07,13,13,0,1,12,10,7
P:705454,705454,N22000138,2025-07,2026-07,13,13,0,12,12,10,7
P:705457,705457,N22000120,2025-07,2026-07,13,13,0,1,12,10,7
P:705458,705458,N22000142,2025-07,2026-07,13,13,0,1,12,10,7
P:705464,705464,,2026-04,2026-06,3,3,0,,,0,0
P:705479,705479,N22000480,2025-07,2026-07,13,13,0,12,12,10,7
P:705480,705480,,2025-07,2026-07,13,13,0,12,12,10,7
P:705481,705481,,2025-07,2026-07,12,11,1,12,12,9,6
P:705482,705482,N22000158,2025-07,2026-06,12,12,0,,,9,6
P:705489,705489,,2026-04,2026-07,3,2,1,1,3,1,0
P:705490,705490,N22000299,2025-07,2026-07,13,13,0,12,12,10,7
P:705491,705491,N22000308,2025-07,2026-07,13,13,0,12,12,10,7
P:705492,705492,N22000486,2025-07,2026-07,13,13,0,12,12,10,7
P:705493,705493,,2026-04,2026-07,4,4,0,3,3,1,0
P:705494,705494,N22000279,2025-07,2026-07,13,13,0,12,12,10,7
P:705495,705495,N22000258,2025-07,2026-07,13,13,0,12,12,10,7
P:705496,705496,N22000256,2025-07,2026-07,13,13,0,12,12,10,7
P:705497,705497,,2026-04,2026-07,4,4,0,,,1,0
P:705498,705498,N22000233,2025-07,2026-07,13,13,0,1,12,10,7
P:705500,705500,N22000250,2025-07,2026-07,13,13,0,1,12,10,7
P:705502,705502,N22000356,2025-07,2026-07,13,13,0,1,12,10,7
P:705503,705503,N22000359,2025-07,2026-03,9,9,0,1,1,6,3
P:705504,705504,N22000360,2025-07,2026-07,13,13,0,1,12,10,7
P:705505,705505,N22000362,2025-07,2026-07,13,13,0,1,12,10,7
P:705506,705506,N22000361,2025-07,2026-07,13,13,0,1,10,10,7
P:705507,705507,N22000358,2025-07,2026-07,13,13,0,1,12,10,7
P:705510,705510,N22000316,2025-07,2026-07,13,13,0,12,12,10,7
P:705511,705511,N22000376,2025-07,2026-07,13,13,0,12,12,10,7
P:705512,705512,N22000377,2025-07,2026-07,13,13,0,12,12,10,7
P:705513,705513,N22000379,2025-07,2026-07,13,13,0,12,12,10,7
P:705514,705514,N22000380,2025-07,2026-07,13,13,0,7,12,10,7
P:705515,705515,N22000381,2025-07,2026-07,13,13,0,12,12,10,7
P:705520,705520,,2025-08,2025-11,4,4,0,,,1,0
P:705526,705526,N22000329,2025-07,2026-07,13,13,0,12,12,10,7
P:705527,705527,N22000472,2025-07,2026-07,13,13,0,12,12,10,7
P:705528,705528,N22000473,2025-07,2026-07,13,13,0,2,12,10,7
P:705562,705562,N22000134,2025-07,2026-07,13,13,0,1,12,10,7
P:705566,705566,,2025-07,2025-09,3,3,0,,,0,0
P:705567,705567,N22000468,2025-07,2026-07,13,13,0,2,12,10,7
P:705572,705572,N22000388,2025-07,2026-07,13,13,0,12,12,10,7
P:705583,705583,N22000281,2025-08,2026-07,12,12,0,11,11,9,6
P:705588,705588,N22000583,2025-07,2026-07,13,13,0,12,12,10,7
P:705598,705598,N22000496,2025-07,2026-07,13,13,0,12,12,10,7
P:705608,705608,N22000495,2025-07,2026-07,13,13,0,,,10,7
P:705610,705610,N22000587,2025-07,2026-07,13,13,0,6,12,10,7
P:705612,705612,N22000261,2025-07,2026-06,12,12,0,,,9,6
P:705613,705613,N22000367,2025-07,2026-06,12,12,0,,,9,6
P:705616,705616,N22000484,2025-07,2026-07,13,13,0,4,12,10,7
P:705617,705617,N22000420,2025-07,2026-07,13,13,0,12,12,10,7
P:705628,705628,N22000396,2025-07,2026-07,13,13,0,3,3,10,7
P:705629,705629,N22000506,2025-07,2026-07,13,13,0,4,8,10,7
P:705632,705632,N22000586,2025-07,2026-07,13,13,0,12,12,10,7
P:705633,705633,N22000368,2025-07,2026-06,12,12,0,,,9,6
P:705635,705635,N22000399,2025-07,2026-07,12,7,1,3,8,8,6
P:705638,705638,N22000620,2025-07,2026-07,13,13,0,2,12,10,7
P:705639,705639,N22000619,2025-07,2026-07,13,13,0,2,12,10,7
P:705648,705648,N22000369,2025-07,2026-06,12,12,0,5,5,9,6
P:705650,705650,N22000297,2025-09,2026-06,10,10,0,,,7,4
P:705651,705651,,2025-07,2026-02,8,8,0,,,5,2
P:705659,705659,N22000554,2025-07,2026-07,13,13,0,12,12,10,7
P:705660,705660,N22000351,2025-07,2026-06,12,12,0,1,1,9,6
P:705661,705661,N22000416,2025-07,2026-07,13,13,0,8,12,10,7
P:705662,705662,N22000333,2025-07,2026-02,8,8,0,,,5,2
P:705663,705663,N22000621,2025-07,2026-07,13,13,0,12,12,10,7
P:705667,705667,,2025-07,2026-07,13,13,0,12,12,10,7
P:705668,705668,N22000595,2025-07,2026-07,13,13,0,5,12,10,7
P:705694,705694,,2025-07,2025-11,5,5,0,,,2,0
P:705708,705708,,2025-07,2025-11,5,5,0,,,2,0
P:705710,705710,,2025-07,2025-11,5,5,0,,,2,0
P:705712,705712,,2025-07,2025-11,5,5,0,,,2,0
P:705717,705717,,2025-07,2025-11,5,5,0,,,2,0
P:705720,705720,,2025-07,2025-11,5,5,0,,,2,0
P:705721,705721,,2025-07,2025-11,5,5,0,4,4,2,0
P:705722,705722,,2025-07,2025-11,5,5,0,,,2,0
P:705726,705726,,2025-07,2025-11,5,5,0,,,2,0
P:705730,705730,N22000111,2025-07,2026-06,7,5,5,7,7,2,1
P:705735,705735,N22000513,2025-07,2026-07,13,13,0,1,12,10,7
P:705741,705741,N22000517,2025-07,2026-07,13,13,0,12,12,10,7
P:705742,705742,N22000516,2025-07,2026-07,11,8,2,12,12,8,5
P:705743,705743,,2025-07,2025-08,2,2,0,,,0,0
P:705747,705747,,2026-04,2026-06,3,3,0,,,0,0
P:705752,705752,N22000593,2025-07,2026-07,13,13,0,12,12,10,7
P:705755,705755,,2025-07,2025-08,2,2,0,,,0,0
P:705756,705756,,2025-07,2025-08,2,2,0,,,0,0
P:705761,705761,N22000559,2025-07,2026-07,13,13,0,12,12,10,7
P:705762,705762,,2026-04,2026-06,3,3,0,,,0,0
P:705763,705763,N22000601,2025-07,2026-06,12,12,0,,,9,6
P:705764,705764,N22000503,2025-07,2026-07,13,13,0,1,12,10,7
P:705765,705765,N22000611,2025-07,2026-07,13,13,0,12,12,10,7
P:705766,705766,N22000546,2025-07,2026-07,13,13,0,2,12,10,7
P:705767,705767,,2025-07,2025-08,2,2,0,,,0,0
P:705771,705771,N22000563,2025-08,2026-06,11,11,0,,,8,5
P:705772,705772,N22000544,2025-07,2026-07,13,13,0,1,1,10,7
P:705774,705774,N22000562,2025-07,2026-07,13,13,0,,,10,7
P:705777,705777,N22000564,2025-07,2026-07,13,13,0,,,10,7
P:705779,705779,,2025-07,2025-11,5,5,0,,,2,0
P:705780,705780,N22000598,2025-07,2026-07,13,13,0,4,8,10,7
P:705782,705782,N22000590,2025-07,2026-07,13,13,0,6,12,10,7
P:705783,705783,N22000584,2025-07,2026-07,13,13,0,2,12,10,7
P:705784,705784,,2025-07,2025-11,5,5,0,,,2,0
P:705785,705785,N22000508,2025-07,2026-07,13,13,0,12,12,10,7
P:705789,705789,,2025-07,2026-01,7,7,0,,,4,1
P:705793,705793,,2026-01,2026-07,7,7,0,,,4,1
P:705799,705799,N22000629,2025-07,2026-06,12,12,0,,,9,6
P:705863,705863,,2025-07,2025-09,3,3,0,1,1,0,0
P:705912,705912,,2025-07,2026-06,12,12,0,,,9,6
P:705918,705918,N22000545,2025-07,2026-06,8,6,4,,,3,2
P:705919,705919,N22000553,2025-07,2026-07,13,13,0,,,10,7
P:705933,705933,N22000536,2025-07,2026-07,13,13,0,12,12,10,7
P:705941,705941,,2026-02,2026-07,6,6,0,,,3,0
P:706718,706718,N04000100,2025-07,2026-07,13,13,0,,,10,7
P:706724,706724,N04000083,2025-07,2026-07,13,13,0,5,8,10,7
P:706757,706757,N22000622,2025-07,2026-06,12,12,0,5,5,9,6
P:706759,706759,N22000350,2025-07,2026-07,13,13,0,1,12,10,7
P:706763,706763,N22000535,2025-07,2026-07,13,13,0,6,12,10,7
P:706775,706775,,2025-07,2026-07,8,6,5,7,12,3,1
P:706776,706776,N22000108,2025-07,2026-06,12,12,0,,,9,6
P:706777,706777,N22000109,2025-07,2026-06,12,12,0,5,5,9,6
P:706779,706779,N22000092,2025-07,2026-06,12,12,0,,,9,6
P:706780,706780,N22000627,2025-07,2026-06,7,5,5,,,2,1
P:706781,706781,,2025-07,2026-06,7,5,5,,,2,1
P:706811,706811,N12000124,2025-07,2026-07,13,13,0,5,12,10,7
P:706835,706835,N22000557,2025-07,2026-06,11,9,1,,,8,5
P:706836,706836,,2026-04,2026-07,4,4,0,3,3,1,0
P:706837,706837,N22000529,2025-08,2026-07,12,12,0,,,9,6
P:706844,706844,,2025-08,2025-11,4,4,0,,,1,0
P:706854,706854,N22000580,2025-07,2026-07,13,13,0,4,4,10,7
P:706856,706856,,2025-07,2025-07,1,1,0,,,0,0
P:706860,706860,N22000524,2025-08,2026-07,12,12,0,11,11,9,6
P:706865,706865,,2026-04,2026-07,4,4,0,,,1,0
P:706866,706866,N22000607,2025-07,2026-07,13,13,0,12,12,10,7
P:706898,706898,,2025-07,2026-06,12,12,0,,,9,6
P:706922,706922,,2025-07,2026-06,12,12,0,,,9,6
P:706940,706940,,2025-08,2026-06,11,11,0,,,8,5
P:706942,706942,,2025-08,2026-06,11,11,0,,,8,5
P:706950,706950,,2025-09,2026-06,10,10,0,3,3,7,4
P:706965,706965,,2026-05,2026-07,3,3,0,,,0,0
P:706966,706966,,2026-05,2026-07,3,3,0,,,0,0
P:706988,706988,,2026-05,2026-07,3,3,0,,,0,0
P:706989,706989,,2026-05,2026-07,3,3,0,,,0,0
P:707016,707016,,2026-05,2026-07,3,3,0,,,0,0
P:707017,707017,,2026-05,2026-07,3,3,0,,,0,0
P:707018,707018,,2026-05,2026-07,3,3,0,,,0,0
P:707019,707019,,2026-05,2026-07,3,3,0,,,0,0
P:707020,707020,,2026-01,2026-07,7,7,0,,,4,1
P:707021,707021,,2026-01,2026-07,7,7,0,,,4,1
P:707022,707022,,2026-01,2026-07,7,7,0,,,4,1
P:707039,707039,,2026-01,2026-07,7,7,0,6,6,4,1
P:707044,707044,,2026-01,2026-07,7,7,0,,,4,1
P:707045,707045,,2026-01,2026-07,7,7,0,,,4,1
P:707046,707046,,2026-01,2026-07,7,7,0,,,4,1
P:707049,707049,,2026-01,2026-07,7,7,0,,,4,1
P:707050,707050,,2026-01,2026-07,7,7,0,,,4,1
P:707051,707051,,2026-05,2026-07,3,3,0,,,0,0
P:707052,707052,,2026-05,2026-07,3,3,0,,,0,0
P:707057,707057,,2026-05,2026-07,3,3,0,,,0,0
P:707058,707058,,2026-01,2026-07,7,7,0,,,4,1
P:707059,707059,,2026-01,2026-07,7,7,0,,,4,1
P:707067,707067,,2026-05,2026-07,3,3,0,,,0,0
P:707069,707069,,2026-01,2026-07,7,7,0,,,4,1
P:707070,707070,,2026-01,2026-07,7,7,0,,,4,1
P:707086,707086,,2026-01,2026-07,7,7,0,,,4,1
P:707087,707087,,2026-01,2026-07,7,7,0,,,4,1
P:707215,707215,,2025-07,2026-07,13,13,0,5,5,10,7
P:707229,707229,,2025-09,2026-07,11,11,0,8,8,8,5
P:707267,707267,,2025-07,2026-03,9,9,0,,,6,3
P:707410,707410,,2026-01,2026-07,7,7,0,,,4,1
P:707414,707414,,2026-05,2026-05,1,1,0,,,0,0
P:707419,707419,,2026-04,2026-07,4,4,0,1,1,1,0
P:707420,707420,,2026-07,2026-07,1,1,0,,,0,0
P:708655,708655,,2025-07,2025-08,2,2,0,,,0,0
P:708662,708662,,2025-07,2026-03,9,9,0,,,6,3
P:708687,708687,,2026-06,2026-07,2,2,0,,,0,0
P:709747,709747,N18000297,2025-07,2026-07,13,13,0,,,10,7
P:709748,709748,,2025-07,2025-11,5,5,0,,,2,0
P:709749,709749,N26000114,2025-09,2026-02,6,6,0,,,3,0
P:709750,709750,,2025-07,2026-07,13,13,0,5,5,10,7
P:709752,709752,N16000432,2025-07,2026-07,13,13,0,8,8,10,7
P:709753,709753,N16000478,2025-07,2026-07,13,13,0,3,10,10,7
P:709754,709754,N16000484,2025-07,2026-07,13,13,0,,,10,7
P:709755,709755,N16000494,2025-07,2026-07,13,13,0,,,10,7
P:709757,709757,N16000497,2025-07,2026-04,10,10,0,,,7,4
P:709758,709758,N16000498,2025-07,2026-04,10,10,0,,,7,4
P:709759,709759,N16000512,2025-07,2026-07,13,13,0,,,10,7
P:709760,709760,N16000534,2025-07,2026-05,11,11,0,8,8,8,5
P:709761,709761,,2025-07,2025-09,3,3,0,,,0,0
P:709766,709766,N16000485,2025-07,2026-02,8,8,0,,,5,2
P:709768,709768,,2025-07,2025-07,1,1,0,,,0,0
P:709770,709770,N16000488,2025-07,2026-07,13,13,0,,,10,7
P:709771,709771,N16000487,2025-07,2026-07,13,13,0,,,10,7
P:709772,709772,N16000491,2025-07,2026-07,13,13,0,,,10,7
P:709773,709773,N16000527,2025-07,2026-07,12,11,1,8,8,9,6
P:709774,709774,N16000437,2025-07,2026-07,13,13,0,4,4,10,7
P:709776,709776,N16000441,2025-07,2026-07,13,13,0,,,10,7
P:709777,709777,N16000453,2025-07,2026-07,13,13,0,9,12,10,7
P:709778,709778,N16000454,2025-07,2026-07,13,13,0,8,8,10,7
P:709779,709779,N16000457,2025-07,2026-07,13,13,0,2,2,10,7
P:709780,709780,N16000504,2025-07,2026-07,13,13,0,,,10,7
P:709781,709781,N16000505,2025-07,2026-07,13,13,0,,,10,7
P:709782,709782,N16000456,2025-07,2026-05,11,11,0,8,8,8,5
P:709783,709783,,2025-07,2026-07,13,13,0,12,12,10,7
P:709785,709785,N16000480,2025-07,2026-07,13,13,0,5,5,10,7
P:709786,709786,N16000529,2025-07,2026-07,13,13,0,,,10,7
P:709789,709789,,2025-07,2026-01,7,7,0,4,4,4,1
P:709790,709790,,2025-07,2026-01,7,7,0,5,6,4,1
P:709791,709791,N16000522,2025-07,2026-07,13,13,0,,,10,7
P:709792,709792,N16000524,2025-07,2026-07,13,13,0,,,10,7
P:709793,709793,N16000523,2025-07,2026-07,13,13,0,,,10,7
P:709794,709794,N16000520,2025-09,2026-07,11,11,0,,,8,5
P:709795,709795,N16000525,2025-07,2026-07,6,4,7,,,1,0
P:709796,709796,N16000521,2025-07,2026-07,13,13,0,,,10,7
P:709797,709797,N16000519,2025-07,2026-07,13,13,0,10,12,10,7
P:709798,709798,N16000518,2025-07,2026-07,6,4,7,,,1,0
P:709799,709799,N16000530,2025-07,2026-07,13,13,0,9,9,10,7
P:709800,709800,,2025-07,2026-07,13,13,0,8,12,10,7
P:709801,709801,,2025-07,2025-07,1,1,0,,,0,0
P:709808,709808,,2025-07,2025-11,5,5,0,1,1,2,0
P:709809,709809,,2025-07,2025-08,2,2,0,1,1,0,0
P:709810,709810,,2025-07,2025-08,2,2,0,,,0,0
P:709811,709811,N22000520,2025-07,2026-06,10,8,2,4,4,6,4
P:709812,709812,N22000539,2025-07,2026-07,13,13,0,,,10,7
P:709813,709813,N22000551,2025-07,2026-07,12,11,1,12,12,9,6
P:709814,709814,,2025-07,2025-09,3,3,0,,,0,0
P:709815,709815,N22000574,2025-07,2026-07,13,13,0,,,10,7
P:709816,709816,N22000575,2025-07,2026-07,13,13,0,,,10,7
P:709817,709817,N22000576,2025-07,2026-07,12,11,1,,,9,6
P:709818,709818,N22000577,2025-07,2026-07,13,13,0,,,10,7
P:709819,709819,N22000579,2025-07,2026-07,13,13,0,1,1,10,7
P:709820,709820,,2025-07,2025-07,1,1,0,,,0,0
P:709826,709826,N12000127,2025-07,2026-07,13,13,0,12,12,10,7
P:709827,709827,N12000130,2025-07,2026-02,8,8,0,,,5,2
P:709829,709829,,2025-07,2025-10,4,4,0,,,1,0
P:709830,709830,N10000012,2025-07,2026-02,8,8,0,,,5,2
P:709831,709831,N10000013,2025-07,2026-07,13,13,0,,,10,7
P:709832,709832,N10000014,2025-07,2026-07,13,13,0,,,10,7
P:709837,709837,,2025-07,2026-07,13,13,0,4,12,10,7
P:709838,709838,N16000444,2025-07,2026-07,13,13,0,3,3,10,7
P:709839,709839,N16000470,2025-07,2026-07,13,13,0,7,9,10,7
P:709840,709840,N16000477,2025-07,2026-07,13,13,0,5,12,10,7
P:709841,709841,N16000483,2025-07,2026-07,13,13,0,8,12,10,7
P:709842,709842,N16000481,2025-07,2026-07,13,13,0,,,10,7
P:709845,709845,N16000514,2025-07,2026-07,13,13,0,12,12,10,7
P:709846,709846,N16000515,2025-07,2026-02,8,8,0,3,7,5,2
P:709847,709847,N16000528,2025-07,2026-07,13,13,0,6,8,10,7
P:709848,709848,N16000526,2025-07,2026-07,13,13,0,10,10,10,7
P:709849,709849,N16000533,2025-07,2026-07,13,13,0,4,12,10,7
P:709850,709850,N16000532,2025-07,2026-07,13,13,0,8,12,10,7
P:709851,709851,N16000537,2025-07,2026-07,13,13,0,,,10,7
P:709855,709855,,2025-07,2025-07,1,1,0,,,0,0
P:709856,709856,N26000116,2025-07,2026-07,13,13,0,1,12,10,7
P:709857,709857,N26000117,2025-07,2026-07,13,13,0,8,12,10,7
P:709858,709858,,2025-07,2025-11,5,5,0,3,3,2,0
P:709859,709859,N28000115,2025-09,2026-07,11,11,0,3,10,8,5
P:709864,709864,N16000511,2025-07,2026-07,13,13,0,3,10,10,7
P:709865,709865,N16000510,2025-07,2026-07,13,13,0,3,10,10,7
P:738679,738679,,2026-07,2026-07,1,1,0,,,0,0
P:79459,79459,,2025-12,2026-01,2,2,0,,,0,0
P:834015,834015,,2026-07,2026-07,1,1,0,,,0,0
P:900808,900808,N18000352,2025-09,2026-05,9,9,0,1,6,6,3
P:900872,900872,,2025-08,2025-08,1,1,0,,,0,0
P:900874,900874,,2025-09,2026-07,11,11,0,,,8,5
P:914467,914467,,2026-07,2026-07,1,1,0,,,0,0
P:938832,938832,,2026-07,2026-07,1,1,0,,,0,0
P:944288,944288,,2026-07,2026-07,1,1,0,,,0,0
P:946208,946208,,2026-07,2026-07,1,1,0,,,0,0
P:976009,976009,,2026-07,2026-07,1,1,0,,,0,0
