report_month,source_file,source_page,source_section,sl_no,project_name,agency,state,legacy_ocms_code,alternate_id,current_project_code,review_status,failure_type,raw_text_reference,notes
2025-07,FlashReport_July_2025.pdf,37,Table 6: All Ongoing Projects,10,"Construction of NTB complex including apron, taxi track and other associated civil works and electrical & mechanical installations towards Tawi River side at CA Jammu. Jammu and",,,,,,IDENTIFIER_FOUND,VERIFIED_PARSER_FAILURE_WRAPPED_OR_BOUNDARY_IDENTIFIER,FlashReport_July_2025.pdf:p37; Table 6: All Ongoing Projects; sl_no=10,Validation extraction recovered source primary code 611047 at the same report/serial address; the baseline value was blank.
2025-07,FlashReport_July_2025.pdf,37,Table 6: All Ongoing Projects,16,"Procurment of 30 Nos ACFTs of WT Capacity 10KL at Various Airports Multi-States (Andhra Pradesh, (611440) Bihar, Delhi, Gujarat, Jharkhand,",Airport Authority of India [AAI],Karnataka,,,,IDENTIFIER_FOUND,VERIFIED_PARSER_FAILURE_WRAPPED_OR_BOUNDARY_IDENTIFIER,FlashReport_July_2025.pdf:p37; Table 6: All Ongoing Projects; sl_no=16,Validation extraction recovered source primary code 611440 at the same report/serial address; the baseline value was blank.
2025-07,FlashReport_July_2025.pdf,37,Table 6: All Ongoing Projects,17,"Madhya Pradesh, Odisha, Tamil Nadu, Telangana, Uttar Pradesh, West Bengal) SITC of ATM Automation System and ASMGCS [Including SMR & MLAT] for Mumbai, Multi-States (Goa, Navi Mumbai, MOPA [without ASMGCS], HIAL & BIAL Karnataka,",,,,,,IDENTIFIER_FOUND,VERIFIED_PARSER_FAILURE_WRAPPED_OR_BOUNDARY_IDENTIFIER,FlashReport_July_2025.pdf:p37; Table 6: All Ongoing Projects; sl_no=17,Validation extraction recovered source primary code 611570 at the same report/serial address; the baseline value was blank.
2025-07,FlashReport_July_2025.pdf,37,Table 6: All Ongoing Projects,20,"Widening of basic strip at Western Side of Runway Chainage 80m to 920m i/c slope stabilization Measures [Balance work] of uphill and Improvement of Storm Water Drainage System at Pakyong Airport, Sikkim on design & build basis [EPC] with",,Sikkim,,,,UNRESOLVED,AMBIGUOUS_OR_MALFORMED_SOURCE_LAYOUT,FlashReport_July_2025.pdf:p37; Table 6: All Ongoing Projects; sl_no=20,No primary or alternate identifier was recovered in controlled validation; no identity was inferred from project text.
2025-07,FlashReport_July_2025.pdf,40,Table 6: All Ongoing Projects,109,Master Plan for Jharia and Raniganj Coalfields Multi-States,Bharat Coking Coal Limited [BCCL],Jharkhand,,,,IDENTIFIER_FOUND,VERIFIED_PARSER_FAILURE_WRAPPED_OR_BOUNDARY_IDENTIFIER,FlashReport_July_2025.pdf:p40; Table 6: All Ongoing Projects; sl_no=109,Validation extraction recovered source primary code 400313 at the same report/serial address; the baseline value was blank.
2025-07,FlashReport_July_2025.pdf,40,Table 6: All Ongoing Projects,110,(400313) Bengal) BINA KAKRI AMALGAMATION EXPANSION OPENCAST MINING PROJECT [14 Multi-States MTPA],Northern Coalfields Limited [NCL],Madhya Pradesh,,,,PARSER_FAILURE,SOURCE_PRIMARY_TOKEN_NOT_RECOVERED,FlashReport_July_2025.pdf:p40; Table 6: All Ongoing Projects; sl_no=110,"A numeric parenthetical token remains in extracted source text, but controlled validation did not safely bind it to this serial row."
2025-07,FlashReport_July_2025.pdf,40,Table 6: All Ongoing Projects,111,Uttar Pradesh) (400369) KHADIA EXPANSION [10 TO 16 MTPA] OPENCAST MINING PROJECT Multi-States,Northern Coalfields Limited [NCL],Madhya Pradesh,,,,IDENTIFIER_FOUND,VERIFIED_PARSER_FAILURE_WRAPPED_OR_BOUNDARY_IDENTIFIER,FlashReport_July_2025.pdf:p40; Table 6: All Ongoing Projects; sl_no=111,Validation extraction recovered source primary code 615183 at the same report/serial address; the baseline value was blank.
2025-07,FlashReport_July_2025.pdf,42,Table 6: All Ongoing Projects,166,"Pakal Dul [Drangdhuran] Hydroelectric Project, 1000 MW Jammu and",National Highways & Infrastructure Development Corporation Ltd. [NHIDCL],,,,,UNRESOLVED,AMBIGUOUS_OR_MALFORMED_SOURCE_LAYOUT,FlashReport_July_2025.pdf:p42; Table 6: All Ongoing Projects; sl_no=166,No primary or alternate identifier was recovered in controlled validation; no identity was inferred from project text.
2025-07,FlashReport_July_2025.pdf,42,Table 6: All Ongoing Projects,167,Kashmir (8112.12) (602525) Kiru HE Project Jammu and,National Highways & Infrastructure Development Corporation Ltd. [NHIDCL],,,,,PARSER_FAILURE,SOURCE_PRIMARY_TOKEN_NOT_RECOVERED,FlashReport_July_2025.pdf:p42; Table 6: All Ongoing Projects; sl_no=167,"A numeric parenthetical token remains in extracted source text, but controlled validation did not safely bind it to this serial row."
2025-07,FlashReport_July_2025.pdf,42,Table 6: All Ongoing Projects,168,"Kashmir (4287.59) (602532) Ratle HE Project - 850 MW, Ratle Hydroelectric Power Corporation Limited. Jammu and",National Highways & Infrastructure Development Corporation Ltd. [NHIDCL],,,,,PARSER_FAILURE,SOURCE_PRIMARY_TOKEN_NOT_RECOVERED,FlashReport_July_2025.pdf:p42; Table 6: All Ongoing Projects; sl_no=168,"A numeric parenthetical token remains in extracted source text, but controlled validation did not safely bind it to this serial row."
2025-07,FlashReport_July_2025.pdf,42,Table 6: All Ongoing Projects,169,Kashmir (5281.94) (602535) Kwar HE Project Jammu and,National Highways & Infrastructure Development Corporation Ltd. [NHIDCL],,,,,PARSER_FAILURE,SOURCE_PRIMARY_TOKEN_NOT_RECOVERED,FlashReport_July_2025.pdf:p42; Table 6: All Ongoing Projects; sl_no=169,"A numeric parenthetical token remains in extracted source text, but controlled validation did not safely bind it to this serial row."
2025-07,FlashReport_July_2025.pdf,43,Table 6: All Ongoing Projects,173,Subansiri Lower HE Project [2000 MW] Multi-States,National Highways & Infrastructure Development Corporation Ltd. [NHIDCL],,,,,IDENTIFIER_FOUND,VERIFIED_PARSER_FAILURE_WRAPPED_OR_BOUNDARY_IDENTIFIER,FlashReport_July_2025.pdf:p43; Table 6: All Ongoing Projects; sl_no=173,Validation extraction recovered source primary code 602096 at the same report/serial address; the baseline value was blank.
2025-07,FlashReport_July_2025.pdf,44,Table 6: All Ongoing Projects,202,Transmission system for evacuation of Power from Pakaldul HEP in Chenab Valley HEPs - LTA System Jammu and,,,,,,IDENTIFIER_FOUND,VERIFIED_PARSER_FAILURE_WRAPPED_OR_BOUNDARY_IDENTIFIER,FlashReport_July_2025.pdf:p44; Table 6: All Ongoing Projects; sl_no=202,Validation extraction recovered source primary code 608302 at the same report/serial address; the baseline value was blank.
2025-07,FlashReport_July_2025.pdf,44,Table 6: All Ongoing Projects,203,Kashmir (318.12) (608302) Transmission Scheme for evacuation of Power from Ratle HEP [850 MW] & kiru [624 MW] Part B Jammu and,Power Grid Corporation of India Limited [POWERGRID],,,,,IDENTIFIER_FOUND,VERIFIED_PARSER_FAILURE_WRAPPED_OR_BOUNDARY_IDENTIFIER,FlashReport_July_2025.pdf:p44; Table 6: All Ongoing Projects; sl_no=203,Validation extraction recovered source primary code 617179 at the same report/serial address; the baseline value was blank.
2025-07,FlashReport_July_2025.pdf,44,Table 6: All Ongoing Projects,212,Transmission System for Integration of Kurnool-IV REZ Phase-I [for 4.5 GW] Multi-States [POWERGRID Kurnool-IV Transmission Limited],,Andhra Pradesh,,,,UNRESOLVED,AMBIGUOUS_OR_MALFORMED_SOURCE_LAYOUT,FlashReport_July_2025.pdf:p44; Table 6: All Ongoing Projects; sl_no=212,No primary or alternate identifier was recovered in controlled validation; no identity was inferred from project text.
2025-07,FlashReport_July_2025.pdf,44,Table 6: All Ongoing Projects,213,Karnataka) (617185) Transmission System for Kurnool Wind Energy Zone/ Solar Energy Zone Part-A and Multi-States Part-B,Power Grid Corporation of India Limited [POWERGRID],Andhra Pradesh,,,,PARSER_FAILURE,SOURCE_PRIMARY_TOKEN_NOT_RECOVERED,FlashReport_July_2025.pdf:p44; Table 6: All Ongoing Projects; sl_no=213,"A numeric parenthetical token remains in extracted source text, but controlled validation did not safely bind it to this serial row."
2025-07,FlashReport_July_2025.pdf,44,Table 6: All Ongoing Projects,214,Telangana) (900808) Comprehensive Scheme for Strengthening of Transmission and Distribution [T&D] Multi-States Systems [CSST&DS] in Arunachal Pradesh and Sikkim,Power Grid Corporation of India Limited [POWERGRID],,,,,PARSER_FAILURE,SOURCE_PRIMARY_TOKEN_NOT_RECOVERED,FlashReport_July_2025.pdf:p44; Table 6: All Ongoing Projects; sl_no=214,"A numeric parenthetical token remains in extracted source text, but controlled validation did not safely bind it to this serial row."
2025-07,FlashReport_July_2025.pdf,44,Table 6: All Ongoing Projects,215,"Pradesh, Sikkim) (602223) NORTH EASTERN REGION POWER SYSTEM IMPROVEMENT PROJECT Multi-States [NERPSIP] (Assam, Manipur,",Power Grid Corporation of India Limited [POWERGRID],Meghalaya,,,,IDENTIFIER_FOUND,VERIFIED_PARSER_FAILURE_WRAPPED_OR_BOUNDARY_IDENTIFIER,FlashReport_July_2025.pdf:p44; Table 6: All Ongoing Projects; sl_no=215,Validation extraction recovered source primary code 607709 at the same report/serial address; the baseline value was blank.
2025-07,FlashReport_July_2025.pdf,44,Table 6: All Ongoing Projects,216,"(607709) Mizoram, Nagaland, Tripura) Eastern Region Expansion Scheme-43 [ERES-43] Multi-States",Power Grid Corporation of India Limited [POWERGRID],Odisha,,,,IDENTIFIER_FOUND,VERIFIED_PARSER_FAILURE_WRAPPED_OR_BOUNDARY_IDENTIFIER,FlashReport_July_2025.pdf:p44; Table 6: All Ongoing Projects; sl_no=216,Validation extraction recovered source primary code 617271 at the same report/serial address; the baseline value was blank.
2025-07,FlashReport_July_2025.pdf,44,Table 6: All Ongoing Projects,217,(617271) West Bengal) Eastern Region Expansion Scheme-44 [ERES-44] Multi-States,Power Grid Corporation of India Limited [POWERGRID],Bihar,,,,IDENTIFIER_FOUND,VERIFIED_PARSER_FAILURE_WRAPPED_OR_BOUNDARY_IDENTIFIER,FlashReport_July_2025.pdf:p44; Table 6: All Ongoing Projects; sl_no=217,Validation extraction recovered source primary code 617270 at the same report/serial address; the baseline value was blank.
2025-07,FlashReport_July_2025.pdf,44,Table 6: All Ongoing Projects,218,(617270) Bengal) Transmission Network Expansion in Gujarat to increase its ATC from ISTS Part B Multi-States (Dadra & Nagar,400005,,,,,PARSER_FAILURE,SOURCE_PRIMARY_TOKEN_NOT_RECOVERED,FlashReport_July_2025.pdf:p44; Table 6: All Ongoing Projects; sl_no=218,"A numeric parenthetical token remains in extracted source text, but controlled validation did not safely bind it to this serial row."
2025-07,FlashReport_July_2025.pdf,44,Table 6: All Ongoing Projects,219,"& Diu, Gujarat, Maharashtra) Transmission System Strengthening Scheme for evacuation of power from SEZ in Multi-States (Delhi, Rajasthan 8.1 GW under Phase II Part G",Power Grid Corporation of India Limited [POWERGRID],Haryana,,,,UNRESOLVED,AMBIGUOUS_OR_MALFORMED_SOURCE_LAYOUT,FlashReport_July_2025.pdf:p44; Table 6: All Ongoing Projects; sl_no=219,No primary or alternate identifier was recovered in controlled validation; no identity was inferred from project text.
2025-07,FlashReport_July_2025.pdf,45,Table 6: All Ongoing Projects,220,"Rajasthan) (608922) Transmission system for evacuation of power from REZ in Rajasthan 20GW under Phase-III Part J Multi-States (Delhi,",,,,,,PARSER_FAILURE,SOURCE_PRIMARY_TOKEN_NOT_RECOVERED,FlashReport_July_2025.pdf:p45; Table 6: All Ongoing Projects; sl_no=220,"A numeric parenthetical token remains in extracted source text, but controlled validation did not safely bind it to this serial row."
2025-07,FlashReport_July_2025.pdf,45,Table 6: All Ongoing Projects,221,"Rajasthan) (331) (611735) Transmission Scheme for Evacuation of power from REZ in Rajasthan [20 GW] under Phase-III Part D [Sikar Khetri Transmission Ltd] Multi-States (Delhi,",Power Grid Corporation of India Limited [POWERGRID],,,,,PARSER_FAILURE,SOURCE_PRIMARY_TOKEN_NOT_RECOVERED,FlashReport_July_2025.pdf:p45; Table 6: All Ongoing Projects; sl_no=221,"A numeric parenthetical token remains in extracted source text, but controlled validation did not safely bind it to this serial row."
2025-07,FlashReport_July_2025.pdf,45,Table 6: All Ongoing Projects,222,"Rajasthan) (2000) (612132) Transmission system strengthening scheme for evacuation of power from solar energy zones in Rajasthan 8.1 GW under Phase II- Part- G1 Multi-States (Delhi,",Power Grid Corporation of India Limited [POWERGRID],,,,,PARSER_FAILURE,SOURCE_PRIMARY_TOKEN_NOT_RECOVERED,FlashReport_July_2025.pdf:p45; Table 6: All Ongoing Projects; sl_no=222,"A numeric parenthetical token remains in extracted source text, but controlled validation did not safely bind it to this serial row."
2025-07,FlashReport_July_2025.pdf,45,Table 6: All Ongoing Projects,223,Uttar Pradesh) (359.47) (608301) TRANSMISSION SYSTEM FOR EVACUATION OF POWER FROM POTENTIAL RENEWABLE ENERGY ZONE IN KHAVDA AREA OF GUJARAT UNDER PHASE-V Multi-States,Power Grid Corporation of India Limited [POWERGRID],Gujarat,,,,PARSER_FAILURE,SOURCE_PRIMARY_TOKEN_NOT_RECOVERED,FlashReport_July_2025.pdf:p45; Table 6: All Ongoing Projects; sl_no=223,"A numeric parenthetical token remains in extracted source text, but controlled validation did not safely bind it to this serial row."
2025-07,FlashReport_July_2025.pdf,45,Table 6: All Ongoing Projects,224,Maharashtra) (615347) Transmission system for evacuation of power from Rajasthan REZ Ph-IV [Part- 3/6GW] [Bikaner complex] Part A [SPV Name POWERGRID Bikaner IV Transmission Multi-States,Power Grid Corporation of India Limited [POWERGRID],Haryana,,,,PARSER_FAILURE,SOURCE_PRIMARY_TOKEN_NOT_RECOVERED,FlashReport_July_2025.pdf:p45; Table 6: All Ongoing Projects; sl_no=224,"A numeric parenthetical token remains in extracted source text, but controlled validation did not safely bind it to this serial row."
2025-07,FlashReport_July_2025.pdf,45,Table 6: All Ongoing Projects,225,Rajasthan) (615339) TRANSMISSION SYSTEM FOR EVACUATION OF POWER FROM RAJASTHAN REZ PH-IV [PART-3/ 6 GW] [BIKANER COMPLEX] PART B [SPV Name Multi-States,Power Grid Corporation of India Limited [POWERGRID],Haryana,,,,PARSER_FAILURE,SOURCE_PRIMARY_TOKEN_NOT_RECOVERED,FlashReport_July_2025.pdf:p45; Table 6: All Ongoing Projects; sl_no=225,"A numeric parenthetical token remains in extracted source text, but controlled validation did not safely bind it to this serial row."
2025-07,FlashReport_July_2025.pdf,45,Table 6: All Ongoing Projects,226,Rajasthan) (615340) Transmission System for Strengthening of Srinagar-Leh Tr. System Multi-States,Power Grid Corporation of India Limited [POWERGRID],,,,,IDENTIFIER_FOUND,VERIFIED_PARSER_FAILURE_WRAPPED_OR_BOUNDARY_IDENTIFIER,FlashReport_July_2025.pdf:p45; Table 6: All Ongoing Projects; sl_no=226,Validation extraction recovered source primary code 606781 at the same report/serial address; the baseline value was blank.
2025-07,FlashReport_July_2025.pdf,45,Table 6: All Ongoing Projects,227,"(606781) Kashmir, Ladakh) Transmission Scheme for Solar Energy Zone in Bidar [2500 MW], Karnataka [Bidar Multi-States Transmission Ltd]",,Karnataka,,,,PARSER_FAILURE,SOURCE_PRIMARY_TOKEN_NOT_RECOVERED,FlashReport_July_2025.pdf:p45; Table 6: All Ongoing Projects; sl_no=227,"A numeric parenthetical token remains in extracted source text, but controlled validation did not safely bind it to this serial row."
2025-07,FlashReport_July_2025.pdf,45,Table 6: All Ongoing Projects,228,Telangana) (612138) Transmission System for Evacuation of Power from Rajasthan REZ Ph-IV [Part-2 5. GW] [Jaisalmer/Barmer Complex] Part D [SPV Name POWERGRID Beawar Multi-States,,Madhya Pradesh,,,,PARSER_FAILURE,SOURCE_PRIMARY_TOKEN_NOT_RECOVERED,FlashReport_July_2025.pdf:p45; Table 6: All Ongoing Projects; sl_no=228,"A numeric parenthetical token remains in extracted source text, but controlled validation did not safely bind it to this serial row."
2025-07,FlashReport_July_2025.pdf,45,Table 6: All Ongoing Projects,229,Rajasthan) (615333) Transmission System for Evacuation of Power from Rajasthan REZ Ph-IV [Part-2 5. GW] [Jaisalmer/Barmer Complex] Part E [SPV Name POWERGRID Mewar Multi-States,Power Grid Corporation of India Limited [POWERGRID],Madhya Pradesh,,,,PARSER_FAILURE,SOURCE_PRIMARY_TOKEN_NOT_RECOVERED,FlashReport_July_2025.pdf:p45; Table 6: All Ongoing Projects; sl_no=229,"A numeric parenthetical token remains in extracted source text, but controlled validation did not safely bind it to this serial row."
2025-07,FlashReport_July_2025.pdf,45,Table 6: All Ongoing Projects,230,Rajasthan) (615334) Rajasthan REZ Ph-V [Part-1- 4 GW] [Sirohi/Nagaur] Complex [Rajasthan V Power Multi-States Transmission Limited],Power Grid Corporation of India Limited [POWERGRID],Madhya Pradesh,,,,PARSER_FAILURE,SOURCE_PRIMARY_TOKEN_NOT_RECOVERED,FlashReport_July_2025.pdf:p45; Table 6: All Ongoing Projects; sl_no=230,"A numeric parenthetical token remains in extracted source text, but controlled validation did not safely bind it to this serial row."
2025-07,FlashReport_July_2025.pdf,45,Table 6: All Ongoing Projects,231,Rajasthan) (617186) Transmission System for Evacuation of power from Rajasthan REZ Ph-IV [Part-1] Multi-States [Bikaner Complex] Part D [Neemrana Bareilly Transmission Ltd],Power Grid Corporation of India Limited [POWERGRID],Rajasthan,,,,PARSER_FAILURE,SOURCE_PRIMARY_TOKEN_NOT_RECOVERED,FlashReport_July_2025.pdf:p45; Table 6: All Ongoing Projects; sl_no=231,"A numeric parenthetical token remains in extracted source text, but controlled validation did not safely bind it to this serial row."
2025-07,FlashReport_July_2025.pdf,45,Table 6: All Ongoing Projects,232,Pradesh) (612133) Transmission System for evacuation of Power from Rajasthan REZ Ph-IV [Part-4 Multi-States GW] Part A [SPV name POWERGRID Ghiror Transmission Limited],,Rajasthan,,,,PARSER_FAILURE,SOURCE_PRIMARY_TOKEN_NOT_RECOVERED,FlashReport_July_2025.pdf:p45; Table 6: All Ongoing Projects; sl_no=232,"A numeric parenthetical token remains in extracted source text, but controlled validation did not safely bind it to this serial row."
2025-07,FlashReport_July_2025.pdf,46,Table 6: All Ongoing Projects,249,"Integrated Command control Center [ICCC] - Construction and Development of Integrated Command Control Center with Security, Surveillance, ITMS, Connecting Andaman &",,,,,,UNRESOLVED,AMBIGUOUS_OR_MALFORMED_SOURCE_LAYOUT,FlashReport_July_2025.pdf:p46; Table 6: All Ongoing Projects; sl_no=249,No primary or alternate identifier was recovered in controlled validation; no identity was inferred from project text.
2025-07,FlashReport_July_2025.pdf,47,Table 6: All Ongoing Projects,276,"Delhi Metro Rail Phase-IV [Rithala - Kundli Corridor] Multi-States (Delhi,",Delhi Metro Rail Corporation Limited [DMRC],,,,,UNRESOLVED,AMBIGUOUS_OR_MALFORMED_SOURCE_LAYOUT,FlashReport_July_2025.pdf:p47; Table 6: All Ongoing Projects; sl_no=276,No primary or alternate identifier was recovered in controlled validation; no identity was inferred from project text.
2025-07,FlashReport_July_2025.pdf,47,Table 6: All Ongoing Projects,277,"Haryana) (-) (6230.99) (617206) Delhi-Ghaziabad-Meerut Regional Rapid Transit System [RRTS] corridor Multi-States (Delhi,",National Capital Region Transport Corporation [NCRTC],,,,,PARSER_FAILURE,SOURCE_PRIMARY_TOKEN_NOT_RECOVERED,FlashReport_July_2025.pdf:p47; Table 6: All Ongoing Projects; sl_no=277,"A numeric parenthetical token remains in extracted source text, but controlled validation did not safely bind it to this serial row."
2025-07,FlashReport_July_2025.pdf,47,Table 6: All Ongoing Projects,280,Storm water drainag Development Project Dadra & Nagar,Ministry of Housing & Urban Affairs,,,,,IDENTIFIER_FOUND,VERIFIED_PARSER_FAILURE_WRAPPED_OR_BOUNDARY_IDENTIFIER,FlashReport_July_2025.pdf:p47; Table 6: All Ongoing Projects; sl_no=280,Validation extraction recovered source primary code 702355 at the same report/serial address; the baseline value was blank.
2025-07,FlashReport_July_2025.pdf,47,Table 6: All Ongoing Projects,282,"Construction of Basement + Ground Floor+ 10 Storeyed building for State of the Art Director General, GSI Building at plot No.GN-40, Sector-V, Salt Lake, Kolkata",,West Bengal,,,,UNRESOLVED,AMBIGUOUS_OR_MALFORMED_SOURCE_LAYOUT,FlashReport_July_2025.pdf:p47; Table 6: All Ongoing Projects; sl_no=282,No primary or alternate identifier was recovered in controlled validation; no identity was inferred from project text.
2025-07,FlashReport_July_2025.pdf,48,Table 6: All Ongoing Projects,302,"Construction of Permanent Campus for IIM Jammu Phase-1 at Jagti, Nagrota, Jammu, J&K Jammu and",,,,,,IDENTIFIER_FOUND,VERIFIED_PARSER_FAILURE_WRAPPED_OR_BOUNDARY_IDENTIFIER,FlashReport_July_2025.pdf:p48; Table 6: All Ongoing Projects; sl_no=302,Validation extraction recovered source primary code 602098 at the same report/serial address; the baseline value was blank.
2025-07,FlashReport_July_2025.pdf,49,Table 6: All Ongoing Projects,325,"Setting up a common user Petroleum Terminal at Jammu, J&K for resitement of existing PSU OMC's Depots from Jammu City Jammu and",,,,,,IDENTIFIER_FOUND,VERIFIED_PARSER_FAILURE_WRAPPED_OR_BOUNDARY_IDENTIFIER,FlashReport_July_2025.pdf:p49; Table 6: All Ongoing Projects; sl_no=325,Validation extraction recovered source primary code 400235 at the same report/serial address; the baseline value was blank.
2025-07,FlashReport_July_2025.pdf,49,Table 6: All Ongoing Projects,328,Srikakulam Angul Gas Pipeline Project Multi-States,Ministry of Petroleum & Natural Gas,Andhra Pradesh,,,,IDENTIFIER_FOUND,VERIFIED_PARSER_FAILURE_WRAPPED_OR_BOUNDARY_IDENTIFIER,FlashReport_July_2025.pdf:p49; Table 6: All Ongoing Projects; sl_no=328,Validation extraction recovered source primary code 701343 at the same report/serial address; the baseline value was blank.
2025-07,FlashReport_July_2025.pdf,49,Table 6: All Ongoing Projects,329,(701343) Odisha) Rajasthan Refinery Project Multi-States (Arunachal,MinistryofPetroleumNaturalGas,,,,,IDENTIFIER_FOUND,VERIFIED_PARSER_FAILURE_WRAPPED_OR_BOUNDARY_IDENTIFIER,FlashReport_July_2025.pdf:p49; Table 6: All Ongoing Projects; sl_no=329,Validation extraction recovered source primary code 701263 at the same report/serial address; the baseline value was blank.
2025-07,FlashReport_July_2025.pdf,49,Table 6: All Ongoing Projects,330,"Pradesh, Gujarat, (72937) Rajasthan) Paradip-Numaligarh Crude Oil Pipeline [PNCPL] & Crude Oil Import Terminal [COIT] Multi-States at Paradip (Assam, Bihar,",Ministry of Petroleum & Natural Gas,Jharkhand,,,,IDENTIFIER_FOUND,VERIFIED_PARSER_FAILURE_WRAPPED_OR_BOUNDARY_IDENTIFIER,FlashReport_July_2025.pdf:p49; Table 6: All Ongoing Projects; sl_no=330,Validation extraction recovered source primary code 701349 at the same report/serial address; the baseline value was blank.
2025-07,FlashReport_July_2025.pdf,49,Table 6: All Ongoing Projects,331,"(701349) Odisha, West Bengal) New Mundra Panipat Crude Oil Pipeline Multi-States",Ministry of Petroleum & Natural Gas,Gujarat,,,,IDENTIFIER_FOUND,VERIFIED_PARSER_FAILURE_WRAPPED_OR_BOUNDARY_IDENTIFIER,FlashReport_July_2025.pdf:p49; Table 6: All Ongoing Projects; sl_no=331,Validation extraction recovered source primary code 400078 at the same report/serial address; the baseline value was blank.
2025-07,FlashReport_July_2025.pdf,49,Table 6: All Ongoing Projects,332,"(400078) Rajasthan) Kandla Gorakhpur LPG Pipeline Multi-States (Gujarat, Madhya",Ministry of Petroleum & Natural Gas,,,,,IDENTIFIER_FOUND,VERIFIED_PARSER_FAILURE_WRAPPED_OR_BOUNDARY_IDENTIFIER,FlashReport_July_2025.pdf:p49; Table 6: All Ongoing Projects; sl_no=332,Validation extraction recovered source primary code 400012 at the same report/serial address; the baseline value was blank.
2025-07,FlashReport_July_2025.pdf,49,Table 6: All Ongoing Projects,333,"Pradesh, Uttar (10088) Pradesh) Multi Product Pipeline from Irugur to Devangonthi Multi-States","Department of Water Resources, River Development & GR",Karnataka,,,,IDENTIFIER_FOUND,VERIFIED_PARSER_FAILURE_WRAPPED_OR_BOUNDARY_IDENTIFIER,FlashReport_July_2025.pdf:p49; Table 6: All Ongoing Projects; sl_no=333,Validation extraction recovered source primary code 400301 at the same report/serial address; the baseline value was blank.
2025-07,FlashReport_July_2025.pdf,51,Table 6: All Ongoing Projects,374,"City Gas Distribution Project at Jammu, Udhampur, Reasi, Samba and Kathua Districts Jammu and",,,,,,IDENTIFIER_FOUND,VERIFIED_PARSER_FAILURE_WRAPPED_OR_BOUNDARY_IDENTIFIER,FlashReport_July_2025.pdf:p51; Table 6: All Ongoing Projects; sl_no=374,Validation extraction recovered source primary code 709773 at the same report/serial address; the baseline value was blank.
2025-07,FlashReport_July_2025.pdf,51,Table 6: All Ongoing Projects,394,"Visakh Raipur Pipeline Project Multi-States (Andhra Pradesh,",Ministry of Petroleum and Natural Gas,,,,,IDENTIFIER_FOUND,VERIFIED_PARSER_FAILURE_WRAPPED_OR_BOUNDARY_IDENTIFIER,FlashReport_July_2025.pdf:p51; Table 6: All Ongoing Projects; sl_no=394,Validation extraction recovered source primary code 616254 at the same report/serial address; the baseline value was blank.
2025-07,FlashReport_July_2025.pdf,51,Table 6: All Ongoing Projects,395,"Chhattisgarh, (2212) Odisha) Multi-product Pipeline from Krishnapatnam Coastal Installation to the proposed Multi-States Installation at Hyderabad [Malkapur]",616254,Andhra Pradesh,,,,UNRESOLVED,AMBIGUOUS_OR_MALFORMED_SOURCE_LAYOUT,FlashReport_July_2025.pdf:p51; Table 6: All Ongoing Projects; sl_no=395,No primary or alternate identifier was recovered in controlled validation; no identity was inferred from project text.
2025-07,FlashReport_July_2025.pdf,51,Table 6: All Ongoing Projects,396,"Telangana) (701341) North East Gas Grid Multi-States (Arunachal (701346) Pradesh, Assam, Manipur,",Ministry of Petroleum & Natural Gas,Meghalaya,,,,IDENTIFIER_FOUND,VERIFIED_PARSER_FAILURE_WRAPPED_OR_BOUNDARY_IDENTIFIER,FlashReport_July_2025.pdf:p51; Table 6: All Ongoing Projects; sl_no=396,Validation extraction recovered source primary code 701346 at the same report/serial address; the baseline value was blank.
2025-07,FlashReport_July_2025.pdf,51,Table 6: All Ongoing Projects,397,"Mizoram, Nagaland, Sikkim, Tripura, West Bengal) Upgradation of Facilities of Numaligarh-Siliguri Product Pipeline [NSPL] for Multi-States transportation of additional products from existing 1.72 MMTPA to 5.5 MMTPA",Ministry of Petroleum & Natural Gas,Assam,,,,UNRESOLVED,AMBIGUOUS_OR_MALFORMED_SOURCE_LAYOUT,FlashReport_July_2025.pdf:p51; Table 6: All Ongoing Projects; sl_no=397,No primary or alternate identifier was recovered in controlled validation; no identity was inferred from project text.
2025-07,FlashReport_July_2025.pdf,52,Table 6: All Ongoing Projects,399,"Mumbai Nagpur Jharsuguda Pipeline Project Multi-States (Chhattisgarh,",701354,Madhya Pradesh,,,,UNRESOLVED,AMBIGUOUS_OR_MALFORMED_SOURCE_LAYOUT,FlashReport_July_2025.pdf:p52; Table 6: All Ongoing Projects; sl_no=399,No primary or alternate identifier was recovered in controlled validation; no identity was inferred from project text.
2025-07,FlashReport_July_2025.pdf,52,Table 6: All Ongoing Projects,400,"Maharashtra, Odisha) Mehsana-Bhatinda & Bhatinda-Jammu Natural Gas Pipeline Multi-States (Gujarat, Haryana,",Ministry of Petroleum & Natural Gas,,,,,IDENTIFIER_FOUND,VERIFIED_PARSER_FAILURE_WRAPPED_OR_BOUNDARY_IDENTIFIER,FlashReport_July_2025.pdf:p52; Table 6: All Ongoing Projects; sl_no=400,Validation extraction recovered source primary code 701330 at the same report/serial address; the baseline value was blank.
2025-07,FlashReport_July_2025.pdf,52,Table 6: All Ongoing Projects,401,"Punjab, (7392) Rajasthan) Gurdaspur Jammu Pipeline Multi-States",Gas Authority of India Limited [GAIL],,,,,IDENTIFIER_FOUND,VERIFIED_PARSER_FAILURE_WRAPPED_OR_BOUNDARY_IDENTIFIER,FlashReport_July_2025.pdf:p52; Table 6: All Ongoing Projects; sl_no=401,Validation extraction recovered source primary code 612853 at the same report/serial address; the baseline value was blank.
2025-07,FlashReport_July_2025.pdf,52,Table 6: All Ongoing Projects,402,"(612853) Kashmir, Punjab) Kochi - Koottanad - Bangalore - Mangalore Pipeline Phase-II Multi-States (Karnataka,",Ministry of Petroleum & Natural Gas,,,,,IDENTIFIER_FOUND,VERIFIED_PARSER_FAILURE_WRAPPED_OR_BOUNDARY_IDENTIFIER,FlashReport_July_2025.pdf:p52; Table 6: All Ongoing Projects; sl_no=402,Validation extraction recovered source primary code 701228 at the same report/serial address; the baseline value was blank.
2025-07,FlashReport_July_2025.pdf,52,Table 6: All Ongoing Projects,403,"Kerala, Tamil (5909) Nadu) City Gas Distribution Maharashtra Natural Gas Limited Multi-States",Ministry of Petroleum & Natural Gas,Karnataka,,,,IDENTIFIER_FOUND,VERIFIED_PARSER_FAILURE_WRAPPED_OR_BOUNDARY_IDENTIFIER,FlashReport_July_2025.pdf:p52; Table 6: All Ongoing Projects; sl_no=403,Validation extraction recovered source primary code 701338 at the same report/serial address; the baseline value was blank.
2025-07,FlashReport_July_2025.pdf,52,Table 6: All Ongoing Projects,404,(701338) Maharashtra) Dhamra Haldia Pipeline Project Multi-States,Ministry of Petroleum & Natural Gas,Odisha,,,,IDENTIFIER_FOUND,VERIFIED_PARSER_FAILURE_WRAPPED_OR_BOUNDARY_IDENTIFIER,FlashReport_July_2025.pdf:p52; Table 6: All Ongoing Projects; sl_no=404,Validation extraction recovered source primary code 701344 at the same report/serial address; the baseline value was blank.
2025-07,FlashReport_July_2025.pdf,52,Table 6: All Ongoing Projects,405,"(701344) Bengal) City Gas Distribution Projects at Fazilka [except area already authorized], Ganganagar Multi-States and Hanumangarh districts",Bharat Petroleum Corporation Limited [BPCL],Punjab,,,,PARSER_FAILURE,SOURCE_PRIMARY_TOKEN_NOT_RECOVERED,FlashReport_July_2025.pdf:p52; Table 6: All Ongoing Projects; sl_no=405,"A numeric parenthetical token remains in extracted source text, but controlled validation did not safely bind it to this serial row."
2025-07,FlashReport_July_2025.pdf,53,Table 6: All Ongoing Projects,433,AIIMS Kashmir at Awantipora Jammu & Kashmir Jammu and,Central Public Works Department [CPWD],,,,,UNRESOLVED,AMBIGUOUS_OR_MALFORMED_SOURCE_LAYOUT,FlashReport_July_2025.pdf:p53; Table 6: All Ongoing Projects; sl_no=433,No primary or alternate identifier was recovered in controlled validation; no identity was inferred from project text.
2025-07,FlashReport_July_2025.pdf,53,Table 6: All Ongoing Projects,437,"Jal Marg Vikas Project Multi-States (Bihar, Jharkhand,",Inland Waterways Authority of India [IWAI],,,,,IDENTIFIER_FOUND,VERIFIED_PARSER_FAILURE_WRAPPED_OR_BOUNDARY_IDENTIFIER,FlashReport_July_2025.pdf:p53; Table 6: All Ongoing Projects; sl_no=437,Validation extraction recovered source primary code 701565 at the same report/serial address; the baseline value was blank.
2025-07,FlashReport_July_2025.pdf,58,Table 6: All Ongoing Projects,574,Marikuppam - Kuppam New Line Project [23.70 Km] Multi-States,South Western Railway [SWR] - II,Andhra Pradesh,,,,IDENTIFIER_FOUND,VERIFIED_PARSER_FAILURE_WRAPPED_OR_BOUNDARY_IDENTIFIER,FlashReport_July_2025.pdf:p58; Table 6: All Ongoing Projects; sl_no=574,Validation extraction recovered source primary code 705491 at the same report/serial address; the baseline value was blank.
2025-07,FlashReport_July_2025.pdf,58,Table 6: All Ongoing Projects,575,(705491) Karnataka) Rayadurg-Tumkur via Kalyandurg New Line [207 km] Multi-States,South Western Railway [SWR] - II,Andhra Pradesh,,,,IDENTIFIER_FOUND,VERIFIED_PARSER_FAILURE_WRAPPED_OR_BOUNDARY_IDENTIFIER,FlashReport_July_2025.pdf:p58; Table 6: All Ongoing Projects; sl_no=575,Validation extraction recovered source primary code 705494 at the same report/serial address; the baseline value was blank.
2025-07,FlashReport_July_2025.pdf,58,Table 6: All Ongoing Projects,576,"(705494) Karnataka) Renigunta, Wadi & Gooty Bypass Railway Project Multi-States",South Central Railway [SCR] - I,Andhra Pradesh,,,,IDENTIFIER_FOUND,VERIFIED_PARSER_FAILURE_WRAPPED_OR_BOUNDARY_IDENTIFIER,FlashReport_July_2025.pdf:p58; Table 6: All Ongoing Projects; sl_no=576,Validation extraction recovered source primary code 705610 at the same report/serial address; the baseline value was blank.
2025-07,FlashReport_July_2025.pdf,58,Table 6: All Ongoing Projects,577,"(705610) Karnataka) Doubling between Mudkhed Medchal & Mahbubnagar Dhone section 417.88 Km Multi-States (Andhra Pradesh,",South Central Railway [SCR] - II,,,,,IDENTIFIER_FOUND,VERIFIED_PARSER_FAILURE_WRAPPED_OR_BOUNDARY_IDENTIFIER,FlashReport_July_2025.pdf:p58; Table 6: All Ongoing Projects; sl_no=577,Validation extraction recovered source primary code 617212 at the same report/serial address; the baseline value was blank.
2025-07,FlashReport_July_2025.pdf,58,Table 6: All Ongoing Projects,578,"(617212) Maharashtra, (-) (4686.09) Telangana) Vizianagaram - Titlagarh 3rd line [272 Km including By - pass line of 7.68 KM] Multi-States",RVNL - II,Andhra Pradesh,,,,IDENTIFIER_FOUND,VERIFIED_PARSER_FAILURE_WRAPPED_OR_BOUNDARY_IDENTIFIER,FlashReport_July_2025.pdf:p58; Table 6: All Ongoing Projects; sl_no=578,Validation extraction recovered source primary code 400253 at the same report/serial address; the baseline value was blank.
2025-07,FlashReport_July_2025.pdf,58,Table 6: All Ongoing Projects,579,(400253) Odisha) Doubling of Kottavalasa-Koraput Rail Line [189 KM] Multi-States,East Coast Railway [ECoR] - II,Andhra Pradesh,,,,IDENTIFIER_FOUND,VERIFIED_PARSER_FAILURE_WRAPPED_OR_BOUNDARY_IDENTIFIER,FlashReport_July_2025.pdf:p58; Table 6: All Ongoing Projects; sl_no=579,Validation extraction recovered source primary code 705512 at the same report/serial address; the baseline value was blank.
2025-07,FlashReport_July_2025.pdf,58,Table 6: All Ongoing Projects,580,"(705512) Odisha) Malkangiri Pandurangapuram new railway line project Multi-States (Andhra Pradesh,",Indian Railways,,,,,IDENTIFIER_FOUND,VERIFIED_PARSER_FAILURE_WRAPPED_OR_BOUNDARY_IDENTIFIER,FlashReport_July_2025.pdf:p58; Table 6: All Ongoing Projects; sl_no=580,Validation extraction recovered source primary code 616702 at the same report/serial address; the baseline value was blank.
2025-07,FlashReport_July_2025.pdf,58,Table 6: All Ongoing Projects,581,"(616702) Odisha, (-) (3591.76) Telangana) Tindivanam-Nagari New Line Project [184.5 km] Multi-States",Southern Railway [SR] - II,Andhra Pradesh,,,,IDENTIFIER_FOUND,VERIFIED_PARSER_FAILURE_WRAPPED_OR_BOUNDARY_IDENTIFIER,FlashReport_July_2025.pdf:p58; Table 6: All Ongoing Projects; sl_no=581,Validation extraction recovered source primary code 400275 at the same report/serial address; the baseline value was blank.
2025-07,FlashReport_July_2025.pdf,58,Table 6: All Ongoing Projects,582,(400275) Tamil Nadu) Doubling between Motumari Vishnupuram - 88.81 Km and Rail over Rail - RoR at Multi-States Motumari - 10.877 Km,,Andhra Pradesh,,,,PARSER_FAILURE,SOURCE_PRIMARY_TOKEN_NOT_RECOVERED,FlashReport_July_2025.pdf:p58; Table 6: All Ongoing Projects; sl_no=582,"A numeric parenthetical token remains in extracted source text, but controlled validation did not safely bind it to this serial row."
2025-07,FlashReport_July_2025.pdf,58,Table 6: All Ongoing Projects,583,Telangana) (616857) Doubling of Guntur Bibinagar 239 Km Multi-States,South Central Railway [SCR] - II,Andhra Pradesh,,,,IDENTIFIER_FOUND,VERIFIED_PARSER_FAILURE_WRAPPED_OR_BOUNDARY_IDENTIFIER,FlashReport_July_2025.pdf:p58; Table 6: All Ongoing Projects; sl_no=583,Validation extraction recovered source primary code 617211 at the same report/serial address; the baseline value was blank.
2025-07,FlashReport_July_2025.pdf,58,Table 6: All Ongoing Projects,584,(617211) Telangana) Rail Connectivity to Errupalem Amravati Namburu 57 Km Multi-States,South Central Railway [SCR] - II,Andhra Pradesh,,,,IDENTIFIER_FOUND,VERIFIED_PARSER_FAILURE_WRAPPED_OR_BOUNDARY_IDENTIFIER,FlashReport_July_2025.pdf:p58; Table 6: All Ongoing Projects; sl_no=584,Validation extraction recovered source primary code 617214 at the same report/serial address; the baseline value was blank.
2025-07,FlashReport_July_2025.pdf,58,Table 6: All Ongoing Projects,585,(617214) Telangana) Kazipet-Vijayawada 3rd line with electrification [220 km] Multi-States,South Central Railway [SCR] - II,Andhra Pradesh,,,,IDENTIFIER_FOUND,VERIFIED_PARSER_FAILURE_WRAPPED_OR_BOUNDARY_IDENTIFIER,FlashReport_July_2025.pdf:p58; Table 6: All Ongoing Projects; sl_no=585,Validation extraction recovered source primary code 705612 at the same report/serial address; the baseline value was blank.
2025-07,FlashReport_July_2025.pdf,58,Table 6: All Ongoing Projects,586,(705612) Telangana) Vijayawada - Kazipet Byepass line Multi-States,South Central Railway [SCR] - II,Andhra Pradesh,,,,IDENTIFIER_FOUND,VERIFIED_PARSER_FAILURE_WRAPPED_OR_BOUNDARY_IDENTIFIER,FlashReport_July_2025.pdf:p58; Table 6: All Ongoing Projects; sl_no=586,Validation extraction recovered source primary code 705632 at the same report/serial address; the baseline value was blank.
2025-07,FlashReport_July_2025.pdf,58,Table 6: All Ongoing Projects,587,(705632) Telangana) Murkongselek-Pasighat Multi-States,Northeast Frontier Railway [NFR],,,,,IDENTIFIER_FOUND,VERIFIED_PARSER_FAILURE_WRAPPED_OR_BOUNDARY_IDENTIFIER,FlashReport_July_2025.pdf:p58; Table 6: All Ongoing Projects; sl_no=587,Validation extraction recovered source primary code 705401 at the same report/serial address; the baseline value was blank.
2025-07,FlashReport_July_2025.pdf,58,Table 6: All Ongoing Projects,588,"(705401) Pradesh, Assam) Lumding Furkating Doubling Project 140 km Multi-States",Northeast Frontier Railway [NFR],Assam,,,,IDENTIFIER_FOUND,VERIFIED_PARSER_FAILURE_WRAPPED_OR_BOUNDARY_IDENTIFIER,FlashReport_July_2025.pdf:p58; Table 6: All Ongoing Projects; sl_no=588,Validation extraction recovered source primary code 616701 at the same report/serial address; the baseline value was blank.
2025-07,FlashReport_July_2025.pdf,58,Table 6: All Ongoing Projects,589,(616701) Nagaland) Dimapur [Dhansiri]-Sukhobi Kohima [Zubza] NL [82.5 Km] Multi-States,Northeast Frontier Railway [NFR],Assam,,,,IDENTIFIER_FOUND,VERIFIED_PARSER_FAILURE_WRAPPED_OR_BOUNDARY_IDENTIFIER,FlashReport_July_2025.pdf:p58; Table 6: All Ongoing Projects; sl_no=589,Validation extraction recovered source primary code 705392 at the same report/serial address; the baseline value was blank.
2025-07,FlashReport_July_2025.pdf,58,Table 6: All Ongoing Projects,590,"(705392) Nagaland) New Delhi- Howrah Speed Booster[160Kmph] Project Multi-States (Bihar, Delhi,",705794,Jharkhand,,,,PARSER_FAILURE,SOURCE_PRIMARY_TOKEN_NOT_RECOVERED,FlashReport_July_2025.pdf:p58; Table 6: All Ongoing Projects; sl_no=590,"A numeric parenthetical token remains in extracted source text, but controlled validation did not safely bind it to this serial row."
2025-07,FlashReport_July_2025.pdf,58,Table 6: All Ongoing Projects,595,NER Provision of Automatic Block Signalling on Gorakhpur Cantt[Excl] Chhapra Multi-States Gramin & Burhwal Jn [Excl] Sitapur Jn section of high density routes,,Bihar,,,,UNRESOLVED,AMBIGUOUS_OR_MALFORMED_SOURCE_LAYOUT,FlashReport_July_2025.pdf:p58; Table 6: All Ongoing Projects; sl_no=595,No primary or alternate identifier was recovered in controlled validation; no identity was inferred from project text.
2025-07,FlashReport_July_2025.pdf,58,Table 6: All Ongoing Projects,596,Pradesh) (611669) Gorakhpur-Valmikinagar Doubling project Multi-States,NER,Bihar,,,,IDENTIFIER_FOUND,VERIFIED_PARSER_FAILURE_WRAPPED_OR_BOUNDARY_IDENTIFIER,FlashReport_July_2025.pdf:p58; Table 6: All Ongoing Projects; sl_no=596,Validation extraction recovered source primary code 617224 at the same report/serial address; the baseline value was blank.
2025-07,FlashReport_July_2025.pdf,58,Table 6: All Ongoing Projects,597,(617224) Pradesh) Chhapra-Ballia Patch Doubling Multi-States,North Eastern Railway [NER],Bihar,,,,IDENTIFIER_FOUND,VERIFIED_PARSER_FAILURE_WRAPPED_OR_BOUNDARY_IDENTIFIER,FlashReport_July_2025.pdf:p58; Table 6: All Ongoing Projects; sl_no=597,Validation extraction recovered source primary code 705562 at the same report/serial address; the baseline value was blank.
2025-07,FlashReport_July_2025.pdf,59,Table 6: All Ongoing Projects,598,(705562) Pradesh) Rajnandgaon - Nagpur [Kalumna] Third Railway Line [228.30 km] Multi-States,South East Central Railway [SECR] - II,Chhattisgarh,,,,IDENTIFIER_FOUND,VERIFIED_PARSER_FAILURE_WRAPPED_OR_BOUNDARY_IDENTIFIER,FlashReport_July_2025.pdf:p59; Table 6: All Ongoing Projects; sl_no=598,Validation extraction recovered source primary code 705617 at the same report/serial address; the baseline value was blank.
2025-07,FlashReport_July_2025.pdf,59,Table 6: All Ongoing Projects,599,(705617) Maharashtra) Jagdalpur-Koraput Multi-States,East Coast Railway [ECoR] - II,Chhattisgarh,,,,IDENTIFIER_FOUND,VERIFIED_PARSER_FAILURE_WRAPPED_OR_BOUNDARY_IDENTIFIER,FlashReport_July_2025.pdf:p59; Table 6: All Ongoing Projects; sl_no=599,Validation extraction recovered source primary code 705511 at the same report/serial address; the baseline value was blank.
2025-07,FlashReport_July_2025.pdf,59,Table 6: All Ongoing Projects,600,(705511) Odisha) Jharsuguda-Bilaspur Fourth Railway Line [206 km] Multi-States,SECR,Chhattisgarh,,,,IDENTIFIER_FOUND,VERIFIED_PARSER_FAILURE_WRAPPED_OR_BOUNDARY_IDENTIFIER,FlashReport_July_2025.pdf:p59; Table 6: All Ongoing Projects; sl_no=600,Validation extraction recovered source primary code 705616 at the same report/serial address; the baseline value was blank.
2025-07,FlashReport_July_2025.pdf,59,Table 6: All Ongoing Projects,601,(705616) Odisha) Mumbai-Ahmedabad High Speed Rail Project- 508 km Multi-States (Dadra & Nagar,705728,,,,,PARSER_FAILURE,SOURCE_PRIMARY_TOKEN_NOT_RECOVERED,FlashReport_July_2025.pdf:p59; Table 6: All Ongoing Projects; sl_no=601,"A numeric parenthetical token remains in extracted source text, but controlled validation did not safely bind it to this serial row."
2025-07,FlashReport_July_2025.pdf,59,Table 6: All Ongoing Projects,602,"& Diu, Gujarat, Maharashtra) New Delhi- Mumbai Speed Booster[160Kmph] Project Multi-States (Delhi, Gujarat, Madhya",705793,,,,,UNRESOLVED,AMBIGUOUS_OR_MALFORMED_SOURCE_LAYOUT,FlashReport_July_2025.pdf:p59; Table 6: All Ongoing Projects; sl_no=602,No primary or alternate identifier was recovered in controlled validation; no identity was inferred from project text.
2025-07,FlashReport_July_2025.pdf,59,Table 6: All Ongoing Projects,603,"Maharashtra, Rajasthan) Hospet - Tinaighat - Vasco Rail Doubling Project Multi-States (Goa,",RVNL - II,,,,,UNRESOLVED,AMBIGUOUS_OR_MALFORMED_SOURCE_LAYOUT,FlashReport_July_2025.pdf:p59; Table 6: All Ongoing Projects; sl_no=603,No primary or alternate identifier was recovered in controlled validation; no identity was inferred from project text.
2025-07,FlashReport_July_2025.pdf,59,Table 6: All Ongoing Projects,604,"Karnataka) (5060) (705650) Hospet-Hubli-Vasco da Gama Line Electrification Project Multi-States (Goa,",RVNL,,,,,PARSER_FAILURE,SOURCE_PRIMARY_TOKEN_NOT_RECOVERED,FlashReport_July_2025.pdf:p59; Table 6: All Ongoing Projects; sl_no=604,"A numeric parenthetical token remains in extracted source text, but controlled validation did not safely bind it to this serial row."
2025-07,FlashReport_July_2025.pdf,59,Table 6: All Ongoing Projects,605,"Karnataka) (1122.62) (706950) Western Dedicated Freight Corridor Multi-States (Gujarat, Haryana,",705237,Maharashtra,,,,PARSER_FAILURE,SOURCE_PRIMARY_TOKEN_NOT_RECOVERED,FlashReport_July_2025.pdf:p59; Table 6: All Ongoing Projects; sl_no=605,"A numeric parenthetical token remains in extracted source text, but controlled validation did not safely bind it to this serial row."
2025-07,FlashReport_July_2025.pdf,59,Table 6: All Ongoing Projects,606,"Rajasthan, Uttar Pradesh) New line Dahod-Indore via Sardarpur, Jabuwa and Dhar Multi-States",Western Railway [WR] - II,Gujarat,,,,IDENTIFIER_FOUND,VERIFIED_PARSER_FAILURE_WRAPPED_OR_BOUNDARY_IDENTIFIER,FlashReport_July_2025.pdf:p59; Table 6: All Ongoing Projects; sl_no=606,Validation extraction recovered source primary code 705453 at the same report/serial address; the baseline value was blank.
2025-07,FlashReport_July_2025.pdf,59,Table 6: All Ongoing Projects,607,(705453) Pradesh) Chhota Udaipur - Dhar New Line Project [157 km] Multi-States,Western Railway [WR] - II,Gujarat,,,,IDENTIFIER_FOUND,VERIFIED_PARSER_FAILURE_WRAPPED_OR_BOUNDARY_IDENTIFIER,FlashReport_July_2025.pdf:p59; Table 6: All Ongoing Projects; sl_no=607,Validation extraction recovered source primary code 705454 at the same report/serial address; the baseline value was blank.
2025-07,FlashReport_July_2025.pdf,59,Table 6: All Ongoing Projects,608,(705454) Pradesh) MUMBAI CENTRAL VIRAR VADODARA AHMEDABAAD TRAIN PROTECTION Multi-States SYSTEM 500 RKM,Western Railway,Gujarat,,,,PARSER_FAILURE,SOURCE_PRIMARY_TOKEN_NOT_RECOVERED,FlashReport_July_2025.pdf:p59; Table 6: All Ongoing Projects; sl_no=608,"A numeric parenthetical token remains in extracted source text, but controlled validation did not safely bind it to this serial row."
2025-07,FlashReport_July_2025.pdf,59,Table 6: All Ongoing Projects,609,Maharashtra) (611452) Taranga Hill-Abu Road via Ambaji Multi-States,North Western Railway [NWR],Gujarat,,,,IDENTIFIER_FOUND,VERIFIED_PARSER_FAILURE_WRAPPED_OR_BOUNDARY_IDENTIFIER,FlashReport_July_2025.pdf:p59; Table 6: All Ongoing Projects; sl_no=609,Validation extraction recovered source primary code 400022 at the same report/serial address; the baseline value was blank.
2025-07,FlashReport_July_2025.pdf,59,Table 6: All Ongoing Projects,610,(400022) Rajasthan) LUNI- SAMDARI- BHILDI DOUBLING Multi-States,North Western Railway [NWR],Gujarat,,,,IDENTIFIER_FOUND,VERIFIED_PARSER_FAILURE_WRAPPED_OR_BOUNDARY_IDENTIFIER,FlashReport_July_2025.pdf:p59; Table 6: All Ongoing Projects; sl_no=610,Validation extraction recovered source primary code 616842 at the same report/serial address; the baseline value was blank.
2025-07,FlashReport_July_2025.pdf,59,Table 6: All Ongoing Projects,611,(616842) Rajasthan) Chandigarh-Baddi New Rail Line- 36 km Multi-States,Northen Railway [NR],Haryana,,,,IDENTIFIER_FOUND,VERIFIED_PARSER_FAILURE_WRAPPED_OR_BOUNDARY_IDENTIFIER,FlashReport_July_2025.pdf:p59; Table 6: All Ongoing Projects; sl_no=611,Validation extraction recovered source primary code 705424 at the same report/serial address; the baseline value was blank.
2025-07,FlashReport_July_2025.pdf,59,Table 6: All Ongoing Projects,612,(705424) Himachal Pradesh) Rewari - Kathuwas Doubling Project [27.72 Km] Multi-States,North Western Railway [NWR],Haryana,,,,IDENTIFIER_FOUND,VERIFIED_PARSER_FAILURE_WRAPPED_OR_BOUNDARY_IDENTIFIER,FlashReport_July_2025.pdf:p59; Table 6: All Ongoing Projects; sl_no=612,Validation extraction recovered source primary code 611861 at the same report/serial address; the baseline value was blank.
2025-07,FlashReport_July_2025.pdf,59,Table 6: All Ongoing Projects,613,(611861) Rajasthan) Nangal Dam-Talwara New Broad Gauge Line [84 KM] and Taking Over Siding Multi-States Mukerian-Talwara [29 KM],Northen Railway [NR],,,,,PARSER_FAILURE,SOURCE_PRIMARY_TOKEN_NOT_RECOVERED,FlashReport_July_2025.pdf:p59; Table 6: All Ongoing Projects; sl_no=613,"A numeric parenthetical token remains in extracted source text, but controlled validation did not safely bind it to this serial row."
2025-07,FlashReport_July_2025.pdf,59,Table 6: All Ongoing Projects,614,"Pradesh, Punjab) (705410) Bhanupalli-Bilaspur-Beri New Railway Line Project Multi-States",RVNL - II,,,,,IDENTIFIER_FOUND,VERIFIED_PARSER_FAILURE_WRAPPED_OR_BOUNDARY_IDENTIFIER,FlashReport_July_2025.pdf:p59; Table 6: All Ongoing Projects; sl_no=614,Validation extraction recovered source primary code 705428 at the same report/serial address; the baseline value was blank.
2025-07,FlashReport_July_2025.pdf,59,Table 6: All Ongoing Projects,615,"(705428) Pradesh, Punjab) Doubling of Hatia [Ranchi]-Bondamunda Rail Line - 159 km Multi-States",South Eastern Railway - JH,Jharkhand,,,,IDENTIFIER_FOUND,VERIFIED_PARSER_FAILURE_WRAPPED_OR_BOUNDARY_IDENTIFIER,FlashReport_July_2025.pdf:p59; Table 6: All Ongoing Projects; sl_no=615,Validation extraction recovered source primary code 705628 at the same report/serial address; the baseline value was blank.
2025-07,FlashReport_July_2025.pdf,59,Table 6: All Ongoing Projects,616,"(705628) Odisha) Buramara-Chakulia new line [59.96 km] Multi-States (Jharkhand,",South Eastern Railway [SER] - I,,,,,IDENTIFIER_FOUND,VERIFIED_PARSER_FAILURE_WRAPPED_OR_BOUNDARY_IDENTIFIER,FlashReport_July_2025.pdf:p59; Table 6: All Ongoing Projects; sl_no=616,Validation extraction recovered source primary code 616588 at the same report/serial address; the baseline value was blank.
2025-07,FlashReport_July_2025.pdf,59,Table 6: All Ongoing Projects,617,"(616588) Odisha, West (-) (1459.13) Bengal) Chandil - Anara - Damodar - 3rd line [121.26 km] Multi-States",CAO/C/SER,Jharkhand,,,,IDENTIFIER_FOUND,VERIFIED_PARSER_FAILURE_WRAPPED_OR_BOUNDARY_IDENTIFIER,FlashReport_July_2025.pdf:p59; Table 6: All Ongoing Projects; sl_no=617,Validation extraction recovered source primary code 616227 at the same report/serial address; the baseline value was blank.
2025-07,FlashReport_July_2025.pdf,59,Table 6: All Ongoing Projects,618,(616227) Bengal) Murarai - Barharwa 3rd line Multi-States,Eastern Railway [ER] - II,Jharkhand,,,,IDENTIFIER_FOUND,VERIFIED_PARSER_FAILURE_WRAPPED_OR_BOUNDARY_IDENTIFIER,FlashReport_July_2025.pdf:p59; Table 6: All Ongoing Projects; sl_no=618,Validation extraction recovered source primary code 617240 at the same report/serial address; the baseline value was blank.
2025-07,FlashReport_July_2025.pdf,59,Table 6: All Ongoing Projects,619,(617240) Bengal) KHARAGPUR-ADITYAPUR THIRD RAIL LINE- 132 KM Multi-States,RVNL - II,Jharkhand,,,,IDENTIFIER_FOUND,VERIFIED_PARSER_FAILURE_WRAPPED_OR_BOUNDARY_IDENTIFIER,FlashReport_July_2025.pdf:p59; Table 6: All Ongoing Projects; sl_no=619,Validation extraction recovered source primary code 705668 at the same report/serial address; the baseline value was blank.
2025-07,FlashReport_July_2025.pdf,59,Table 6: All Ongoing Projects,620,(705668) Bengal) Hotgi-Kudgi-Gadag Doubling Project Multi-States,South Western Railway [SWR] - II,Karnataka,,,,IDENTIFIER_FOUND,VERIFIED_PARSER_FAILURE_WRAPPED_OR_BOUNDARY_IDENTIFIER,FlashReport_July_2025.pdf:p59; Table 6: All Ongoing Projects; sl_no=620,Validation extraction recovered source primary code 705662 at the same report/serial address; the baseline value was blank.
2025-07,FlashReport_July_2025.pdf,59,Table 6: All Ongoing Projects,621,(705662) Maharashtra) Baiyyappanahalli - Hosur Doubling Project [48 km] Multi-States,Karnataka Rail Infrastructure Development Company Limited [K-RIDE],Karnataka,,,,IDENTIFIER_FOUND,VERIFIED_PARSER_FAILURE_WRAPPED_OR_BOUNDARY_IDENTIFIER,FlashReport_July_2025.pdf:p59; Table 6: All Ongoing Projects; sl_no=621,Validation extraction recovered source primary code 703586 at the same report/serial address; the baseline value was blank.
2025-07,FlashReport_July_2025.pdf,59,Table 6: All Ongoing Projects,622,(703586) Nadu) Trivandrum- Kanyakumari Multi-States,SR-ERS,Kerala,,,,IDENTIFIER_FOUND,VERIFIED_PARSER_FAILURE_WRAPPED_OR_BOUNDARY_IDENTIFIER,FlashReport_July_2025.pdf:p59; Table 6: All Ongoing Projects; sl_no=622,Validation extraction recovered source primary code 705635 at the same report/serial address; the baseline value was blank.
2025-07,FlashReport_July_2025.pdf,59,Table 6: All Ongoing Projects,623,(705635) Nadu) Ratlam-Mhow-Khandwa-Akola Gauge Conversion Multi-States,Western Railway [WR] - II,Madhya Pradesh,,,,IDENTIFIER_FOUND,VERIFIED_PARSER_FAILURE_WRAPPED_OR_BOUNDARY_IDENTIFIER,FlashReport_July_2025.pdf:p59; Table 6: All Ongoing Projects; sl_no=623,Validation extraction recovered source primary code 705457 at the same report/serial address; the baseline value was blank.
2025-07,FlashReport_July_2025.pdf,59,Table 6: All Ongoing Projects,624,(705457) Maharashtra) Itarsi - Nagpur Third Railway Line [280 km] Multi-States,Central Railway [CR] - II,Madhya Pradesh,,,,IDENTIFIER_FOUND,VERIFIED_PARSER_FAILURE_WRAPPED_OR_BOUNDARY_IDENTIFIER,FlashReport_July_2025.pdf:p59; Table 6: All Ongoing Projects; sl_no=624,Validation extraction recovered source primary code 705507 at the same report/serial address; the baseline value was blank.
2025-07,FlashReport_July_2025.pdf,59,Table 6: All Ongoing Projects,625,(705507) Maharashtra) Gwalior - Seopurkala with extension to Kota [Gauge Conversion] Multi-States,North Central Railway,Madhya Pradesh,,,,IDENTIFIER_FOUND,VERIFIED_PARSER_FAILURE_WRAPPED_OR_BOUNDARY_IDENTIFIER,FlashReport_July_2025.pdf:p59; Table 6: All Ongoing Projects; sl_no=625,Validation extraction recovered source primary code 705419 at the same report/serial address; the baseline value was blank.
2025-07,FlashReport_July_2025.pdf,60,Table 6: All Ongoing Projects,626,(705419) Rajasthan) Ramganjmandi-Bhopal New Line Project [262 km] Multi-States,West Central Railway [WCR] - II,Madhya Pradesh,,,,IDENTIFIER_FOUND,VERIFIED_PARSER_FAILURE_WRAPPED_OR_BOUNDARY_IDENTIFIER,FlashReport_July_2025.pdf:p60; Table 6: All Ongoing Projects; sl_no=626,Validation extraction recovered source primary code 705481 at the same report/serial address; the baseline value was blank.
2025-07,FlashReport_July_2025.pdf,60,Table 6: All Ongoing Projects,627,(705481) Rajasthan) Nimach-Badi Sadri New Rail Line Project Multi-States,Western Railway [WR] - II,Madhya Pradesh,,,,IDENTIFIER_FOUND,VERIFIED_PARSER_FAILURE_WRAPPED_OR_BOUNDARY_IDENTIFIER,FlashReport_July_2025.pdf:p60; Table 6: All Ongoing Projects; sl_no=627,Validation extraction recovered source primary code 705764 at the same report/serial address; the baseline value was blank.
2025-07,FlashReport_July_2025.pdf,60,Table 6: All Ongoing Projects,628,"(705764) Rajasthan) Mathura-Jhansi Third Railway Line [274 Km] Multi-States (Madhya Pradesh,",RVNL - II,,,,,IDENTIFIER_FOUND,VERIFIED_PARSER_FAILURE_WRAPPED_OR_BOUNDARY_IDENTIFIER,FlashReport_July_2025.pdf:p60; Table 6: All Ongoing Projects; sl_no=628,Validation extraction recovered source primary code 705667 at the same report/serial address; the baseline value was blank.
2025-07,FlashReport_July_2025.pdf,60,Table 6: All Ongoing Projects,629,"Rajasthan, Uttar (5961) Pradesh) Jhansi - Bina Third Railway Line [153 Km] Multi-States",CAO/C/NCR,Madhya Pradesh,,,,IDENTIFIER_FOUND,VERIFIED_PARSER_FAILURE_WRAPPED_OR_BOUNDARY_IDENTIFIER,FlashReport_July_2025.pdf:p60; Table 6: All Ongoing Projects; sl_no=629,Validation extraction recovered source primary code 705598 at the same report/serial address; the baseline value was blank.
2025-07,FlashReport_July_2025.pdf,60,Table 6: All Ongoing Projects,630,(705598) Uttar Pradesh) Jhansi-Khairar-Manikpur & Khirar-Bhimsen Multi-States,North Central Railway,Madhya Pradesh,,,,IDENTIFIER_FOUND,VERIFIED_PARSER_FAILURE_WRAPPED_OR_BOUNDARY_IDENTIFIER,FlashReport_July_2025.pdf:p60; Table 6: All Ongoing Projects; sl_no=630,Validation extraction recovered source primary code 705608 at the same report/serial address; the baseline value was blank.
2025-07,FlashReport_July_2025.pdf,60,Table 6: All Ongoing Projects,631,(705608) Uttar Pradesh) Third Line [new] between Kazipet - Balharshah with electrification [201.04 Km] Multi-States,South Central Railway [SCR] - II,Maharashtra,,,,IDENTIFIER_FOUND,VERIFIED_PARSER_FAILURE_WRAPPED_OR_BOUNDARY_IDENTIFIER,FlashReport_July_2025.pdf:p60; Table 6: All Ongoing Projects; sl_no=631,Validation extraction recovered source primary code 705613 at the same report/serial address; the baseline value was blank.
2025-07,FlashReport_July_2025.pdf,60,Table 6: All Ongoing Projects,632,(705613) Telangana) Narayangarh-Bhadrak 3rd line Multi-States,South Eastern Railway [SER] - I,Odisha,,,,IDENTIFIER_FOUND,VERIFIED_PARSER_FAILURE_WRAPPED_OR_BOUNDARY_IDENTIFIER,FlashReport_July_2025.pdf:p60; Table 6: All Ongoing Projects; sl_no=632,Validation extraction recovered source primary code 705629 at the same report/serial address; the baseline value was blank.
2025-07,FlashReport_July_2025.pdf,60,Table 6: All Ongoing Projects,633,(705629) Bengal) Nagapattinam-Tiruturaipundi and Karaikal-Peralam New Line Multi-States,Southern Railway [SR] - II,Puducherry,,,,IDENTIFIER_FOUND,VERIFIED_PARSER_FAILURE_WRAPPED_OR_BOUNDARY_IDENTIFIER,FlashReport_July_2025.pdf:p60; Table 6: All Ongoing Projects; sl_no=633,Validation extraction recovered source primary code 400223 at the same report/serial address; the baseline value was blank.
2025-07,FlashReport_July_2025.pdf,60,Table 6: All Ongoing Projects,634,(400223) Nadu) Sivok-Rangpo New Rail Line Multi-States,Indian Railway Construction International Limited [IRCON],Sikkim,,,,IDENTIFIER_FOUND,VERIFIED_PARSER_FAILURE_WRAPPED_OR_BOUNDARY_IDENTIFIER,FlashReport_July_2025.pdf:p60; Table 6: All Ongoing Projects; sl_no=634,Validation extraction recovered source primary code 705432 at the same report/serial address; the baseline value was blank.
2025-07,FlashReport_July_2025.pdf,60,Table 6: All Ongoing Projects,635,"(705432) Bengal) Sainthia, Sitarampur, Mughalsarai, Allahabad & Etawah - Bypass Line Project Multi-States (Uttar",Eastern Railway [ER] - I,,,,,IDENTIFIER_FOUND,VERIFIED_PARSER_FAILURE_WRAPPED_OR_BOUNDARY_IDENTIFIER,FlashReport_July_2025.pdf:p60; Table 6: All Ongoing Projects; sl_no=635,Validation extraction recovered source primary code 602797 at the same report/serial address; the baseline value was blank.
2025-07,FlashReport_July_2025.pdf,63,Table 6: All Ongoing Projects,724,SETTING UP OF PHYSICAL INFRASTRUCTURE FOR THE NATIONAL INSTITUTE OF COMMUNICATION FINANCE [NICF] AT GHITORNI,,Delhi,,,,UNRESOLVED,AMBIGUOUS_OR_MALFORMED_SOURCE_LAYOUT,FlashReport_July_2025.pdf:p63; Table 6: All Ongoing Projects; sl_no=724,No primary or alternate identifier was recovered in controlled validation; no identity was inferred from project text.
2025-07,FlashReport_July_2025.pdf,63,Table 6: All Ongoing Projects,726,"Mobile connectivity in Left Wing Extremism [LWE] affected areas-Phase2 Multi-States (Andhra Pradesh, (701599) Bihar, Chhattisgarh, Jharkhand,",Department of Telecommunications [DoT],Madhya Pradesh,,,,IDENTIFIER_FOUND,VERIFIED_PARSER_FAILURE_WRAPPED_OR_BOUNDARY_IDENTIFIER,FlashReport_July_2025.pdf:p63; Table 6: All Ongoing Projects; sl_no=726,Validation extraction recovered source primary code 701599 at the same report/serial address; the baseline value was blank.
2025-07,FlashReport_July_2025.pdf,63,Table 6: All Ongoing Projects,727,"Maharashtra, Odisha, Telangana, Uttar Pradesh, West Bengal) Provision of 4G based mobile services in 7,287 uncovered villages of 44 Aspirational Multi-States District across 5 states of Andhra Pradesh, Chhattisgarh, Jharkhand, Maharashtra & (Andhra Pradesh, Odisha Chhattisgarh,",,,,,,IDENTIFIER_FOUND,VERIFIED_PARSER_FAILURE_WRAPPED_OR_BOUNDARY_IDENTIFIER,FlashReport_July_2025.pdf:p63; Table 6: All Ongoing Projects; sl_no=727,Validation extraction recovered source primary code 701602 at the same report/serial address; the baseline value was blank.
2025-07,FlashReport_July_2025.pdf,63,Table 6: All Ongoing Projects,728,"Jharkhand, (3685) (701602) Maharashtra, Odisha) Provision of 4G Mobile Services in Uncovered Villages of Arunachal Pradesh and Multi-States Districts of Assam",Department of Telecommunications [DoT],,,,,PARSER_FAILURE,SOURCE_PRIMARY_TOKEN_NOT_RECOVERED,FlashReport_July_2025.pdf:p63; Table 6: All Ongoing Projects; sl_no=728,"A numeric parenthetical token remains in extracted source text, but controlled validation did not safely bind it to this serial row."
2025-07,FlashReport_July_2025.pdf,63,Table 6: All Ongoing Projects,729,"Pradesh, Assam) (701597) 354 Uncovered Villages Scheme Multi-States (Bihar, Gujarat, (701600) Himachal Pradesh,",Department of Telecommunications [DoT],,,,,IDENTIFIER_FOUND,VERIFIED_PARSER_FAILURE_WRAPPED_OR_BOUNDARY_IDENTIFIER,FlashReport_July_2025.pdf:p63; Table 6: All Ongoing Projects; sl_no=729,Validation extraction recovered source primary code 701600 at the same report/serial address; the baseline value was blank.
2025-07,FlashReport_July_2025.pdf,63,Table 6: All Ongoing Projects,730,"Kashmir, Ladakh, Rajasthan, Uttar Pradesh) 502 Aspirational District Scheme in Four states - Bihar, Madhya Pradesh, Rajastha Multi-States and Uttar Pradesh (Bihar, Madhya",Department of Telecommunications [DoT],,,,,IDENTIFIER_FOUND,VERIFIED_PARSER_FAILURE_WRAPPED_OR_BOUNDARY_IDENTIFIER,FlashReport_July_2025.pdf:p63; Table 6: All Ongoing Projects; sl_no=730,Validation extraction recovered source primary code 704495 at the same report/serial address; the baseline value was blank.
2025-07,FlashReport_July_2025.pdf,63,Table 6: All Ongoing Projects,731,"(704495) Rajasthan, Uttar Pradesh) PHASE-I OF CONSOLIDATION OF EXISTING CDR DATA CENTERS AND NIB-P3 Multi-States DATA CENTERS WITH STATE OF THE ART",BSNL,Maharashtra,,,,PARSER_FAILURE,SOURCE_PRIMARY_TOKEN_NOT_RECOVERED,FlashReport_July_2025.pdf:p63; Table 6: All Ongoing Projects; sl_no=731,"A numeric parenthetical token remains in extracted source text, but controlled validation did not safely bind it to this serial row."
2025-08,FlashReport_August_2025.pdf,37,Table 6: All Ongoing Projects,10,"Construction of NTB complex including apron, taxi track and other associated civil works and electrical & mechanical installations towards Tawi River side at CA Jammu. Jammu and",,,,,,UNRESOLVED,AMBIGUOUS_OR_MALFORMED_SOURCE_LAYOUT,FlashReport_August_2025.pdf:p37; Table 6: All Ongoing Projects; sl_no=10,No primary or alternate identifier was recovered in controlled validation; no identity was inferred from project text.
2025-08,FlashReport_August_2025.pdf,37,Table 6: All Ongoing Projects,16,"SITC of ATM Automation System and ASMGCS [Including SMR & MLAT] for Mumbai, Multi-States Navi Mumbai, Jewar [earlier MOPA, without ASMGCS], HIAL & BIAL (Karnataka, NA",Airport Authority of India [AAI],Maharashtra,,,,IDENTIFIER_FOUND,VERIFIED_PARSER_FAILURE_WRAPPED_OR_BOUNDARY_IDENTIFIER,FlashReport_August_2025.pdf:p37; Table 6: All Ongoing Projects; sl_no=16,Validation extraction recovered source primary code 611570 at the same report/serial address; the baseline value was blank.
2025-08,FlashReport_August_2025.pdf,37,Table 6: All Ongoing Projects,19,"Widening of basic strip at Western Side of Runway Chainage 80m to 920m i/c slope stabilization Measures [Balance work] of uphill and Improvement of Storm Water Drainage System at Pakyong Airport, Sikkim on design & build basis [EPC] with",,Sikkim,,,,UNRESOLVED,AMBIGUOUS_OR_MALFORMED_SOURCE_LAYOUT,FlashReport_August_2025.pdf:p37; Table 6: All Ongoing Projects; sl_no=19,No primary or alternate identifier was recovered in controlled validation; no identity was inferred from project text.
2025-08,FlashReport_August_2025.pdf,40,Table 6: All Ongoing Projects,108,Master Plan for Jharia and Raniganj Coalfields Multi-States,Bharat Coking Coal Limited [BCCL],Jharkhand,,,,IDENTIFIER_FOUND,VERIFIED_PARSER_FAILURE_WRAPPED_OR_BOUNDARY_IDENTIFIER,FlashReport_August_2025.pdf:p40; Table 6: All Ongoing Projects; sl_no=108,Validation extraction recovered source primary code 400313 at the same report/serial address; the baseline value was blank.
2025-08,FlashReport_August_2025.pdf,40,Table 6: All Ongoing Projects,109,(400313) Bengal) BINA KAKRI AMALGAMATION EXPANS Multi-States,Northern Coalfields Limited [NCL],Madhya Pradesh,,,,IDENTIFIER_FOUND,VERIFIED_PARSER_FAILURE_WRAPPED_OR_BOUNDARY_IDENTIFIER,FlashReport_August_2025.pdf:p40; Table 6: All Ongoing Projects; sl_no=109,Validation extraction recovered source primary code 400369 at the same report/serial address; the baseline value was blank.
2025-08,FlashReport_August_2025.pdf,40,Table 6: All Ongoing Projects,110,(400369) Uttar Pradesh) KHADIA EXPANSION [10 TO 16 MTP Multi-States,Northern Coalfields Limited [NCL],Madhya Pradesh,,,,IDENTIFIER_FOUND,VERIFIED_PARSER_FAILURE_WRAPPED_OR_BOUNDARY_IDENTIFIER,FlashReport_August_2025.pdf:p40; Table 6: All Ongoing Projects; sl_no=110,Validation extraction recovered source primary code 615183 at the same report/serial address; the baseline value was blank.
2025-08,FlashReport_August_2025.pdf,42,Table 6: All Ongoing Projects,164,"Pakal Dul [Drangdhuran] Hydroelectric Project, 1000 MW Jammu and",National Highways & Infrastructure Development Corporation Ltd. [NHIDCL],,,,,UNRESOLVED,AMBIGUOUS_OR_MALFORMED_SOURCE_LAYOUT,FlashReport_August_2025.pdf:p42; Table 6: All Ongoing Projects; sl_no=164,No primary or alternate identifier was recovered in controlled validation; no identity was inferred from project text.
2025-08,FlashReport_August_2025.pdf,42,Table 6: All Ongoing Projects,165,Kashmir () () (12728) (602525) Kiru HE Project Jammu and,National Highways & Infrastructure Development Corporation Ltd. [NHIDCL],,,,,PARSER_FAILURE,SOURCE_PRIMARY_TOKEN_NOT_RECOVERED,FlashReport_August_2025.pdf:p42; Table 6: All Ongoing Projects; sl_no=165,"A numeric parenthetical token remains in extracted source text, but controlled validation did not safely bind it to this serial row."
2025-08,FlashReport_August_2025.pdf,42,Table 6: All Ongoing Projects,166,"Kashmir () () (5409) (602532) Ratle HE Project - 850 MW, Ratle Hydroelectric Power Corporation Limited. Jammu and",National Highways & Infrastructure Development Corporation Ltd. [NHIDCL],,,,,PARSER_FAILURE,SOURCE_PRIMARY_TOKEN_NOT_RECOVERED,FlashReport_August_2025.pdf:p42; Table 6: All Ongoing Projects; sl_no=166,"A numeric parenthetical token remains in extracted source text, but controlled validation did not safely bind it to this serial row."
2025-08,FlashReport_August_2025.pdf,42,Table 6: All Ongoing Projects,167,Kashmir () () (5281.94) (602535) Kwar HE Project Jammu and,National Highways & Infrastructure Development Corporation Ltd. [NHIDCL],,,,,PARSER_FAILURE,SOURCE_PRIMARY_TOKEN_NOT_RECOVERED,FlashReport_August_2025.pdf:p42; Table 6: All Ongoing Projects; sl_no=167,"A numeric parenthetical token remains in extracted source text, but controlled validation did not safely bind it to this serial row."
2025-08,FlashReport_August_2025.pdf,42,Table 6: All Ongoing Projects,170,Subansiri Lower HE Project [2000 MW] Multi-States,National Highways & Infrastructure Development Corporation Ltd. [NHIDCL],,,,,IDENTIFIER_FOUND,VERIFIED_PARSER_FAILURE_WRAPPED_OR_BOUNDARY_IDENTIFIER,FlashReport_August_2025.pdf:p42; Table 6: All Ongoing Projects; sl_no=170,Validation extraction recovered source primary code 602096 at the same report/serial address; the baseline value was blank.
2025-08,FlashReport_August_2025.pdf,44,Table 6: All Ongoing Projects,200,Transmission system for evacuation of Power from Pakaldul HEP in Chenab Valley HEPs - LTA System Jammu and,,,,,,UNRESOLVED,AMBIGUOUS_OR_MALFORMED_SOURCE_LAYOUT,FlashReport_August_2025.pdf:p44; Table 6: All Ongoing Projects; sl_no=200,No primary or alternate identifier was recovered in controlled validation; no identity was inferred from project text.
2025-08,FlashReport_August_2025.pdf,44,Table 6: All Ongoing Projects,201,Kashmir () () (318.12) (608302) Transmission Scheme for evacuation of Power from Ratle HEP [850 MW] & kiru [624 MW] Part B Jammu and,Power Grid Corporation of India Limited [POWERGRID],,,,,PARSER_FAILURE,SOURCE_PRIMARY_TOKEN_NOT_RECOVERED,FlashReport_August_2025.pdf:p44; Table 6: All Ongoing Projects; sl_no=201,"A numeric parenthetical token remains in extracted source text, but controlled validation did not safely bind it to this serial row."
2025-08,FlashReport_August_2025.pdf,44,Table 6: All Ongoing Projects,210,Transmission System for Integration of Kurnool-IV REZ Phase-I [for 4.5 GW] Multi-States [POWERGRID Kurnool-IV Transmission Limited],Power Grid Corporation of India Limited [POWERGRID],Andhra Pradesh,,,,UNRESOLVED,AMBIGUOUS_OR_MALFORMED_SOURCE_LAYOUT,FlashReport_August_2025.pdf:p44; Table 6: All Ongoing Projects; sl_no=210,No primary or alternate identifier was recovered in controlled validation; no identity was inferred from project text.
2025-08,FlashReport_August_2025.pdf,44,Table 6: All Ongoing Projects,211,Karnataka) (617185) Transmission System for Kurnool Wind Energy Zone/ Solar Energy Zone Part-A and Multi-States Part-B,Power Grid Corporation of India Limited [POWERGRID],Andhra Pradesh,,,,PARSER_FAILURE,SOURCE_PRIMARY_TOKEN_NOT_RECOVERED,FlashReport_August_2025.pdf:p44; Table 6: All Ongoing Projects; sl_no=211,"A numeric parenthetical token remains in extracted source text, but controlled validation did not safely bind it to this serial row."
2025-08,FlashReport_August_2025.pdf,44,Table 6: All Ongoing Projects,212,Telangana) (900808) Comprehensive Scheme for Strengthening of Transmission and Distribution [T&D] Multi-States Systems [CSST&DS] in Arunachal Pradesh and Sikkim,Power Grid Corporation of India Limited [POWERGRID],,,,,PARSER_FAILURE,SOURCE_PRIMARY_TOKEN_NOT_RECOVERED,FlashReport_August_2025.pdf:p44; Table 6: All Ongoing Projects; sl_no=212,"A numeric parenthetical token remains in extracted source text, but controlled validation did not safely bind it to this serial row."
2025-08,FlashReport_August_2025.pdf,44,Table 6: All Ongoing Projects,213,"Pradesh, Sikkim) (602223) NORTH EASTERN REGION POWER SYSTEM IMPROVEMENT PROJECT Multi-States [NERPSIP] (Assam, Manipur,",Power Grid Corporation of India Limited [POWERGRID],Meghalaya,,,,IDENTIFIER_FOUND,VERIFIED_PARSER_FAILURE_WRAPPED_OR_BOUNDARY_IDENTIFIER,FlashReport_August_2025.pdf:p44; Table 6: All Ongoing Projects; sl_no=213,Validation extraction recovered source primary code 607709 at the same report/serial address; the baseline value was blank.
2025-08,FlashReport_August_2025.pdf,44,Table 6: All Ongoing Projects,214,"(607709) Mizoram, Nagaland, Tripura) Eastern Region Expansion Scheme-43 [ERES-43] Multi-States",Power Grid Corporation of India Limited [POWERGRID],Odisha,,,,IDENTIFIER_FOUND,VERIFIED_PARSER_FAILURE_WRAPPED_OR_BOUNDARY_IDENTIFIER,FlashReport_August_2025.pdf:p44; Table 6: All Ongoing Projects; sl_no=214,Validation extraction recovered source primary code 617271 at the same report/serial address; the baseline value was blank.
2025-08,FlashReport_August_2025.pdf,44,Table 6: All Ongoing Projects,215,(617271) West Bengal) Eastern Region Expansion Scheme-44 [ERES-44] Multi-States,Power Grid Corporation of India Limited [POWERGRID],Bihar,,,,IDENTIFIER_FOUND,VERIFIED_PARSER_FAILURE_WRAPPED_OR_BOUNDARY_IDENTIFIER,FlashReport_August_2025.pdf:p44; Table 6: All Ongoing Projects; sl_no=215,Validation extraction recovered source primary code 617270 at the same report/serial address; the baseline value was blank.
2025-08,FlashReport_August_2025.pdf,44,Table 6: All Ongoing Projects,216,(617270) Bengal) Transmission Network Expansion in Gujarat to increase its ATC from ISTS Part B Multi-States (Dadra & Nagar,400005,,,,,PARSER_FAILURE,SOURCE_PRIMARY_TOKEN_NOT_RECOVERED,FlashReport_August_2025.pdf:p44; Table 6: All Ongoing Projects; sl_no=216,"A numeric parenthetical token remains in extracted source text, but controlled validation did not safely bind it to this serial row."
2025-08,FlashReport_August_2025.pdf,44,Table 6: All Ongoing Projects,217,"& Diu, Gujarat, Maharashtra) Transmission System Strengthening Scheme for evacuation of power from SEZ in Multi-States (Delhi, Rajasthan 8.1 GW under Phase II Part G",Power Grid Corporation of India Limited [POWERGRID],Haryana,,,,UNRESOLVED,AMBIGUOUS_OR_MALFORMED_SOURCE_LAYOUT,FlashReport_August_2025.pdf:p44; Table 6: All Ongoing Projects; sl_no=217,No primary or alternate identifier was recovered in controlled validation; no identity was inferred from project text.
2025-08,FlashReport_August_2025.pdf,44,Table 6: All Ongoing Projects,218,"Rajasthan) (608922) Transmission system for evacuation of power from REZ in Rajasthan 20GW under Phase-III Part J Multi-States (Delhi,",,,,,,PARSER_FAILURE,SOURCE_PRIMARY_TOKEN_NOT_RECOVERED,FlashReport_August_2025.pdf:p44; Table 6: All Ongoing Projects; sl_no=218,"A numeric parenthetical token remains in extracted source text, but controlled validation did not safely bind it to this serial row."
2025-08,FlashReport_August_2025.pdf,44,Table 6: All Ongoing Projects,219,"Rajasthan) () () (331) (611735) Transmission Scheme for Evacuation of power from REZ in Rajasthan [20 GW] under Phase-III Part D [Sikar Khetri Transmission Ltd] Multi-States (Delhi,",Power Grid Corporation of India Limited [POWERGRID],,,,,PARSER_FAILURE,SOURCE_PRIMARY_TOKEN_NOT_RECOVERED,FlashReport_August_2025.pdf:p44; Table 6: All Ongoing Projects; sl_no=219,"A numeric parenthetical token remains in extracted source text, but controlled validation did not safely bind it to this serial row."
2025-08,FlashReport_August_2025.pdf,45,Table 6: All Ongoing Projects,220,Rajasthan) () () (2000) (612132) TRANSMISSION SYSTEM FOR EVACUATION OF POWER FROM POTENTIAL RENEWABLE ENERGY ZONE IN KHAVDA AREA OF GUJARAT UNDER PHASE-V Multi-States,Power Grid Corporation of India Limited [POWERGRID],Gujarat,,,,PARSER_FAILURE,SOURCE_PRIMARY_TOKEN_NOT_RECOVERED,FlashReport_August_2025.pdf:p45; Table 6: All Ongoing Projects; sl_no=220,"A numeric parenthetical token remains in extracted source text, but controlled validation did not safely bind it to this serial row."
2025-08,FlashReport_August_2025.pdf,45,Table 6: All Ongoing Projects,221,Maharashtra) (615347) Transmission system for evacuation of power from Rajasthan REZ Ph-IV [Part- 3/6GW] [Bikaner complex] Part A [SPV Name POWERGRID Bikaner IV Transmission Multi-States,Power Grid Corporation of India Limited [POWERGRID],Haryana,,,,PARSER_FAILURE,SOURCE_PRIMARY_TOKEN_NOT_RECOVERED,FlashReport_August_2025.pdf:p45; Table 6: All Ongoing Projects; sl_no=221,"A numeric parenthetical token remains in extracted source text, but controlled validation did not safely bind it to this serial row."
2025-08,FlashReport_August_2025.pdf,45,Table 6: All Ongoing Projects,222,Rajasthan) (615339) TRANSMISSION SYSTEM FOR EVACUATION OF POWER FROM RAJASTHAN REZ PH-IV [PART-3/ 6 GW] [BIKANER COMPLEX] PART B [SPV Name Multi-States,Power Grid Corporation of India Limited [POWERGRID],Haryana,,,,PARSER_FAILURE,SOURCE_PRIMARY_TOKEN_NOT_RECOVERED,FlashReport_August_2025.pdf:p45; Table 6: All Ongoing Projects; sl_no=222,"A numeric parenthetical token remains in extracted source text, but controlled validation did not safely bind it to this serial row."
2025-08,FlashReport_August_2025.pdf,45,Table 6: All Ongoing Projects,223,Rajasthan) (615340) Transmission System for Strengthening of Srinagar-Leh Tr. System Multi-States,Power Grid Corporation of India Limited [POWERGRID],,,,,IDENTIFIER_FOUND,VERIFIED_PARSER_FAILURE_WRAPPED_OR_BOUNDARY_IDENTIFIER,FlashReport_August_2025.pdf:p45; Table 6: All Ongoing Projects; sl_no=223,Validation extraction recovered source primary code 606781 at the same report/serial address; the baseline value was blank.
2025-08,FlashReport_August_2025.pdf,45,Table 6: All Ongoing Projects,224,"(606781) Kashmir, Ladakh) Transmission Scheme for Solar Energy Zone in Bidar [2500 MW], Karnataka [Bidar Multi-States Transmission Ltd]",Power Grid Corporation of India Limited [POWERGRID],Karnataka,,,,PARSER_FAILURE,SOURCE_PRIMARY_TOKEN_NOT_RECOVERED,FlashReport_August_2025.pdf:p45; Table 6: All Ongoing Projects; sl_no=224,"A numeric parenthetical token remains in extracted source text, but controlled validation did not safely bind it to this serial row."
2025-08,FlashReport_August_2025.pdf,45,Table 6: All Ongoing Projects,225,Telangana) (612138) Transmission System for Evacuation of Power from Rajasthan REZ Ph-IV [Part-2 5. GW] [Jaisalmer/Barmer Complex] Part D [SPV Name POWERGRID Beawar Multi-States,,Madhya Pradesh,,,,PARSER_FAILURE,SOURCE_PRIMARY_TOKEN_NOT_RECOVERED,FlashReport_August_2025.pdf:p45; Table 6: All Ongoing Projects; sl_no=225,"A numeric parenthetical token remains in extracted source text, but controlled validation did not safely bind it to this serial row."
2025-08,FlashReport_August_2025.pdf,45,Table 6: All Ongoing Projects,226,Rajasthan) (615333) Transmission System for Evacuation of Power from Rajasthan REZ Ph-IV [Part-2 5. GW] [Jaisalmer/Barmer Complex] Part E [SPV Name POWERGRID Mewar Multi-States,Power Grid Corporation of India Limited [POWERGRID],Madhya Pradesh,,,,PARSER_FAILURE,SOURCE_PRIMARY_TOKEN_NOT_RECOVERED,FlashReport_August_2025.pdf:p45; Table 6: All Ongoing Projects; sl_no=226,"A numeric parenthetical token remains in extracted source text, but controlled validation did not safely bind it to this serial row."
2025-08,FlashReport_August_2025.pdf,45,Table 6: All Ongoing Projects,227,Rajasthan) (615334) Rajasthan REZ Ph-V [Part-1- 4 GW] [Sirohi/Nagaur] Complex [Rajasthan V Power Multi-States Transmission Limited],Power Grid Corporation of India Limited [POWERGRID],Madhya Pradesh,,,,PARSER_FAILURE,SOURCE_PRIMARY_TOKEN_NOT_RECOVERED,FlashReport_August_2025.pdf:p45; Table 6: All Ongoing Projects; sl_no=227,"A numeric parenthetical token remains in extracted source text, but controlled validation did not safely bind it to this serial row."
2025-08,FlashReport_August_2025.pdf,45,Table 6: All Ongoing Projects,228,Rajasthan) (617186) Transmission System for Evacuation of power from Rajasthan REZ Ph-IV [Part-1] Multi-States [Bikaner Complex] Part D [Neemrana Bareilly Transmission Ltd],Power Grid Corporation of India Limited [POWERGRID],Rajasthan,,,,PARSER_FAILURE,SOURCE_PRIMARY_TOKEN_NOT_RECOVERED,FlashReport_August_2025.pdf:p45; Table 6: All Ongoing Projects; sl_no=228,"A numeric parenthetical token remains in extracted source text, but controlled validation did not safely bind it to this serial row."
2025-08,FlashReport_August_2025.pdf,45,Table 6: All Ongoing Projects,229,Pradesh) (612133) Transmission System for evacuation of Power from Rajasthan REZ Ph-IV [Part-4 Multi-States GW] Part A [SPV name POWERGRID Ghiror Transmission Limited],Power Grid Corporation of India Limited [POWERGRID],Rajasthan,,,,PARSER_FAILURE,SOURCE_PRIMARY_TOKEN_NOT_RECOVERED,FlashReport_August_2025.pdf:p45; Table 6: All Ongoing Projects; sl_no=229,"A numeric parenthetical token remains in extracted source text, but controlled validation did not safely bind it to this serial row."
2025-08,FlashReport_August_2025.pdf,46,Table 6: All Ongoing Projects,246,"Integrated Command control Center [ICCC] - Construction and Development of Integrated Command Control Center with Security, Surveillance, ITMS, Connecting Andaman &",,,,,,UNRESOLVED,AMBIGUOUS_OR_MALFORMED_SOURCE_LAYOUT,FlashReport_August_2025.pdf:p46; Table 6: All Ongoing Projects; sl_no=246,No primary or alternate identifier was recovered in controlled validation; no identity was inferred from project text.
2025-08,FlashReport_August_2025.pdf,47,Table 6: All Ongoing Projects,267,"Delhi Metro Rail Phase-IV [Rithala - Kundli Corridor] Multi-States (Delhi,",Delhi Metro Rail Corporation Limited [DMRC],,,,,UNRESOLVED,AMBIGUOUS_OR_MALFORMED_SOURCE_LAYOUT,FlashReport_August_2025.pdf:p47; Table 6: All Ongoing Projects; sl_no=267,No primary or alternate identifier was recovered in controlled validation; no identity was inferred from project text.
2025-08,FlashReport_August_2025.pdf,47,Table 6: All Ongoing Projects,268,"Haryana) () (-) (6230.99) (617206) Delhi-Ghaziabad-Meerut Regional Rapid Transit System [RRTS] corridor Multi-States (Delhi,",National Capital Region Transport Corporation [NCRTC],,,,,PARSER_FAILURE,SOURCE_PRIMARY_TOKEN_NOT_RECOVERED,FlashReport_August_2025.pdf:p47; Table 6: All Ongoing Projects; sl_no=268,"A numeric parenthetical token remains in extracted source text, but controlled validation did not safely bind it to this serial row."
2025-08,FlashReport_August_2025.pdf,47,Table 6: All Ongoing Projects,274,Storm water drainag Development Project Dadra & Nagar NA,ministry of housing and urban affairs,,,,,IDENTIFIER_FOUND,VERIFIED_PARSER_FAILURE_WRAPPED_OR_BOUNDARY_IDENTIFIER,FlashReport_August_2025.pdf:p47; Table 6: All Ongoing Projects; sl_no=274,Validation extraction recovered source primary code 702355 at the same report/serial address; the baseline value was blank.
2025-08,FlashReport_August_2025.pdf,48,Table 6: All Ongoing Projects,296,"Construction of Basement + Ground Floor+ 10 Storeyed building for State of the Art Director General, GSI Building at plot No.GN-40, Sector-V, Salt Lake, Kolkata",,West Bengal,,,,UNRESOLVED,AMBIGUOUS_OR_MALFORMED_SOURCE_LAYOUT,FlashReport_August_2025.pdf:p48; Table 6: All Ongoing Projects; sl_no=296,No primary or alternate identifier was recovered in controlled validation; no identity was inferred from project text.
2025-08,FlashReport_August_2025.pdf,48,Table 6: All Ongoing Projects,316,"Construction of Permanent Campus for IIM Jammu Phase-1 at Jagti, Nagrota, Jammu, J&K Jammu and",,,,,,UNRESOLVED,AMBIGUOUS_OR_MALFORMED_SOURCE_LAYOUT,FlashReport_August_2025.pdf:p48; Table 6: All Ongoing Projects; sl_no=316,No primary or alternate identifier was recovered in controlled validation; no identity was inferred from project text.
2025-08,FlashReport_August_2025.pdf,49,Table 6: All Ongoing Projects,339,"Setting up a common user Petroleum Terminal at Jammu, J&K for resitement of existing PSU OMC's Depots from Jammu City Jammu and NA",,,,,,UNRESOLVED,AMBIGUOUS_OR_MALFORMED_SOURCE_LAYOUT,FlashReport_August_2025.pdf:p49; Table 6: All Ongoing Projects; sl_no=339,No primary or alternate identifier was recovered in controlled validation; no identity was inferred from project text.
2025-08,FlashReport_August_2025.pdf,49,Table 6: All Ongoing Projects,341,Srikakulam Angul Gas Pipeline Project Multi-States NA,Ministry of Petroleum & Natural Gas,Andhra Pradesh,,,,IDENTIFIER_FOUND,VERIFIED_PARSER_FAILURE_WRAPPED_OR_BOUNDARY_IDENTIFIER,FlashReport_August_2025.pdf:p49; Table 6: All Ongoing Projects; sl_no=341,Validation extraction recovered source primary code 701343 at the same report/serial address; the baseline value was blank.
2025-08,FlashReport_August_2025.pdf,49,Table 6: All Ongoing Projects,342,(701343) Odisha) Rajasthan Refinery Project Multi-States (Arunachal NA,MinistryofPetroleumNaturalGas,,,,,IDENTIFIER_FOUND,VERIFIED_PARSER_FAILURE_WRAPPED_OR_BOUNDARY_IDENTIFIER,FlashReport_August_2025.pdf:p49; Table 6: All Ongoing Projects; sl_no=342,Validation extraction recovered source primary code 701263 at the same report/serial address; the baseline value was blank.
2025-08,FlashReport_August_2025.pdf,49,Table 6: All Ongoing Projects,343,"Pradesh, Gujarat, () () (79459) Rajasthan) Paradip-Numaligarh Crude Oil Pipeline [PNCPL] & Crude Oil Import Terminal [COIT] Multi-States at Paradip (Assam, Bihar, NA",Ministry of Petroleum & Natural Gas,Jharkhand,,,,IDENTIFIER_FOUND,VERIFIED_PARSER_FAILURE_WRAPPED_OR_BOUNDARY_IDENTIFIER,FlashReport_August_2025.pdf:p49; Table 6: All Ongoing Projects; sl_no=343,Validation extraction recovered source primary code 701349 at the same report/serial address; the baseline value was blank.
2025-08,FlashReport_August_2025.pdf,49,Table 6: All Ongoing Projects,344,"(701349) Odisha, West Bengal) New Mundra Panipat Crude Oil Pipeline Multi-States NA",Ministry of Petroleum & Natural Gas,Gujarat,,,,IDENTIFIER_FOUND,VERIFIED_PARSER_FAILURE_WRAPPED_OR_BOUNDARY_IDENTIFIER,FlashReport_August_2025.pdf:p49; Table 6: All Ongoing Projects; sl_no=344,Validation extraction recovered source primary code 400078 at the same report/serial address; the baseline value was blank.
2025-08,FlashReport_August_2025.pdf,50,Table 6: All Ongoing Projects,345,"(400078) Rajasthan) Kandla Gorakhpur LPG Pipeline Multi-States (Gujarat, Madhya NA",Ministry of Petroleum & Natural Gas,,,,,IDENTIFIER_FOUND,VERIFIED_PARSER_FAILURE_WRAPPED_OR_BOUNDARY_IDENTIFIER,FlashReport_August_2025.pdf:p50; Table 6: All Ongoing Projects; sl_no=345,Validation extraction recovered source primary code 400012 at the same report/serial address; the baseline value was blank.
2025-08,FlashReport_August_2025.pdf,50,Table 6: All Ongoing Projects,346,"Pradesh, Uttar () () (10088) Pradesh) Multi Product Pipeline from Irugur to Devangonthi Multi-States NA","Department of Water Resources, River Development & GR",Karnataka,,,,IDENTIFIER_FOUND,VERIFIED_PARSER_FAILURE_WRAPPED_OR_BOUNDARY_IDENTIFIER,FlashReport_August_2025.pdf:p50; Table 6: All Ongoing Projects; sl_no=346,Validation extraction recovered source primary code 400301 at the same report/serial address; the baseline value was blank.
2025-08,FlashReport_August_2025.pdf,51,Table 6: All Ongoing Projects,387,"City Gas Distribution Project at Jammu, Udhampur, Reasi, Samba and Kathua Districts Jammu and NA",,,,,,UNRESOLVED,AMBIGUOUS_OR_MALFORMED_SOURCE_LAYOUT,FlashReport_August_2025.pdf:p51; Table 6: All Ongoing Projects; sl_no=387,No primary or alternate identifier was recovered in controlled validation; no identity was inferred from project text.
2025-08,FlashReport_August_2025.pdf,52,Table 6: All Ongoing Projects,407,"Visakh Raipur Pipeline Project Multi-States (Andhra Pradesh, NA",Ministry of Petroleum and Natural Gas,,,,,IDENTIFIER_FOUND,VERIFIED_PARSER_FAILURE_WRAPPED_OR_BOUNDARY_IDENTIFIER,FlashReport_August_2025.pdf:p52; Table 6: All Ongoing Projects; sl_no=407,Validation extraction recovered source primary code 616254 at the same report/serial address; the baseline value was blank.
2025-08,FlashReport_August_2025.pdf,52,Table 6: All Ongoing Projects,408,"Chhattisgarh, () () (2212) Odisha) North East Gas Grid Multi-States (Arunachal (701346) Pradesh, Assam, Manipur, NA",616254,Meghalaya,,,,IDENTIFIER_FOUND,VERIFIED_PARSER_FAILURE_WRAPPED_OR_BOUNDARY_IDENTIFIER,FlashReport_August_2025.pdf:p52; Table 6: All Ongoing Projects; sl_no=408,Validation extraction recovered source primary code 701346 at the same report/serial address; the baseline value was blank.
2025-08,FlashReport_August_2025.pdf,52,Table 6: All Ongoing Projects,409,"Mizoram, Nagaland, Sikkim, Tripura, West Bengal) Upgradation of Facilities of Numaligarh-Siliguri Product Pipeline [NSPL] for Multi-States transportation of additional products from existing 1.72 MMTPA to 5.5 MMTPA NA",Ministry of Petroleum & Natural Gas,Assam,,,,UNRESOLVED,AMBIGUOUS_OR_MALFORMED_SOURCE_LAYOUT,FlashReport_August_2025.pdf:p52; Table 6: All Ongoing Projects; sl_no=409,No primary or alternate identifier was recovered in controlled validation; no identity was inferred from project text.
2025-08,FlashReport_August_2025.pdf,52,Table 6: All Ongoing Projects,411,"Mumbai Nagpur Jharsuguda Pipeline Project Multi-States (Chhattisgarh, NA",701354,Madhya Pradesh,,,,UNRESOLVED,AMBIGUOUS_OR_MALFORMED_SOURCE_LAYOUT,FlashReport_August_2025.pdf:p52; Table 6: All Ongoing Projects; sl_no=411,No primary or alternate identifier was recovered in controlled validation; no identity was inferred from project text.
2025-08,FlashReport_August_2025.pdf,52,Table 6: All Ongoing Projects,412,"Maharashtra, Odisha) Mehsana-Bhatinda & Bhatinda-Jammu Natural Gas Pipeline Multi-States (Gujarat, Haryana, NA",Ministry of Petroleum & Natural Gas,,,,,IDENTIFIER_FOUND,VERIFIED_PARSER_FAILURE_WRAPPED_OR_BOUNDARY_IDENTIFIER,FlashReport_August_2025.pdf:p52; Table 6: All Ongoing Projects; sl_no=412,Validation extraction recovered source primary code 701330 at the same report/serial address; the baseline value was blank.
2025-08,FlashReport_August_2025.pdf,52,Table 6: All Ongoing Projects,413,"Punjab, () () (7392) Rajasthan) Gurdaspur Jammu Pipeline Multi-States NA",Gas Authority of India Limited [GAIL],,,,,IDENTIFIER_FOUND,VERIFIED_PARSER_FAILURE_WRAPPED_OR_BOUNDARY_IDENTIFIER,FlashReport_August_2025.pdf:p52; Table 6: All Ongoing Projects; sl_no=413,Validation extraction recovered source primary code 612853 at the same report/serial address; the baseline value was blank.
2025-08,FlashReport_August_2025.pdf,52,Table 6: All Ongoing Projects,414,"(612853) Kashmir, Punjab) Kochi - Koottanad - Bangalore - Mangalore Pipeline Phase-II Multi-States (Karnataka, NA",Ministry of Petroleum & Natural Gas,,,,,IDENTIFIER_FOUND,VERIFIED_PARSER_FAILURE_WRAPPED_OR_BOUNDARY_IDENTIFIER,FlashReport_August_2025.pdf:p52; Table 6: All Ongoing Projects; sl_no=414,Validation extraction recovered source primary code 701228 at the same report/serial address; the baseline value was blank.
2025-08,FlashReport_August_2025.pdf,52,Table 6: All Ongoing Projects,415,"Kerala, Tamil () () (5909) Nadu) City Gas Distribution Maharashtra Natural Gas Limited Multi-States NA",Ministry of Petroleum & Natural Gas,Karnataka,,,,IDENTIFIER_FOUND,VERIFIED_PARSER_FAILURE_WRAPPED_OR_BOUNDARY_IDENTIFIER,FlashReport_August_2025.pdf:p52; Table 6: All Ongoing Projects; sl_no=415,Validation extraction recovered source primary code 701338 at the same report/serial address; the baseline value was blank.
2025-08,FlashReport_August_2025.pdf,52,Table 6: All Ongoing Projects,416,(701338) Maharashtra) Dhamra Haldia Pipeline Project Multi-States NA,Ministry of Petroleum & Natural Gas,Odisha,,,,IDENTIFIER_FOUND,VERIFIED_PARSER_FAILURE_WRAPPED_OR_BOUNDARY_IDENTIFIER,FlashReport_August_2025.pdf:p52; Table 6: All Ongoing Projects; sl_no=416,Validation extraction recovered source primary code 701344 at the same report/serial address; the baseline value was blank.
2025-08,FlashReport_August_2025.pdf,52,Table 6: All Ongoing Projects,417,"(701344) Bengal) City Gas Distribution Projects at Fazilka [except area already authorized], Ganganagar Multi-States and Hanumangarh districts NA",Bharat Petroleum Corporation Limited [BPCL],Punjab,,,,PARSER_FAILURE,SOURCE_PRIMARY_TOKEN_NOT_RECOVERED,FlashReport_August_2025.pdf:p52; Table 6: All Ongoing Projects; sl_no=417,"A numeric parenthetical token remains in extracted source text, but controlled validation did not safely bind it to this serial row."
2025-08,FlashReport_August_2025.pdf,53,Table 6: All Ongoing Projects,443,AIIMS Kashmir at Awantipora Jammu & Kashmir Jammu and,Central Public Works Department [CPWD],,,,,UNRESOLVED,AMBIGUOUS_OR_MALFORMED_SOURCE_LAYOUT,FlashReport_August_2025.pdf:p53; Table 6: All Ongoing Projects; sl_no=443,No primary or alternate identifier was recovered in controlled validation; no identity was inferred from project text.
2025-08,FlashReport_August_2025.pdf,53,Table 6: All Ongoing Projects,447,"Jal Marg Vikas Project Multi-States (Bihar, Jharkhand,",Inland Waterways Authority of India [IWAI],,,,,IDENTIFIER_FOUND,VERIFIED_PARSER_FAILURE_WRAPPED_OR_BOUNDARY_IDENTIFIER,FlashReport_August_2025.pdf:p53; Table 6: All Ongoing Projects; sl_no=447,Validation extraction recovered source primary code 701565 at the same report/serial address; the baseline value was blank.
2025-08,FlashReport_August_2025.pdf,57,Table 6: All Ongoing Projects,553,NEW BG LINE INTERSECTION [5 NOS] BETWEEN GERATPUR-SANAND & BOTAD-AHMEDABAD [16.51 KM] [PB#29/NR/202 NA,SECR,Gujarat,,,,UNRESOLVED,AMBIGUOUS_OR_MALFORMED_SOURCE_LAYOUT,FlashReport_August_2025.pdf:p57; Table 6: All Ongoing Projects; sl_no=553,No primary or alternate identifier was recovered in controlled validation; no identity was inferred from project text.
2025-08,FlashReport_August_2025.pdf,59,Table 6: All Ongoing Projects,604,Marikuppam - Kuppam New Line Project [23.70 Km] Multi-States,South Western Railway [SWR] - II,Andhra Pradesh,,,,IDENTIFIER_FOUND,VERIFIED_PARSER_FAILURE_WRAPPED_OR_BOUNDARY_IDENTIFIER,FlashReport_August_2025.pdf:p59; Table 6: All Ongoing Projects; sl_no=604,Validation extraction recovered source primary code 705491 at the same report/serial address; the baseline value was blank.
2025-08,FlashReport_August_2025.pdf,59,Table 6: All Ongoing Projects,605,(705491) Karnataka) Rayadurg-Tumkur via Kalyandurg New Line [207 km] Multi-States,South Western Railway [SWR] - II,Andhra Pradesh,,,,IDENTIFIER_FOUND,VERIFIED_PARSER_FAILURE_WRAPPED_OR_BOUNDARY_IDENTIFIER,FlashReport_August_2025.pdf:p59; Table 6: All Ongoing Projects; sl_no=605,Validation extraction recovered source primary code 705494 at the same report/serial address; the baseline value was blank.
2025-08,FlashReport_August_2025.pdf,59,Table 6: All Ongoing Projects,606,"(705494) Karnataka) Renigunta, Wadi & Gooty Bypass Railway Project Multi-States",South Central Railway [SCR] - I,Andhra Pradesh,,,,IDENTIFIER_FOUND,VERIFIED_PARSER_FAILURE_WRAPPED_OR_BOUNDARY_IDENTIFIER,FlashReport_August_2025.pdf:p59; Table 6: All Ongoing Projects; sl_no=606,Validation extraction recovered source primary code 705610 at the same report/serial address; the baseline value was blank.
2025-08,FlashReport_August_2025.pdf,59,Table 6: All Ongoing Projects,607,"(705610) Karnataka) Doubling between Mudkhed Medchal & Mahbubnagar Dhone section 417.88 Km Multi-States (Andhra Pradesh,",South Central Railway [SCR] - II,,,,,IDENTIFIER_FOUND,VERIFIED_PARSER_FAILURE_WRAPPED_OR_BOUNDARY_IDENTIFIER,FlashReport_August_2025.pdf:p59; Table 6: All Ongoing Projects; sl_no=607,Validation extraction recovered source primary code 617212 at the same report/serial address; the baseline value was blank.
2025-08,FlashReport_August_2025.pdf,59,Table 6: All Ongoing Projects,608,"Maharashtra, () (-) (4686.09) Telangana) Vizianagaram - Titlagarh 3rd line [272 Km including By - pass line of 7.68 KM] Multi-States",RVNL - II,Andhra Pradesh,,,,IDENTIFIER_FOUND,VERIFIED_PARSER_FAILURE_WRAPPED_OR_BOUNDARY_IDENTIFIER,FlashReport_August_2025.pdf:p59; Table 6: All Ongoing Projects; sl_no=608,Validation extraction recovered source primary code 400253 at the same report/serial address; the baseline value was blank.
2025-08,FlashReport_August_2025.pdf,59,Table 6: All Ongoing Projects,609,(400253) Odisha) Doubling of Kottavalasa-Koraput Rail Line [189 KM] Multi-States,East Coast Railway [ECoR] - II,Andhra Pradesh,,,,IDENTIFIER_FOUND,VERIFIED_PARSER_FAILURE_WRAPPED_OR_BOUNDARY_IDENTIFIER,FlashReport_August_2025.pdf:p59; Table 6: All Ongoing Projects; sl_no=609,Validation extraction recovered source primary code 705512 at the same report/serial address; the baseline value was blank.
2025-08,FlashReport_August_2025.pdf,59,Table 6: All Ongoing Projects,610,(705512) Odisha) Vizianagaram-Sambhalpur 3rd Line Project Multi-States NA,RVNL,Andhra Pradesh,,,,IDENTIFIER_FOUND,VERIFIED_PARSER_FAILURE_WRAPPED_OR_BOUNDARY_IDENTIFIER,FlashReport_August_2025.pdf:p59; Table 6: All Ongoing Projects; sl_no=610,Validation extraction recovered source primary code 705520 at the same report/serial address; the baseline value was blank.
2025-08,FlashReport_August_2025.pdf,59,Table 6: All Ongoing Projects,611,"(705520) Odisha) Malkangiri Pandurangapuram new railway line project Multi-States (Andhra Pradesh,",Indian Railways,,,,,IDENTIFIER_FOUND,VERIFIED_PARSER_FAILURE_WRAPPED_OR_BOUNDARY_IDENTIFIER,FlashReport_August_2025.pdf:p59; Table 6: All Ongoing Projects; sl_no=611,Validation extraction recovered source primary code 616702 at the same report/serial address; the baseline value was blank.
2025-08,FlashReport_August_2025.pdf,59,Table 6: All Ongoing Projects,612,"Odisha, () (-) (3591.76) Telangana) Tindivanam-Nagari New Line Project [184.5 km] Multi-States",Southern Railway [SR] - II,Andhra Pradesh,,,,IDENTIFIER_FOUND,VERIFIED_PARSER_FAILURE_WRAPPED_OR_BOUNDARY_IDENTIFIER,FlashReport_August_2025.pdf:p59; Table 6: All Ongoing Projects; sl_no=612,Validation extraction recovered source primary code 400275 at the same report/serial address; the baseline value was blank.
2025-08,FlashReport_August_2025.pdf,59,Table 6: All Ongoing Projects,613,(400275) Tamil Nadu) Doubling between Motumari Vishnupuram - 88.81 Km and Rail over Rail - RoR at Multi-States Motumari - 10.877 Km NA,South Central Railway [SCR] - II,Andhra Pradesh,,,,PARSER_FAILURE,SOURCE_PRIMARY_TOKEN_NOT_RECOVERED,FlashReport_August_2025.pdf:p59; Table 6: All Ongoing Projects; sl_no=613,"A numeric parenthetical token remains in extracted source text, but controlled validation did not safely bind it to this serial row."
2025-08,FlashReport_August_2025.pdf,59,Table 6: All Ongoing Projects,614,Telangana) (616857) Doubling of Guntur Bibinagar 239 Km Multi-States,South Central Railway [SCR] - II,Andhra Pradesh,,,,IDENTIFIER_FOUND,VERIFIED_PARSER_FAILURE_WRAPPED_OR_BOUNDARY_IDENTIFIER,FlashReport_August_2025.pdf:p59; Table 6: All Ongoing Projects; sl_no=614,Validation extraction recovered source primary code 617211 at the same report/serial address; the baseline value was blank.
2025-08,FlashReport_August_2025.pdf,59,Table 6: All Ongoing Projects,615,(617211) Telangana) Rail Connectivity to Errupalem Amravati Namburu 57 Km Multi-States,South Central Railway [SCR] - II,Andhra Pradesh,,,,IDENTIFIER_FOUND,VERIFIED_PARSER_FAILURE_WRAPPED_OR_BOUNDARY_IDENTIFIER,FlashReport_August_2025.pdf:p59; Table 6: All Ongoing Projects; sl_no=615,Validation extraction recovered source primary code 617214 at the same report/serial address; the baseline value was blank.
2025-08,FlashReport_August_2025.pdf,59,Table 6: All Ongoing Projects,616,(617214) Telangana) Kazipet-Vijayawada 3rd line with electrification [220 km] Multi-States,South Central Railway [SCR] - II,Andhra Pradesh,,,,IDENTIFIER_FOUND,VERIFIED_PARSER_FAILURE_WRAPPED_OR_BOUNDARY_IDENTIFIER,FlashReport_August_2025.pdf:p59; Table 6: All Ongoing Projects; sl_no=616,Validation extraction recovered source primary code 705612 at the same report/serial address; the baseline value was blank.
2025-08,FlashReport_August_2025.pdf,59,Table 6: All Ongoing Projects,617,(705612) Telangana) Vijayawada - Kazipet Byepass line Multi-States,South Central Railway [SCR] - II,Andhra Pradesh,,,,IDENTIFIER_FOUND,VERIFIED_PARSER_FAILURE_WRAPPED_OR_BOUNDARY_IDENTIFIER,FlashReport_August_2025.pdf:p59; Table 6: All Ongoing Projects; sl_no=617,Validation extraction recovered source primary code 705632 at the same report/serial address; the baseline value was blank.
2025-08,FlashReport_August_2025.pdf,59,Table 6: All Ongoing Projects,618,(705632) Telangana) Murkongselek-Pasighat Multi-States NA,Northeast Frontier Railway (NFR,,,,,IDENTIFIER_FOUND,VERIFIED_PARSER_FAILURE_WRAPPED_OR_BOUNDARY_IDENTIFIER,FlashReport_August_2025.pdf:p59; Table 6: All Ongoing Projects; sl_no=618,Validation extraction recovered source primary code 705401 at the same report/serial address; the baseline value was blank.
2025-08,FlashReport_August_2025.pdf,59,Table 6: All Ongoing Projects,619,"(705401) Pradesh, Assam) Lumding Furkating Doubling Project 140 km Multi-States NA",Northeast Frontier Railway [NFR],Assam,,,,IDENTIFIER_FOUND,VERIFIED_PARSER_FAILURE_WRAPPED_OR_BOUNDARY_IDENTIFIER,FlashReport_August_2025.pdf:p59; Table 6: All Ongoing Projects; sl_no=619,Validation extraction recovered source primary code 616701 at the same report/serial address; the baseline value was blank.
2025-08,FlashReport_August_2025.pdf,59,Table 6: All Ongoing Projects,620,(616701) Nagaland) Dimapur [Dhansiri]-Sukhobi Kohima [Zubza] NL [82.5 Km] Multi-States,Northeast Frontier Railway [NFR],Assam,,,,IDENTIFIER_FOUND,VERIFIED_PARSER_FAILURE_WRAPPED_OR_BOUNDARY_IDENTIFIER,FlashReport_August_2025.pdf:p59; Table 6: All Ongoing Projects; sl_no=620,Validation extraction recovered source primary code 705392 at the same report/serial address; the baseline value was blank.
2025-08,FlashReport_August_2025.pdf,59,Table 6: All Ongoing Projects,621,"(705392) Nagaland) New Delhi- Howrah Speed Booster[160Kmph] Project Multi-States (Bihar, Delhi, NA",705794,Jharkhand,,,,PARSER_FAILURE,SOURCE_PRIMARY_TOKEN_NOT_RECOVERED,FlashReport_August_2025.pdf:p59; Table 6: All Ongoing Projects; sl_no=621,"A numeric parenthetical token remains in extracted source text, but controlled validation did not safely bind it to this serial row."
2025-08,FlashReport_August_2025.pdf,60,Table 6: All Ongoing Projects,626,NER Provision of Automatic Block Signalling on Gorakhpur Cantt[Excl] Chhapra Multi-States Gramin & Burhwal Jn [Excl] Sitapur Jn section of high density routes NA,North Eastern Railway [NER],Bihar,,,,UNRESOLVED,AMBIGUOUS_OR_MALFORMED_SOURCE_LAYOUT,FlashReport_August_2025.pdf:p60; Table 6: All Ongoing Projects; sl_no=626,No primary or alternate identifier was recovered in controlled validation; no identity was inferred from project text.
2025-08,FlashReport_August_2025.pdf,60,Table 6: All Ongoing Projects,627,Pradesh) (611669) Gorakhpur-Valmikinagar Doubling project Multi-States NA,NER,Bihar,,,,IDENTIFIER_FOUND,VERIFIED_PARSER_FAILURE_WRAPPED_OR_BOUNDARY_IDENTIFIER,FlashReport_August_2025.pdf:p60; Table 6: All Ongoing Projects; sl_no=627,Validation extraction recovered source primary code 617224 at the same report/serial address; the baseline value was blank.
2025-08,FlashReport_August_2025.pdf,60,Table 6: All Ongoing Projects,628,(617224) Pradesh) Chhapra-Ballia Patch Doubling Multi-States,North Eastern Railway [NER],Bihar,,,,IDENTIFIER_FOUND,VERIFIED_PARSER_FAILURE_WRAPPED_OR_BOUNDARY_IDENTIFIER,FlashReport_August_2025.pdf:p60; Table 6: All Ongoing Projects; sl_no=628,Validation extraction recovered source primary code 705562 at the same report/serial address; the baseline value was blank.
2025-08,FlashReport_August_2025.pdf,60,Table 6: All Ongoing Projects,629,(705562) Pradesh) Katihar - Kumedpur Doubling Line Project Multi-States,GM/C/ NFR,Bihar,,,,IDENTIFIER_FOUND,VERIFIED_PARSER_FAILURE_WRAPPED_OR_BOUNDARY_IDENTIFIER,FlashReport_August_2025.pdf:p60; Table 6: All Ongoing Projects; sl_no=629,Validation extraction recovered source primary code 706844 at the same report/serial address; the baseline value was blank.
2025-08,FlashReport_August_2025.pdf,60,Table 6: All Ongoing Projects,630,(706844) Bengal) Rajnandgaon - Nagpur [Kalumna] Third Railway Line [228.30 km] Multi-States,South East Central Railway [SECR] - II,Chhattisgarh,,,,IDENTIFIER_FOUND,VERIFIED_PARSER_FAILURE_WRAPPED_OR_BOUNDARY_IDENTIFIER,FlashReport_August_2025.pdf:p60; Table 6: All Ongoing Projects; sl_no=630,Validation extraction recovered source primary code 705617 at the same report/serial address; the baseline value was blank.
2025-08,FlashReport_August_2025.pdf,60,Table 6: All Ongoing Projects,631,(705617) Maharashtra) Jagdalpur-Koraput Multi-States,East Coast Railway [ECoR] - II,Chhattisgarh,,,,IDENTIFIER_FOUND,VERIFIED_PARSER_FAILURE_WRAPPED_OR_BOUNDARY_IDENTIFIER,FlashReport_August_2025.pdf:p60; Table 6: All Ongoing Projects; sl_no=631,Validation extraction recovered source primary code 705511 at the same report/serial address; the baseline value was blank.
2025-08,FlashReport_August_2025.pdf,60,Table 6: All Ongoing Projects,632,(705511) Odisha) Jharsuguda-Bilaspur Fourth Railway Line [206 km] Multi-States,SECR,Chhattisgarh,,,,IDENTIFIER_FOUND,VERIFIED_PARSER_FAILURE_WRAPPED_OR_BOUNDARY_IDENTIFIER,FlashReport_August_2025.pdf:p60; Table 6: All Ongoing Projects; sl_no=632,Validation extraction recovered source primary code 705616 at the same report/serial address; the baseline value was blank.
2025-08,FlashReport_August_2025.pdf,60,Table 6: All Ongoing Projects,633,(705616) Odisha) Mumbai-Ahmedabad High Speed Rail Project- 508 km Multi-States (Dadra & Nagar,705728,,,,,PARSER_FAILURE,SOURCE_PRIMARY_TOKEN_NOT_RECOVERED,FlashReport_August_2025.pdf:p60; Table 6: All Ongoing Projects; sl_no=633,"A numeric parenthetical token remains in extracted source text, but controlled validation did not safely bind it to this serial row."
2025-08,FlashReport_August_2025.pdf,60,Table 6: All Ongoing Projects,634,"& Diu, Gujarat, Maharashtra) New Delhi- Mumbai Speed Booster[160Kmph] Project Multi-States (Delhi, Gujarat, Madhya NA",705793,,,,,UNRESOLVED,AMBIGUOUS_OR_MALFORMED_SOURCE_LAYOUT,FlashReport_August_2025.pdf:p60; Table 6: All Ongoing Projects; sl_no=634,No primary or alternate identifier was recovered in controlled validation; no identity was inferred from project text.
2025-08,FlashReport_August_2025.pdf,60,Table 6: All Ongoing Projects,635,"Maharashtra, Rajasthan) Hospet - Tinaighat - Vasco Rail Doubling Project Multi-States (Goa,",RVNL - II,,,,,UNRESOLVED,AMBIGUOUS_OR_MALFORMED_SOURCE_LAYOUT,FlashReport_August_2025.pdf:p60; Table 6: All Ongoing Projects; sl_no=635,No primary or alternate identifier was recovered in controlled validation; no identity was inferred from project text.
2025-08,FlashReport_August_2025.pdf,60,Table 6: All Ongoing Projects,636,"Karnataka) () () (5060) (705650) Hospet-Hubli-Vasco da Gama Line Electrification Project Multi-States (Goa, NA",RVNL,,,,,PARSER_FAILURE,SOURCE_PRIMARY_TOKEN_NOT_RECOVERED,FlashReport_August_2025.pdf:p60; Table 6: All Ongoing Projects; sl_no=636,"A numeric parenthetical token remains in extracted source text, but controlled validation did not safely bind it to this serial row."
2025-08,FlashReport_August_2025.pdf,60,Table 6: All Ongoing Projects,637,"Karnataka) () () (1122.62) (706950) Western Dedicated Freight Corridor Multi-States (Gujarat, Haryana,",705237,Maharashtra,,,,PARSER_FAILURE,SOURCE_PRIMARY_TOKEN_NOT_RECOVERED,FlashReport_August_2025.pdf:p60; Table 6: All Ongoing Projects; sl_no=637,"A numeric parenthetical token remains in extracted source text, but controlled validation did not safely bind it to this serial row."
2025-08,FlashReport_August_2025.pdf,60,Table 6: All Ongoing Projects,638,"Rajasthan, Uttar Pradesh) New line Dahod-Indore via Sardarpur, Jabuwa and Dhar Multi-States",Western Railway [WR] - II,Gujarat,,,,IDENTIFIER_FOUND,VERIFIED_PARSER_FAILURE_WRAPPED_OR_BOUNDARY_IDENTIFIER,FlashReport_August_2025.pdf:p60; Table 6: All Ongoing Projects; sl_no=638,Validation extraction recovered source primary code 705453 at the same report/serial address; the baseline value was blank.
2025-08,FlashReport_August_2025.pdf,60,Table 6: All Ongoing Projects,639,(705453) Pradesh) Chhota Udaipur - Dhar New Line Project [157 km] Multi-States,Western Railway [WR] - II,Gujarat,,,,IDENTIFIER_FOUND,VERIFIED_PARSER_FAILURE_WRAPPED_OR_BOUNDARY_IDENTIFIER,FlashReport_August_2025.pdf:p60; Table 6: All Ongoing Projects; sl_no=639,Validation extraction recovered source primary code 705454 at the same report/serial address; the baseline value was blank.
2025-08,FlashReport_August_2025.pdf,60,Table 6: All Ongoing Projects,640,(705454) Pradesh) MUMBAI CENTRAL VIRAR VADODARA AHMEDABAAD TRAIN PROTECTION Multi-States SYSTEM 500 RKM,Western Railway,Gujarat,,,,PARSER_FAILURE,SOURCE_PRIMARY_TOKEN_NOT_RECOVERED,FlashReport_August_2025.pdf:p60; Table 6: All Ongoing Projects; sl_no=640,"A numeric parenthetical token remains in extracted source text, but controlled validation did not safely bind it to this serial row."
2025-08,FlashReport_August_2025.pdf,60,Table 6: All Ongoing Projects,641,Maharashtra) (611452) Taranga Hill-Abu Road via Ambaji Multi-States,North Western Railway [NWR],Gujarat,,,,IDENTIFIER_FOUND,VERIFIED_PARSER_FAILURE_WRAPPED_OR_BOUNDARY_IDENTIFIER,FlashReport_August_2025.pdf:p60; Table 6: All Ongoing Projects; sl_no=641,Validation extraction recovered source primary code 400022 at the same report/serial address; the baseline value was blank.
2025-08,FlashReport_August_2025.pdf,60,Table 6: All Ongoing Projects,642,(400022) Rajasthan) LUNI- SAMDARI- BHILDI DOUBLING Multi-States,North Western Railway [NWR],Gujarat,,,,IDENTIFIER_FOUND,VERIFIED_PARSER_FAILURE_WRAPPED_OR_BOUNDARY_IDENTIFIER,FlashReport_August_2025.pdf:p60; Table 6: All Ongoing Projects; sl_no=642,Validation extraction recovered source primary code 616842 at the same report/serial address; the baseline value was blank.
2025-08,FlashReport_August_2025.pdf,60,Table 6: All Ongoing Projects,643,(616842) Rajasthan) Chandigarh-Baddi New Rail Line- 36 km Multi-States,Northen Railway [NR],Haryana,,,,IDENTIFIER_FOUND,VERIFIED_PARSER_FAILURE_WRAPPED_OR_BOUNDARY_IDENTIFIER,FlashReport_August_2025.pdf:p60; Table 6: All Ongoing Projects; sl_no=643,Validation extraction recovered source primary code 705424 at the same report/serial address; the baseline value was blank.
2025-08,FlashReport_August_2025.pdf,60,Table 6: All Ongoing Projects,644,(705424) Himachal Pradesh) Rewari - Kathuwas Doubling Project [27.72 Km] Multi-States,North Western Railway [NWR],Haryana,,,,IDENTIFIER_FOUND,VERIFIED_PARSER_FAILURE_WRAPPED_OR_BOUNDARY_IDENTIFIER,FlashReport_August_2025.pdf:p60; Table 6: All Ongoing Projects; sl_no=644,Validation extraction recovered source primary code 611861 at the same report/serial address; the baseline value was blank.
2025-08,FlashReport_August_2025.pdf,60,Table 6: All Ongoing Projects,645,(611861) Rajasthan) Nangal Dam-Talwara New Broad Gauge Line [84 KM] and Taking Over Siding Multi-States Mukerian-Talwara [29 KM],Northen Railway [NR],,,,,PARSER_FAILURE,SOURCE_PRIMARY_TOKEN_NOT_RECOVERED,FlashReport_August_2025.pdf:p60; Table 6: All Ongoing Projects; sl_no=645,"A numeric parenthetical token remains in extracted source text, but controlled validation did not safely bind it to this serial row."
2025-08,FlashReport_August_2025.pdf,60,Table 6: All Ongoing Projects,646,"Pradesh, Punjab) (705410) Bhanupalli-Bilaspur-Beri New Railway Line Project Multi-States",RVNL - II,,,,,IDENTIFIER_FOUND,VERIFIED_PARSER_FAILURE_WRAPPED_OR_BOUNDARY_IDENTIFIER,FlashReport_August_2025.pdf:p60; Table 6: All Ongoing Projects; sl_no=646,Validation extraction recovered source primary code 705428 at the same report/serial address; the baseline value was blank.
2025-08,FlashReport_August_2025.pdf,60,Table 6: All Ongoing Projects,647,"(705428) Pradesh, Punjab) Doubling of Hatia [Ranchi]-Bondamunda Rail Line - 159 km Multi-States",South Eastern Railway - JH,Jharkhand,,,,IDENTIFIER_FOUND,VERIFIED_PARSER_FAILURE_WRAPPED_OR_BOUNDARY_IDENTIFIER,FlashReport_August_2025.pdf:p60; Table 6: All Ongoing Projects; sl_no=647,Validation extraction recovered source primary code 705628 at the same report/serial address; the baseline value was blank.
2025-08,FlashReport_August_2025.pdf,60,Table 6: All Ongoing Projects,648,"(705628) Odisha) Buramara-Chakulia new line [59.96 km] Multi-States (Jharkhand,",South Eastern Railway [SER] - I,,,,,IDENTIFIER_FOUND,VERIFIED_PARSER_FAILURE_WRAPPED_OR_BOUNDARY_IDENTIFIER,FlashReport_August_2025.pdf:p60; Table 6: All Ongoing Projects; sl_no=648,Validation extraction recovered source primary code 616588 at the same report/serial address; the baseline value was blank.
2025-08,FlashReport_August_2025.pdf,60,Table 6: All Ongoing Projects,649,"Odisha, West () (-) (1459.13) Bengal) Chandil - Anara - Damodar - 3rd line [121.26 km] Multi-States NA",CAO/C/SER,Jharkhand,,,,IDENTIFIER_FOUND,VERIFIED_PARSER_FAILURE_WRAPPED_OR_BOUNDARY_IDENTIFIER,FlashReport_August_2025.pdf:p60; Table 6: All Ongoing Projects; sl_no=649,Validation extraction recovered source primary code 616227 at the same report/serial address; the baseline value was blank.
2025-08,FlashReport_August_2025.pdf,60,Table 6: All Ongoing Projects,650,(616227) Bengal) KHARAGPUR-ADITYAPUR THIRD RAIL LINE- 132 KM Multi-States,RVNL - II,Jharkhand,,,,IDENTIFIER_FOUND,VERIFIED_PARSER_FAILURE_WRAPPED_OR_BOUNDARY_IDENTIFIER,FlashReport_August_2025.pdf:p60; Table 6: All Ongoing Projects; sl_no=650,Validation extraction recovered source primary code 705668 at the same report/serial address; the baseline value was blank.
2025-08,FlashReport_August_2025.pdf,60,Table 6: All Ongoing Projects,651,(705668) Bengal) Hotgi-Kudgi-Gadag Doubling Project Multi-States,South Western Railway [SWR] - II,Karnataka,,,,IDENTIFIER_FOUND,VERIFIED_PARSER_FAILURE_WRAPPED_OR_BOUNDARY_IDENTIFIER,FlashReport_August_2025.pdf:p60; Table 6: All Ongoing Projects; sl_no=651,Validation extraction recovered source primary code 705662 at the same report/serial address; the baseline value was blank.
2025-08,FlashReport_August_2025.pdf,60,Table 6: All Ongoing Projects,652,(705662) Maharashtra) Baiyyappanahalli - Hosur Doubling Project [48 km] Multi-States,Karnataka Rail Infrastructure Development Company Limited [K-RIDE],Karnataka,,,,IDENTIFIER_FOUND,VERIFIED_PARSER_FAILURE_WRAPPED_OR_BOUNDARY_IDENTIFIER,FlashReport_August_2025.pdf:p60; Table 6: All Ongoing Projects; sl_no=652,Validation extraction recovered source primary code 703586 at the same report/serial address; the baseline value was blank.
2025-08,FlashReport_August_2025.pdf,61,Table 6: All Ongoing Projects,653,(703586) Nadu) Trivandrum- Kanyakumari Multi-States,Southern Railway (SR,Kerala,,,,IDENTIFIER_FOUND,VERIFIED_PARSER_FAILURE_WRAPPED_OR_BOUNDARY_IDENTIFIER,FlashReport_August_2025.pdf:p61; Table 6: All Ongoing Projects; sl_no=653,Validation extraction recovered source primary code 705635 at the same report/serial address; the baseline value was blank.
2025-08,FlashReport_August_2025.pdf,61,Table 6: All Ongoing Projects,654,(705635) Nadu) Ratlam-Mhow-Khandwa-Akola Gauge Conversion Multi-States,Western Railway [WR] - II,Madhya Pradesh,,,,IDENTIFIER_FOUND,VERIFIED_PARSER_FAILURE_WRAPPED_OR_BOUNDARY_IDENTIFIER,FlashReport_August_2025.pdf:p61; Table 6: All Ongoing Projects; sl_no=654,Validation extraction recovered source primary code 705457 at the same report/serial address; the baseline value was blank.
2025-08,FlashReport_August_2025.pdf,61,Table 6: All Ongoing Projects,655,(705457) Maharashtra) Itarsi - Nagpur Third Railway Line [280 km] Multi-States,Central Railway [CR] - II,Madhya Pradesh,,,,IDENTIFIER_FOUND,VERIFIED_PARSER_FAILURE_WRAPPED_OR_BOUNDARY_IDENTIFIER,FlashReport_August_2025.pdf:p61; Table 6: All Ongoing Projects; sl_no=655,Validation extraction recovered source primary code 705507 at the same report/serial address; the baseline value was blank.
2025-08,FlashReport_August_2025.pdf,61,Table 6: All Ongoing Projects,656,(705507) Maharashtra) Gwalior - Seopurkala with extension to Kota [Gauge Conversion] Multi-States,North Central Railway,Madhya Pradesh,,,,IDENTIFIER_FOUND,VERIFIED_PARSER_FAILURE_WRAPPED_OR_BOUNDARY_IDENTIFIER,FlashReport_August_2025.pdf:p61; Table 6: All Ongoing Projects; sl_no=656,Validation extraction recovered source primary code 705419 at the same report/serial address; the baseline value was blank.
2025-08,FlashReport_August_2025.pdf,61,Table 6: All Ongoing Projects,657,(705419) Rajasthan) Ramganjmandi-Bhopal New Line Project [262 km] Multi-States,West Central Railway [WCR] - II,Madhya Pradesh,,,,IDENTIFIER_FOUND,VERIFIED_PARSER_FAILURE_WRAPPED_OR_BOUNDARY_IDENTIFIER,FlashReport_August_2025.pdf:p61; Table 6: All Ongoing Projects; sl_no=657,Validation extraction recovered source primary code 705481 at the same report/serial address; the baseline value was blank.
2025-08,FlashReport_August_2025.pdf,61,Table 6: All Ongoing Projects,658,(705481) Rajasthan) Nimach-Badi Sadri New Rail Line Project Multi-States,Western Railway [WR] - II,Madhya Pradesh,,,,IDENTIFIER_FOUND,VERIFIED_PARSER_FAILURE_WRAPPED_OR_BOUNDARY_IDENTIFIER,FlashReport_August_2025.pdf:p61; Table 6: All Ongoing Projects; sl_no=658,Validation extraction recovered source primary code 705764 at the same report/serial address; the baseline value was blank.
2025-08,FlashReport_August_2025.pdf,61,Table 6: All Ongoing Projects,659,"(705764) Rajasthan) Mathura-Jhansi Third Railway Line [274 Km] Multi-States (Madhya Pradesh,",RVNL - II,,,,,IDENTIFIER_FOUND,VERIFIED_PARSER_FAILURE_WRAPPED_OR_BOUNDARY_IDENTIFIER,FlashReport_August_2025.pdf:p61; Table 6: All Ongoing Projects; sl_no=659,Validation extraction recovered source primary code 705667 at the same report/serial address; the baseline value was blank.
2025-08,FlashReport_August_2025.pdf,61,Table 6: All Ongoing Projects,660,"Rajasthan, Uttar () () (5961) Pradesh) Jhansi - Bina Third Railway Line [153 Km] Multi-States",CAO/C/NCR,Madhya Pradesh,,,,IDENTIFIER_FOUND,VERIFIED_PARSER_FAILURE_WRAPPED_OR_BOUNDARY_IDENTIFIER,FlashReport_August_2025.pdf:p61; Table 6: All Ongoing Projects; sl_no=660,Validation extraction recovered source primary code 705598 at the same report/serial address; the baseline value was blank.
2025-08,FlashReport_August_2025.pdf,61,Table 6: All Ongoing Projects,661,(705598) Uttar Pradesh) Jhansi-Khairar-Manikpur & Khirar-Bhimsen Multi-States,North Central Railway,Madhya Pradesh,,,,IDENTIFIER_FOUND,VERIFIED_PARSER_FAILURE_WRAPPED_OR_BOUNDARY_IDENTIFIER,FlashReport_August_2025.pdf:p61; Table 6: All Ongoing Projects; sl_no=661,Validation extraction recovered source primary code 705608 at the same report/serial address; the baseline value was blank.
2025-08,FlashReport_August_2025.pdf,61,Table 6: All Ongoing Projects,662,(705608) Uttar Pradesh) Third Line [new] between Kazipet - Balharshah with electrification [201.04 Km] Multi-States,South Central Railway [SCR] - II,Maharashtra,,,,IDENTIFIER_FOUND,VERIFIED_PARSER_FAILURE_WRAPPED_OR_BOUNDARY_IDENTIFIER,FlashReport_August_2025.pdf:p61; Table 6: All Ongoing Projects; sl_no=662,Validation extraction recovered source primary code 705613 at the same report/serial address; the baseline value was blank.
2025-08,FlashReport_August_2025.pdf,61,Table 6: All Ongoing Projects,663,(705613) Telangana) Narayangarh-Bhadrak 3rd line Multi-States,South Eastern Railway [SER] - I,Odisha,,,,IDENTIFIER_FOUND,VERIFIED_PARSER_FAILURE_WRAPPED_OR_BOUNDARY_IDENTIFIER,FlashReport_August_2025.pdf:p61; Table 6: All Ongoing Projects; sl_no=663,Validation extraction recovered source primary code 705629 at the same report/serial address; the baseline value was blank.
2025-08,FlashReport_August_2025.pdf,61,Table 6: All Ongoing Projects,664,(705629) Bengal) Nagapattinam-Tiruturaipundi and Karaikal-Peralam New Line Multi-States,Southern Railway [SR] - II,Puducherry,,,,IDENTIFIER_FOUND,VERIFIED_PARSER_FAILURE_WRAPPED_OR_BOUNDARY_IDENTIFIER,FlashReport_August_2025.pdf:p61; Table 6: All Ongoing Projects; sl_no=664,Validation extraction recovered source primary code 400223 at the same report/serial address; the baseline value was blank.
2025-08,FlashReport_August_2025.pdf,61,Table 6: All Ongoing Projects,665,(400223) Nadu) Sivok-Rangpo New Rail Line Multi-States,Indian Railway Construction International Limited [IRCON],Sikkim,,,,IDENTIFIER_FOUND,VERIFIED_PARSER_FAILURE_WRAPPED_OR_BOUNDARY_IDENTIFIER,FlashReport_August_2025.pdf:p61; Table 6: All Ongoing Projects; sl_no=665,Validation extraction recovered source primary code 705432 at the same report/serial address; the baseline value was blank.
2025-08,FlashReport_August_2025.pdf,61,Table 6: All Ongoing Projects,666,"(705432) Bengal) Sainthia, Sitarampur, Mughalsarai, Allahabad & Etawah - Bypass Line Project Multi-States (Uttar",Eastern Railway [ER] - I,,,,,IDENTIFIER_FOUND,VERIFIED_PARSER_FAILURE_WRAPPED_OR_BOUNDARY_IDENTIFIER,FlashReport_August_2025.pdf:p61; Table 6: All Ongoing Projects; sl_no=666,Validation extraction recovered source primary code 602797 at the same report/serial address; the baseline value was blank.
2025-08,FlashReport_August_2025.pdf,63,Table 6: All Ongoing Projects,739,SETTING UP OF PHYSICAL INFRASTRUCTURE FOR THE NATIONAL INSTITUTE OF COMMUNICATION FINANCE [NICF] AT GHITORNI,,Delhi,,,,UNRESOLVED,AMBIGUOUS_OR_MALFORMED_SOURCE_LAYOUT,FlashReport_August_2025.pdf:p63; Table 6: All Ongoing Projects; sl_no=739,No primary or alternate identifier was recovered in controlled validation; no identity was inferred from project text.
2025-08,FlashReport_August_2025.pdf,64,Table 6: All Ongoing Projects,741,"Mobile connectivity in Left Wing Extremism [LWE] affected areas-Phase2 Multi-States (Andhra Pradesh, (701599) Bihar, Chhattisgarh, Jharkhand, NA",Department of Telecommunications [DoT],Madhya Pradesh,,,,IDENTIFIER_FOUND,VERIFIED_PARSER_FAILURE_WRAPPED_OR_BOUNDARY_IDENTIFIER,FlashReport_August_2025.pdf:p64; Table 6: All Ongoing Projects; sl_no=741,Validation extraction recovered source primary code 701599 at the same report/serial address; the baseline value was blank.
2025-08,FlashReport_August_2025.pdf,64,Table 6: All Ongoing Projects,742,"Maharashtra, Odisha, Telangana, Uttar Pradesh, West Bengal) Provision of 4G based mobile services in 7,287 uncovered villages of 44 Aspirational Multi-States District across 5 states of Andhra Pradesh, Chhattisgarh, Jharkhand, Maharashtra & (Andhra Pradesh, Odisha Chhattisgarh,",,,,,,UNRESOLVED,AMBIGUOUS_OR_MALFORMED_SOURCE_LAYOUT,FlashReport_August_2025.pdf:p64; Table 6: All Ongoing Projects; sl_no=742,No primary or alternate identifier was recovered in controlled validation; no identity was inferred from project text.
2025-08,FlashReport_August_2025.pdf,64,Table 6: All Ongoing Projects,743,"Jharkhand, () () (3685) (701602) Maharashtra, Odisha) Provision of 4G Mobile Services in Uncovered Villages of Arunachal Pradesh and Multi-States Districts of Assam",Department of Telecommunications [DoT],,,,,IDENTIFIER_FOUND,VERIFIED_PARSER_FAILURE_WRAPPED_OR_BOUNDARY_IDENTIFIER,FlashReport_August_2025.pdf:p64; Table 6: All Ongoing Projects; sl_no=743,Validation extraction recovered source primary code 701602 at the same report/serial address; the baseline value was blank.
2025-08,FlashReport_August_2025.pdf,64,Table 6: All Ongoing Projects,744,"Pradesh, Assam) (701597) 354 Uncovered Villages Scheme Multi-States (Bihar, Gujarat, (701600) Himachal Pradesh,",Department of Telecommunications [DoT],,,,,IDENTIFIER_FOUND,VERIFIED_PARSER_FAILURE_WRAPPED_OR_BOUNDARY_IDENTIFIER,FlashReport_August_2025.pdf:p64; Table 6: All Ongoing Projects; sl_no=744,Validation extraction recovered source primary code 701600 at the same report/serial address; the baseline value was blank.
2025-08,FlashReport_August_2025.pdf,64,Table 6: All Ongoing Projects,745,"Kashmir, Ladakh, Rajasthan, Uttar Pradesh) 502 Aspirational District Scheme in Four states - Bihar, Madhya Pradesh, Rajastha Multi-States and Uttar Pradesh (Bihar, Madhya NA",Department of Telecommunications [DoT],,,,,IDENTIFIER_FOUND,VERIFIED_PARSER_FAILURE_WRAPPED_OR_BOUNDARY_IDENTIFIER,FlashReport_August_2025.pdf:p64; Table 6: All Ongoing Projects; sl_no=745,Validation extraction recovered source primary code 704495 at the same report/serial address; the baseline value was blank.
2025-08,FlashReport_August_2025.pdf,64,Table 6: All Ongoing Projects,746,"(704495) Rajasthan, Uttar Pradesh) PHASE-I OF CONSOLIDATION OF EXISTING CDR DATA CENTERS AND NIB-P3 Multi-States DATA CENTERS WITH STATE OF THE ART NA",BSNL,Maharashtra,,,,PARSER_FAILURE,SOURCE_PRIMARY_TOKEN_NOT_RECOVERED,FlashReport_August_2025.pdf:p64; Table 6: All Ongoing Projects; sl_no=746,"A numeric parenthetical token remains in extracted source text, but controlled validation did not safely bind it to this serial row."
2025-09,FlashReport_September_2025.pdf,49,Table 6: All Ongoing Projects,217,Comprehensive Scheme for Strengthening of Transmission and Distribution [T&D] Multi-States Systems [CSST&DS] in Arunachal Pradesh and Sikkim,Power Grid Corporation of India Limited [POWERGRID],(Arunachal,,,,UNRESOLVED,AMBIGUOUS_OR_MALFORMED_SOURCE_LAYOUT,FlashReport_September_2025.pdf:p49; Table 6: All Ongoing Projects; sl_no=217,No primary or alternate identifier was recovered in controlled validation; no identity was inferred from project text.
2025-09,FlashReport_September_2025.pdf,50,Table 6: All Ongoing Projects,221,Transmission Network Expansion in Gujarat to increase its ATC from ISTS Part B Multi-States (Dadra & Nagar,400005,Haveli and Daman,,,,UNRESOLVED,AMBIGUOUS_OR_MALFORMED_SOURCE_LAYOUT,FlashReport_September_2025.pdf:p50; Table 6: All Ongoing Projects; sl_no=221,No primary or alternate identifier was recovered in controlled validation; no identity was inferred from project text.
2025-09,FlashReport_September_2025.pdf,50,Table 6: All Ongoing Projects,226,Maharashtra) (615347) Transmission system for evacuation of power from Rajasthan REZ Ph-IV [Part- 3/6GW] [Bikaner complex] Part A [SPV Name POWERGRID Bikaner IV Transmission Multi-States,Power Grid Corporation of India Limited [POWERGRID],"Limited] (Haryana, Punjab,",,,,PARSER_FAILURE,SOURCE_PRIMARY_TOKEN_NOT_RECOVERED,FlashReport_September_2025.pdf:p50; Table 6: All Ongoing Projects; sl_no=226,"A numeric parenthetical token remains in extracted source text, but controlled validation did not safely bind it to this serial row."
2025-09,FlashReport_September_2025.pdf,50,Table 6: All Ongoing Projects,227,Rajasthan) (615339) TRANSMISSION SYSTEM FOR EVACUATION OF POWER FROM RAJASTHAN REZ PH-IV [PART-3/ 6 GW] [BIKANER COMPLEX] PART B [SPV Name Multi-States,Power Grid Corporation of India Limited [POWERGRID],"POWERGRID Siwani Transmission Limited] (Haryana,",,,,PARSER_FAILURE,SOURCE_PRIMARY_TOKEN_NOT_RECOVERED,FlashReport_September_2025.pdf:p50; Table 6: All Ongoing Projects; sl_no=227,"A numeric parenthetical token remains in extracted source text, but controlled validation did not safely bind it to this serial row."
2025-09,FlashReport_September_2025.pdf,50,Table 6: All Ongoing Projects,230,Transmission System for Evacuation of Power from Rajasthan REZ Ph-IV [Part-2 5. GW] [Jaisalmer/Barmer Complex] Part D [SPV Name POWERGRID Beawar Multi-States,,"Mandsaur Transmission Limited] (Madhya Pradesh,",,,,UNRESOLVED,AMBIGUOUS_OR_MALFORMED_SOURCE_LAYOUT,FlashReport_September_2025.pdf:p50; Table 6: All Ongoing Projects; sl_no=230,No primary or alternate identifier was recovered in controlled validation; no identity was inferred from project text.
2025-09,FlashReport_September_2025.pdf,50,Table 6: All Ongoing Projects,231,Rajasthan) (615333) Transmission System for Evacuation of Power from Rajasthan REZ Ph-IV [Part-2 5. GW] [Jaisalmer/Barmer Complex] Part E [SPV Name POWERGRID Mewar Multi-States,Power Grid Corporation of India Limited [POWERGRID],"Transmission Limited] (Madhya Pradesh,",,,,PARSER_FAILURE,SOURCE_PRIMARY_TOKEN_NOT_RECOVERED,FlashReport_September_2025.pdf:p50; Table 6: All Ongoing Projects; sl_no=231,"A numeric parenthetical token remains in extracted source text, but controlled validation did not safely bind it to this serial row."
2025-09,FlashReport_September_2025.pdf,51,Table 6: All Ongoing Projects,250,"Construction of One Tower of Office Complex and another Tower of Residential quarters consisting of 10Nos. Type-V, 10Nos. Type-VI & 1No.Type-VII Quarters i/c internal water supply, sanitary installation and all development and bulk services, Horticulture works on EPC Mode-I basis i/c comprehensive operation and",,"maintenance of Civil, E&M services for 7 years after completion of original Telangana,",,,,UNRESOLVED,AMBIGUOUS_OR_MALFORMED_SOURCE_LAYOUT,FlashReport_September_2025.pdf:p51; Table 6: All Ongoing Projects; sl_no=250,No primary or alternate identifier was recovered in controlled validation; no identity was inferred from project text.
2025-09,FlashReport_September_2025.pdf,57,Table 6: All Ongoing Projects,412,"North East Gas Grid Multi-States (Arunachal (701346) Pradesh, Assam, Manipur, NA",Ministry of Petroleum & Natural Gas,"Meghalaya,",,,,IDENTIFIER_FOUND,VERIFIED_PARSER_FAILURE_WRAPPED_OR_BOUNDARY_IDENTIFIER,FlashReport_September_2025.pdf:p57; Table 6: All Ongoing Projects; sl_no=412,Validation extraction recovered source primary code 701346 at the same report/serial address; the baseline value was blank.
2025-09,FlashReport_September_2025.pdf,57,Table 6: All Ongoing Projects,415,"Mumbai Nagpur Jharsuguda Pipeline Project Multi-States (Chhattisgarh,",701354,"Madhya Pradesh,",,,,UNRESOLVED,AMBIGUOUS_OR_MALFORMED_SOURCE_LAYOUT,FlashReport_September_2025.pdf:p57; Table 6: All Ongoing Projects; sl_no=415,No primary or alternate identifier was recovered in controlled validation; no identity was inferred from project text.
2025-09,FlashReport_September_2025.pdf,64,Table 6: All Ongoing Projects,621,"New Delhi- Howrah Speed Booster[160Kmph] Project Multi-States (Bihar, Delhi,",705794,"Jharkhand, Uttar,",,,,UNRESOLVED,AMBIGUOUS_OR_MALFORMED_SOURCE_LAYOUT,FlashReport_September_2025.pdf:p64; Table 6: All Ongoing Projects; sl_no=621,No primary or alternate identifier was recovered in controlled validation; no identity was inferred from project text.
2025-09,FlashReport_September_2025.pdf,65,Table 6: All Ongoing Projects,635,"& Diu, Gujarat, Maharashtra) New Delhi- Mumbai Speed Booster[160Kmph] Project Multi-States (Delhi, Gujarat, Madhya",705793,"Pradesh,",,,,UNRESOLVED,AMBIGUOUS_OR_MALFORMED_SOURCE_LAYOUT,FlashReport_September_2025.pdf:p65; Table 6: All Ongoing Projects; sl_no=635,No primary or alternate identifier was recovered in controlled validation; no identity was inferred from project text.
2025-09,FlashReport_September_2025.pdf,65,Table 6: All Ongoing Projects,646,Nangal Dam-Talwara New Broad Gauge Line [84 KM] and Taking Over Siding Multi-States Mukerian-Talwara [29 KM],Northen Railway [NR],(Himachal,,,,UNRESOLVED,AMBIGUOUS_OR_MALFORMED_SOURCE_LAYOUT,FlashReport_September_2025.pdf:p65; Table 6: All Ongoing Projects; sl_no=646,No primary or alternate identifier was recovered in controlled validation; no identity was inferred from project text.
2025-09,FlashReport_September_2025.pdf,69,Table 6: All Ongoing Projects,735,"Mobile connectivity in Left Wing Extremism [LWE] affected areas-Phase 1 Multi-States Upgradation (Andhra Pradesh, Bihar, (617413) Chhattisgarh, Jharkhand,",Department of Telecommunications [DoT],"Madhya Pradesh,",,,,IDENTIFIER_FOUND,VERIFIED_PARSER_FAILURE_WRAPPED_OR_BOUNDARY_IDENTIFIER,FlashReport_September_2025.pdf:p69; Table 6: All Ongoing Projects; sl_no=735,Validation extraction recovered source primary code 617413 at the same report/serial address; the baseline value was blank.
2025-09,FlashReport_September_2025.pdf,69,Table 6: All Ongoing Projects,736,"Maharashtra, Odisha, Telangana, Uttar Pradesh, West Bengal) Mobile connectivity in Left Wing Extremism [LWE] affected areas-Phase2 Multi-States (Andhra Pradesh, (701599) Bihar, Chhattisgarh, Jharkhand, NA",Department of Telecommunications [DoT],"Madhya Pradesh,",,,,IDENTIFIER_FOUND,VERIFIED_PARSER_FAILURE_WRAPPED_OR_BOUNDARY_IDENTIFIER,FlashReport_September_2025.pdf:p69; Table 6: All Ongoing Projects; sl_no=736,Validation extraction recovered source primary code 701599 at the same report/serial address; the baseline value was blank.
2025-09,FlashReport_September_2025.pdf,69,Table 6: All Ongoing Projects,738,Provision of 4G Mobile Services in Uncovered Villages of Arunachal Pradesh and Multi-States Districts of Assam,Department of Telecommunications,(Arunachal,,,,UNRESOLVED,AMBIGUOUS_OR_MALFORMED_SOURCE_LAYOUT,FlashReport_September_2025.pdf:p69; Table 6: All Ongoing Projects; sl_no=738,No primary or alternate identifier was recovered in controlled validation; no identity was inferred from project text.
2025-09,FlashReport_September_2025.pdf,69,Table 6: All Ongoing Projects,739,"Pradesh, Assam) (701597) 354 Uncovered Villages Scheme Multi-States (Bihar, Gujarat, (701600) Himachal Pradesh,",Department of Telecommunications [DoT],Jammu and,,,,IDENTIFIER_FOUND,VERIFIED_PARSER_FAILURE_WRAPPED_OR_BOUNDARY_IDENTIFIER,FlashReport_September_2025.pdf:p69; Table 6: All Ongoing Projects; sl_no=739,Validation extraction recovered source primary code 701600 at the same report/serial address; the baseline value was blank.
2025-10,FlashReport_October_2025.pdf,49,Table 6: All Ongoing Projects,219,Comprehensive Scheme for Strengthening of Transmission and Distribution [T&D] Multi-States Systems [CSST&DS] in Arunachal Pradesh and Sikkim,Power Grid Corporation of India Limited [POWERGRID],(Arunachal,,,,UNRESOLVED,AMBIGUOUS_OR_MALFORMED_SOURCE_LAYOUT,FlashReport_October_2025.pdf:p49; Table 6: All Ongoing Projects; sl_no=219,No primary or alternate identifier was recovered in controlled validation; no identity was inferred from project text.
2025-10,FlashReport_October_2025.pdf,50,Table 6: All Ongoing Projects,223,Transmission Network Expansion in Gujarat to increase its ATC from ISTS Part B Multi-States (Dadra & Nagar,400005,Haveli and Daman,,,,UNRESOLVED,AMBIGUOUS_OR_MALFORMED_SOURCE_LAYOUT,FlashReport_October_2025.pdf:p50; Table 6: All Ongoing Projects; sl_no=223,No primary or alternate identifier was recovered in controlled validation; no identity was inferred from project text.
2025-10,FlashReport_October_2025.pdf,50,Table 6: All Ongoing Projects,228,Maharashtra) (615347) Transmission system for evacuation of power from Rajasthan REZ Ph-IV [Part- 3/6GW] [Bikaner complex] Part A [SPV Name POWERGRID Bikaner IV Transmission Multi-States,Power Grid Corporation of India Limited [POWERGRID],"Limited] (Haryana, Punjab,",,,,PARSER_FAILURE,SOURCE_PRIMARY_TOKEN_NOT_RECOVERED,FlashReport_October_2025.pdf:p50; Table 6: All Ongoing Projects; sl_no=228,"A numeric parenthetical token remains in extracted source text, but controlled validation did not safely bind it to this serial row."
2025-10,FlashReport_October_2025.pdf,50,Table 6: All Ongoing Projects,229,Rajasthan) (615339) TRANSMISSION SYSTEM FOR EVACUATION OF POWER FROM RAJASTHAN REZ PH-IV [PART-3/ 6 GW] [BIKANER COMPLEX] PART B [SPV Name Multi-States,Power Grid Corporation of India Limited [POWERGRID],"POWERGRID Siwani Transmission Limited] (Haryana,",,,,PARSER_FAILURE,SOURCE_PRIMARY_TOKEN_NOT_RECOVERED,FlashReport_October_2025.pdf:p50; Table 6: All Ongoing Projects; sl_no=229,"A numeric parenthetical token remains in extracted source text, but controlled validation did not safely bind it to this serial row."
2025-10,FlashReport_October_2025.pdf,50,Table 6: All Ongoing Projects,232,Transmission System for Evacuation of Power from Rajasthan REZ Ph-IV [Part-2 5. GW] [Jaisalmer/Barmer Complex] Part D [SPV Name POWERGRID Beawar Multi-States,,"Mandsaur Transmission Limited] (Madhya Pradesh,",,,,UNRESOLVED,AMBIGUOUS_OR_MALFORMED_SOURCE_LAYOUT,FlashReport_October_2025.pdf:p50; Table 6: All Ongoing Projects; sl_no=232,No primary or alternate identifier was recovered in controlled validation; no identity was inferred from project text.
2025-10,FlashReport_October_2025.pdf,50,Table 6: All Ongoing Projects,233,Rajasthan) (615333) Transmission System for Evacuation of Power from Rajasthan REZ Ph-IV [Part-2 5. GW] [Jaisalmer/Barmer Complex] Part E [SPV Name POWERGRID Mewar Multi-States,Power Grid Corporation of India Limited [POWERGRID],"Transmission Limited] (Madhya Pradesh,",,,,PARSER_FAILURE,SOURCE_PRIMARY_TOKEN_NOT_RECOVERED,FlashReport_October_2025.pdf:p50; Table 6: All Ongoing Projects; sl_no=233,"A numeric parenthetical token remains in extracted source text, but controlled validation did not safely bind it to this serial row."
2025-10,FlashReport_October_2025.pdf,51,Table 6: All Ongoing Projects,252,"Construction of One Tower of Office Complex and another Tower of Residential quarters consisting of 10Nos. Type-V, 10Nos. Type-VI & 1No.Type-VII Quarters i/c internal water supply, sanitary installation and all development and bulk services, Horticulture works on EPC Mode-I basis i/c comprehensive operation and",,"maintenance of Civil, E&M services for 7 years after completion of original Telangana,",,,,UNRESOLVED,AMBIGUOUS_OR_MALFORMED_SOURCE_LAYOUT,FlashReport_October_2025.pdf:p51; Table 6: All Ongoing Projects; sl_no=252,No primary or alternate identifier was recovered in controlled validation; no identity was inferred from project text.
2025-10,FlashReport_October_2025.pdf,57,Table 6: All Ongoing Projects,414,"North East Gas Grid Multi-States (Arunachal (701346) Pradesh, Assam, Manipur,",Ministry of Petroleum & Natural Gas,"Meghalaya,",,,,IDENTIFIER_FOUND,VERIFIED_PARSER_FAILURE_WRAPPED_OR_BOUNDARY_IDENTIFIER,FlashReport_October_2025.pdf:p57; Table 6: All Ongoing Projects; sl_no=414,Validation extraction recovered source primary code 701346 at the same report/serial address; the baseline value was blank.
2025-10,FlashReport_October_2025.pdf,57,Table 6: All Ongoing Projects,417,"Mumbai Nagpur Jharsuguda Pipeline Project Multi-States (Chhattisgarh,",701354,"Madhya Pradesh,",,,,UNRESOLVED,AMBIGUOUS_OR_MALFORMED_SOURCE_LAYOUT,FlashReport_October_2025.pdf:p57; Table 6: All Ongoing Projects; sl_no=417,No primary or alternate identifier was recovered in controlled validation; no identity was inferred from project text.
2025-10,FlashReport_October_2025.pdf,65,Table 6: All Ongoing Projects,644,"New Delhi- Howrah Speed Booster[160Kmph] Project Multi-States (Bihar, Delhi,",705794,"Jharkhand, Uttar,",,,,UNRESOLVED,AMBIGUOUS_OR_MALFORMED_SOURCE_LAYOUT,FlashReport_October_2025.pdf:p65; Table 6: All Ongoing Projects; sl_no=644,No primary or alternate identifier was recovered in controlled validation; no identity was inferred from project text.
2025-10,FlashReport_October_2025.pdf,66,Table 6: All Ongoing Projects,658,"& Diu, Gujarat, Maharashtra) New Delhi- Mumbai Speed Booster[160Kmph] Project Multi-States (Delhi, Gujarat, Madhya",705793,"Pradesh,",,,,UNRESOLVED,AMBIGUOUS_OR_MALFORMED_SOURCE_LAYOUT,FlashReport_October_2025.pdf:p66; Table 6: All Ongoing Projects; sl_no=658,No primary or alternate identifier was recovered in controlled validation; no identity was inferred from project text.
2025-10,FlashReport_October_2025.pdf,66,Table 6: All Ongoing Projects,669,Nangal Dam-Talwara New Broad Gauge Line [84 KM] and Taking Over Siding Multi-States Mukerian-Talwara [29 KM],Northen Railway [NR],(Himachal,,,,UNRESOLVED,AMBIGUOUS_OR_MALFORMED_SOURCE_LAYOUT,FlashReport_October_2025.pdf:p66; Table 6: All Ongoing Projects; sl_no=669,No primary or alternate identifier was recovered in controlled validation; no identity was inferred from project text.
2025-10,FlashReport_October_2025.pdf,69,Table 6: All Ongoing Projects,761,"Mobile connectivity in Left Wing Extremism [LWE] affected areas-Phase 1 Multi-States Upgradation (Andhra Pradesh, Bihar, (617413) Chhattisgarh, Jharkhand,",Department of Telecommunications [DoT],"Madhya Pradesh,",,,,IDENTIFIER_FOUND,VERIFIED_PARSER_FAILURE_WRAPPED_OR_BOUNDARY_IDENTIFIER,FlashReport_October_2025.pdf:p69; Table 6: All Ongoing Projects; sl_no=761,Validation extraction recovered source primary code 617413 at the same report/serial address; the baseline value was blank.
2025-10,FlashReport_October_2025.pdf,70,Table 6: All Ongoing Projects,762,"Maharashtra, Odisha, Telangana, Uttar Pradesh, West Bengal) Mobile connectivity in Left Wing Extremism [LWE] affected areas-Phase2 Multi-States (Andhra Pradesh, (701599) Bihar, Chhattisgarh, Jharkhand, NA",Department of Telecommunications [DoT],"Madhya Pradesh,",,,,IDENTIFIER_FOUND,VERIFIED_PARSER_FAILURE_WRAPPED_OR_BOUNDARY_IDENTIFIER,FlashReport_October_2025.pdf:p70; Table 6: All Ongoing Projects; sl_no=762,Validation extraction recovered source primary code 701599 at the same report/serial address; the baseline value was blank.
2025-10,FlashReport_October_2025.pdf,70,Table 6: All Ongoing Projects,764,Provision of 4G Mobile Services in Uncovered Villages of Arunachal Pradesh and Multi-States Districts of Assam,Department of Telecommunications,(Arunachal,,,,UNRESOLVED,AMBIGUOUS_OR_MALFORMED_SOURCE_LAYOUT,FlashReport_October_2025.pdf:p70; Table 6: All Ongoing Projects; sl_no=764,No primary or alternate identifier was recovered in controlled validation; no identity was inferred from project text.
2025-10,FlashReport_October_2025.pdf,70,Table 6: All Ongoing Projects,765,"Pradesh, Assam) (701597) 354 Uncovered Villages Scheme Multi-States (Bihar, Gujarat, (701600) Himachal Pradesh,",Department of Telecommunications [DoT],Jammu and,,,,IDENTIFIER_FOUND,VERIFIED_PARSER_FAILURE_WRAPPED_OR_BOUNDARY_IDENTIFIER,FlashReport_October_2025.pdf:p70; Table 6: All Ongoing Projects; sl_no=765,Validation extraction recovered source primary code 701600 at the same report/serial address; the baseline value was blank.
2025-11,FlashReport_November_2025.pdf,49,Table 6: All Ongoing Projects,213,Comprehensive Scheme for Strengthening of Transmission and Distribution [T&D] Multi-States Systems [CSST&DS] in Arunachal Pradesh and Sikkim,Power Grid Corporation of India Limited [POWERGRID],(Arunachal,,,,UNRESOLVED,AMBIGUOUS_OR_MALFORMED_SOURCE_LAYOUT,FlashReport_November_2025.pdf:p49; Table 6: All Ongoing Projects; sl_no=213,No primary or alternate identifier was recovered in controlled validation; no identity was inferred from project text.
2025-11,FlashReport_November_2025.pdf,49,Table 6: All Ongoing Projects,218,Transmission Network Expansion in Gujarat to increase its ATC from ISTS Part B Multi-States (Dadra & Nagar,400005,Haveli and Daman,,,,UNRESOLVED,AMBIGUOUS_OR_MALFORMED_SOURCE_LAYOUT,FlashReport_November_2025.pdf:p49; Table 6: All Ongoing Projects; sl_no=218,No primary or alternate identifier was recovered in controlled validation; no identity was inferred from project text.
2025-11,FlashReport_November_2025.pdf,50,Table 6: All Ongoing Projects,222,Maharashtra) (615347) Transmission system for evacuation of power from Rajasthan REZ Ph-IV [Part- 3/6GW] [Bikaner complex] Part A [SPV Name POWERGRID Bikaner IV Transmission Multi-States,Power Grid Corporation of India Limited [POWERGRID],"Limited] (Haryana, Punjab,",,,,PARSER_FAILURE,SOURCE_PRIMARY_TOKEN_NOT_RECOVERED,FlashReport_November_2025.pdf:p50; Table 6: All Ongoing Projects; sl_no=222,"A numeric parenthetical token remains in extracted source text, but controlled validation did not safely bind it to this serial row."
2025-11,FlashReport_November_2025.pdf,50,Table 6: All Ongoing Projects,223,Rajasthan) (615339) TRANSMISSION SYSTEM FOR EVACUATION OF POWER FROM RAJASTHAN REZ PH-IV [PART-3/ 6 GW] [BIKANER COMPLEX] PART B [SPV Name Multi-States,Power Grid Corporation of India Limited [POWERGRID],"POWERGRID Siwani Transmission Limited] (Haryana,",,,,PARSER_FAILURE,SOURCE_PRIMARY_TOKEN_NOT_RECOVERED,FlashReport_November_2025.pdf:p50; Table 6: All Ongoing Projects; sl_no=223,"A numeric parenthetical token remains in extracted source text, but controlled validation did not safely bind it to this serial row."
2025-11,FlashReport_November_2025.pdf,50,Table 6: All Ongoing Projects,226,Transmission System for Evacuation of Power from Rajasthan REZ Ph-IV [Part-2 5. GW] [Jaisalmer/Barmer Complex] Part D [SPV Name POWERGRID Beawar Multi-States,,"Mandsaur Transmission Limited] (Madhya Pradesh,",,,,UNRESOLVED,AMBIGUOUS_OR_MALFORMED_SOURCE_LAYOUT,FlashReport_November_2025.pdf:p50; Table 6: All Ongoing Projects; sl_no=226,No primary or alternate identifier was recovered in controlled validation; no identity was inferred from project text.
2025-11,FlashReport_November_2025.pdf,50,Table 6: All Ongoing Projects,227,Rajasthan) (615333) Transmission System for Evacuation of Power from Rajasthan REZ Ph-IV [Part-2 5. GW] [Jaisalmer/Barmer Complex] Part E [SPV Name POWERGRID Mewar Multi-States,Power Grid Corporation of India Limited [POWERGRID],"Transmission Limited] (Madhya Pradesh,",,,,PARSER_FAILURE,SOURCE_PRIMARY_TOKEN_NOT_RECOVERED,FlashReport_November_2025.pdf:p50; Table 6: All Ongoing Projects; sl_no=227,"A numeric parenthetical token remains in extracted source text, but controlled validation did not safely bind it to this serial row."
2025-11,FlashReport_November_2025.pdf,51,Table 6: All Ongoing Projects,245,"Construction of One Tower of Office Complex and another Tower of Residential quarters consisting of 10Nos. Type-V, 10Nos. Type-VI & 1No.Type-VII Quarters i/c internal water supply, sanitary installation and all development and bulk services, Horticulture works on EPC Mode-I basis i/c comprehensive operation and",,"maintenance of Civil, E&M services for 7 years after completion of original Telangana,",,,,UNRESOLVED,AMBIGUOUS_OR_MALFORMED_SOURCE_LAYOUT,FlashReport_November_2025.pdf:p51; Table 6: All Ongoing Projects; sl_no=245,No primary or alternate identifier was recovered in controlled validation; no identity was inferred from project text.
2025-11,FlashReport_November_2025.pdf,57,Table 6: All Ongoing Projects,412,"North East Gas Grid Multi-States (Arunachal (701346) Pradesh, Assam, Manipur,",Ministry of Petroleum & Natural Gas,"Meghalaya,",,,,IDENTIFIER_FOUND,VERIFIED_PARSER_FAILURE_WRAPPED_OR_BOUNDARY_IDENTIFIER,FlashReport_November_2025.pdf:p57; Table 6: All Ongoing Projects; sl_no=412,Validation extraction recovered source primary code 701346 at the same report/serial address; the baseline value was blank.
2025-11,FlashReport_November_2025.pdf,57,Table 6: All Ongoing Projects,415,"Mumbai Nagpur Jharsuguda Pipeline Project Multi-States (Chhattisgarh,",701354,"Madhya Pradesh,",,,,UNRESOLVED,AMBIGUOUS_OR_MALFORMED_SOURCE_LAYOUT,FlashReport_November_2025.pdf:p57; Table 6: All Ongoing Projects; sl_no=415,No primary or alternate identifier was recovered in controlled validation; no identity was inferred from project text.
2025-11,FlashReport_November_2025.pdf,65,Table 6: All Ongoing Projects,648,"New Delhi- Howrah Speed Booster[160Kmph] Project Multi-States (Bihar, Delhi,",705794,"Jharkhand, Uttar,",,,,UNRESOLVED,AMBIGUOUS_OR_MALFORMED_SOURCE_LAYOUT,FlashReport_November_2025.pdf:p65; Table 6: All Ongoing Projects; sl_no=648,No primary or alternate identifier was recovered in controlled validation; no identity was inferred from project text.
2025-11,FlashReport_November_2025.pdf,66,Table 6: All Ongoing Projects,662,"& Diu, Gujarat, Maharashtra) New Delhi- Mumbai Speed Booster[160Kmph] Project Multi-States (Delhi, Gujarat, Madhya",705793,"Pradesh,",,,,UNRESOLVED,AMBIGUOUS_OR_MALFORMED_SOURCE_LAYOUT,FlashReport_November_2025.pdf:p66; Table 6: All Ongoing Projects; sl_no=662,No primary or alternate identifier was recovered in controlled validation; no identity was inferred from project text.
2025-11,FlashReport_November_2025.pdf,66,Table 6: All Ongoing Projects,673,Nangal Dam-Talwara New Broad Gauge Line [84 KM] and Taking Over Siding Multi-States Mukerian-Talwara [29 KM],Northen Railway [NR],(Himachal,,,,UNRESOLVED,AMBIGUOUS_OR_MALFORMED_SOURCE_LAYOUT,FlashReport_November_2025.pdf:p66; Table 6: All Ongoing Projects; sl_no=673,No primary or alternate identifier was recovered in controlled validation; no identity was inferred from project text.
2025-11,FlashReport_November_2025.pdf,70,Table 6: All Ongoing Projects,764,"Mobile connectivity in Left Wing Extremism [LWE] affected areas-Phase 1 Multi-States Upgradation (Andhra Pradesh, Bihar, (617413) Chhattisgarh, Jharkhand,",Department of Telecommunications [DoT],"Madhya Pradesh,",,,,IDENTIFIER_FOUND,VERIFIED_PARSER_FAILURE_WRAPPED_OR_BOUNDARY_IDENTIFIER,FlashReport_November_2025.pdf:p70; Table 6: All Ongoing Projects; sl_no=764,Validation extraction recovered source primary code 617413 at the same report/serial address; the baseline value was blank.
2025-11,FlashReport_November_2025.pdf,70,Table 6: All Ongoing Projects,765,"Maharashtra, Odisha, Telangana, Uttar Pradesh, West Bengal) Mobile connectivity in Left Wing Extremism [LWE] affected areas-Phase2 Multi-States (Andhra Pradesh, (701599) Bihar, Chhattisgarh, Jharkhand, NA",Department of Telecommunications [DoT],"Madhya Pradesh,",,,,IDENTIFIER_FOUND,VERIFIED_PARSER_FAILURE_WRAPPED_OR_BOUNDARY_IDENTIFIER,FlashReport_November_2025.pdf:p70; Table 6: All Ongoing Projects; sl_no=765,Validation extraction recovered source primary code 701599 at the same report/serial address; the baseline value was blank.
2025-11,FlashReport_November_2025.pdf,70,Table 6: All Ongoing Projects,767,Provision of 4G Mobile Services in Uncovered Villages of Arunachal Pradesh and Multi-States Districts of Assam,Department of Telecommunications,(Arunachal,,,,UNRESOLVED,AMBIGUOUS_OR_MALFORMED_SOURCE_LAYOUT,FlashReport_November_2025.pdf:p70; Table 6: All Ongoing Projects; sl_no=767,No primary or alternate identifier was recovered in controlled validation; no identity was inferred from project text.
2025-11,FlashReport_November_2025.pdf,70,Table 6: All Ongoing Projects,768,"Pradesh, Assam) (701597) 354 Uncovered Villages Scheme Multi-States (Bihar, Gujarat, (701600) Himachal Pradesh,",Department of Telecommunications [DoT],Jammu and,,,,IDENTIFIER_FOUND,VERIFIED_PARSER_FAILURE_WRAPPED_OR_BOUNDARY_IDENTIFIER,FlashReport_November_2025.pdf:p70; Table 6: All Ongoing Projects; sl_no=768,Validation extraction recovered source primary code 701600 at the same report/serial address; the baseline value was blank.
2025-12,FlashReport_December_2025.pdf,57,Table 6: All Ongoing Projects,212,Comprehensive Scheme for Strengthening of Transmission and Distribution [T&D] Multi-States Systems [CSST&DS] in Arunachal Pradesh and Sikkim,Power Grid Corporation of India Limited [POWERGRID],(Arunachal,,,,UNRESOLVED,AMBIGUOUS_OR_MALFORMED_SOURCE_LAYOUT,FlashReport_December_2025.pdf:p57; Table 6: All Ongoing Projects; sl_no=212,No primary or alternate identifier was recovered in controlled validation; no identity was inferred from project text.
2025-12,FlashReport_December_2025.pdf,57,Table 6: All Ongoing Projects,217,Transmission Network Expansion in Gujarat to increase its ATC from ISTS Part B Multi-States (Dadra & Nagar,400005,Haveli and Daman,,,,UNRESOLVED,AMBIGUOUS_OR_MALFORMED_SOURCE_LAYOUT,FlashReport_December_2025.pdf:p57; Table 6: All Ongoing Projects; sl_no=217,No primary or alternate identifier was recovered in controlled validation; no identity was inferred from project text.
2025-12,FlashReport_December_2025.pdf,58,Table 6: All Ongoing Projects,221,Maharashtra) (615347) Transmission system for evacuation of power from Rajasthan REZ Ph-IV [Part- 3/6GW] [Bikaner complex] Part A [SPV Name POWERGRID Bikaner IV Transmission Multi-States,Power Grid Corporation of India Limited [POWERGRID],"Limited] (Haryana, Punjab,",,,,PARSER_FAILURE,SOURCE_PRIMARY_TOKEN_NOT_RECOVERED,FlashReport_December_2025.pdf:p58; Table 6: All Ongoing Projects; sl_no=221,"A numeric parenthetical token remains in extracted source text, but controlled validation did not safely bind it to this serial row."
2025-12,FlashReport_December_2025.pdf,58,Table 6: All Ongoing Projects,222,Rajasthan) (615339) TRANSMISSION SYSTEM FOR EVACUATION OF POWER FROM RAJASTHAN REZ PH-IV [PART-3/ 6 GW] [BIKANER COMPLEX] PART B [SPV Name Multi-States,Power Grid Corporation of India Limited [POWERGRID],"POWERGRID Siwani Transmission Limited] (Haryana,",,,,PARSER_FAILURE,SOURCE_PRIMARY_TOKEN_NOT_RECOVERED,FlashReport_December_2025.pdf:p58; Table 6: All Ongoing Projects; sl_no=222,"A numeric parenthetical token remains in extracted source text, but controlled validation did not safely bind it to this serial row."
2025-12,FlashReport_December_2025.pdf,58,Table 6: All Ongoing Projects,225,Transmission System for Evacuation of Power from Rajasthan REZ Ph-IV [Part-2 5. GW] [Jaisalmer/Barmer Complex] Part D [SPV Name POWERGRID Beawar Multi-States,,"Mandsaur Transmission Limited] (Madhya Pradesh,",,,,UNRESOLVED,AMBIGUOUS_OR_MALFORMED_SOURCE_LAYOUT,FlashReport_December_2025.pdf:p58; Table 6: All Ongoing Projects; sl_no=225,No primary or alternate identifier was recovered in controlled validation; no identity was inferred from project text.
2025-12,FlashReport_December_2025.pdf,58,Table 6: All Ongoing Projects,226,Rajasthan) (615333) Transmission System for Evacuation of Power from Rajasthan REZ Ph-IV [Part-2 5. GW] [Jaisalmer/Barmer Complex] Part E [SPV Name POWERGRID Mewar Multi-States,Power Grid Corporation of India Limited [POWERGRID],"Transmission Limited] (Madhya Pradesh,",,,,PARSER_FAILURE,SOURCE_PRIMARY_TOKEN_NOT_RECOVERED,FlashReport_December_2025.pdf:p58; Table 6: All Ongoing Projects; sl_no=226,"A numeric parenthetical token remains in extracted source text, but controlled validation did not safely bind it to this serial row."
2025-12,FlashReport_December_2025.pdf,59,Table 6: All Ongoing Projects,243,"Construction of One Tower of Office Complex and another Tower of Residential quarters consisting of 10Nos. Type-V, 10Nos. Type-VI & 1No.Type-VII Quarters i/c internal water supply, sanitary installation and all development and bulk services, Horticulture works on EPC Mode-I basis i/c comprehensive operation and",,"maintenance of Civil, E&M services for 7 years after completion of original Telangana,",,,,UNRESOLVED,AMBIGUOUS_OR_MALFORMED_SOURCE_LAYOUT,FlashReport_December_2025.pdf:p59; Table 6: All Ongoing Projects; sl_no=243,No primary or alternate identifier was recovered in controlled validation; no identity was inferred from project text.
2025-12,FlashReport_December_2025.pdf,65,Table 6: All Ongoing Projects,405,"North East Gas Grid Multi-States (Arunachal (701346) Pradesh, Assam, Manipur,",Ministry of Petroleum & Natural Gas,"Meghalaya,",,,,IDENTIFIER_FOUND,VERIFIED_PARSER_FAILURE_WRAPPED_OR_BOUNDARY_IDENTIFIER,FlashReport_December_2025.pdf:p65; Table 6: All Ongoing Projects; sl_no=405,Validation extraction recovered source primary code 701346 at the same report/serial address; the baseline value was blank.
2025-12,FlashReport_December_2025.pdf,65,Table 6: All Ongoing Projects,409,"Mumbai Nagpur Jharsuguda Pipeline Project Multi-States (Chhattisgarh,",701354,"Madhya Pradesh,",,,,UNRESOLVED,AMBIGUOUS_OR_MALFORMED_SOURCE_LAYOUT,FlashReport_December_2025.pdf:p65; Table 6: All Ongoing Projects; sl_no=409,No primary or alternate identifier was recovered in controlled validation; no identity was inferred from project text.
2025-12,FlashReport_December_2025.pdf,73,Table 6: All Ongoing Projects,629,"New Delhi- Howrah Speed Booster[160Kmph] Project Multi-States (Bihar, Delhi,",705794,"Jharkhand, Uttar,",,,,UNRESOLVED,AMBIGUOUS_OR_MALFORMED_SOURCE_LAYOUT,FlashReport_December_2025.pdf:p73; Table 6: All Ongoing Projects; sl_no=629,No primary or alternate identifier was recovered in controlled validation; no identity was inferred from project text.
2025-12,FlashReport_December_2025.pdf,73,Table 6: All Ongoing Projects,644,"& Diu, Gujarat, Maharashtra) New Delhi- Mumbai Speed Booster[160Kmph] Project Multi-States (Delhi, Gujarat, Madhya",705793,"Pradesh,",,,,UNRESOLVED,AMBIGUOUS_OR_MALFORMED_SOURCE_LAYOUT,FlashReport_December_2025.pdf:p73; Table 6: All Ongoing Projects; sl_no=644,No primary or alternate identifier was recovered in controlled validation; no identity was inferred from project text.
2025-12,FlashReport_December_2025.pdf,74,Table 6: All Ongoing Projects,655,Nangal Dam-Talwara New Broad Gauge Line [84 KM] and Taking Over Siding Multi-States Mukerian-Talwara [29 KM],Northen Railway [NR],(Himachal,,,,UNRESOLVED,AMBIGUOUS_OR_MALFORMED_SOURCE_LAYOUT,FlashReport_December_2025.pdf:p74; Table 6: All Ongoing Projects; sl_no=655,No primary or alternate identifier was recovered in controlled validation; no identity was inferred from project text.
2025-12,FlashReport_December_2025.pdf,79,Table 6: All Ongoing Projects,803,Widening/Improvement to 4-Lane with paved shoulder from Km 99930 to Km Design Chainage 96000 to 139750 of Paikan to Dhupdhara Sahar of Bilasipura- Guwahati Road on NH-17 in the state of Assam on EPC mode under Bharatmala,,Assam,,,,UNRESOLVED,AMBIGUOUS_OR_MALFORMED_SOURCE_LAYOUT,FlashReport_December_2025.pdf:p79; Table 6: All Ongoing Projects; sl_no=803,No primary or alternate identifier was recovered in controlled validation; no identity was inferred from project text.
2025-12,FlashReport_December_2025.pdf,79,Table 6: All Ongoing Projects,804,(618284) Widening/Improvement to 4 -Lane with Paved Shoulder from Ch. 88.000km to Ch.99.930 km Design Ch.84.100km to Ch.96.000 km of Sagunbashi forest near Nichinta to starting of Krishnai Bypass Section of Bilasipura Guwahati road NH 17 on EPC Package-7,NHIDCL,Assam,,,,PARSER_FAILURE,SOURCE_PRIMARY_TOKEN_NOT_RECOVERED,FlashReport_December_2025.pdf:p79; Table 6: All Ongoing Projects; sl_no=804,"A numeric parenthetical token remains in extracted source text, but controlled validation did not safely bind it to this serial row."
2025-12,FlashReport_December_2025.pdf,80,Table 6: All Ongoing Projects,807,Construction of 4-Lane Panchgram Bypass from Design Chainage km 15500 on NH- 37 Old NH-53 at Kalinagar Pt.-I Village to Design Chainage km 27300 at crossing with NH-6 Old NH-44 Near Siddeswar Pt.-I Village on Silchar - Churaibari stretch in the,,Assam,,,,UNRESOLVED,AMBIGUOUS_OR_MALFORMED_SOURCE_LAYOUT,FlashReport_December_2025.pdf:p80; Table 6: All Ongoing Projects; sl_no=807,No primary or alternate identifier was recovered in controlled validation; no identity was inferred from project text.
2025-12,FlashReport_December_2025.pdf,80,Table 6: All Ongoing Projects,808,Silchar- Churaibari Package-2 (618308) 4-Laning of Dhanehari Lailapur / Vairengte section from Existing Chainage km to km 43000 of NH 306 Design Chainage km 20000 to km 49360 on Silchar - Vairengte Sairang road in the State of Assam under Bharatmala Pariyojna on EPC mode. Project Length 29.360 km under NHO-NE Package-2,NHIDCL,Assam,,,,PARSER_FAILURE,SOURCE_PRIMARY_TOKEN_NOT_RECOVERED,FlashReport_December_2025.pdf:p80; Table 6: All Ongoing Projects; sl_no=808,"A numeric parenthetical token remains in extracted source text, but controlled validation did not safely bind it to this serial row."
2025-12,FlashReport_December_2025.pdf,80,Table 6: All Ongoing Projects,809,(618314) 4-Laning of Silchar - Dhanehari section from Existing Chainage km 263800 of NH to km 12920 of NH 306 Design Chainage km 0000 to km 20000 on Silchar - Vairengte - Sairang road in the State of Assam under Bharatmala Pariyojna on EPC mode Package-1,NHIDCL,Assam,,,,PARSER_FAILURE,SOURCE_PRIMARY_TOKEN_NOT_RECOVERED,FlashReport_December_2025.pdf:p80; Table 6: All Ongoing Projects; sl_no=809,"A numeric parenthetical token remains in extracted source text, but controlled validation did not safely bind it to this serial row."
2025-12,FlashReport_December_2025.pdf,80,Table 6: All Ongoing Projects,813,Construction of 4/6 Laning from existing Km 159.400 of NH-36 to existing Km of NH-39 and upto end point of Assam portion [Design Km 118.050 to design Km 132.375] Total New Alignment length of 14.325 Km of Daboka -Dimapur Section,,Assam,,,,UNRESOLVED,AMBIGUOUS_OR_MALFORMED_SOURCE_LAYOUT,FlashReport_December_2025.pdf:p80; Table 6: All Ongoing Projects; sl_no=813,No primary or alternate identifier was recovered in controlled validation; no identity was inferred from project text.
2025-12,FlashReport_December_2025.pdf,80,Table 6: All Ongoing Projects,814,Assam Portion (618330) Widening/Improvement to 2-Lane Lane with Paved Shoulder from km 16900 Bogapani to km 27150 Golai Goan on existing Dibrugarh to Ledo section with proposed Digboi Bypass Green Field and Brownfield 2-LanePS of NH-315 OLD NH-38 in Tinsukia District under NHO- NE Package-4,NHIDCL,Assam,,,,PARSER_FAILURE,SOURCE_PRIMARY_TOKEN_NOT_RECOVERED,FlashReport_December_2025.pdf:p80; Table 6: All Ongoing Projects; sl_no=814,"A numeric parenthetical token remains in extracted source text, but controlled validation did not safely bind it to this serial row."
2025-12,FlashReport_December_2025.pdf,80,Table 6: All Ongoing Projects,815,(618339) Widening/Improvement to 4-Lane with Paved Shoulder from km 626030 Nalani hulla Gaon to km 650450 Chotahapjan on existing Tinsukhia -Makum Bypass of NH-15 OLD NH-37 and Strengthening of existing NH-315 OLD NH-38 from Km 000,NHIDCL,Assam,,,,PARSER_FAILURE,SOURCE_PRIMARY_TOKEN_NOT_RECOVERED,FlashReport_December_2025.pdf:p80; Table 6: All Ongoing Projects; sl_no=815,"A numeric parenthetical token remains in extracted source text, but controlled validation did not safely bind it to this serial row."
2025-12,FlashReport_December_2025.pdf,80,Table 6: All Ongoing Projects,816,NHO-NE Package-3 (618340) Widening & Upgradation to 2 lanes with paved shoulders road from Tamenglong to Mahur NH-137 in the State of Assam starting from km 156.489 near P. Leikul to km,NHIDCL,Assam,,,,PARSER_FAILURE,SOURCE_PRIMARY_TOKEN_NOT_RECOVERED,FlashReport_December_2025.pdf:p80; Table 6: All Ongoing Projects; sl_no=816,"A numeric parenthetical token remains in extracted source text, but controlled validation did not safely bind it to this serial row."
2025-12,FlashReport_December_2025.pdf,80,Table 6: All Ongoing Projects,817,(618351) Widening & Upgradation to 2 lanes with paved shoulders road from Tamenglong to Mahur NH-137 in the State of Assam starting from km 136.500 near Hejaichak to km,NHIDCL,Assam,,,,PARSER_FAILURE,SOURCE_PRIMARY_TOKEN_NOT_RECOVERED,FlashReport_December_2025.pdf:p80; Table 6: All Ongoing Projects; sl_no=817,"A numeric parenthetical token remains in extracted source text, but controlled validation did not safely bind it to this serial row."
2025-12,FlashReport_December_2025.pdf,80,Table 6: All Ongoing Projects,818,(618352) Widening & Upgradation to 2-lanes with paved shoulders road from Tamenglong to Mahur NH-137 in the State of Assam starting from km 116.480 near Hangrum to km,NHIDCL,Assam,,,,PARSER_FAILURE,SOURCE_PRIMARY_TOKEN_NOT_RECOVERED,FlashReport_December_2025.pdf:p80; Table 6: All Ongoing Projects; sl_no=818,"A numeric parenthetical token remains in extracted source text, but controlled validation did not safely bind it to this serial row."
2025-12,FlashReport_December_2025.pdf,80,Table 6: All Ongoing Projects,819,(618353) Wideinig & Upgradation to 2-lanes with paved shoulders road from Tamenglong to Mahur NH-137 in the State of Assam starting from km 96.870 near Jiri River to km,NHIDCL,Assam,,,,PARSER_FAILURE,SOURCE_PRIMARY_TOKEN_NOT_RECOVERED,FlashReport_December_2025.pdf:p80; Table 6: All Ongoing Projects; sl_no=819,"A numeric parenthetical token remains in extracted source text, but controlled validation did not safely bind it to this serial row."
2025-12,FlashReport_December_2025.pdf,80,Table 6: All Ongoing Projects,820,(618354) Widening/Improvement to 4-Lane with Paved Shoulder from km 55000 Nagabang Gamsuk to km 82514 Oyan in the State of Assam and Arunachal Pradesh on EPC,NHIDCL,Assam,,,,PARSER_FAILURE,SOURCE_PRIMARY_TOKEN_NOT_RECOVERED,FlashReport_December_2025.pdf:p80; Table 6: All Ongoing Projects; sl_no=820,"A numeric parenthetical token remains in extracted source text, but controlled validation did not safely bind it to this serial row."
2025-12,FlashReport_December_2025.pdf,80,Table 6: All Ongoing Projects,821,(618359) Widening/Improvement to 4-Lane with Paved Shoulder configuration of existing single lane road from Srirampur near Bhairiguri Village to Kachukhana Harichara Paglagaunj Package-I of Srirampur - Dhubri Section of NH-127B from existing Km 0.000 to Km,NHIDCL,"28.050 Design Km 0.000 to Km 27.650, Design Length27.650 Km under JICA ODA Assam,",,,,PARSER_FAILURE,SOURCE_PRIMARY_TOKEN_NOT_RECOVERED,FlashReport_December_2025.pdf:p80; Table 6: All Ongoing Projects; sl_no=821,"A numeric parenthetical token remains in extracted source text, but controlled validation did not safely bind it to this serial row."
2025-12,FlashReport_December_2025.pdf,80,Table 6: All Ongoing Projects,822,Loan assistance Phase-V -Balance work (618371) Widening / Improvement to 4-Lane with Paved Shoulder configuration of existing single lane road from Kachukhana Harichara Paglagaunj to Dhubri - Phulbari Bridge approach Package-II of Srirampur - Dhubri Section of NH-127B from existing Km,NHIDCL,"28.050 to Km 55.060 Design Km 27.650 to Km 54.154, Design Length26.504 Km Assam,",,,,PARSER_FAILURE,SOURCE_PRIMARY_TOKEN_NOT_RECOVERED,FlashReport_December_2025.pdf:p80; Table 6: All Ongoing Projects; sl_no=822,"A numeric parenthetical token remains in extracted source text, but controlled validation did not safely bind it to this serial row."
2025-12,FlashReport_December_2025.pdf,81,Table 6: All Ongoing Projects,823,"under JICA ODA Loan assistance Phase-V [Srirampur - Dhubri Pkg-2] (618372) Construction of 4-Lane Bridge including approaches over River Brahmaputra between Dhubri on North Bank,Assam and Phulbari on south Bank,Meghalaya on NH-127B",NHIDCL,Assam,,,,PARSER_FAILURE,SOURCE_PRIMARY_TOKEN_NOT_RECOVERED,FlashReport_December_2025.pdf:p81; Table 6: All Ongoing Projects; sl_no=823,"A numeric parenthetical token remains in extracted source text, but controlled validation did not safely bind it to this serial row."
2025-12,FlashReport_December_2025.pdf,81,Table 6: All Ongoing Projects,838,Construction of Bhabhua Bypass from Ch. 10800Design Ch. 10800 to Ch. Design Ch. 18150 and Chand Bypass from Ch. 38060 Design Ch. 36250 to Ch. Design Ch. 38650 and widening of existing road to 2 - lane with Paved shoulder from,,Bihar,,,,UNRESOLVED,AMBIGUOUS_OR_MALFORMED_SOURCE_LAYOUT,FlashReport_December_2025.pdf:p81; Table 6: All Ongoing Projects; sl_no=838,No primary or alternate identifier was recovered in controlled validation; no identity was inferred from project text.
2025-12,FlashReport_December_2025.pdf,82,Table 6: All Ongoing Projects,853,Permanent rectification of 3 nos. of black spots in project Highway NH-27 of U.P border - Dewapur - Kotwa section from Km.360.915 to km.440.000 Total Length of 79.085 Km of NH-27& Permanent rectification of 5 nos. of black spots of project,,Bihar,,,,UNRESOLVED,AMBIGUOUS_OR_MALFORMED_SOURCE_LAYOUT,FlashReport_December_2025.pdf:p82; Table 6: All Ongoing Projects; sl_no=853,No primary or alternate identifier was recovered in controlled validation; no identity was inferred from project text.
2025-12,FlashReport_December_2025.pdf,83,Table 6: All Ongoing Projects,871,Construction of 4 Nos Grade separtor between km. 281.000 to km. 307.600 km. 286.400 kumhari km. 299.000 Transport Nagar km. 302.000 Power House km. 304.000 Chandra Moura Chowk to km. 305.000 supeia of NH-53 old NH-06 Raipur -,,Chhattisgarh,,,,UNRESOLVED,AMBIGUOUS_OR_MALFORMED_SOURCE_LAYOUT,FlashReport_December_2025.pdf:p83; Table 6: All Ongoing Projects; sl_no=871,No primary or alternate identifier was recovered in controlled validation; no identity was inferred from project text.
2025-12,FlashReport_December_2025.pdf,83,Table 6: All Ongoing Projects,872,2017-18-56 (617919) Strengthening and widening of existing 2 lane road to two lane paved shoulder from km 7.750 to 26.542 & km. 32.093 to 45.786 of NH-130 on EPC mode in the state of,MoRTH,Chhattisgarh,,,,PARSER_FAILURE,SOURCE_PRIMARY_TOKEN_NOT_RECOVERED,FlashReport_December_2025.pdf:p83; Table 6: All Ongoing Projects; sl_no=872,"A numeric parenthetical token remains in extracted source text, but controlled validation did not safely bind it to this serial row."
2025-12,FlashReport_December_2025.pdf,85,Table 6: All Ongoing Projects,921,"Construction & Upgradation to 2-lane with paved shoulder from Design Ch. Km at Premnagar km 66315 to Km 66535 New Thatri at Start of Km 83rd, Tunnel Km 82665 of 14.835 Km design length on Chenani-Sudhmahadev-Goha Khellani- Jammu and Kashmir",,Kishtwar-Vailoo Donipawa-Ashajipora section of NH-244 in the UT of J&K on EPC,,,,UNRESOLVED,AMBIGUOUS_OR_MALFORMED_SOURCE_LAYOUT,FlashReport_December_2025.pdf:p85; Table 6: All Ongoing Projects; sl_no=921,No primary or alternate identifier was recovered in controlled validation; no identity was inferred from project text.
2025-12,FlashReport_December_2025.pdf,85,Table 6: All Ongoing Projects,922,Mode under NHO-Gen Pkg - (618395) Construction & Upgradation to 2 lane with paved shoulder from Design Km. Khellani Ex. Km 44.946 to Km 51.700 Prem Nagar Ex. Km 68617 of 20.251 Km length on Khellani - Kishtwar - Chattroo section of NH-244 in the UT of J&K on EPC Mode Jammu and under NHO-Gen PKG- 1 Kashmir,NHIDCL,,,,,PARSER_FAILURE,SOURCE_PRIMARY_TOKEN_NOT_RECOVERED,FlashReport_December_2025.pdf:p85; Table 6: All Ongoing Projects; sl_no=922,"A numeric parenthetical token remains in extracted source text, but controlled validation did not safely bind it to this serial row."
2025-12,FlashReport_December_2025.pdf,85,Table 6: All Ongoing Projects,923,(618396) Up-gradation to 2-lane with Paved Shoulder from Km 20.300 to Km 29.030 of Km length on Goha-Khellani section on NH-244 in UT of Jammu and Kashmir on EPC Jammu and Kashmir,NHIDCL,Mode Package II,,,,PARSER_FAILURE,SOURCE_PRIMARY_TOKEN_NOT_RECOVERED,FlashReport_December_2025.pdf:p85; Table 6: All Ongoing Projects; sl_no=923,"A numeric parenthetical token remains in extracted source text, but controlled validation did not safely bind it to this serial row."
2025-12,FlashReport_December_2025.pdf,85,Table 6: All Ongoing Projects,924,(618398) Construction of Kishtwar bypass with 2 lane with paved shoulder from Design Km. 80.675 Dulhasti to km 95.550 Bandarkoot of 14.88 km & a link road to Kishtwar town from 0000 to 1.871 of length1.871 Km on Khellani - Kishtwar - Chattroo section in UT Jammu and of Jammu and Kashmir on EPC Mode Pkg-4 Kashmir,NHIDCL,,,,,PARSER_FAILURE,SOURCE_PRIMARY_TOKEN_NOT_RECOVERED,FlashReport_December_2025.pdf:p85; Table 6: All Ongoing Projects; sl_no=924,"A numeric parenthetical token remains in extracted source text, but controlled validation did not safely bind it to this serial row."
2025-12,FlashReport_December_2025.pdf,85,Table 6: All Ongoing Projects,925,(618399) Construction & Upgradation to 2-lane with paved shoulder from Design Km 67.805 at the end of Km 83rd Tunnel near Dhrabshalla Ex. Km 83905 to Km 80.675 start of Kishtwar Bypass - Dulhasti Ex. Km 970751 of 12.870 Km length on chenani- Jammu and Kashmir,NHIDCL,Sudhmahadev-Goha Khellani-Kishtwar-vailoo-Donipawa-Ashajipora seition of NH-244,,,,PARSER_FAILURE,SOURCE_PRIMARY_TOKEN_NOT_RECOVERED,FlashReport_December_2025.pdf:p85; Table 6: All Ongoing Projects; sl_no=925,"A numeric parenthetical token remains in extracted source text, but controlled validation did not safely bind it to this serial row."
2025-12,FlashReport_December_2025.pdf,85,Table 6: All Ongoing Projects,926,in the UT of J&K on EPC Mode under NHO-Gen Pkg-3 (618400) Up-gradation to 4-lane with Paved Shoulder of Jammu-Akhnoor road section of NH- 144A from Ganesh Vihar Km 6.000 to Khati Chowk Km 26.350 in UT of Jammu and Jammu and Kashmir,NHIDCL,Kashmir on EPC basis Pkg-3A,,,,PARSER_FAILURE,SOURCE_PRIMARY_TOKEN_NOT_RECOVERED,FlashReport_December_2025.pdf:p85; Table 6: All Ongoing Projects; sl_no=926,"A numeric parenthetical token remains in extracted source text, but controlled validation did not safely bind it to this serial row."
2025-12,FlashReport_December_2025.pdf,89,Table 6: All Ongoing Projects,1014,"Rehabilitation/ Upgradation of existing Highway to four lane standards in Kurkheda town from km.413257 to km 410775, Two lane in Shankarpur Gurnuli km 42400 to km 43100 section and Reconstruction of Major Bridge at Ch. 448558 Bhuti Nallah and Ch. 411695 Sati River bridge, Minor Bridge at Ch. 411477 and Ch. 405800 Lendhari Bridge of NH 543 Bhamhapuri-wadsa-kurkheda-korchi-Deori-Amgaon road on EPC",,Maharashtra,,,,UNRESOLVED,AMBIGUOUS_OR_MALFORMED_SOURCE_LAYOUT,FlashReport_December_2025.pdf:p89; Table 6: All Ongoing Projects; sl_no=1014,No primary or alternate identifier was recovered in controlled validation; no identity was inferred from project text.
2025-12,FlashReport_December_2025.pdf,89,Table 6: All Ongoing Projects,1015,mode in the State of Maharashtra (618042) Rehabilitation & Up-gradation of Sabalkhed to Ashti Section from Km 37900 to Km 55100 & Chinchpur to Jamkhed Section from km 70000 to km 72922 of NH-561 to Two lane with Paved shoulder/ Four lane configuration in the State of Maharashtra on EPC Mode Length20.122km.,MoRTH,Maharashtra,,,,PARSER_FAILURE,SOURCE_PRIMARY_TOKEN_NOT_RECOVERED,FlashReport_December_2025.pdf:p89; Table 6: All Ongoing Projects; sl_no=1015,"A numeric parenthetical token remains in extracted source text, but controlled validation did not safely bind it to this serial row."
2025-12,FlashReport_December_2025.pdf,89,Table 6: All Ongoing Projects,1016,(618046) Construction of four-lane Concrete Road from Police Headquarter Gondia City to Rawanwadi Village Birsi Airport Junction from design km 0.000 to km 15.781 existing km 39/720 of NH-753 to existing Km 8/400 of NH 543 on sections from Kohmara- Goregaon- Police HeadquarterKaranja - Collector Office Square - Balaghat T Point- Rawanwadi- Rajegaon of NH-753 and NH-543 in Gondia District in the state of,MoRTH,Maharashtra,,,,PARSER_FAILURE,SOURCE_PRIMARY_TOKEN_NOT_RECOVERED,FlashReport_December_2025.pdf:p89; Table 6: All Ongoing Projects; sl_no=1016,"A numeric parenthetical token remains in extracted source text, but controlled validation did not safely bind it to this serial row."
2025-12,FlashReport_December_2025.pdf,89,Table 6: All Ongoing Projects,1017,"Maharashtra. Total Length of the project 15.781 Km. (618059) Rehabilitation/Upgradation of existing Highway to 2LPS/4 lane of Dhawali to Rajoli from Design Km.149476 to 163476 existing Km.150000 to 164000, Pandhasala to Mohadongri from design Km.170476 to 181476 existing Km.171000 to , Ambeshivni Fata to Bodli from design Km.183476 to 185476 existing Km.184000 to",MoRTH,Maharashtra,,,,PARSER_FAILURE,SOURCE_PRIMARY_TOKEN_NOT_RECOVERED,FlashReport_December_2025.pdf:p89; Table 6: All Ongoing Projects; sl_no=1017,"A numeric parenthetical token remains in extracted source text, but controlled validation did not safely bind it to this serial row."
2025-12,FlashReport_December_2025.pdf,89,Table 6: All Ongoing Projects,1018,Km.188000 to 18900 having length 28 km of NH-930 of Dhawali to Gadchroli road in the (618065) Rehabilitation & Up-gradation of Mudkhed to Nanded section from Km. 372000 to Km 388400 of NH 161A i.e. Nanded-Bhokar-Himayatnagar-Kinwat-Mahur-Arani Road Design chainage from Km 372000 Mudkhed to Km 387650 Nanded of NH 161A,MoRTH,Maharashtra,,,,PARSER_FAILURE,SOURCE_PRIMARY_TOKEN_NOT_RECOVERED,FlashReport_December_2025.pdf:p89; Table 6: All Ongoing Projects; sl_no=1018,"A numeric parenthetical token remains in extracted source text, but controlled validation did not safely bind it to this serial row."
2025-12,FlashReport_December_2025.pdf,90,Table 6: All Ongoing Projects,1022,"Upgradation of exhisting 2 lane flexible pavement to 2 lane paved shoulders rigid pavement from design chainage Km 66.00 to Design Km 82.440 Start of Kolhapur Municipal corporation near Phulewadi to kale, design length 16.440 Km section on",,Maharashtra,,,,UNRESOLVED,AMBIGUOUS_OR_MALFORMED_SOURCE_LAYOUT,FlashReport_December_2025.pdf:p90; Table 6: All Ongoing Projects; sl_no=1022,No primary or alternate identifier was recovered in controlled validation; no identity was inferred from project text.
2025-12,FlashReport_December_2025.pdf,90,Table 6: All Ongoing Projects,1023,mode (618098) Strengthening and Widening of road Sakoli- Wadsa-Armori-Gadchiroli-Ashti- Allapalli - Sironcha National highway NH 353C in Km 262/00 to 321/00 including 16 minor Bridges and 2 Major Bridge Total length 59 Km section from repanpalli to sironcha in Gadchiroli Dist in the State of Maharashtra.,MoRTH,Maharashtra,,,,PARSER_FAILURE,SOURCE_PRIMARY_TOKEN_NOT_RECOVERED,FlashReport_December_2025.pdf:p90; Table 6: All Ongoing Projects; sl_no=1023,"A numeric parenthetical token remains in extracted source text, but controlled validation did not safely bind it to this serial row."
2025-12,FlashReport_December_2025.pdf,90,Table 6: All Ongoing Projects,1024,(618133) Upgradatiobn and Rehabilitation of Section of NH 361 F from Parli 00/000 to Gangakhed 30/400 to Two Lanes with paved shoulder / Four lane configurations on,MoRTH,Maharashtra,,,,PARSER_FAILURE,SOURCE_PRIMARY_TOKEN_NOT_RECOVERED,FlashReport_December_2025.pdf:p90; Table 6: All Ongoing Projects; sl_no=1024,"A numeric parenthetical token remains in extracted source text, but controlled validation did not safely bind it to this serial row."
2025-12,FlashReport_December_2025.pdf,90,Table 6: All Ongoing Projects,1035,Balance work of Rehabilitation and Up-gradation to 2-lane road with paved shoulders configuration for NH- 965DD from Pacharal-Mandangad-Mhapral-Rajewadi Upto Junction of NH-66 Ch-22700 to 75100 Km and Ambadave connector Birth place of Dr.,,Maharashtra,,,,UNRESOLVED,AMBIGUOUS_OR_MALFORMED_SOURCE_LAYOUT,FlashReport_December_2025.pdf:p90; Table 6: All Ongoing Projects; sl_no=1035,No primary or alternate identifier was recovered in controlled validation; no identity was inferred from project text.
2025-12,FlashReport_December_2025.pdf,90,Table 6: All Ongoing Projects,1036,"Maharashtra on EPC mode. Balance Work (618198) Rehabilitation, Upgradation & Widening of existing Highway to Rigid Pavement 2 Lane with Paved Shoulder of NH 965DD from Lonand Shirval-Bhor Mandangad-Pchral Section ShindewadiPhata to Varandah Ghat Dist Border from Km 33/550 to 92/550 in the state of Maharashtra on EPC mode.",MoRTH,Maharashtra,,,,PARSER_FAILURE,SOURCE_PRIMARY_TOKEN_NOT_RECOVERED,FlashReport_December_2025.pdf:p90; Table 6: All Ongoing Projects; sl_no=1036,"A numeric parenthetical token remains in extracted source text, but controlled validation did not safely bind it to this serial row."
2025-12,FlashReport_December_2025.pdf,94,Table 6: All Ongoing Projects,1126,Improvement & Up-gradation of NH-734 Section of Moradabad-Thakurdwara Kashipur including Moradabad & Kashipur Bypasse Package-III Kashipur Bypass Length Multi-States (Uttar,,"14.490 Km., Starts from Ch. 38770 and ends at Ch. 53260 existing Ch. 05560 Pradesh,",,,,UNRESOLVED,AMBIGUOUS_OR_MALFORMED_SOURCE_LAYOUT,FlashReport_December_2025.pdf:p94; Table 6: All Ongoing Projects; sl_no=1126,No primary or alternate identifier was recovered in controlled validation; no identity was inferred from project text.
2025-12,FlashReport_December_2025.pdf,95,Table 6: All Ongoing Projects,1135,Balance work of Construction of 2-lane with hard shoulder of Kohima - Jessami road on NH-29 old NH-150 from existing km 98.380 near Chizami vill. to km120.367 Nagaland/Manipur Border [Design km 95.700 to design km 117.200] [Design Length,,Nagaland,,,,UNRESOLVED,AMBIGUOUS_OR_MALFORMED_SOURCE_LAYOUT,FlashReport_December_2025.pdf:p95; Table 6: All Ongoing Projects; sl_no=1135,No primary or alternate identifier was recovered in controlled validation; no identity was inferred from project text.
2025-12,FlashReport_December_2025.pdf,95,Table 6: All Ongoing Projects,1136,Package-V under NHO (618296) Construction of 2-lane with hard shoulder of Kohima - Jessami road on NH-29 Old NH- 150 from existing Km 30.474 Near Kidwema road Chakahabama to existing Km 53.220 Near Kikruma Village Design Km 29.60 to Km 51.50 Design length-21.90 Km,NHIDCL,Nagaland,,,,PARSER_FAILURE,SOURCE_PRIMARY_TOKEN_NOT_RECOVERED,FlashReport_December_2025.pdf:p95; Table 6: All Ongoing Projects; sl_no=1136,"A numeric parenthetical token remains in extracted source text, but controlled validation did not safely bind it to this serial row."
2025-12,FlashReport_December_2025.pdf,95,Table 6: All Ongoing Projects,1137,Package-II -Balance work (618297) 4-Laning of Balance work of Dimapur-Kohima Road from design km 152.490 to km 166.700 Existing km 156.000 to km 172.900 Excluding Dimapur & Kohima Bypass,NHIDCL,Nagaland,,,,PARSER_FAILURE,SOURCE_PRIMARY_TOKEN_NOT_RECOVERED,FlashReport_December_2025.pdf:p95; Table 6: All Ongoing Projects; sl_no=1137,"A numeric parenthetical token remains in extracted source text, but controlled validation did not safely bind it to this serial row."
2025-12,FlashReport_December_2025.pdf,95,Table 6: All Ongoing Projects,1138,(618328) Construction of 4/6 Laning from Km 132.375 to Km 153.058 Total New Alignment length of 20.683 Km of Daboka-Dimapur Section Dimapur Bypass Nagaland Portion,NHIDCL,Nagaland,,,,PARSER_FAILURE,SOURCE_PRIMARY_TOKEN_NOT_RECOVERED,FlashReport_December_2025.pdf:p95; Table 6: All Ongoing Projects; sl_no=1138,"A numeric parenthetical token remains in extracted source text, but controlled validation did not safely bind it to this serial row."
2025-12,FlashReport_December_2025.pdf,95,Table 6: All Ongoing Projects,1139,"(618329) Widening to 2 Lane with Hard shoulder of Akegwo-Avangkhu section of NH-202K for Package-I Design Chainage 0000 Km to 34795 Km, in the State of Nagaland on EPC",NHIDCL,Nagaland,,,,PARSER_FAILURE,SOURCE_PRIMARY_TOKEN_NOT_RECOVERED,FlashReport_December_2025.pdf:p95; Table 6: All Ongoing Projects; sl_no=1139,"A numeric parenthetical token remains in extracted source text, but controlled validation did not safely bind it to this serial row."
2025-12,FlashReport_December_2025.pdf,95,Table 6: All Ongoing Projects,1140,(618364) Widening to 2 Lane with Hard shoulder of Akegwo-Avangkhu section of NH-202K for Package-III Design Chainage 69875 Km to 106816 Km in the State of Nagaland on,NHIDCL,Nagaland,,,,PARSER_FAILURE,SOURCE_PRIMARY_TOKEN_NOT_RECOVERED,FlashReport_December_2025.pdf:p95; Table 6: All Ongoing Projects; sl_no=1140,"A numeric parenthetical token remains in extracted source text, but controlled validation did not safely bind it to this serial row."
2025-12,FlashReport_December_2025.pdf,95,Table 6: All Ongoing Projects,1141,(618365) Widening to 2 Lane with Hard shoulder of Akegwo-Avangkhu section of NH-202K for Package-II Design Chainage 34795 Km to 69875 Km in the State of Nagaland on EPC,NHIDCL,Nagaland,,,,PARSER_FAILURE,SOURCE_PRIMARY_TOKEN_NOT_RECOVERED,FlashReport_December_2025.pdf:p95; Table 6: All Ongoing Projects; sl_no=1141,"A numeric parenthetical token remains in extracted source text, but controlled validation did not safely bind it to this serial row."
2025-12,FlashReport_December_2025.pdf,95,Table 6: All Ongoing Projects,1142,(618366) Construction of 2 laning with Hard shoulder of Peren-Dimapur section on NH 129A from Design Km 146.208 to Km 163.592 Length- 17.384 km in the state of Nagaland,NHIDCL,Nagaland,,,,PARSER_FAILURE,SOURCE_PRIMARY_TOKEN_NOT_RECOVERED,FlashReport_December_2025.pdf:p95; Table 6: All Ongoing Projects; sl_no=1142,"A numeric parenthetical token remains in extracted source text, but controlled validation did not safely bind it to this serial row."
2025-12,FlashReport_December_2025.pdf,95,Table 6: All Ongoing Projects,1143,(618413) Construction of Balance work for 2-lane with hard shoulder of Peren- Dimapur section on NH-129A from Design Km 126.775 to Km 146.208 Length 19.433 Km in the state,NHIDCL,Nagaland,,,,PARSER_FAILURE,SOURCE_PRIMARY_TOKEN_NOT_RECOVERED,FlashReport_December_2025.pdf:p95; Table 6: All Ongoing Projects; sl_no=1143,"A numeric parenthetical token remains in extracted source text, but controlled validation did not safely bind it to this serial row."
2025-12,FlashReport_December_2025.pdf,95,Table 6: All Ongoing Projects,1144,"(618414) Construction of 2-lane with hard shoulders of Merangkong-Tamlu-Mon road Wakching Twon portion on EPC basis from existing Chainage Km 59000 to Km 73640 [Design Km. 59000 to Km, 72450] Design length - 13.450 Km under SARDP-NE package-V Balance work",NHIDCL,Nagaland,,,,PARSER_FAILURE,SOURCE_PRIMARY_TOKEN_NOT_RECOVERED,FlashReport_December_2025.pdf:p95; Table 6: All Ongoing Projects; sl_no=1144,"A numeric parenthetical token remains in extracted source text, but controlled validation did not safely bind it to this serial row."
2025-12,FlashReport_December_2025.pdf,95,Table 6: All Ongoing Projects,1145,(618422) Construction of 2-Lane with hard shoulders of Merangkong-Tamlu-Mon MTM Road from existing Km 20.456 to Km 41.065 Design Km. 20 to Km. 40.0 Design Length-,NHIDCL,Nagaland,,,,PARSER_FAILURE,SOURCE_PRIMARY_TOKEN_NOT_RECOVERED,FlashReport_December_2025.pdf:p95; Table 6: All Ongoing Projects; sl_no=1145,"A numeric parenthetical token remains in extracted source text, but controlled validation did not safely bind it to this serial row."
2025-12,FlashReport_December_2025.pdf,96,Table 6: All Ongoing Projects,1165,Up-gradation to two lane with paved shoulder configuration of NH-354 Section Arifkes- Ferozepur-Muktsar-Malaut from Km 201.500 to Km 212.500 & Km 229.690 to Km 269.960 and strengthening of existing pavement from Km 212.500 to Km,,Punjab,,,,UNRESOLVED,AMBIGUOUS_OR_MALFORMED_SOURCE_LAYOUT,FlashReport_December_2025.pdf:p96; Table 6: All Ongoing Projects; sl_no=1165,No primary or alternate identifier was recovered in controlled validation; no identity was inferred from project text.
2025-12,FlashReport_December_2025.pdf,96,Table 6: All Ongoing Projects,1166,No. NH-354-PB-2020-21-532 (618024) Delhi-Amritsar-Katra Expressway Phase-I Pkg-VII from Junction with Patiala-Bathinda road NH-7 near Bhawanigarh to Junction with Ludhiana-Malerhkotla SH-11 near,MoRTH,Punjab,,,,PARSER_FAILURE,SOURCE_PRIMARY_TOKEN_NOT_RECOVERED,FlashReport_December_2025.pdf:p96; Table 6: All Ongoing Projects; sl_no=1166,"A numeric parenthetical token remains in extracted source text, but controlled validation did not safely bind it to this serial row."
2025-12,FlashReport_December_2025.pdf,96,Table 6: All Ongoing Projects,1167,(618487) Delhi-Amritsar-Katra Expressway Phase-I Pkg-VIII from Junction with Ludhiana- Malerkotla SH-11 near Bhogiwal village to Junction with Ludhiana-Moga road NH-5,National Highways Authority of India [NHAI],Punjab,,,,PARSER_FAILURE,SOURCE_PRIMARY_TOKEN_NOT_RECOVERED,FlashReport_December_2025.pdf:p96; Table 6: All Ongoing Projects; sl_no=1167,"A numeric parenthetical token remains in extracted source text, but controlled validation did not safely bind it to this serial row."
2025-12,FlashReport_December_2025.pdf,96,Table 6: All Ongoing Projects,1168,(618488) Delhi-Amritsar-Katra Expressway Phase-I Pkg-IX from Junction with Ludhiana-Moga road NH-5 near Mullanpur Dakha to Junction with Jalandhar - Moga road NH-703 near,National Highways Authority of India [NHAI],Punjab,,,,PARSER_FAILURE,SOURCE_PRIMARY_TOKEN_NOT_RECOVERED,FlashReport_December_2025.pdf:p96; Table 6: All Ongoing Projects; sl_no=1168,"A numeric parenthetical token remains in extracted source text, but controlled validation did not safely bind it to this serial row."
2025-12,FlashReport_December_2025.pdf,96,Table 6: All Ongoing Projects,1169,(618489) Delhi-Amritsar-Katra Expressway Phase-I Pkg-X from Jn. with Jalandhar - Moga road NH-703 to Jn. with Jalandhar-Kapurthala road NH-703A and to Jn. with Kapurthala -,National Highways Authority of India [NHAI],Punjab,,,,PARSER_FAILURE,SOURCE_PRIMARY_TOKEN_NOT_RECOVERED,FlashReport_December_2025.pdf:p96; Table 6: All Ongoing Projects; sl_no=1169,"A numeric parenthetical token remains in extracted source text, but controlled validation did not safely bind it to this serial row."
2025-12,FlashReport_December_2025.pdf,97,Table 6: All Ongoing Projects,1170,(618490) Delhi-Amritsar-Katra Expressway Phase-I Pkg-XI from Junction with Jalandhar - Kapurthala road NH-703A near khojewal village to Junction with Amritsar-Mehta- SriHargobindpur-Tanda road NH-503A near SriHargobindpur Km 319400 to km 362420,National Highways Authority of India [NHAI],Punjab,,,,PARSER_FAILURE,SOURCE_PRIMARY_TOKEN_NOT_RECOVERED,FlashReport_December_2025.pdf:p97; Table 6: All Ongoing Projects; sl_no=1170,"A numeric parenthetical token remains in extracted source text, but controlled validation did not safely bind it to this serial row."
2025-12,FlashReport_December_2025.pdf,97,Table 6: All Ongoing Projects,1171,(618491) Delhi-Amritsar-Katra Expressway Phase-I Pkg-XII from Junction with Amritsar-Mehta- SriHargobindpur-Tanda road NH-503A near SriHargobindpur to Junction with,National Highways Authority of India [NHAI],Punjab,,,,PARSER_FAILURE,SOURCE_PRIMARY_TOKEN_NOT_RECOVERED,FlashReport_December_2025.pdf:p97; Table 6: All Ongoing Projects; sl_no=1171,"A numeric parenthetical token remains in extracted source text, but controlled validation did not safely bind it to this serial row."
2025-12,FlashReport_December_2025.pdf,97,Table 6: All Ongoing Projects,1172,(618492) Delhi-Amritsar-Katra Expressway Phase-I Spur-I from Jn. with Kapurthala - Sultanpur Lodhi Road NH-703A near Isharwal village to Jn. with Kapurthala - Tarn Taran road,National Highways Authority of India [NHAI],Punjab,,,,PARSER_FAILURE,SOURCE_PRIMARY_TOKEN_NOT_RECOVERED,FlashReport_December_2025.pdf:p97; Table 6: All Ongoing Projects; sl_no=1172,"A numeric parenthetical token remains in extracted source text, but controlled validation did not safely bind it to this serial row."
2025-12,FlashReport_December_2025.pdf,97,Table 6: All Ongoing Projects,1190,Construction of 2 lane with paved shoulder for the work of Development of remaining sections of NH-325 Balotra to sanderao via Jalore to 2 lane with paved shoulder configuration by Construction of Byasses for town portions1 Asotra- Brahmdham bypass 2Siwana Bypass 3 Mokalsar Bypass 4 Major realignment at Kathadi 5 Major realignment at Bishangarh 6 Jalore Bypass 7 Ahore Town portion 8 Dujana Bypass in,,Rajasthan,,,,UNRESOLVED,AMBIGUOUS_OR_MALFORMED_SOURCE_LAYOUT,FlashReport_December_2025.pdf:p97; Table 6: All Ongoing Projects; sl_no=1190,No primary or alternate identifier was recovered in controlled validation; no identity was inferred from project text.
2025-12,FlashReport_December_2025.pdf,98,Table 6: All Ongoing Projects,1191,the state of Rajasthan on EPC Mode (618011) Up-gradation to 2 lane with Paved shoulder from Charbhuja at Design km 0 existing km 150.00 to Neechli Oden Nathdwara at Design ch. Km 88.800 existing km,MoRTH,Rajasthan,,,,PARSER_FAILURE,SOURCE_PRIMARY_TOKEN_NOT_RECOVERED,FlashReport_December_2025.pdf:p98; Table 6: All Ongoing Projects; sl_no=1191,"A numeric parenthetical token remains in extracted source text, but controlled validation did not safely bind it to this serial row."
2025-12,FlashReport_December_2025.pdf,98,Table 6: All Ongoing Projects,1192,(618093) Upgradation of two lane paved shoulder from Shahpura existing km. 0.00 Design Ch. 000 to Thanagazi existing Km.37352 Design Ch. 36810 of NH-248A on EPC mode in,MoRTH,Rajasthan,,,,PARSER_FAILURE,SOURCE_PRIMARY_TOKEN_NOT_RECOVERED,FlashReport_December_2025.pdf:p98; Table 6: All Ongoing Projects; sl_no=1192,"A numeric parenthetical token remains in extracted source text, but controlled validation did not safely bind it to this serial row."
2025-12,FlashReport_December_2025.pdf,101,Table 6: All Ongoing Projects,1254,Improvement and Widening to 2-lane with paved shoulder of road from existing Km 438.170 Khowai Chowmuhani to existing Km 439.410 South Pulinpur of NH-08 and from design Km 0.000 South Pulinpur to design Km 36.00 near Rangamati of NH,,Tripura,,,,UNRESOLVED,AMBIGUOUS_OR_MALFORMED_SOURCE_LAYOUT,FlashReport_December_2025.pdf:p101; Table 6: All Ongoing Projects; sl_no=1254,No primary or alternate identifier was recovered in controlled validation; no identity was inferred from project text.
2025-12,FlashReport_December_2025.pdf,101,Table 6: All Ongoing Projects,1255,EPC mode under JICA ODA Loan Phase VI Package-2 (618369) Improvement and Widening to 2-lane with paved shoulder of road from Km 101.300 to km 127.319 Total Length 26.019 Km i.e. the Khowai Teliamura-Amarpur-Harina- Sabroom section of NH 208 in the state of Tripura on EPC under JICA ODA Loan Phase VI Package-1,NHIDCL,Tripura,,,,PARSER_FAILURE,SOURCE_PRIMARY_TOKEN_NOT_RECOVERED,FlashReport_December_2025.pdf:p101; Table 6: All Ongoing Projects; sl_no=1255,"A numeric parenthetical token remains in extracted source text, but controlled validation did not safely bind it to this serial row."
2025-12,FlashReport_December_2025.pdf,101,Table 6: All Ongoing Projects,1256,(618370) Rehabilitation and up-gradation of road from design km 25.250 to km 36.460 Total lengh 11.210 km of Kailashahar-Kurti Bridge section on NH-208A to 2-lane with paved,NHIDCL,Tripura,,,,PARSER_FAILURE,SOURCE_PRIMARY_TOKEN_NOT_RECOVERED,FlashReport_December_2025.pdf:p101; Table 6: All Ongoing Projects; sl_no=1256,"A numeric parenthetical token remains in extracted source text, but controlled validation did not safely bind it to this serial row."
2025-12,FlashReport_December_2025.pdf,101,Table 6: All Ongoing Projects,1257,(618385) Rehabilitation & Upgradation of Road from Km 0.00 to Km 18.600 Total length-18.600 km of Kumarghat-Kailashahar section on NH-208 to 2-lane with Paved shoulder on,NHIDCL,Tripura,,,,PARSER_FAILURE,SOURCE_PRIMARY_TOKEN_NOT_RECOVERED,FlashReport_December_2025.pdf:p101; Table 6: All Ongoing Projects; sl_no=1257,"A numeric parenthetical token remains in extracted source text, but controlled validation did not safely bind it to this serial row."
2025-12,FlashReport_December_2025.pdf,104,Table 6: All Ongoing Projects,1328,Construction of alternative highway to Gangtok in Sikkim via Bagrakot -Chuikhim- Nimbong -Kafer-Bakhim-Algarah-Rhenock in the State of West Bengal and from Rhenok-Rorathang-Pakyong along with spur from Aritar-Rolep-Menla in the State of,,West Bengal,,,,UNRESOLVED,AMBIGUOUS_OR_MALFORMED_SOURCE_LAYOUT,FlashReport_December_2025.pdf:p104; Table 6: All Ongoing Projects; sl_no=1328,No primary or alternate identifier was recovered in controlled validation; no identity was inferred from project text.
2025-12,FlashReport_December_2025.pdf,104,Table 6: All Ongoing Projects,1329,Mode under Phase-A of SARDP-NE in the State of West Bengal PKG- IVA (618430) Construction of alternative highway to Gangtok in Sikkim via Bagrakot -Chuikhim- Nimbong -Kafer-Bakhim-Algarah-Rhenock in the State of West Bengal and from Rhenok-Rorathang-Pakyong along with spur from Aritar-Rolep-Menla in the State of,NHIDCL,West Bengal,,,,PARSER_FAILURE,SOURCE_PRIMARY_TOKEN_NOT_RECOVERED,FlashReport_December_2025.pdf:p104; Table 6: All Ongoing Projects; sl_no=1329,"A numeric parenthetical token remains in extracted source text, but controlled validation did not safely bind it to this serial row."
2025-12,FlashReport_December_2025.pdf,104,Table 6: All Ongoing Projects,1334,"Mobile connectivity in Left Wing Extremism [LWE] affected areas-Phase 1 Multi-States Upgradation (Andhra Pradesh, Bihar, (617413) Chhattisgarh, Jharkhand,",Department of Telecommunications [DoT],"Madhya Pradesh,",,,,IDENTIFIER_FOUND,VERIFIED_PARSER_FAILURE_WRAPPED_OR_BOUNDARY_IDENTIFIER,FlashReport_December_2025.pdf:p104; Table 6: All Ongoing Projects; sl_no=1334,Validation extraction recovered source primary code 617413 at the same report/serial address; the baseline value was blank.
2025-12,FlashReport_December_2025.pdf,105,Table 6: All Ongoing Projects,1335,"Maharashtra, Odisha, Telangana, Uttar Pradesh, West Bengal) Mobile connectivity in Left Wing Extremism [LWE] affected areas-Phase2 Multi-States (Andhra Pradesh, (701599) Bihar, Chhattisgarh, Jharkhand, NA",Department of Telecommunications [DoT],"Madhya Pradesh,",,,,IDENTIFIER_FOUND,VERIFIED_PARSER_FAILURE_WRAPPED_OR_BOUNDARY_IDENTIFIER,FlashReport_December_2025.pdf:p105; Table 6: All Ongoing Projects; sl_no=1335,Validation extraction recovered source primary code 701599 at the same report/serial address; the baseline value was blank.
2025-12,FlashReport_December_2025.pdf,105,Table 6: All Ongoing Projects,1337,Provision of 4G Mobile Services in Uncovered Villages of Arunachal Pradesh and Multi-States Districts of Assam,Department of Telecommunications,(Arunachal,,,,UNRESOLVED,AMBIGUOUS_OR_MALFORMED_SOURCE_LAYOUT,FlashReport_December_2025.pdf:p105; Table 6: All Ongoing Projects; sl_no=1337,No primary or alternate identifier was recovered in controlled validation; no identity was inferred from project text.
2025-12,FlashReport_December_2025.pdf,105,Table 6: All Ongoing Projects,1338,"Pradesh, Assam) (701597) 354 Uncovered Villages Scheme Multi-States (Bihar, Gujarat, (701600) Himachal Pradesh,",Department of Telecommunications [DoT],Jammu and,,,,IDENTIFIER_FOUND,VERIFIED_PARSER_FAILURE_WRAPPED_OR_BOUNDARY_IDENTIFIER,FlashReport_December_2025.pdf:p105; Table 6: All Ongoing Projects; sl_no=1338,Validation extraction recovered source primary code 701600 at the same report/serial address; the baseline value was blank.
2026-01,FlashReport_January_2026.pdf,70,Table 6: All Ongoing Projects,223,Comprehensive Scheme for Strengthening of Transmission and Distribution [T&D] Multi-States Systems [CSST&DS] in Arunachal Pradesh and Sikkim,Power Grid Corporation of India Limited [POWERGRID],(Arunachal,,,,UNRESOLVED,AMBIGUOUS_OR_MALFORMED_SOURCE_LAYOUT,FlashReport_January_2026.pdf:p70; Table 6: All Ongoing Projects; sl_no=223,No primary or alternate identifier was recovered in controlled validation; no identity was inferred from project text.
2026-01,FlashReport_January_2026.pdf,70,Table 6: All Ongoing Projects,228,Transmission Network Expansion in Gujarat to increase its ATC from ISTS Part B Multi-States (Dadra & Nagar,400005,Haveli and Daman,,,,UNRESOLVED,AMBIGUOUS_OR_MALFORMED_SOURCE_LAYOUT,FlashReport_January_2026.pdf:p70; Table 6: All Ongoing Projects; sl_no=228,No primary or alternate identifier was recovered in controlled validation; no identity was inferred from project text.
2026-01,FlashReport_January_2026.pdf,70,Table 6: All Ongoing Projects,232,Maharashtra) (615347) Transmission system for evacuation of power from Rajasthan REZ Ph-IV [Part- 3/6GW] [Bikaner complex] Part A [SPV Name POWERGRID Bikaner IV Transmission Multi-States,Power Grid Corporation of India Limited [POWERGRID],"Limited] (Haryana, Punjab,",,,,PARSER_FAILURE,SOURCE_PRIMARY_TOKEN_NOT_RECOVERED,FlashReport_January_2026.pdf:p70; Table 6: All Ongoing Projects; sl_no=232,"A numeric parenthetical token remains in extracted source text, but controlled validation did not safely bind it to this serial row."
2026-01,FlashReport_January_2026.pdf,70,Table 6: All Ongoing Projects,233,Rajasthan) (615339) TRANSMISSION SYSTEM FOR EVACUATION OF POWER FROM RAJASTHAN REZ PH-IV [PART-3/ 6 GW] [BIKANER COMPLEX] PART B [SPV Name Multi-States,Power Grid Corporation of India Limited [POWERGRID],"POWERGRID Siwani Transmission Limited] (Haryana,",,,,PARSER_FAILURE,SOURCE_PRIMARY_TOKEN_NOT_RECOVERED,FlashReport_January_2026.pdf:p70; Table 6: All Ongoing Projects; sl_no=233,"A numeric parenthetical token remains in extracted source text, but controlled validation did not safely bind it to this serial row."
2026-01,FlashReport_January_2026.pdf,70,Table 6: All Ongoing Projects,236,Transmission System for Evacuation of Power from Rajasthan REZ Ph-IV [Part-2 5. GW] [Jaisalmer/Barmer Complex] Part D [SPV Name POWERGRID Beawar Multi-States,,"Mandsaur Transmission Limited] (Madhya Pradesh,",,,,UNRESOLVED,AMBIGUOUS_OR_MALFORMED_SOURCE_LAYOUT,FlashReport_January_2026.pdf:p70; Table 6: All Ongoing Projects; sl_no=236,No primary or alternate identifier was recovered in controlled validation; no identity was inferred from project text.
2026-01,FlashReport_January_2026.pdf,70,Table 6: All Ongoing Projects,237,Rajasthan) (615333) Transmission System for Evacuation of Power from Rajasthan REZ Ph-IV [Part-2 5. GW] [Jaisalmer/Barmer Complex] Part E [SPV Name POWERGRID Mewar Multi-States,Power Grid Corporation of India Limited [POWERGRID],"Transmission Limited] (Madhya Pradesh,",,,,PARSER_FAILURE,SOURCE_PRIMARY_TOKEN_NOT_RECOVERED,FlashReport_January_2026.pdf:p70; Table 6: All Ongoing Projects; sl_no=237,"A numeric parenthetical token remains in extracted source text, but controlled validation did not safely bind it to this serial row."
2026-01,FlashReport_January_2026.pdf,71,Table 6: All Ongoing Projects,255,"Construction of One Tower of Office Complex and another Tower of Residential quarters consisting of 10Nos. Type-V, 10Nos. Type-VI & 1No.Type-VII Quarters i/c internal water supply, sanitary installation and all development and bulk services, Horticulture works on EPC Mode-I basis i/c comprehensive operation and",,"maintenance of Civil, E&M services for 7 years after completion of original Telangana,",,,,UNRESOLVED,AMBIGUOUS_OR_MALFORMED_SOURCE_LAYOUT,FlashReport_January_2026.pdf:p71; Table 6: All Ongoing Projects; sl_no=255,No primary or alternate identifier was recovered in controlled validation; no identity was inferred from project text.
2026-01,FlashReport_January_2026.pdf,77,Table 6: All Ongoing Projects,420,"North East Gas Grid Multi-States (Arunachal (701346) Pradesh, Assam, Manipur,",Ministry of Petroleum & Natural Gas,"Meghalaya,",,,,IDENTIFIER_FOUND,VERIFIED_PARSER_FAILURE_WRAPPED_OR_BOUNDARY_IDENTIFIER,FlashReport_January_2026.pdf:p77; Table 6: All Ongoing Projects; sl_no=420,Validation extraction recovered source primary code 701346 at the same report/serial address; the baseline value was blank.
2026-01,FlashReport_January_2026.pdf,77,Table 6: All Ongoing Projects,424,"Mumbai Nagpur Jharsuguda Pipeline Project Multi-States (Chhattisgarh,",701354,"Madhya Pradesh,",,,,UNRESOLVED,AMBIGUOUS_OR_MALFORMED_SOURCE_LAYOUT,FlashReport_January_2026.pdf:p77; Table 6: All Ongoing Projects; sl_no=424,No primary or alternate identifier was recovered in controlled validation; no identity was inferred from project text.
2026-01,FlashReport_January_2026.pdf,86,Table 6: All Ongoing Projects,661,"New Delhi- Howrah Speed Booster[160Kmph] Project Multi-States (Bihar, Delhi,",705794,"Jharkhand, Uttar,",,,,UNRESOLVED,AMBIGUOUS_OR_MALFORMED_SOURCE_LAYOUT,FlashReport_January_2026.pdf:p86; Table 6: All Ongoing Projects; sl_no=661,No primary or alternate identifier was recovered in controlled validation; no identity was inferred from project text.
2026-01,FlashReport_January_2026.pdf,87,Table 6: All Ongoing Projects,686,Nangal Dam-Talwara New Broad Gauge Line [84 KM] and Taking Over Siding Multi-States Mukerian-Talwara [29 KM],Northen Railway [NR],(Himachal,,,,UNRESOLVED,AMBIGUOUS_OR_MALFORMED_SOURCE_LAYOUT,FlashReport_January_2026.pdf:p87; Table 6: All Ongoing Projects; sl_no=686,No primary or alternate identifier was recovered in controlled validation; no identity was inferred from project text.
2026-01,FlashReport_January_2026.pdf,93,Table 6: All Ongoing Projects,842,Construction of four lane access controlled highway from Chillakuru cross road to Turpu KanupurPart 1 of Package - II km 0.000 131.500 of NH - 16 to km 23.770 on New NH-516W including sixlane flyover and approaches on NH-16 length km and six lane access controlled from TurpuKanupur to Port South Gate Part 2 of Package - II km 23.770 to km 35.015 on New NH-516W inthe state of Andhra Pradesh,,Andhra Pradesh,,,,UNRESOLVED,AMBIGUOUS_OR_MALFORMED_SOURCE_LAYOUT,FlashReport_January_2026.pdf:p93; Table 6: All Ongoing Projects; sl_no=842,No primary or alternate identifier was recovered in controlled validation; no identity was inferred from project text.
2026-01,FlashReport_January_2026.pdf,94,Table 6: All Ongoing Projects,855,"Construction of 4 lane Gauripur Bypass Starting bfrom Km 852.56 of NH- 31Dumardoha Pt-II and Terminating at Km 862.17 Baladmara via. Khudimari Pt.- II, Fulkumari, Charaldanga, Sajuakuti,Geramari Pt.-III and finally meeting at km 862.17 of",,Assam,,,,UNRESOLVED,AMBIGUOUS_OR_MALFORMED_SOURCE_LAYOUT,FlashReport_January_2026.pdf:p94; Table 6: All Ongoing Projects; sl_no=855,No primary or alternate identifier was recovered in controlled validation; no identity was inferred from project text.
2026-01,FlashReport_January_2026.pdf,94,Table 6: All Ongoing Projects,856,24/265 (617896) Construction of 2 lane Barpeta Bypass from Km 77900Baradi to Km 86150 Deurikuchi Length8.25Km on NH-427 in the state of Assam under EPC ModeJob,MoRTH,Assam,,,,PARSER_FAILURE,SOURCE_PRIMARY_TOKEN_NOT_RECOVERED,FlashReport_January_2026.pdf:p94; Table 6: All Ongoing Projects; sl_no=856,"A numeric parenthetical token remains in extracted source text, but controlled validation did not safely bind it to this serial row."
2026-01,FlashReport_January_2026.pdf,94,Table 6: All Ongoing Projects,857,(618034) Construction of new 2 Lane with paved shoulders of NH Standards from km 0.080 to km 11.690 L11.610 km in Majuli and from km 19.715 to km 27.484 L 7.769 km in Jorhat on the newly declared NH 715K and construction of 1.10 km flyover on NH-715,MoRTH,"with its approaches and service roads L1.10 km, Total Length 20.479 km in the State Assam,",,,,PARSER_FAILURE,SOURCE_PRIMARY_TOKEN_NOT_RECOVERED,FlashReport_January_2026.pdf:p94; Table 6: All Ongoing Projects; sl_no=857,"A numeric parenthetical token remains in extracted source text, but controlled validation did not safely bind it to this serial row."
2026-01,FlashReport_January_2026.pdf,94,Table 6: All Ongoing Projects,858,"of Assam Job No. 715K/AS/2023-24/256 (618159) Construction of 2 lane Major Bridge including approaches over Brahmaputra between Majuli on North Bank and Jorhat on South Bank from km. 11.690 to km. 19.715 length of bridge 6,812.5m Package - II on NH-715K in the state of Assam Job no. 715/AS/2020-21/213",MoRTH,Assam,,,,PARSER_FAILURE,SOURCE_PRIMARY_TOKEN_NOT_RECOVERED,FlashReport_January_2026.pdf:p94; Table 6: All Ongoing Projects; sl_no=858,"A numeric parenthetical token remains in extracted source text, but controlled validation did not safely bind it to this serial row."
2026-01,FlashReport_January_2026.pdf,94,Table 6: All Ongoing Projects,861,Widening/Improvement to 4-Lane with paved shoulder from Km 99930 to Km Design Chainage 96000 to 139750 of Paikan to Dhupdhara Sahar of Bilasipura- Guwahati Road on NH-17 in the state of Assam on EPC mode under Bharatmala,,Assam,,,,UNRESOLVED,AMBIGUOUS_OR_MALFORMED_SOURCE_LAYOUT,FlashReport_January_2026.pdf:p94; Table 6: All Ongoing Projects; sl_no=861,No primary or alternate identifier was recovered in controlled validation; no identity was inferred from project text.
2026-01,FlashReport_January_2026.pdf,94,Table 6: All Ongoing Projects,862,(618284) Widening/Improvement to 4 -Lane with Paved Shoulder from Ch. 88.000km to Ch.99.930 km Design Ch.84.100km to Ch.96.000 km of Sagunbashi forest near Nichinta to starting of Krishnai Bypass Section of Bilasipura Guwahati road NH 17 on EPC Package-7,NHIDCL,Assam,,,,PARSER_FAILURE,SOURCE_PRIMARY_TOKEN_NOT_RECOVERED,FlashReport_January_2026.pdf:p94; Table 6: All Ongoing Projects; sl_no=862,"A numeric parenthetical token remains in extracted source text, but controlled validation did not safely bind it to this serial row."
2026-01,FlashReport_January_2026.pdf,94,Table 6: All Ongoing Projects,867,Construction of 4-Lane Panchgram Bypass from Design Chainage km 15500 on NH- 37 Old NH-53 at Kalinagar Pt.-I Village to Design Chainage km 27300 at crossing with NH-6 Old NH-44 Near Siddeswar Pt.-I Village on Silchar - Churaibari stretch in the,,Assam,,,,UNRESOLVED,AMBIGUOUS_OR_MALFORMED_SOURCE_LAYOUT,FlashReport_January_2026.pdf:p94; Table 6: All Ongoing Projects; sl_no=867,No primary or alternate identifier was recovered in controlled validation; no identity was inferred from project text.
2026-01,FlashReport_January_2026.pdf,94,Table 6: All Ongoing Projects,868,Silchar- Churaibari Package-2 (618308) Widening/lmprovement to 4-Laning and Greenfield alignment with Paved shoulder of Silchar-Badarpur Churaibari section of NH-37 & NH-8 from Design chainage End point of proposed Badarpur Bypass to Km. 62.800 Start point of proposed Nilambazar/Cheragi Bypass in the state of Assam on HAM Mode Package-4,NHIDCL,Assam,,,,PARSER_FAILURE,SOURCE_PRIMARY_TOKEN_NOT_RECOVERED,FlashReport_January_2026.pdf:p94; Table 6: All Ongoing Projects; sl_no=868,"A numeric parenthetical token remains in extracted source text, but controlled validation did not safely bind it to this serial row."
2026-01,FlashReport_January_2026.pdf,94,Table 6: All Ongoing Projects,869,(618309) Widening/lmprovement to 4-Lane with Paved Shoulder from existing road and Greenfield alignment form Design Ch. 62.800 start of proposed Nilambazar/Cheragi Bypass to Design Ch. 87.700 near Chandkhira Village of NH-8 on Silchar-Churaibari in the state of Assam on HAM Mode Package-5,NHIDCL,Assam,,,,PARSER_FAILURE,SOURCE_PRIMARY_TOKEN_NOT_RECOVERED,FlashReport_January_2026.pdf:p94; Table 6: All Ongoing Projects; sl_no=869,"A numeric parenthetical token remains in extracted source text, but controlled validation did not safely bind it to this serial row."
2026-01,FlashReport_January_2026.pdf,94,Table 6: All Ongoing Projects,870,(618312) Widening/lmprovement of Existing 2 lane to 4-Laning of Karimganj-Silchar section of NH-37 from Design Ch 0.000 near Silchar ISBT to Design Ch 15.970 near Kalinagar,NHIDCL,Assam,,,,PARSER_FAILURE,SOURCE_PRIMARY_TOKEN_NOT_RECOVERED,FlashReport_January_2026.pdf:p94; Table 6: All Ongoing Projects; sl_no=870,"A numeric parenthetical token remains in extracted source text, but controlled validation did not safely bind it to this serial row."
2026-01,FlashReport_January_2026.pdf,94,Table 6: All Ongoing Projects,871,(618313) 4-Laning of Dhanehari Lailapur / Vairengte section from Existing Chainage km to km 43000 of NH 306 Design Chainage km 20000 to km 49360 on Silchar - Vairengte Sairang road in the State of Assam under Bharatmala Pariyojna on EPC mode. Project Length 29.360 km under NHO-NE Package-2,NHIDCL,Assam,,,,PARSER_FAILURE,SOURCE_PRIMARY_TOKEN_NOT_RECOVERED,FlashReport_January_2026.pdf:p94; Table 6: All Ongoing Projects; sl_no=871,"A numeric parenthetical token remains in extracted source text, but controlled validation did not safely bind it to this serial row."
2026-01,FlashReport_January_2026.pdf,95,Table 6: All Ongoing Projects,872,(618314) 4-Laning of Silchar - Dhanehari section from Existing Chainage km 263800 of NH to km 12920 of NH 306 Design Chainage km 0000 to km 20000 on Silchar - Vairengte - Sairang road in the State of Assam under Bharatmala Pariyojna on EPC mode Package-1,NHIDCL,Assam,,,,PARSER_FAILURE,SOURCE_PRIMARY_TOKEN_NOT_RECOVERED,FlashReport_January_2026.pdf:p95; Table 6: All Ongoing Projects; sl_no=872,"A numeric parenthetical token remains in extracted source text, but controlled validation did not safely bind it to this serial row."
2026-01,FlashReport_January_2026.pdf,95,Table 6: All Ongoing Projects,876,Construction of 4/6 Laning from existing Km 159.400 of NH-36 to existing Km of NH-39 and upto end point of Assam portion [Design Km 118.050 to design Km 132.375] Total New Alignment length of 14.325 Km of Daboka -Dimapur Section,,Assam,,,,UNRESOLVED,AMBIGUOUS_OR_MALFORMED_SOURCE_LAYOUT,FlashReport_January_2026.pdf:p95; Table 6: All Ongoing Projects; sl_no=876,No primary or alternate identifier was recovered in controlled validation; no identity was inferred from project text.
2026-01,FlashReport_January_2026.pdf,95,Table 6: All Ongoing Projects,877,Assam Portion (618330) lmprovement to 4-Lane with Paved Shoulder from existing km 260000 Design Ch.4560 km to existing km Ch.233000 D. Ch.24560 of Silchar near Nutan Dayapur village - Budha Nagar Section Length-20.00 Km of NH-37 under Package Silchar- Jiribam Pkg-1 in the state of Assam on HAM Mode,NHIDCL,Assam,,,,PARSER_FAILURE,SOURCE_PRIMARY_TOKEN_NOT_RECOVERED,FlashReport_January_2026.pdf:p95; Table 6: All Ongoing Projects; sl_no=877,"A numeric parenthetical token remains in extracted source text, but controlled validation did not safely bind it to this serial row."
2026-01,FlashReport_January_2026.pdf,95,Table 6: All Ongoing Projects,878,(618331) Widening/Improvement to 2-Lane Lane with Paved Shoulder from km 16900 Bogapani to km 27150 Golai Goan on existing Dibrugarh to Ledo section with proposed Digboi Bypass Green Field and Brownfield 2-LanePS of NH-315 OLD NH-38 in Tinsukia District under NHO- NE Package-4,NHIDCL,Assam,,,,PARSER_FAILURE,SOURCE_PRIMARY_TOKEN_NOT_RECOVERED,FlashReport_January_2026.pdf:p95; Table 6: All Ongoing Projects; sl_no=878,"A numeric parenthetical token remains in extracted source text, but controlled validation did not safely bind it to this serial row."
2026-01,FlashReport_January_2026.pdf,95,Table 6: All Ongoing Projects,879,(618339) Widening/Improvement to 4-Lane with Paved Shoulder from km 626030 Nalani hulla Gaon to km 650450 Chotahapjan on existing Tinsukhia -Makum Bypass of NH-15 OLD NH-37 and Strengthening of existing NH-315 OLD NH-38 from Km 000,NHIDCL,Assam,,,,PARSER_FAILURE,SOURCE_PRIMARY_TOKEN_NOT_RECOVERED,FlashReport_January_2026.pdf:p95; Table 6: All Ongoing Projects; sl_no=879,"A numeric parenthetical token remains in extracted source text, but controlled validation did not safely bind it to this serial row."
2026-01,FlashReport_January_2026.pdf,95,Table 6: All Ongoing Projects,880,NHO-NE Package-3 (618340) Widening & Upgradation to 2 lanes with paved shoulders road from Tamenglong to Mahur NH-137 in the State of Assam starting from km 156.489 near P. Leikul to km,NHIDCL,Assam,,,,PARSER_FAILURE,SOURCE_PRIMARY_TOKEN_NOT_RECOVERED,FlashReport_January_2026.pdf:p95; Table 6: All Ongoing Projects; sl_no=880,"A numeric parenthetical token remains in extracted source text, but controlled validation did not safely bind it to this serial row."
2026-01,FlashReport_January_2026.pdf,95,Table 6: All Ongoing Projects,881,(618351) Widening & Upgradation to 2 lanes with paved shoulders road from Tamenglong to Mahur NH-137 in the State of Assam starting from km 136.500 near Hejaichak to km,NHIDCL,Assam,,,,PARSER_FAILURE,SOURCE_PRIMARY_TOKEN_NOT_RECOVERED,FlashReport_January_2026.pdf:p95; Table 6: All Ongoing Projects; sl_no=881,"A numeric parenthetical token remains in extracted source text, but controlled validation did not safely bind it to this serial row."
2026-01,FlashReport_January_2026.pdf,95,Table 6: All Ongoing Projects,882,(618352) Widening & Upgradation to 2-lanes with paved shoulders road from Tamenglong to Mahur NH-137 in the State of Assam starting from km 116.480 near Hangrum to km,NHIDCL,Assam,,,,PARSER_FAILURE,SOURCE_PRIMARY_TOKEN_NOT_RECOVERED,FlashReport_January_2026.pdf:p95; Table 6: All Ongoing Projects; sl_no=882,"A numeric parenthetical token remains in extracted source text, but controlled validation did not safely bind it to this serial row."
2026-01,FlashReport_January_2026.pdf,95,Table 6: All Ongoing Projects,883,(618353) Wideinig & Upgradation to 2-lanes with paved shoulders road from Tamenglong to Mahur NH-137 in the State of Assam starting from km 96.870 near Jiri River to km,NHIDCL,Assam,,,,PARSER_FAILURE,SOURCE_PRIMARY_TOKEN_NOT_RECOVERED,FlashReport_January_2026.pdf:p95; Table 6: All Ongoing Projects; sl_no=883,"A numeric parenthetical token remains in extracted source text, but controlled validation did not safely bind it to this serial row."
2026-01,FlashReport_January_2026.pdf,95,Table 6: All Ongoing Projects,884,(618354) Widening/Improvement to 4-Lane with Paved Shoulder from km 55000 Nagabang Gamsuk to km 82514 Oyan in the State of Assam and Arunachal Pradesh on EPC,NHIDCL,Assam,,,,PARSER_FAILURE,SOURCE_PRIMARY_TOKEN_NOT_RECOVERED,FlashReport_January_2026.pdf:p95; Table 6: All Ongoing Projects; sl_no=884,"A numeric parenthetical token remains in extracted source text, but controlled validation did not safely bind it to this serial row."
2026-01,FlashReport_January_2026.pdf,95,Table 6: All Ongoing Projects,885,(618359) Widening/Improvement to 4-Lane with Paved Shoulder configuration of existing single lane road from Srirampur near Bhairiguri Village to Kachukhana Harichara Paglagaunj Package-I of Srirampur - Dhubri Section of NH-127B from existing Km 0.000 to Km,NHIDCL,"28.050 Design Km 0.000 to Km 27.650, Design Length27.650 Km under JICA ODA Assam,",,,,PARSER_FAILURE,SOURCE_PRIMARY_TOKEN_NOT_RECOVERED,FlashReport_January_2026.pdf:p95; Table 6: All Ongoing Projects; sl_no=885,"A numeric parenthetical token remains in extracted source text, but controlled validation did not safely bind it to this serial row."
2026-01,FlashReport_January_2026.pdf,95,Table 6: All Ongoing Projects,886,Loan assistance Phase-V -Balance work (618371) Widening / Improvement to 4-Lane with Paved Shoulder configuration of existing single lane road from Kachukhana Harichara Paglagaunj to Dhubri - Phulbari Bridge approach Package-II of Srirampur - Dhubri Section of NH-127B from existing Km,NHIDCL,"28.050 to Km 55.060 Design Km 27.650 to Km 54.154, Design Length26.504 Km Assam,",,,,PARSER_FAILURE,SOURCE_PRIMARY_TOKEN_NOT_RECOVERED,FlashReport_January_2026.pdf:p95; Table 6: All Ongoing Projects; sl_no=886,"A numeric parenthetical token remains in extracted source text, but controlled validation did not safely bind it to this serial row."
2026-01,FlashReport_January_2026.pdf,95,Table 6: All Ongoing Projects,887,"under JICA ODA Loan assistance Phase-V [Srirampur - Dhubri Pkg-2] (618372) Construction of 4-Lane Bridge including approaches over River Brahmaputra between Dhubri on North Bank,Assam and Phulbari on south Bank,Meghalaya on NH-127B",NHIDCL,Assam,,,,PARSER_FAILURE,SOURCE_PRIMARY_TOKEN_NOT_RECOVERED,FlashReport_January_2026.pdf:p95; Table 6: All Ongoing Projects; sl_no=887,"A numeric parenthetical token remains in extracted source text, but controlled validation did not safely bind it to this serial row."
2026-01,FlashReport_January_2026.pdf,96,Table 6: All Ongoing Projects,898,"Earthwork in Formation, Road Work, Construction of Bridges, Blanketing, P. Way Linking works including Supply of P. Way Fittings and Track Ballast in connection with Construction of Railway Siding from Jogighopa Railway Station to MMLP at Jogighopa",,"from Ch. 00 to 3760 on Item Rate basis Package -3, Railway Siding from Jogighopa Assam,",,,,UNRESOLVED,AMBIGUOUS_OR_MALFORMED_SOURCE_LAYOUT,FlashReport_January_2026.pdf:p96; Table 6: All Ongoing Projects; sl_no=898,No primary or alternate identifier was recovered in controlled validation; no identity was inferred from project text.
2026-01,FlashReport_January_2026.pdf,96,Table 6: All Ongoing Projects,899,Railway Station to MMLP (618454) Development of External Trunk Connectivity and Internal Infrastructure Works at Multi Model Logistics ParkMMLP at Jogighopa in the State of Assam on EPC Mode,NHIDCL,Assam,,,,PARSER_FAILURE,SOURCE_PRIMARY_TOKEN_NOT_RECOVERED,FlashReport_January_2026.pdf:p96; Table 6: All Ongoing Projects; sl_no=899,"A numeric parenthetical token remains in extracted source text, but controlled validation did not safely bind it to this serial row."
2026-01,FlashReport_January_2026.pdf,96,Table 6: All Ongoing Projects,904,Construction of 4-Lane Badarpur Bypass from Design Chainage km 27300 at crossing with NH-6 Old NH-44 Near Siddeswar Pt.-I Village to Design Chainage km 38600 on NH-37 Old NH-44 at Kandigram Chaita Village on Silchar - Churaibari stretch in the,,Assam,,,,UNRESOLVED,AMBIGUOUS_OR_MALFORMED_SOURCE_LAYOUT,FlashReport_January_2026.pdf:p96; Table 6: All Ongoing Projects; sl_no=904,No primary or alternate identifier was recovered in controlled validation; no identity was inferred from project text.
2026-01,FlashReport_January_2026.pdf,96,Table 6: All Ongoing Projects,905,"Silchar- Churaibari Pkg-3 (619057) Construction of Balance Work of 4-Laning of the Section from Jhanji to Demow of NH- 37 Old from Km 514.800 to Km 534.800 20.000 Km, under SARDP- NE under EPC",NHIDCL,Assam,,,,PARSER_FAILURE,SOURCE_PRIMARY_TOKEN_NOT_RECOVERED,FlashReport_January_2026.pdf:p96; Table 6: All Ongoing Projects; sl_no=905,"A numeric parenthetical token remains in extracted source text, but controlled validation did not safely bind it to this serial row."
2026-01,FlashReport_January_2026.pdf,97,Table 6: All Ongoing Projects,913,Construction of Bhabhua Bypass from Ch. 10800Design Ch. 10800 to Ch. Design Ch. 18150 and Chand Bypass from Ch. 38060 Design Ch. 36250 to Ch. Design Ch. 38650 and widening of existing road to 2 - lane with Paved shoulder from,,Bihar,,,,UNRESOLVED,AMBIGUOUS_OR_MALFORMED_SOURCE_LAYOUT,FlashReport_January_2026.pdf:p97; Table 6: All Ongoing Projects; sl_no=913,No primary or alternate identifier was recovered in controlled validation; no identity was inferred from project text.
2026-01,FlashReport_January_2026.pdf,97,Table 6: All Ongoing Projects,930,Permanent rectification of 3 nos. of black spots in project Highway NH-27 of U.P border - Dewapur - Kotwa section from Km.360.915 to km.440.000 Total Length of 79.085 Km of NH-27& Permanent rectification of 5 nos. of black spots of project,,Bihar,,,,UNRESOLVED,AMBIGUOUS_OR_MALFORMED_SOURCE_LAYOUT,FlashReport_January_2026.pdf:p97; Table 6: All Ongoing Projects; sl_no=930,No primary or alternate identifier was recovered in controlled validation; no identity was inferred from project text.
2026-01,FlashReport_January_2026.pdf,99,Table 6: All Ongoing Projects,957,Construction of 4 Nos Grade separtor between km. 281.000 to km. 307.600 km. 286.400 kumhari km. 299.000 Transport Nagar km. 302.000 Power House km. 304.000 Chandra Moura Chowk to km. 305.000 supeia of NH-53 old NH-06 Raipur -,,Chhattisgarh,,,,UNRESOLVED,AMBIGUOUS_OR_MALFORMED_SOURCE_LAYOUT,FlashReport_January_2026.pdf:p99; Table 6: All Ongoing Projects; sl_no=957,No primary or alternate identifier was recovered in controlled validation; no identity was inferred from project text.
2026-01,FlashReport_January_2026.pdf,99,Table 6: All Ongoing Projects,958,2017-18-56 (617919) Up-gradation to Two/Four lane with paved shoulder Configuration of Kondagaon- Narayanpur from design ch. 0.00 - 48.693 Design Length 47.493 Km. 1.20 Km.,MoRTH,Chhattisgarh,,,,PARSER_FAILURE,SOURCE_PRIMARY_TOKEN_NOT_RECOVERED,FlashReport_January_2026.pdf:p99; Table 6: All Ongoing Projects; sl_no=958,"A numeric parenthetical token remains in extracted source text, but controlled validation did not safely bind it to this serial row."
2026-01,FlashReport_January_2026.pdf,99,Table 6: All Ongoing Projects,959,(617971) Strengthening and widening of existing 2 lane road to two lane paved shoulder from km 7.750 to 26.542 & km. 32.093 to 45.786 of NH-130 on EPC mode in the state of,MoRTH,Chhattisgarh,,,,PARSER_FAILURE,SOURCE_PRIMARY_TOKEN_NOT_RECOVERED,FlashReport_January_2026.pdf:p99; Table 6: All Ongoing Projects; sl_no=959,"A numeric parenthetical token remains in extracted source text, but controlled validation did not safely bind it to this serial row."
2026-01,FlashReport_January_2026.pdf,102,Table 6: All Ongoing Projects,1037,"Construction of 4 lane with paved shoulder Pattan bypass Greenfield bypass from existing Ch. Km 24320 to Km 33760 and Design Ch. from Km 24400 to Km , total length 10.900 km on road SrinagarBaramulla Uri NH-01 in the UT of Jammu & Jammu and Kashmir",,"Kashmir under Project BEACON, Border Roads Organization BRO on EPC mode.",,,,UNRESOLVED,AMBIGUOUS_OR_MALFORMED_SOURCE_LAYOUT,FlashReport_January_2026.pdf:p102; Table 6: All Ongoing Projects; sl_no=1037,No primary or alternate identifier was recovered in controlled validation; no identity was inferred from project text.
2026-01,FlashReport_January_2026.pdf,102,Table 6: All Ongoing Projects,1038,Package-II (618203) Construction of realignment between Pandrass- Pashkyun Total length 27.10 km on road Zozila-Kargil -Leh NH-1 to 2 lane specifications i.e. Drass alignment 9.30 km Kharboo realignment 6.30 km & Kargil alignment 11.50 km under project Vijayak BRO Jammu and in the UT of Ladakh on EPC Mode Kashmir,MoRTH,,,,,PARSER_FAILURE,SOURCE_PRIMARY_TOKEN_NOT_RECOVERED,FlashReport_January_2026.pdf:p102; Table 6: All Ongoing Projects; sl_no=1038,"A numeric parenthetical token remains in extracted source text, but controlled validation did not safely bind it to this serial row."
2026-01,FlashReport_January_2026.pdf,102,Table 6: All Ongoing Projects,1039,"(618204) Construction of 4 lane with paved shoulder from Existing Ch. 14200 to 24320 Design Ch. 14200 to 24400, Ch. 33760 to 42780 Design Ch. 35300 to 44294 & Ch. 43440 to 47020 Design Ch. 44958 to 48500 Delina Flyover including construction of flyover length 1.704 km of total length 22.736 kms in AOR of 760 BRTF on road SRINAGAR Jammu and BARAMULA URI NH-01 in the UT of Jammu & Kashmir under project BEACON, Kashmir",MoRTH,,,,,PARSER_FAILURE,SOURCE_PRIMARY_TOKEN_NOT_RECOVERED,FlashReport_January_2026.pdf:p102; Table 6: All Ongoing Projects; sl_no=1039,"A numeric parenthetical token remains in extracted source text, but controlled validation did not safely bind it to this serial row."
2026-01,FlashReport_January_2026.pdf,102,Table 6: All Ongoing Projects,1040,Border Roads Organization BRO Package-IJob No NH-1-J&K-2022-23-110 (618205) Reconstruction and widening to 2 lane with paved shoulder from existing chainage km 102000 to km 134950 Design chainage km 90150 to km 116980 including construction of Naushera Tunnel Total length of tunnel 0.700 km under 31 TF on Akhnoor-Poonch Jammu and Kashmir,MoRTH,Jammu & Kashmir,,,,PARSER_FAILURE,SOURCE_PRIMARY_TOKEN_NOT_RECOVERED,FlashReport_January_2026.pdf:p102; Table 6: All Ongoing Projects; sl_no=1040,"A numeric parenthetical token remains in extracted source text, but controlled validation did not safely bind it to this serial row."
2026-01,FlashReport_January_2026.pdf,102,Table 6: All Ongoing Projects,1041,mode Package-V Job no NH-144A-J&K-2020-21-104 (618220) Rehabilitation and upgradation to 2 lane with paved shoulder from existing chainage Km 166.100 to Km 192.98 design chainage Km 146.700 to Km 162.800 including construction of Bhimber Gali Tunnel Total Length of Tunnel 1.100 Km under 31 BRTF Jammu and on Akhnoor-Poonch Roads on EPC mode NH-144A Package-VII Kashmir,MoRTH,,,,,PARSER_FAILURE,SOURCE_PRIMARY_TOKEN_NOT_RECOVERED,FlashReport_January_2026.pdf:p102; Table 6: All Ongoing Projects; sl_no=1041,"A numeric parenthetical token remains in extracted source text, but controlled validation did not safely bind it to this serial row."
2026-01,FlashReport_January_2026.pdf,102,Table 6: All Ongoing Projects,1042,(618221) Widening and Strengthening up gradation to 2 lane with paved shoulder from existing chainage Km 192.98 to Km 229.820 design chainage Km 162.800 to Km 198.18 under 31 BRTF on Akhnoor-Poonch Road NH-144A in the UT of Jammu and Kashmir under Jammu and Kashmir,MoRTH,Project Sampark Border Roads Organisation BRO on EPC Mode Package-VIII Job No,,,,PARSER_FAILURE,SOURCE_PRIMARY_TOKEN_NOT_RECOVERED,FlashReport_January_2026.pdf:p102; Table 6: All Ongoing Projects; sl_no=1042,"A numeric parenthetical token remains in extracted source text, but controlled validation did not safely bind it to this serial row."
2026-01,FlashReport_January_2026.pdf,102,Table 6: All Ongoing Projects,1043,NH-144A-J&K-2022-2023-111 (618222) Rehabilitation and up-gradation to 2 lane with paved shoulder from existing chainage km 64535 to km 85385 Design chainage km 55800 to km 74350 under 13 TF on Akhnoor-Poonch road NH-144A under Project Sampark BRO in the UT of Jammu & Jammu and Kashmir on EPC mode Package-III Job no NH-144A-J&K-2019-20-79 Kashmir,MoRTH,,,,,PARSER_FAILURE,SOURCE_PRIMARY_TOKEN_NOT_RECOVERED,FlashReport_January_2026.pdf:p102; Table 6: All Ongoing Projects; sl_no=1043,"A numeric parenthetical token remains in extracted source text, but controlled validation did not safely bind it to this serial row."
2026-01,FlashReport_January_2026.pdf,102,Table 6: All Ongoing Projects,1044,(618223) Rehabilitation and up-gradation to 2 lane with paved shoulder from existing chainage km 49150 to km 64535 Design chainage km 46.450 to km 55.800 including construction of Sungal Tunnel Total length of Tunnel 2.79 km under 13 TF on Jammu and Kashmir,MoRTH,Akhnoor-Poonch road NH-144A under Project Sampark BRO in the UT of Jammu &,,,,PARSER_FAILURE,SOURCE_PRIMARY_TOKEN_NOT_RECOVERED,FlashReport_January_2026.pdf:p102; Table 6: All Ongoing Projects; sl_no=1044,"A numeric parenthetical token remains in extracted source text, but controlled validation did not safely bind it to this serial row."
2026-01,FlashReport_January_2026.pdf,103,Table 6: All Ongoing Projects,1045,Kashmir on EPC mode Package-II Job no NH-144A-J&K-2019-20-78 (618224) Rehabilitation and up-gradation to 2 lane with paved shoulder from existing chainage km 134950 to km 166100 Design chainage km 116980 to km 146700 under 31 TF on Akhnoor-Poonch road NH-144A in the UT of Jammu & Kashmir under Project Jammu and Sampark BRO on EPC mode Package-VI Job no NH-144A-J&K-2021-22-106 Kashmir,MoRTH,,,,,PARSER_FAILURE,SOURCE_PRIMARY_TOKEN_NOT_RECOVERED,FlashReport_January_2026.pdf:p103; Table 6: All Ongoing Projects; sl_no=1045,"A numeric parenthetical token remains in extracted source text, but controlled validation did not safely bind it to this serial row."
2026-01,FlashReport_January_2026.pdf,103,Table 6: All Ongoing Projects,1046,(618225) Rehabilitation and upgradation to 2 lane with paved shoulder from existing chainage Km 30.053 to Km 49.150 design chainage Km 30.000 to Km 46.450 including Kandi Tunnel under 31 BRTF on Akhnoor-Poonch Road NH-144A Under Project Sampark in Jammu and the UT of Jammu & Kashmir EPC modePackage-I Job no NH-144A-J&K-2020-21-83. Kashmir,MoRTH,,,,,PARSER_FAILURE,SOURCE_PRIMARY_TOKEN_NOT_RECOVERED,FlashReport_January_2026.pdf:p103; Table 6: All Ongoing Projects; sl_no=1046,"A numeric parenthetical token remains in extracted source text, but controlled validation did not safely bind it to this serial row."
2026-01,FlashReport_January_2026.pdf,103,Table 6: All Ongoing Projects,1047,(618226) Up-gradation to 2-lane with Paved Shoulder from Km 12.850 to Km20.300 of 7.450Km length on Goha-Khellani section and a link road to Goha village of 2.016 km on NH- Jammu and Kashmir,MoRTH,244 in UT of Jammu and Kashmir on EPC Mode Pkg-1,,,,PARSER_FAILURE,SOURCE_PRIMARY_TOKEN_NOT_RECOVERED,FlashReport_January_2026.pdf:p103; Table 6: All Ongoing Projects; sl_no=1047,"A numeric parenthetical token remains in extracted source text, but controlled validation did not safely bind it to this serial row."
2026-01,FlashReport_January_2026.pdf,103,Table 6: All Ongoing Projects,1048,"(618394) Construction & Upgradation to 2-lane with paved shoulder from Design Ch. Km at Premnagar km 66315 to Km 66535 New Thatri at Start of Km 83rd, Tunnel Km 82665 of 14.835 Km design length on Chenani-Sudhmahadev-Goha Khellani- Jammu and Kashmir",NHIDCL,Kishtwar-Vailoo Donipawa-Ashajipora section of NH-244 in the UT of J&K on EPC,,,,PARSER_FAILURE,SOURCE_PRIMARY_TOKEN_NOT_RECOVERED,FlashReport_January_2026.pdf:p103; Table 6: All Ongoing Projects; sl_no=1048,"A numeric parenthetical token remains in extracted source text, but controlled validation did not safely bind it to this serial row."
2026-01,FlashReport_January_2026.pdf,103,Table 6: All Ongoing Projects,1049,Mode under NHO-Gen Pkg - (618395) Construction & Upgradation to 2 lane with paved shoulder from Design Km. Khellani Ex. Km 44.946 to Km 51.700 Prem Nagar Ex. Km 68617 of 20.251 Km length on Khellani - Kishtwar - Chattroo section of NH-244 in the UT of J&K on EPC Mode Jammu and under NHO-Gen PKG- 1 Kashmir,NHIDCL,,,,,PARSER_FAILURE,SOURCE_PRIMARY_TOKEN_NOT_RECOVERED,FlashReport_January_2026.pdf:p103; Table 6: All Ongoing Projects; sl_no=1049,"A numeric parenthetical token remains in extracted source text, but controlled validation did not safely bind it to this serial row."
2026-01,FlashReport_January_2026.pdf,103,Table 6: All Ongoing Projects,1050,(618396) Up-gradation to 2-lane with Paved Shoulder from Km 20.300 to Km 29.030 of Km length on Goha-Khellani section on NH-244 in UT of Jammu and Kashmir on EPC Jammu and Kashmir,NHIDCL,Mode Package II,,,,PARSER_FAILURE,SOURCE_PRIMARY_TOKEN_NOT_RECOVERED,FlashReport_January_2026.pdf:p103; Table 6: All Ongoing Projects; sl_no=1050,"A numeric parenthetical token remains in extracted source text, but controlled validation did not safely bind it to this serial row."
2026-01,FlashReport_January_2026.pdf,103,Table 6: All Ongoing Projects,1051,(618398) Construction of Kishtwar bypass with 2 lane with paved shoulder from Design Km. 80.675 Dulhasti to km 95.550 Bandarkoot of 14.88 km & a link road to Kishtwar town from 0000 to 1.871 of length1.871 Km on Khellani - Kishtwar - Chattroo section in UT Jammu and of Jammu and Kashmir on EPC Mode Pkg-4 Kashmir,NHIDCL,,,,,PARSER_FAILURE,SOURCE_PRIMARY_TOKEN_NOT_RECOVERED,FlashReport_January_2026.pdf:p103; Table 6: All Ongoing Projects; sl_no=1051,"A numeric parenthetical token remains in extracted source text, but controlled validation did not safely bind it to this serial row."
2026-01,FlashReport_January_2026.pdf,103,Table 6: All Ongoing Projects,1052,(618399) Construction & Upgradation to 2-lane with paved shoulder from Design Km 67.805 at the end of Km 83rd Tunnel near Dhrabshalla Ex. Km 83905 to Km 80.675 start of Kishtwar Bypass - Dulhasti Ex. Km 970751 of 12.870 Km length on chenani- Jammu and Kashmir,NHIDCL,Sudhmahadev-Goha Khellani-Kishtwar-vailoo-Donipawa-Ashajipora seition of NH-244,,,,PARSER_FAILURE,SOURCE_PRIMARY_TOKEN_NOT_RECOVERED,FlashReport_January_2026.pdf:p103; Table 6: All Ongoing Projects; sl_no=1052,"A numeric parenthetical token remains in extracted source text, but controlled validation did not safely bind it to this serial row."
2026-01,FlashReport_January_2026.pdf,103,Table 6: All Ongoing Projects,1053,in the UT of J&K on EPC Mode under NHO-Gen Pkg-3 (618400) Up-gradation to 4-lane with Paved Shoulder of Jammu-Akhnoor road section of NH- 144A from Ganesh Vihar Km 6.000 to Khati Chowk Km 26.350 in UT of Jammu and Jammu and Kashmir,NHIDCL,Kashmir on EPC basis Pkg-3A,,,,PARSER_FAILURE,SOURCE_PRIMARY_TOKEN_NOT_RECOVERED,FlashReport_January_2026.pdf:p103; Table 6: All Ongoing Projects; sl_no=1053,"A numeric parenthetical token remains in extracted source text, but controlled validation did not safely bind it to this serial row."
2026-01,FlashReport_January_2026.pdf,105,Table 6: All Ongoing Projects,1096,"Widening to Two Lane with Paved Shoulders from KB Cross to Chunchanahalli ie., Design Ch. 485240 Km Existing Km 494.000 to Design Ch. 523393 Km Existing km 533.152 & From Design Ch. 530393 Existing Km 540.175 to Design Ch.",,Karnataka,,,,UNRESOLVED,AMBIGUOUS_OR_MALFORMED_SOURCE_LAYOUT,FlashReport_January_2026.pdf:p105; Table 6: All Ongoing Projects; sl_no=1096,No primary or alternate identifier was recovered in controlled validation; no identity was inferred from project text.
2026-01,FlashReport_January_2026.pdf,105,Table 6: All Ongoing Projects,1097,Plan 2022-23 NH-150A-KNT-2022-23-977 dated 08.03.2023 (618086) Widening to intermediate/two lane to 2 lane with paved shoulder from Existing chanages Km 112.750 to 142.00 Liingasur to Mudabal cross & from Km. 147.070 to Km. 149.070 Maski city limit of Jewargi Chamrajnagar setion of NH-150A in the state of Karnataka on EPC mode. Job No. NH-150A-KNT-2021-22-951,MoRTH,Karnataka,,,,PARSER_FAILURE,SOURCE_PRIMARY_TOKEN_NOT_RECOVERED,FlashReport_January_2026.pdf:p105; Table 6: All Ongoing Projects; sl_no=1097,"A numeric parenthetical token remains in extracted source text, but controlled validation did not safely bind it to this serial row."
2026-01,FlashReport_January_2026.pdf,105,Table 6: All Ongoing Projects,1098,(618087) Widening to 4 lane from Km 51.60 to 76.20 Hebri to Parkala and from Km 85.20 to 88.90 Karavali junction to Malpe of Thirthahalli-Udupi-Malpe Section of NH-169A in the State of Karnataka on EPC Mode under Annual plan 2021-22 Job No. NH-169A- KNT-2021-22-927,MoRTH,Karnataka,,,,PARSER_FAILURE,SOURCE_PRIMARY_TOKEN_NOT_RECOVERED,FlashReport_January_2026.pdf:p105; Table 6: All Ongoing Projects; sl_no=1098,"A numeric parenthetical token remains in extracted source text, but controlled validation did not safely bind it to this serial row."
2026-01,FlashReport_January_2026.pdf,105,Table 6: All Ongoing Projects,1099,(618109) Construction of Major Bridge Across Sharavathi Backwaters and approches between Ambargodu and Kalasavalli Near Sigandhur in Sagar Taluk on NH 369E in the State,MoRTH,Karnataka,,,,PARSER_FAILURE,SOURCE_PRIMARY_TOKEN_NOT_RECOVERED,FlashReport_January_2026.pdf:p105; Table 6: All Ongoing Projects; sl_no=1099,"A numeric parenthetical token remains in extracted source text, but controlled validation did not safely bind it to this serial row."
2026-01,FlashReport_January_2026.pdf,105,Table 6: All Ongoing Projects,1100,(618144) Construction of 2 Lane with paved shoulder from km 55.6 to km 90.7 existing chainages of NH-766C complete Realignment of 13.76 km with 2 major Bridges across Sharavathi Backwaters on EPC mode under Annual Plan 2022-23 in the state of Karnataka NH-766C-KNT-2022-23 dated 14.10.2022,MoRTH,Karnataka,,,,PARSER_FAILURE,SOURCE_PRIMARY_TOKEN_NOT_RECOVERED,FlashReport_January_2026.pdf:p105; Table 6: All Ongoing Projects; sl_no=1100,"A numeric parenthetical token remains in extracted source text, but controlled validation did not safely bind it to this serial row."
2026-01,FlashReport_January_2026.pdf,105,Table 6: All Ongoing Projects,1101,(618184) Widening to 2LPS from Km 0.000 to 37.850 Except Ex. Km 24.45 to 27.20 of NH-766c Byndoor-Ranebennur Section in the state of Karnataka on EPC Mode under Annual,MoRTH,Karnataka,,,,PARSER_FAILURE,SOURCE_PRIMARY_TOKEN_NOT_RECOVERED,FlashReport_January_2026.pdf:p105; Table 6: All Ongoing Projects; sl_no=1101,"A numeric parenthetical token remains in extracted source text, but controlled validation did not safely bind it to this serial row."
2026-01,FlashReport_January_2026.pdf,107,Table 6: All Ongoing Projects,1150,Upgradation and reconstruction of Shahpura-Dindori Section of NH 45 from Km 103.700 Design to Km 164.580 Design including 3 bypasses Total length 60.88km to Two lane with paved shoulder configuration along with One time improvement in 0,,Madhya Pradesh,,,,UNRESOLVED,AMBIGUOUS_OR_MALFORMED_SOURCE_LAYOUT,FlashReport_January_2026.pdf:p107; Table 6: All Ongoing Projects; sl_no=1150,No primary or alternate identifier was recovered in controlled validation; no identity was inferred from project text.
2026-01,FlashReport_January_2026.pdf,107,Table 6: All Ongoing Projects,1151,Pradesh on EPC mode (617914) Upgradation of Dindori-Sagartola-kabichabutra MP-CG border section of NH -45 from km 000Design to km 77.00 Design to Two lane with paved shoulder configration along with one time improvement in 04 nos. of bypaased built-up areas in a total length of 9.1 km in the state of Madhya Pradesh on EPC mode.,MoRTH,Madhya Pradesh,,,,PARSER_FAILURE,SOURCE_PRIMARY_TOKEN_NOT_RECOVERED,FlashReport_January_2026.pdf:p107; Table 6: All Ongoing Projects; sl_no=1151,"A numeric parenthetical token remains in extracted source text, but controlled validation did not safely bind it to this serial row."
2026-01,FlashReport_January_2026.pdf,107,Table 6: All Ongoing Projects,1152,(617915) Upgradation & widening of Jharkheda- Berasia - Dholkhedi from design km 0000 to km 87900 Design length 87.90km of NH-346 including 3 nos. bypasses of 13.10 Km in,MoRTH,Madhya Pradesh,,,,PARSER_FAILURE,SOURCE_PRIMARY_TOKEN_NOT_RECOVERED,FlashReport_January_2026.pdf:p107; Table 6: All Ongoing Projects; sl_no=1152,"A numeric parenthetical token remains in extracted source text, but controlled validation did not safely bind it to this serial row."
2026-01,FlashReport_January_2026.pdf,108,Table 6: All Ongoing Projects,1153,"(618019) Rehabilitation & Upgradation of KurwaiMungaoliChanderi Road section of NH-346, from Design Chainge 0.000 to 81.300 Km Total length 83.1 km to Two lane with paved shoulder configuration along with One time improvement in 07 nos of bypassed built- up areas in a total length of 22.615 km in the state of Madhya Pradesh on EPC mode.",MoRTH,Madhya Pradesh,,,,PARSER_FAILURE,SOURCE_PRIMARY_TOKEN_NOT_RECOVERED,FlashReport_January_2026.pdf:p108; Table 6: All Ongoing Projects; sl_no=1153,"A numeric parenthetical token remains in extracted source text, but controlled validation did not safely bind it to this serial row."
2026-01,FlashReport_January_2026.pdf,109,Table 6: All Ongoing Projects,1183,Construction of 6 lane flyover from Khapari ROB to Mihan Interchange design chainage km 8760 to 11450 L- 2.69 km and upgradation of existing 4L PS road to 6LPS with service road by flexible pavement design chainage km 11450 to 14500 L-,,Maharashtra,,,,UNRESOLVED,AMBIGUOUS_OR_MALFORMED_SOURCE_LAYOUT,FlashReport_January_2026.pdf:p109; Table 6: All Ongoing Projects; sl_no=1183,No primary or alternate identifier was recovered in controlled validation; no identity was inferred from project text.
2026-01,FlashReport_January_2026.pdf,109,Table 6: All Ongoing Projects,1184,"in Nagpur district in the state of Maharashtra on HAM mode. (617912) Construction of 4 Lane Flyover at Nagpur RTO Chowk To Nagpur University Campus from Ch 2/250 to 5/100 and 4 lane flyover at wadi/midc junction from km 8/360 to km,",MoRTH,Maharashtra,,,,PARSER_FAILURE,SOURCE_PRIMARY_TOKEN_NOT_RECOVERED,FlashReport_January_2026.pdf:p109; Table 6: All Ongoing Projects; sl_no=1184,"A numeric parenthetical token remains in extracted source text, but controlled validation did not safely bind it to this serial row."
2026-01,FlashReport_January_2026.pdf,109,Table 6: All Ongoing Projects,1185,(617917) Construction of New Four Lane Bypass to Parbhani City Parwa to Asola Km 463/265 to Km 481/180 Design Ch. 19220 to Ch. 34434 Length-15.214 Km section of NH-61,MoRTH,Maharashtra,,,,PARSER_FAILURE,SOURCE_PRIMARY_TOKEN_NOT_RECOVERED,FlashReport_January_2026.pdf:p109; Table 6: All Ongoing Projects; sl_no=1185,"A numeric parenthetical token remains in extracted source text, but controlled validation did not safely bind it to this serial row."
2026-01,FlashReport_January_2026.pdf,109,Table 6: All Ongoing Projects,1186,(617932) Up-gradation to four lane/ Two lane with paved shoulders configuration of Kalyan - Murbad - Malshej Ghat - Nirmal Road NH- 61 km 15/200 to Km 38/00 and from Km. 58/00 to Km 84/00 Design length 48.58 km of NH-61 on EPC Mode in Thane District in the state of Maharashtra,MoRTH,Maharashtra,,,,PARSER_FAILURE,SOURCE_PRIMARY_TOKEN_NOT_RECOVERED,FlashReport_January_2026.pdf:p109; Table 6: All Ongoing Projects; sl_no=1186,"A numeric parenthetical token remains in extracted source text, but controlled validation did not safely bind it to this serial row."
2026-01,FlashReport_January_2026.pdf,109,Table 6: All Ongoing Projects,1195,"Rehabilitation/ Upgradation of existing Highway to four lane standards in Kurkheda town from km.413257 to km 410775, Two lane in Shankarpur Gurnuli km 42400 to km 43100 section and Reconstruction of Major Bridge at Ch. 448558 Bhuti Nallah and Ch. 411695 Sati River bridge, Minor Bridge at Ch. 411477 and Ch. 405800 Lendhari Bridge of NH 543 Bhamhapuri-wadsa-kurkheda-korchi-Deori-Amgaon road on EPC",,Maharashtra,,,,UNRESOLVED,AMBIGUOUS_OR_MALFORMED_SOURCE_LAYOUT,FlashReport_January_2026.pdf:p109; Table 6: All Ongoing Projects; sl_no=1195,No primary or alternate identifier was recovered in controlled validation; no identity was inferred from project text.
2026-01,FlashReport_January_2026.pdf,109,Table 6: All Ongoing Projects,1196,mode in the State of Maharashtra (618042) Rehabilitation & Up-gradation of Sabalkhed to Ashti Section from Km 37900 to Km 55100 & Chinchpur to Jamkhed Section from km 70000 to km 72922 of NH-561 to Two lane with Paved shoulder/ Four lane configuration in the State of Maharashtra on EPC Mode Length20.122km.,MoRTH,Maharashtra,,,,PARSER_FAILURE,SOURCE_PRIMARY_TOKEN_NOT_RECOVERED,FlashReport_January_2026.pdf:p109; Table 6: All Ongoing Projects; sl_no=1196,"A numeric parenthetical token remains in extracted source text, but controlled validation did not safely bind it to this serial row."
2026-01,FlashReport_January_2026.pdf,109,Table 6: All Ongoing Projects,1197,(618046) Construction of four-lane Concrete Road from Police Headquarter Gondia City to Rawanwadi Village Birsi Airport Junction from design km 0.000 to km 15.781 existing km 39/720 of NH-753 to existing Km 8/400 of NH 543 on sections from Kohmara- Goregaon- Police HeadquarterKaranja - Collector Office Square - Balaghat T Point- Rawanwadi- Rajegaon of NH-753 and NH-543 in Gondia District in the state of,MoRTH,Maharashtra,,,,PARSER_FAILURE,SOURCE_PRIMARY_TOKEN_NOT_RECOVERED,FlashReport_January_2026.pdf:p109; Table 6: All Ongoing Projects; sl_no=1197,"A numeric parenthetical token remains in extracted source text, but controlled validation did not safely bind it to this serial row."
2026-01,FlashReport_January_2026.pdf,110,Table 6: All Ongoing Projects,1198,"Maharashtra. Total Length of the project 15.781 Km. (618059) Strengthening, Widening & Up-gradation of newly declared NH-761 from NH- 61Junction-BelheAlkutiDevibhoyareNighojShirur, from Design chainage Km 0.000 to Km 37.970 from Single/Intermediate/2L to 2LPS in the State of Maharashtra on EPC Mode Length 37.970 Km",MoRTH,Maharashtra,,,,PARSER_FAILURE,SOURCE_PRIMARY_TOKEN_NOT_RECOVERED,FlashReport_January_2026.pdf:p110; Table 6: All Ongoing Projects; sl_no=1198,"A numeric parenthetical token remains in extracted source text, but controlled validation did not safely bind it to this serial row."
2026-01,FlashReport_January_2026.pdf,110,Table 6: All Ongoing Projects,1199,"(618061) Rehabilitation/Upgradation of existing Highway to 2LPS/4 lane of Dhawali to Rajoli from Design Km.149476 to 163476 existing Km.150000 to 164000, Pandhasala to Mohadongri from design Km.170476 to 181476 existing Km.171000 to , Ambeshivni Fata to Bodli from design Km.183476 to 185476 existing Km.184000 to",MoRTH,Maharashtra,,,,PARSER_FAILURE,SOURCE_PRIMARY_TOKEN_NOT_RECOVERED,FlashReport_January_2026.pdf:p110; Table 6: All Ongoing Projects; sl_no=1199,"A numeric parenthetical token remains in extracted source text, but controlled validation did not safely bind it to this serial row."
2026-01,FlashReport_January_2026.pdf,110,Table 6: All Ongoing Projects,1200,Km.188000 to 18900 having length 28 km of NH-930 of Dhawali to Gadchroli road in the (618065) Rehabilitation & Up-gradation of Mudkhed to Nanded section from Km. 372000 to Km 388400 of NH 161A i.e. Nanded-Bhokar-Himayatnagar-Kinwat-Mahur-Arani Road Design chainage from Km 372000 Mudkhed to Km 387650 Nanded of NH 161A,MoRTH,Maharashtra,,,,PARSER_FAILURE,SOURCE_PRIMARY_TOKEN_NOT_RECOVERED,FlashReport_January_2026.pdf:p110; Table 6: All Ongoing Projects; sl_no=1200,"A numeric parenthetical token remains in extracted source text, but controlled validation did not safely bind it to this serial row."
2026-01,FlashReport_January_2026.pdf,110,Table 6: All Ongoing Projects,1204,"Upgradation of exhisting 2 lane flexible pavement to 2 lane paved shoulders rigid pavement from design chainage Km 66.00 to Design Km 82.440 Start of Kolhapur Municipal corporation near Phulewadi to kale, design length 16.440 Km section on",,Maharashtra,,,,UNRESOLVED,AMBIGUOUS_OR_MALFORMED_SOURCE_LAYOUT,FlashReport_January_2026.pdf:p110; Table 6: All Ongoing Projects; sl_no=1204,No primary or alternate identifier was recovered in controlled validation; no identity was inferred from project text.
2026-01,FlashReport_January_2026.pdf,110,Table 6: All Ongoing Projects,1205,mode (618098) Strengthening and Widening of road Sakoli- Wadsa-Armori-Gadchiroli-Ashti- Allapalli - Sironcha National highway NH 353C in Km 262/00 to 321/00 including 16 minor Bridges and 2 Major Bridge Total length 59 Km section from repanpalli to sironcha in Gadchiroli Dist in the State of Maharashtra.,MoRTH,Maharashtra,,,,PARSER_FAILURE,SOURCE_PRIMARY_TOKEN_NOT_RECOVERED,FlashReport_January_2026.pdf:p110; Table 6: All Ongoing Projects; sl_no=1205,"A numeric parenthetical token remains in extracted source text, but controlled validation did not safely bind it to this serial row."
2026-01,FlashReport_January_2026.pdf,110,Table 6: All Ongoing Projects,1206,(618133) Rehabilitation /Upgradation from Lagam to Alapalli section Desing Km. 199/400 to km 227/400 Length 28.0 Km to 2 lane with Paved Shoulders/ 4 lane configuration section of NH-353 C Sakoli-Wadsa-Armori-Gadchiroli-Ashti-Alapalli Sironcha in Gadchiroli District on EPC mode in the state of Maharashtra.,MoRTH,Maharashtra,,,,PARSER_FAILURE,SOURCE_PRIMARY_TOKEN_NOT_RECOVERED,FlashReport_January_2026.pdf:p110; Table 6: All Ongoing Projects; sl_no=1206,"A numeric parenthetical token remains in extracted source text, but controlled validation did not safely bind it to this serial row."
2026-01,FlashReport_January_2026.pdf,110,Table 6: All Ongoing Projects,1207,(618134) Upgradatiobn and Rehabilitation of Section of NH 361 F from Parli 00/000 to Gangakhed 30/400 to Two Lanes with paved shoulder / Four lane configurations on,MoRTH,Maharashtra,,,,PARSER_FAILURE,SOURCE_PRIMARY_TOKEN_NOT_RECOVERED,FlashReport_January_2026.pdf:p110; Table 6: All Ongoing Projects; sl_no=1207,"A numeric parenthetical token remains in extracted source text, but controlled validation did not safely bind it to this serial row."
2026-01,FlashReport_January_2026.pdf,111,Table 6: All Ongoing Projects,1219,Balance work of Rehabilitation and Up-gradation to 2-lane road with paved shoulders configuration for NH- 965DD from Pacharal-Mandangad-Mhapral-Rajewadi Upto Junction of NH-66 Ch-22700 to 75100 Km and Ambadave connector Birth place of Dr.,,Maharashtra,,,,UNRESOLVED,AMBIGUOUS_OR_MALFORMED_SOURCE_LAYOUT,FlashReport_January_2026.pdf:p111; Table 6: All Ongoing Projects; sl_no=1219,No primary or alternate identifier was recovered in controlled validation; no identity was inferred from project text.
2026-01,FlashReport_January_2026.pdf,111,Table 6: All Ongoing Projects,1220,"Maharashtra on EPC mode. Balance Work (618198) Rehabilitation, Upgradation & Widening of existing Highway to Rigid Pavement 2 Lane with Paved Shoulder of NH 965DD from Lonand Shirval-Bhor Mandangad-Pchral Section ShindewadiPhata to Varandah Ghat Dist Border from Km 33/550 to 92/550 in the state of Maharashtra on EPC mode.",MoRTH,Maharashtra,,,,PARSER_FAILURE,SOURCE_PRIMARY_TOKEN_NOT_RECOVERED,FlashReport_January_2026.pdf:p111; Table 6: All Ongoing Projects; sl_no=1220,"A numeric parenthetical token remains in extracted source text, but controlled validation did not safely bind it to this serial row."
2026-01,FlashReport_January_2026.pdf,115,Table 6: All Ongoing Projects,1305,Up-gradation to 2 lane with paved shoutders of Pawlrang - Rulchawm section- of NH- 102B of Aizawl - Imphal Economic Corridor from Existing Chainage km 72.030 to km 104.129 including 2.459 km re-alignment section from Tuivai River to Rulchawm connecting km 48.150 of NH-6 [Design Chainage km 68.170 to km 98.579] in the State of Mizoram under Bharatmala Pariyojna on EPC mode under NHO-NE,,Mizoram,,,,UNRESOLVED,AMBIGUOUS_OR_MALFORMED_SOURCE_LAYOUT,FlashReport_January_2026.pdf:p115; Table 6: All Ongoing Projects; sl_no=1305,No primary or alternate identifier was recovered in controlled validation; no identity was inferred from project text.
2026-01,FlashReport_January_2026.pdf,115,Table 6: All Ongoing Projects,1314,4L Access Controlled Greenfield Highway section on NH-163G Khammam Vijayawada from BrahmanapalliK village at Design Ch. 250.400 Km to Remidicherla Multi-States,,"village at Design Ch. 280.200 KmPackage-II (Andhra Pradesh,",,,,UNRESOLVED,AMBIGUOUS_OR_MALFORMED_SOURCE_LAYOUT,FlashReport_January_2026.pdf:p115; Table 6: All Ongoing Projects; sl_no=1314,No primary or alternate identifier was recovered in controlled validation; no identity was inferred from project text.
2026-01,FlashReport_January_2026.pdf,116,Table 6: All Ongoing Projects,1322,Construction of additional 3-Lane Bridge over River Ganga for connection between Buxar and Bharauli on NH-922 in the State of Uttar Pradesh and Bihar on Hybrid Multi-States,,"Annuity Mode (Bihar, Uttar,",,,,UNRESOLVED,AMBIGUOUS_OR_MALFORMED_SOURCE_LAYOUT,FlashReport_January_2026.pdf:p116; Table 6: All Ongoing Projects; sl_no=1322,No primary or alternate identifier was recovered in controlled validation; no identity was inferred from project text.
2026-01,FlashReport_January_2026.pdf,116,Table 6: All Ongoing Projects,1323,Pradesh) (618882) Construction of Four Lane Highway from Ghazipur- Ballia-UP/Bihar State Border Greenfield section of NH-31 Package III [from Pindari km 78.150 to Rawalganj Bypass Multi-States,National Highways Authority of India [NHAI],"Km 117.120] on EPC Mode in the state of Uttar Pradesh. (Bihar, Uttar,",,,,PARSER_FAILURE,SOURCE_PRIMARY_TOKEN_NOT_RECOVERED,FlashReport_January_2026.pdf:p116; Table 6: All Ongoing Projects; sl_no=1323,"A numeric parenthetical token remains in extracted source text, but controlled validation did not safely bind it to this serial row."
2026-01,FlashReport_January_2026.pdf,116,Table 6: All Ongoing Projects,1336,4 laning of Aligarh-Palwal Section from Km. 46.390 Design Chainage to Km. Terminating at junction EPE Package-II from Kurana- Eastern Peripheral Expressway Multi-States,,"of NH-334D (Haryana, Uttar,",,,,UNRESOLVED,AMBIGUOUS_OR_MALFORMED_SOURCE_LAYOUT,FlashReport_January_2026.pdf:p116; Table 6: All Ongoing Projects; sl_no=1336,No primary or alternate identifier was recovered in controlled validation; no identity was inferred from project text.
2026-01,FlashReport_January_2026.pdf,116,Table 6: All Ongoing Projects,1339,Delhi-Amritsar-Katra Expressway Phase-II Pkg-XIV from Junction with Pathankot- Gurdaspur road NH-54 near Balsua to Junction with Hiranagar Road near village Multi-States,,Gurha Baildaran km 423500 to km 468100 (Jammu and,,,,UNRESOLVED,AMBIGUOUS_OR_MALFORMED_SOURCE_LAYOUT,FlashReport_January_2026.pdf:p116; Table 6: All Ongoing Projects; sl_no=1339,No primary or alternate identifier was recovered in controlled validation; no identity was inferred from project text.
2026-01,FlashReport_January_2026.pdf,117,Table 6: All Ongoing Projects,1344,4L of NH-80 section of Mirza Chauki to Farakka section from existing km 190.00 to design km 200.75 junction at km 3.100 of NH 133 B and from existing km 260.00 to Multi-States,,"existing km 283.00 design km 274.133 in the state of Jharkhand package - II (Jharkhand, West,",,,,UNRESOLVED,AMBIGUOUS_OR_MALFORMED_SOURCE_LAYOUT,FlashReport_January_2026.pdf:p117; Table 6: All Ongoing Projects; sl_no=1344,No primary or alternate identifier was recovered in controlled validation; no identity was inferred from project text.
2026-01,FlashReport_January_2026.pdf,117,Table 6: All Ongoing Projects,1353,4L of Chowka to Kaimaha near MP/UP Border section NH-34 from D. Ch. 145.000 to D. Ch. 197.266 excluding existing Chhatarpur bypass from D. Ch. 160.307 to D. Ch. Multi-States,,"168.630 Package-4 (Madhya Pradesh,",,,,UNRESOLVED,AMBIGUOUS_OR_MALFORMED_SOURCE_LAYOUT,FlashReport_January_2026.pdf:p117; Table 6: All Ongoing Projects; sl_no=1353,No primary or alternate identifier was recovered in controlled validation; no identity was inferred from project text.
2026-01,FlashReport_January_2026.pdf,117,Table 6: All Ongoing Projects,1359,Improvement & Up-gradation of NH-734 Section of Moradabad-Thakurdwara Kashipur including Moradabad & Kashipur Bypasse Package-III Kashipur Bypass Length Multi-States (Uttar,,"14.490 Km., Starts from Ch. 38770 and ends at Ch. 53260 existing Ch. 05560 Pradesh,",,,,UNRESOLVED,AMBIGUOUS_OR_MALFORMED_SOURCE_LAYOUT,FlashReport_January_2026.pdf:p117; Table 6: All Ongoing Projects; sl_no=1359,No primary or alternate identifier was recovered in controlled validation; no identity was inferred from project text.
2026-01,FlashReport_January_2026.pdf,118,Table 6: All Ongoing Projects,1368,Balance work of Construction of 2-lane with hard shoulder of Kohima - Jessami road on NH-29 old NH-150 from existing km 98.380 near Chizami vill. to km120.367 Nagaland/Manipur Border [Design km 95.700 to design km 117.200] [Design Length,,Nagaland,,,,UNRESOLVED,AMBIGUOUS_OR_MALFORMED_SOURCE_LAYOUT,FlashReport_January_2026.pdf:p118; Table 6: All Ongoing Projects; sl_no=1368,No primary or alternate identifier was recovered in controlled validation; no identity was inferred from project text.
2026-01,FlashReport_January_2026.pdf,118,Table 6: All Ongoing Projects,1369,Package-V under NHO (618296) Construction of 2-lane with hard shoulder of Kohima - Jessami road on NH-29 Old NH- 150 from existing Km 30.474 Near Kidwema road Chakahabama to existing Km 53.220 Near Kikruma Village Design Km 29.60 to Km 51.50 Design length-21.90 Km,NHIDCL,Nagaland,,,,PARSER_FAILURE,SOURCE_PRIMARY_TOKEN_NOT_RECOVERED,FlashReport_January_2026.pdf:p118; Table 6: All Ongoing Projects; sl_no=1369,"A numeric parenthetical token remains in extracted source text, but controlled validation did not safely bind it to this serial row."
2026-01,FlashReport_January_2026.pdf,118,Table 6: All Ongoing Projects,1370,Package-II -Balance work (618297) 4-Laning of Balance work of Dimapur-Kohima Road from design km 152.490 to km 166.700 Existing km 156.000 to km 172.900 Excluding Dimapur & Kohima Bypass,NHIDCL,Nagaland,,,,PARSER_FAILURE,SOURCE_PRIMARY_TOKEN_NOT_RECOVERED,FlashReport_January_2026.pdf:p118; Table 6: All Ongoing Projects; sl_no=1370,"A numeric parenthetical token remains in extracted source text, but controlled validation did not safely bind it to this serial row."
2026-01,FlashReport_January_2026.pdf,118,Table 6: All Ongoing Projects,1371,(618328) Construction of 4/6 Laning from Km 132.375 to Km 153.058 Total New Alignment length of 20.683 Km of Daboka-Dimapur Section Dimapur Bypass Nagaland Portion,NHIDCL,Nagaland,,,,PARSER_FAILURE,SOURCE_PRIMARY_TOKEN_NOT_RECOVERED,FlashReport_January_2026.pdf:p118; Table 6: All Ongoing Projects; sl_no=1371,"A numeric parenthetical token remains in extracted source text, but controlled validation did not safely bind it to this serial row."
2026-01,FlashReport_January_2026.pdf,118,Table 6: All Ongoing Projects,1372,"(618329) Widening to 2 Lane with Hard shoulder of Akegwo-Avangkhu section of NH-202K for Package-I Design Chainage 0000 Km to 34795 Km, in the State of Nagaland on EPC",NHIDCL,Nagaland,,,,PARSER_FAILURE,SOURCE_PRIMARY_TOKEN_NOT_RECOVERED,FlashReport_January_2026.pdf:p118; Table 6: All Ongoing Projects; sl_no=1372,"A numeric parenthetical token remains in extracted source text, but controlled validation did not safely bind it to this serial row."
2026-01,FlashReport_January_2026.pdf,118,Table 6: All Ongoing Projects,1373,(618364) Widening to 2 Lane with Hard shoulder of Akegwo-Avangkhu section of NH-202K for Package-III Design Chainage 69875 Km to 106816 Km in the State of Nagaland on,NHIDCL,Nagaland,,,,PARSER_FAILURE,SOURCE_PRIMARY_TOKEN_NOT_RECOVERED,FlashReport_January_2026.pdf:p118; Table 6: All Ongoing Projects; sl_no=1373,"A numeric parenthetical token remains in extracted source text, but controlled validation did not safely bind it to this serial row."
2026-01,FlashReport_January_2026.pdf,118,Table 6: All Ongoing Projects,1374,(618365) Widening to 2 Lane with Hard shoulder of Akegwo-Avangkhu section of NH-202K for Package-II Design Chainage 34795 Km to 69875 Km in the State of Nagaland on EPC,NHIDCL,Nagaland,,,,PARSER_FAILURE,SOURCE_PRIMARY_TOKEN_NOT_RECOVERED,FlashReport_January_2026.pdf:p118; Table 6: All Ongoing Projects; sl_no=1374,"A numeric parenthetical token remains in extracted source text, but controlled validation did not safely bind it to this serial row."
2026-01,FlashReport_January_2026.pdf,118,Table 6: All Ongoing Projects,1375,(618366) Construction of 2 laning with Hard shoulder of Peren-Dimapur section on NH 129A from Design Km 146.208 to Km 163.592 Length- 17.384 km in the state of Nagaland,NHIDCL,Nagaland,,,,PARSER_FAILURE,SOURCE_PRIMARY_TOKEN_NOT_RECOVERED,FlashReport_January_2026.pdf:p118; Table 6: All Ongoing Projects; sl_no=1375,"A numeric parenthetical token remains in extracted source text, but controlled validation did not safely bind it to this serial row."
2026-01,FlashReport_January_2026.pdf,118,Table 6: All Ongoing Projects,1376,(618413) Construction of Balance work for 2-lane with hard shoulder of Peren- Dimapur section on NH-129A from Design Km 126.775 to Km 146.208 Length 19.433 Km in the state,NHIDCL,Nagaland,,,,PARSER_FAILURE,SOURCE_PRIMARY_TOKEN_NOT_RECOVERED,FlashReport_January_2026.pdf:p118; Table 6: All Ongoing Projects; sl_no=1376,"A numeric parenthetical token remains in extracted source text, but controlled validation did not safely bind it to this serial row."
2026-01,FlashReport_January_2026.pdf,118,Table 6: All Ongoing Projects,1377,"(618414) Construction of 2-lane with hard shoulders of Merangkong-Tamlu-Mon road Wakching Twon portion on EPC basis from existing Chainage Km 59000 to Km 73640 [Design Km. 59000 to Km, 72450] Design length - 13.450 Km under SARDP-NE package-V Balance work",NHIDCL,Nagaland,,,,PARSER_FAILURE,SOURCE_PRIMARY_TOKEN_NOT_RECOVERED,FlashReport_January_2026.pdf:p118; Table 6: All Ongoing Projects; sl_no=1377,"A numeric parenthetical token remains in extracted source text, but controlled validation did not safely bind it to this serial row."
2026-01,FlashReport_January_2026.pdf,118,Table 6: All Ongoing Projects,1378,(618422) Construction of 2-Lane with hard shoulders of Merangkong-Tamlu-Mon MTM Road from existing Km 20.456 to Km 41.065 Design Km. 20 to Km. 40.0 Design Length-,NHIDCL,Nagaland,,,,PARSER_FAILURE,SOURCE_PRIMARY_TOKEN_NOT_RECOVERED,FlashReport_January_2026.pdf:p118; Table 6: All Ongoing Projects; sl_no=1378,"A numeric parenthetical token remains in extracted source text, but controlled validation did not safely bind it to this serial row."
2026-01,FlashReport_January_2026.pdf,118,Table 6: All Ongoing Projects,1379,(618423) Construction of 2-Lane with hard shoulders of Merangkong-Tamlu-Mon Road on EPC Basis from existing road Km. 76.640 to Km 98.065 Design chainage Km. 63.800 to Km. 86.835 Design Length-23.035 Km in the state of Nagaland under SARDP-NE PKG-IV Balance work,NHIDCL,Nagaland,,,,PARSER_FAILURE,SOURCE_PRIMARY_TOKEN_NOT_RECOVERED,FlashReport_January_2026.pdf:p118; Table 6: All Ongoing Projects; sl_no=1379,"A numeric parenthetical token remains in extracted source text, but controlled validation did not safely bind it to this serial row."
2026-01,FlashReport_January_2026.pdf,120,Table 6: All Ongoing Projects,1407,Up-gradation to two lane with paved shoulder configuration of NH-354 Section Arifkes- Ferozepur-Muktsar-Malaut from Km 201.500 to Km 212.500 & Km 229.690 to Km 269.960 and strengthening of existing pavement from Km 212.500 to Km,,Punjab,,,,UNRESOLVED,AMBIGUOUS_OR_MALFORMED_SOURCE_LAYOUT,FlashReport_January_2026.pdf:p120; Table 6: All Ongoing Projects; sl_no=1407,No primary or alternate identifier was recovered in controlled validation; no identity was inferred from project text.
2026-01,FlashReport_January_2026.pdf,120,Table 6: All Ongoing Projects,1408,No. NH-354-PB-2020-21-532 (618024) Delhi-Amritsar-Katra Expressway Phase-I Pkg-VII from Junction with Patiala-Bathinda road NH-7 near Bhawanigarh to Junction with Ludhiana-Malerhkotla SH-11 near,MoRTH,Punjab,,,,PARSER_FAILURE,SOURCE_PRIMARY_TOKEN_NOT_RECOVERED,FlashReport_January_2026.pdf:p120; Table 6: All Ongoing Projects; sl_no=1408,"A numeric parenthetical token remains in extracted source text, but controlled validation did not safely bind it to this serial row."
2026-01,FlashReport_January_2026.pdf,120,Table 6: All Ongoing Projects,1409,(618487) Delhi-Amritsar-Katra Expressway Phase-I Pkg-VIII from Junction with Ludhiana- Malerkotla SH-11 near Bhogiwal village to Junction with Ludhiana-Moga road NH-5,National Highways Authority of India [NHAI],Punjab,,,,PARSER_FAILURE,SOURCE_PRIMARY_TOKEN_NOT_RECOVERED,FlashReport_January_2026.pdf:p120; Table 6: All Ongoing Projects; sl_no=1409,"A numeric parenthetical token remains in extracted source text, but controlled validation did not safely bind it to this serial row."
2026-01,FlashReport_January_2026.pdf,120,Table 6: All Ongoing Projects,1410,(618488) Delhi-Amritsar-Katra Expressway Phase-I Pkg-IX from Junction with Ludhiana-Moga road NH-5 near Mullanpur Dakha to Junction with Jalandhar - Moga road NH-703 near,National Highways Authority of India [NHAI],Punjab,,,,PARSER_FAILURE,SOURCE_PRIMARY_TOKEN_NOT_RECOVERED,FlashReport_January_2026.pdf:p120; Table 6: All Ongoing Projects; sl_no=1410,"A numeric parenthetical token remains in extracted source text, but controlled validation did not safely bind it to this serial row."
2026-01,FlashReport_January_2026.pdf,120,Table 6: All Ongoing Projects,1411,(618489) Delhi-Amritsar-Katra Expressway Phase-I Pkg-X from Jn. with Jalandhar - Moga road NH-703 to Jn. with Jalandhar-Kapurthala road NH-703A and to Jn. with Kapurthala -,National Highways Authority of India [NHAI],Punjab,,,,PARSER_FAILURE,SOURCE_PRIMARY_TOKEN_NOT_RECOVERED,FlashReport_January_2026.pdf:p120; Table 6: All Ongoing Projects; sl_no=1411,"A numeric parenthetical token remains in extracted source text, but controlled validation did not safely bind it to this serial row."
2026-01,FlashReport_January_2026.pdf,120,Table 6: All Ongoing Projects,1412,(618490) Delhi-Amritsar-Katra Expressway Phase-I Pkg-XI from Junction with Jalandhar - Kapurthala road NH-703A near khojewal village to Junction with Amritsar-Mehta- SriHargobindpur-Tanda road NH-503A near SriHargobindpur Km 319400 to km 362420,National Highways Authority of India [NHAI],Punjab,,,,PARSER_FAILURE,SOURCE_PRIMARY_TOKEN_NOT_RECOVERED,FlashReport_January_2026.pdf:p120; Table 6: All Ongoing Projects; sl_no=1412,"A numeric parenthetical token remains in extracted source text, but controlled validation did not safely bind it to this serial row."
2026-01,FlashReport_January_2026.pdf,120,Table 6: All Ongoing Projects,1413,(618491) Delhi-Amritsar-Katra Expressway Phase-I Pkg-XII from Junction with Amritsar-Mehta- SriHargobindpur-Tanda road NH-503A near SriHargobindpur to Junction with,National Highways Authority of India [NHAI],Punjab,,,,PARSER_FAILURE,SOURCE_PRIMARY_TOKEN_NOT_RECOVERED,FlashReport_January_2026.pdf:p120; Table 6: All Ongoing Projects; sl_no=1413,"A numeric parenthetical token remains in extracted source text, but controlled validation did not safely bind it to this serial row."
2026-01,FlashReport_January_2026.pdf,120,Table 6: All Ongoing Projects,1414,(618492) Delhi-Amritsar-Katra Expressway Phase-I Spur-I from Jn. with Kapurthala - Sultanpur Lodhi Road NH-703A near Isharwal village to Jn. with Kapurthala - Tarn Taran road,National Highways Authority of India [NHAI],Punjab,,,,PARSER_FAILURE,SOURCE_PRIMARY_TOKEN_NOT_RECOVERED,FlashReport_January_2026.pdf:p120; Table 6: All Ongoing Projects; sl_no=1414,"A numeric parenthetical token remains in extracted source text, but controlled validation did not safely bind it to this serial row."
2026-01,FlashReport_January_2026.pdf,121,Table 6: All Ongoing Projects,1435,Construction of 2 lane with paved shoulder for the work of Development of remaining sections of NH-325 Balotra to sanderao via Jalore to 2 lane with paved shoulder configuration by Construction of Byasses for town portions1 Asotra- Brahmdham bypass 2Siwana Bypass 3 Mokalsar Bypass 4 Major realignment at Kathadi 5 Major realignment at Bishangarh 6 Jalore Bypass 7 Ahore Town portion 8 Dujana Bypass in,,Rajasthan,,,,UNRESOLVED,AMBIGUOUS_OR_MALFORMED_SOURCE_LAYOUT,FlashReport_January_2026.pdf:p121; Table 6: All Ongoing Projects; sl_no=1435,No primary or alternate identifier was recovered in controlled validation; no identity was inferred from project text.
2026-01,FlashReport_January_2026.pdf,121,Table 6: All Ongoing Projects,1436,the state of Rajasthan on EPC Mode (618011) Upgradation to Two-lane with paved shoulder of Hanumangarh to Kenchiyan section from Km 0.000existing chainage-Km 23.200 to Km 49.605existing chainage-Km,MoRTH,Rajasthan,,,,PARSER_FAILURE,SOURCE_PRIMARY_TOKEN_NOT_RECOVERED,FlashReport_January_2026.pdf:p121; Table 6: All Ongoing Projects; sl_no=1436,"A numeric parenthetical token remains in extracted source text, but controlled validation did not safely bind it to this serial row."
2026-01,FlashReport_January_2026.pdf,121,Table 6: All Ongoing Projects,1437,(618069) Up-gradation to 2 lane with paved shoulder from Neechli Oden Nathdwara at Design Km 88.800 existing km 55.95 to Bhatewar at Design Km 142.028 existing km 0.00 of,MoRTH,Rajasthan,,,,PARSER_FAILURE,SOURCE_PRIMARY_TOKEN_NOT_RECOVERED,FlashReport_January_2026.pdf:p121; Table 6: All Ongoing Projects; sl_no=1437,"A numeric parenthetical token remains in extracted source text, but controlled validation did not safely bind it to this serial row."
2026-01,FlashReport_January_2026.pdf,121,Table 6: All Ongoing Projects,1438,(618092) Up-gradation to 2 lane with Paved shoulder from Charbhuja at Design km 0 existing km 150.00 to Neechli Oden Nathdwara at Design ch. Km 88.800 existing km,MoRTH,Rajasthan,,,,PARSER_FAILURE,SOURCE_PRIMARY_TOKEN_NOT_RECOVERED,FlashReport_January_2026.pdf:p121; Table 6: All Ongoing Projects; sl_no=1438,"A numeric parenthetical token remains in extracted source text, but controlled validation did not safely bind it to this serial row."
2026-01,FlashReport_January_2026.pdf,121,Table 6: All Ongoing Projects,1439,(618093) Upgradation of two lane paved shoulder from Shahpura existing km. 0.00 Design Ch. 000 to Thanagazi existing Km.37352 Design Ch. 36810 of NH-248A on EPC,MoRTH,Rajasthan,,,,PARSER_FAILURE,SOURCE_PRIMARY_TOKEN_NOT_RECOVERED,FlashReport_January_2026.pdf:p121; Table 6: All Ongoing Projects; sl_no=1439,"A numeric parenthetical token remains in extracted source text, but controlled validation did not safely bind it to this serial row."
2026-01,FlashReport_January_2026.pdf,125,Table 6: All Ongoing Projects,1524,Improvement and Widening to 2-lane with paved shoulder of road from existing Km 438.170 Khowai Chowmuhani to existing Km 439.410 South Pulinpur of NH-08 and from design Km 0.000 South Pulinpur to design Km 36.00 near Rangamati of NH,,Tripura,,,,UNRESOLVED,AMBIGUOUS_OR_MALFORMED_SOURCE_LAYOUT,FlashReport_January_2026.pdf:p125; Table 6: All Ongoing Projects; sl_no=1524,No primary or alternate identifier was recovered in controlled validation; no identity was inferred from project text.
2026-01,FlashReport_January_2026.pdf,125,Table 6: All Ongoing Projects,1525,EPC mode under JICA ODA Loan Phase VI Package-2 (618369) Improvement and Widening to 2-lane with paved shoulder of road from Km 101.300 to km 127.319 Total Length 26.019 Km i.e. the Khowai Teliamura-Amarpur-Harina- Sabroom section of NH 208 in the state of Tripura on EPC under JICA ODA Loan Phase VI Package-1,NHIDCL,Tripura,,,,PARSER_FAILURE,SOURCE_PRIMARY_TOKEN_NOT_RECOVERED,FlashReport_January_2026.pdf:p125; Table 6: All Ongoing Projects; sl_no=1525,"A numeric parenthetical token remains in extracted source text, but controlled validation did not safely bind it to this serial row."
2026-01,FlashReport_January_2026.pdf,125,Table 6: All Ongoing Projects,1526,(618370) Rehabilitation and up-gradation of road from design km 25.250 to km 36.460 Total lengh 11.210 km of Kailashahar-Kurti Bridge section on NH-208A to 2-lane with paved,NHIDCL,Tripura,,,,PARSER_FAILURE,SOURCE_PRIMARY_TOKEN_NOT_RECOVERED,FlashReport_January_2026.pdf:p125; Table 6: All Ongoing Projects; sl_no=1526,"A numeric parenthetical token remains in extracted source text, but controlled validation did not safely bind it to this serial row."
2026-01,FlashReport_January_2026.pdf,125,Table 6: All Ongoing Projects,1527,(618385) Rehabilitation & Upgradation of Road from Km 0.00 to Km 18.600 Total length-18.600 km of Kumarghat-Kailashahar section on NH-208 to 2-lane with Paved shoulder on,NHIDCL,Tripura,,,,PARSER_FAILURE,SOURCE_PRIMARY_TOKEN_NOT_RECOVERED,FlashReport_January_2026.pdf:p125; Table 6: All Ongoing Projects; sl_no=1527,"A numeric parenthetical token remains in extracted source text, but controlled validation did not safely bind it to this serial row."
2026-01,FlashReport_January_2026.pdf,127,Table 6: All Ongoing Projects,1559,"Rehabilitation and upgradation of Salon - Jais - Jagdishpur Road section of NH-931A, from design Chainage km 0.000 to km 5.740 to four lane divided carriageway and from design Chainage km 5.740 to km 53.500 to two lane with paved Total length km",,Uttar Pradesh,,,,UNRESOLVED,AMBIGUOUS_OR_MALFORMED_SOURCE_LAYOUT,FlashReport_January_2026.pdf:p127; Table 6: All Ongoing Projects; sl_no=1559,No primary or alternate identifier was recovered in controlled validation; no identity was inferred from project text.
2026-01,FlashReport_January_2026.pdf,127,Table 6: All Ongoing Projects,1560,areas in a total length of 9.732 km in the state of Uttar Pradesh on EPC mode (618187) Rehabilitation and upgradation to 2-lane with paved sholuders configuration of Near Karri village-Etawah section Km30.000 to Km 57.346 Pakage-II of NH-92 in state of Uttar Pradesh undergreen national Highway Corridor ProjectGNHCP with the loan assistance of world Bank on EPC mode.,MoRTH,Uttar Pradesh,,,,PARSER_FAILURE,SOURCE_PRIMARY_TOKEN_NOT_RECOVERED,FlashReport_January_2026.pdf:p127; Table 6: All Ongoing Projects; sl_no=1560,"A numeric parenthetical token remains in extracted source text, but controlled validation did not safely bind it to this serial row."
2026-01,FlashReport_January_2026.pdf,130,Table 6: All Ongoing Projects,1624,"STABILIZATION OF LAND SLIDE AND SLOPE PROTECTION AT KM 11.00 TO KM 11.08, 29,730 KM TO 30,060 KM, 30,400 KM TO 31,060 KM, 34,750 KM TO 35,300 KM, 38,950 KM TO 39,030 KM & 39,460 KM TO 39,540 KM TWO LOC CLUBBED, KM 40,400 TO KM 40,650, KM 43,500 KM 43,680, 52,460 RISHIKESH - DHARASU ROAD NH-94 ON EPC MODE IN THE STATE OF UTTARAKHAND. NOSE OF LAND",,Uttarakhand,,,,UNRESOLVED,AMBIGUOUS_OR_MALFORMED_SOURCE_LAYOUT,FlashReport_January_2026.pdf:p130; Table 6: All Ongoing Projects; sl_no=1624,No primary or alternate identifier was recovered in controlled validation; no identity was inferred from project text.
2026-01,FlashReport_January_2026.pdf,130,Table 6: All Ongoing Projects,1625,"SLIDE - 12 NOS (618212) Construction, Operation & Maintenance of 2-L Bi-directional Silkyara Bend- Barkot Tunnel with escape passage including approaches Tunnel-4.531 & Approach road- 0.328 on Dharasu-Yamunotri section b/w Chainage 25.400km and 51.00km falling along NH-134 Old NH-94 on EPC mode",MoRTH,Uttarakhand,,,,PARSER_FAILURE,SOURCE_PRIMARY_TOKEN_NOT_RECOVERED,FlashReport_January_2026.pdf:p130; Table 6: All Ongoing Projects; sl_no=1625,"A numeric parenthetical token remains in extracted source text, but controlled validation did not safely bind it to this serial row."
2026-01,FlashReport_January_2026.pdf,130,Table 6: All Ongoing Projects,1631,Construction of additional major Bridge with 4- lane configuration of length 1.48 km on NH-60 NH-14 over River Kangshabati from Km. 117.770 to Km 119.250 and additional major Bridge with 4- lane configuration of length 0.900 km on NH-60 NH-14 over River Shilabati from Km. 173.220 to Km 174.120 in the district of Paschim Medinipur of West Bengal under Annual Plan for FY 2023-24 on EPC mode. Job No 014-W8-2023-,,West Bengal,,,,UNRESOLVED,AMBIGUOUS_OR_MALFORMED_SOURCE_LAYOUT,FlashReport_January_2026.pdf:p130; Table 6: All Ongoing Projects; sl_no=1631,No primary or alternate identifier was recovered in controlled validation; no identity was inferred from project text.
2026-01,FlashReport_January_2026.pdf,130,Table 6: All Ongoing Projects,1632,24/527. (617893) Construction of new road at the missing link portion of NH-81 along approved alignment between Harishchandrapur and Eastern approach of Kalindri Bridge from,MoRTH,West Bengal,,,,PARSER_FAILURE,SOURCE_PRIMARY_TOKEN_NOT_RECOVERED,FlashReport_January_2026.pdf:p130; Table 6: All Ongoing Projects; sl_no=1632,"A numeric parenthetical token remains in extracted source text, but controlled validation did not safely bind it to this serial row."
2026-01,FlashReport_January_2026.pdf,130,Table 6: All Ongoing Projects,1633,(617960) Development to 4/6-Lanning of NH-31 New NH-10 with both side service roads from 569.258 km to 581.030 km End of AH-02 on NH- 31 near Shivmandir to Sevoke Army Cantonment in districts of Darjeeling and Jalpaiguri in the state of West Bengal on EPC mode-reg.,MoRTH,West Bengal,,,,PARSER_FAILURE,SOURCE_PRIMARY_TOKEN_NOT_RECOVERED,FlashReport_January_2026.pdf:p130; Table 6: All Ongoing Projects; sl_no=1633,"A numeric parenthetical token remains in extracted source text, but controlled validation did not safely bind it to this serial row."
2026-01,FlashReport_January_2026.pdf,130,Table 6: All Ongoing Projects,1634,(618227) Construction & upgradation of existing road to 2-lane with paved shoulder including geometric improvement of Kafer- Lava More section from km 40.00 to km 61.100 of,MoRTH,West Bengal,,,,PARSER_FAILURE,SOURCE_PRIMARY_TOKEN_NOT_RECOVERED,FlashReport_January_2026.pdf:p130; Table 6: All Ongoing Projects; sl_no=1634,"A numeric parenthetical token remains in extracted source text, but controlled validation did not safely bind it to this serial row."
2026-01,FlashReport_January_2026.pdf,130,Table 6: All Ongoing Projects,1635,(618427) Construction & upgradation of existing road to 2-lane with paved shoulder including geometric improvement of sect. from Pedong bypass to Reshi Border km 79.700 to km 96.254 of NH-717A under SARDP-NE-A on EPC as part of Alternate connectivity to Gangtok Lava More-Reshi Border Pkg-VB,NHIDCL,West Bengal,,,,PARSER_FAILURE,SOURCE_PRIMARY_TOKEN_NOT_RECOVERED,FlashReport_January_2026.pdf:p130; Table 6: All Ongoing Projects; sl_no=1635,"A numeric parenthetical token remains in extracted source text, but controlled validation did not safely bind it to this serial row."
2026-01,FlashReport_January_2026.pdf,130,Table 6: All Ongoing Projects,1636,(618429) Construction of alternative highway to Gangtok in Sikkim via Bagrakot -Chuikhim- Nimbong -Kafer-Bakhim-Algarah-Rhenock in the State of West Bengal and from Rhenok-Rorathang-Pakyong along with spur from Aritar-Rolep-Menla in the State of,NHIDCL,West Bengal,,,,PARSER_FAILURE,SOURCE_PRIMARY_TOKEN_NOT_RECOVERED,FlashReport_January_2026.pdf:p130; Table 6: All Ongoing Projects; sl_no=1636,"A numeric parenthetical token remains in extracted source text, but controlled validation did not safely bind it to this serial row."
2026-01,FlashReport_January_2026.pdf,130,Table 6: All Ongoing Projects,1637,Mode under Phase-A of SARDP-NE in the State of West Bengal PKG- IVA (618430) Construction of alternative highway to Gangtok in Sikkim via Bagrakot -Chuikhim- Nimbong -Kafer-Bakhim-Algarah-Rhenock in the State of West Bengal and from Rhenok-Rorathang-Pakyong along with spur from Aritar-Rolep-Menla in the State of,NHIDCL,West Bengal,,,,PARSER_FAILURE,SOURCE_PRIMARY_TOKEN_NOT_RECOVERED,FlashReport_January_2026.pdf:p130; Table 6: All Ongoing Projects; sl_no=1637,"A numeric parenthetical token remains in extracted source text, but controlled validation did not safely bind it to this serial row."
2026-01,FlashReport_January_2026.pdf,131,Table 6: All Ongoing Projects,1644,"Mobile connectivity in Left Wing Extremism [LWE] affected areas-Phase 1 Multi-States Upgradation (Andhra Pradesh, Bihar, (617413) Chhattisgarh, Jharkhand,",Department of Telecommunications [DoT],"Madhya Pradesh,",,,,IDENTIFIER_FOUND,VERIFIED_PARSER_FAILURE_WRAPPED_OR_BOUNDARY_IDENTIFIER,FlashReport_January_2026.pdf:p131; Table 6: All Ongoing Projects; sl_no=1644,Validation extraction recovered source primary code 617413 at the same report/serial address; the baseline value was blank.
2026-01,FlashReport_January_2026.pdf,131,Table 6: All Ongoing Projects,1645,"Maharashtra, Odisha, Telangana, Uttar Pradesh, West Bengal) Mobile connectivity in Left Wing Extremism [LWE] affected areas-Phase2 Multi-States (Andhra Pradesh, (701599) Bihar, Chhattisgarh, Jharkhand, NA",Department of Telecommunications [DoT],"Madhya Pradesh,",,,,IDENTIFIER_FOUND,VERIFIED_PARSER_FAILURE_WRAPPED_OR_BOUNDARY_IDENTIFIER,FlashReport_January_2026.pdf:p131; Table 6: All Ongoing Projects; sl_no=1645,Validation extraction recovered source primary code 701599 at the same report/serial address; the baseline value was blank.
2026-01,FlashReport_January_2026.pdf,131,Table 6: All Ongoing Projects,1647,Provision of 4G Mobile Services in Uncovered Villages of Arunachal Pradesh and Multi-States Districts of Assam,Department of Telecommunications,(Arunachal,,,,UNRESOLVED,AMBIGUOUS_OR_MALFORMED_SOURCE_LAYOUT,FlashReport_January_2026.pdf:p131; Table 6: All Ongoing Projects; sl_no=1647,No primary or alternate identifier was recovered in controlled validation; no identity was inferred from project text.
2026-01,FlashReport_January_2026.pdf,131,Table 6: All Ongoing Projects,1648,"Pradesh, Assam) (701597) 354 Uncovered Villages Scheme Multi-States (Bihar, Gujarat, (701600) Himachal Pradesh,",Department of Telecommunications [DoT],Jammu and,,,,IDENTIFIER_FOUND,VERIFIED_PARSER_FAILURE_WRAPPED_OR_BOUNDARY_IDENTIFIER,FlashReport_January_2026.pdf:p131; Table 6: All Ongoing Projects; sl_no=1648,Validation extraction recovered source primary code 701600 at the same report/serial address; the baseline value was blank.
2026-02,FlashReport_February_2026.pdf,75,Table 6: All Ongoing Projects,230,Transmission Network Expansion in Gujarat to increase its ATC from ISTS Part B Multi-States (Dadra & Nagar,400005,Haveli and Daman,,,,UNRESOLVED,AMBIGUOUS_OR_MALFORMED_SOURCE_LAYOUT,FlashReport_February_2026.pdf:p75; Table 6: All Ongoing Projects; sl_no=230,No primary or alternate identifier was recovered in controlled validation; no identity was inferred from project text.
2026-02,FlashReport_February_2026.pdf,77,Table 6: All Ongoing Projects,256,"Construction of One Tower of Office Complex and another Tower of Residential quarters consisting of 10Nos. Type-V, 10Nos. Type-VI & 1No.Type-VII Quarters i/c internal water supply, sanitary installation and all development and bulk services, Horticulture works on EPC Mode-I basis i/c comprehensive operation and maintenance of Civil, E&M services for 7 years after completion of original construction work for Ranga Reddy, Secunderabad, Medchal, AuditI, Audit-II",,Telangana,,,,UNRESOLVED,AMBIGUOUS_OR_MALFORMED_SOURCE_LAYOUT,FlashReport_February_2026.pdf:p77; Table 6: All Ongoing Projects; sl_no=256,No primary or alternate identifier was recovered in controlled validation; no identity was inferred from project text.
2026-02,FlashReport_February_2026.pdf,84,Table 6: All Ongoing Projects,423,"Odisha) North East Gas Grid Multi-States (Arunachal (701346) Pradesh, Assam, Manipur,",N16000539,"Meghalaya,",,,,IDENTIFIER_FOUND,VERIFIED_PARSER_FAILURE_WRAPPED_OR_BOUNDARY_IDENTIFIER,FlashReport_February_2026.pdf:p84; Table 6: All Ongoing Projects; sl_no=423,Validation extraction recovered source primary code 701346 at the same report/serial address; the baseline value was blank.
2026-02,FlashReport_February_2026.pdf,85,Table 6: All Ongoing Projects,427,"Mumbai Nagpur Jharsuguda Pipeline Project Multi-States (Chhattisgarh,",701354,"Madhya Pradesh,",,,,UNRESOLVED,AMBIGUOUS_OR_MALFORMED_SOURCE_LAYOUT,FlashReport_February_2026.pdf:p85; Table 6: All Ongoing Projects; sl_no=427,No primary or alternate identifier was recovered in controlled validation; no identity was inferred from project text.
2026-02,FlashReport_February_2026.pdf,95,Table 6: All Ongoing Projects,662,"New Delhi- Howrah Speed Booster[160Kmph] Project Multi-States (Bihar, Delhi,",705794,"Jharkhand, Uttar,",,,,UNRESOLVED,AMBIGUOUS_OR_MALFORMED_SOURCE_LAYOUT,FlashReport_February_2026.pdf:p95; Table 6: All Ongoing Projects; sl_no=662,No primary or alternate identifier was recovered in controlled validation; no identity was inferred from project text.
2026-02,FlashReport_February_2026.pdf,105,Table 6: All Ongoing Projects,856,Construction of four lane access controlled highway from Chillakuru cross road to Turpu KanupurPart 1 of Package - II km 0.000 131.500 of NH - 16 to km 23.770 on New NH-516W including sixlane flyover and approaches on NH-16 length km and six lane access controlled from TurpuKanupur to Port South Gate Part 2 of,,Andhra Pradesh,,,,UNRESOLVED,AMBIGUOUS_OR_MALFORMED_SOURCE_LAYOUT,FlashReport_February_2026.pdf:p105; Table 6: All Ongoing Projects; sl_no=856,No primary or alternate identifier was recovered in controlled validation; no identity was inferred from project text.
2026-02,FlashReport_February_2026.pdf,112,Table 6: All Ongoing Projects,970,"4L Elevated Corridor and at-grade improvements from Design Ch0000 to Design Ch 19870 of Danapur Bihta Section, Design Ch0000 to Design Ch0231 connecting the existing RoB near Danapur station ,1.35 Km ramps and at-grade improvements to 4- lane section on Danapur side and Upgradation of existing Two lane carriageway to",,Bihar,,,,UNRESOLVED,AMBIGUOUS_OR_MALFORMED_SOURCE_LAYOUT,FlashReport_February_2026.pdf:p112; Table 6: All Ongoing Projects; sl_no=970,No primary or alternate identifier was recovered in controlled validation; no identity was inferred from project text.
2026-02,FlashReport_February_2026.pdf,113,Table 6: All Ongoing Projects,992,Upgradation of Bilaspur-Takhatpur-Mungeli-Pandariya-Pondi Road on N.H.-130A Package IIIA Takhatpur By-pass from existing Ch. 26.542 to 32.093 [Design Ch. 18.700 to 25.900] & Mungeli By-pass from existing Ch. 45.786 to 56.275 [Design Ch. 29.600 to 51.600] and Package IIIB Pandariya By-Pass from existing Ch. 82.582 to 87.133 [Design Ch. 77.900 to 81.1000 & Pondi By-pass from existing Ch. 103.166 to 104.756 [Design Ch. 97.000 to 103.395] to two lane with paved shoulder configuration,,Chhattisgarh,,,,UNRESOLVED,AMBIGUOUS_OR_MALFORMED_SOURCE_LAYOUT,FlashReport_February_2026.pdf:p113; Table 6: All Ongoing Projects; sl_no=992,No primary or alternate identifier was recovered in controlled validation; no identity was inferred from project text.
2026-02,FlashReport_February_2026.pdf,114,Table 6: All Ongoing Projects,1006,Widening of Existing Road from Intermediate Lane 2-lane to 4-lane Between Km 19.994 to Km 35.180 of NH-848A Rakholi-Khadoli-Velugam Section in U.T. of Dadra Dadra & Nagar and Nagar Haveli and Daman and Diu,MoRTH,Haveli and Daman,,,,UNRESOLVED,AMBIGUOUS_OR_MALFORMED_SOURCE_LAYOUT,FlashReport_February_2026.pdf:p114; Table 6: All Ongoing Projects; sl_no=1006,No primary or alternate identifier was recovered in controlled validation; no identity was inferred from project text.
2026-02,FlashReport_February_2026.pdf,119,Table 6: All Ongoing Projects,1098,"Construction of 4 lane with paved shoulder from Existing Ch. 14200 to 24320 Design Ch. 14200 to 24400, Ch. 33760 to 42780 Design Ch. 35300 to 44294 & Ch. 43440 to 47020 Design Ch. 44958 to 48500 Delina Flyover including construction of flyover length 1.704 km of total length 22.736 kms in AOR of 760 BRTF on road SRINAGAR Jammu and Kashmir",,"BARAMULA URI NH-01 in the UT of Jammu & Kashmir under project BEACON,",,,,UNRESOLVED,AMBIGUOUS_OR_MALFORMED_SOURCE_LAYOUT,FlashReport_February_2026.pdf:p119; Table 6: All Ongoing Projects; sl_no=1098,No primary or alternate identifier was recovered in controlled validation; no identity was inferred from project text.
2026-02,FlashReport_February_2026.pdf,131,Table 6: All Ongoing Projects,1306,"Rehabilitation, upgradation & widening of existing highway to 2L/4LPS Rigid Pavement of NH 160 section- Phaltan to Mhaishal near Karnataka Border including Tasgaon Bypass, from existing chainage Km 301/430 to Km 458/415 in the State of Maharashtra- Package-II & Package III combined- starting from existing chainage Km",,Maharashtra,,,,UNRESOLVED,AMBIGUOUS_OR_MALFORMED_SOURCE_LAYOUT,FlashReport_February_2026.pdf:p131; Table 6: All Ongoing Projects; sl_no=1306,No primary or alternate identifier was recovered in controlled validation; no identity was inferred from project text.
2026-02,FlashReport_February_2026.pdf,131,Table 6: All Ongoing Projects,1307,"392/950 ending at Vita Village in the State of Maharashtra on EPC Mode. (617978) (-) Rehabilitation, upgradation & widening of existing highway to 2L/4LPS Rigid Pavement of NH 160 section- Phaltan to Mhaisal near Karnataka Border including Tasgaon Bypass, from existing chainage Km 301/430 to Km 458/415 in the State of Maharashtra. Package-I starting from existing chainage Km 301/430 at Phaltan Village Junction of Phaltan Baramati Road Design Chainage -301/430km & ending at existing chainage Km 341/300 Dahiwadi Village Bus Stop Design chainage Km",MoRTH,Maharashtra,,,,PARSER_FAILURE,SOURCE_PRIMARY_TOKEN_NOT_RECOVERED,FlashReport_February_2026.pdf:p131; Table 6: All Ongoing Projects; sl_no=1307,"A numeric parenthetical token remains in extracted source text, but controlled validation did not safely bind it to this serial row."
2026-02,FlashReport_February_2026.pdf,131,Table 6: All Ongoing Projects,1308,"340466km in the S (617979) (-) Rehabilitation/ Upgradation of existing Highway to four lane standards in Kurkheda town from km.413257 to km 410775, Two lane in Shankarpur Gurnuli km 42400 to km 43100 section and Reconstruction of Major Bridge at Ch. 448558 Bhuti Nallah and Ch. 411695 Sati River bridge, Minor Bridge at Ch. 411477 and Ch. 405800 Lendhari",MoRTH,Maharashtra,,,,PARSER_FAILURE,SOURCE_PRIMARY_TOKEN_NOT_RECOVERED,FlashReport_February_2026.pdf:p131; Table 6: All Ongoing Projects; sl_no=1308,"A numeric parenthetical token remains in extracted source text, but controlled validation did not safely bind it to this serial row."
2026-02,FlashReport_February_2026.pdf,131,Table 6: All Ongoing Projects,1309,mode in the State of Maharashtra (618042) Rehabilitation & Up-gradation of Sabalkhed to Ashti Section from Km 37900 to Km 55100 & Chinchpur to Jamkhed Section from km 70000 to km 72922 of NH-561 to Two lane with Paved shoulder/ Four lane configuration in the State of Maharashtra on,MoRTH,Maharashtra,,,,PARSER_FAILURE,SOURCE_PRIMARY_TOKEN_NOT_RECOVERED,FlashReport_February_2026.pdf:p131; Table 6: All Ongoing Projects; sl_no=1309,"A numeric parenthetical token remains in extracted source text, but controlled validation did not safely bind it to this serial row."
2026-02,FlashReport_February_2026.pdf,131,Table 6: All Ongoing Projects,1310,"(618046) Widening, Reconstruction & Up-gradation to 2 lane with Paved Shoulder/Four Lane configuration for the work of Ahmednagar to Sabalkhed & Ashti to Chinchpur Section of NH-561 from Design km 2915 to km 37728 & Design km 55100 to km 70000 in the",MoRTH,Maharashtra,,,,PARSER_FAILURE,SOURCE_PRIMARY_TOKEN_NOT_RECOVERED,FlashReport_February_2026.pdf:p131; Table 6: All Ongoing Projects; sl_no=1310,"A numeric parenthetical token remains in extracted source text, but controlled validation did not safely bind it to this serial row."
2026-02,FlashReport_February_2026.pdf,131,Table 6: All Ongoing Projects,1312,Construction of four-lane Concrete Road from Police Headquarter Gondia City to Rawanwadi Village Birsi Airport Junction from design km 0.000 to km 15.781 existing km 39/720 of NH-753 to existing Km 8/400 of NH 543 on sections from Kohmara- Goregaon- Police HeadquarterKaranja - Collector Office Square - Balaghat T Point-,,Maharashtra,,,,UNRESOLVED,AMBIGUOUS_OR_MALFORMED_SOURCE_LAYOUT,FlashReport_February_2026.pdf:p131; Table 6: All Ongoing Projects; sl_no=1312,No primary or alternate identifier was recovered in controlled validation; no identity was inferred from project text.
2026-02,FlashReport_February_2026.pdf,131,Table 6: All Ongoing Projects,1313,"Maharashtra. Total Length of the project 15.781 Km. (618059) Strengthening, Widening & Up-gradation of newly declared NH-761 from NH- 61Junction-BelheAlkutiDevibhoyareNighojShirur, from Design chainage Km 0.000 to Km 37.970 from Single/Intermediate/2L to 2LPS in the State of Maharashtra on EPC",MoRTH,Maharashtra,,,,PARSER_FAILURE,SOURCE_PRIMARY_TOKEN_NOT_RECOVERED,FlashReport_February_2026.pdf:p131; Table 6: All Ongoing Projects; sl_no=1313,"A numeric parenthetical token remains in extracted source text, but controlled validation did not safely bind it to this serial row."
2026-02,FlashReport_February_2026.pdf,131,Table 6: All Ongoing Projects,1314,"(618061) (-) Rehabilitation/Upgradation of existing Highway to 2LPS/4 lane of Dhawali to Rajoli from Design Km.149476 to 163476 existing Km.150000 to 164000, Pandhasala to Mohadongri from design Km.170476 to 181476 existing Km.171000 to , Ambeshivni Fata to Bodli from design Km.183476 to 185476 existing Km.184000 to 186000 and Made Tukum to Gadchiroli from design Km.188476 to 189476 existing Km.188000 to 18900 having length 28 km of NH-930 of Dhawali to Gadchroli road in",MoRTH,Maharashtra,,,,PARSER_FAILURE,SOURCE_PRIMARY_TOKEN_NOT_RECOVERED,FlashReport_February_2026.pdf:p131; Table 6: All Ongoing Projects; sl_no=1314,"A numeric parenthetical token remains in extracted source text, but controlled validation did not safely bind it to this serial row."
2026-02,FlashReport_February_2026.pdf,132,Table 6: All Ongoing Projects,1329,Rehabilitation and Up-gradation of i. Deogaon phata to Digras phata Ch. 0/000 to 15/000 & Selu to Borgavhan Ch 20/900 to 35/800 [Length 29.9km] ii. Injegaon Dhamoni to Pohner Phata Ch.58/200 to Ch. 83/700 [Length25.5 km] and iii. Pohner phata to Pathri Design Ch. 42/700 to 58/200 [Length 15.5 km] sections of NH-548B to,,Maharashtra,,,,UNRESOLVED,AMBIGUOUS_OR_MALFORMED_SOURCE_LAYOUT,FlashReport_February_2026.pdf:p132; Table 6: All Ongoing Projects; sl_no=1329,No primary or alternate identifier was recovered in controlled validation; no identity was inferred from project text.
2026-02,FlashReport_February_2026.pdf,139,Table 6: All Ongoing Projects,1446,Up-gradation to 2 lane with paved shoutders of Pawlrang - Rulchawm section- of NH- 102B of Aizawl - Imphal Economic Corridor from Existing Chainage km 72.030 to km 104.129 including 2.459 km re-alignment section from Tuivai River to Rulchawm connecting km 48.150 of NH-6 [Design Chainage km 68.170 to km 98.579] in the,,Mizoram,,,,UNRESOLVED,AMBIGUOUS_OR_MALFORMED_SOURCE_LAYOUT,FlashReport_February_2026.pdf:p139; Table 6: All Ongoing Projects; sl_no=1446,No primary or alternate identifier was recovered in controlled validation; no identity was inferred from project text.
2026-02,FlashReport_February_2026.pdf,140,Table 6: All Ongoing Projects,1460,Widening/Improvement to 4-Lane with Paved Shoulder from km 55000 Nagabang Gamsuk to km 82514 Oyan in the State of Assam and Arunachal Pradesh on EPC Multi-States mode under Bharatmala Pariyojna of Length 27.514 Km Package-3,NHIDCL,(Arunachal,,,,UNRESOLVED,AMBIGUOUS_OR_MALFORMED_SOURCE_LAYOUT,FlashReport_February_2026.pdf:p140; Table 6: All Ongoing Projects; sl_no=1460,No primary or alternate identifier was recovered in controlled validation; no identity was inferred from project text.
2026-02,FlashReport_February_2026.pdf,141,Table 6: All Ongoing Projects,1489,"Pradesh, Punjab) (-) Delhi-Amritsar-Katra Expressway Phase-II Pkg-XIV from Junction with Pathankot- Gurdaspur road NH-54 near Balsua to Junction with Hiranagar Road near village Multi-States Gurha Baildaran km 423500 to km 468100",National Highways Authority of India [NHAI],(Jammu and,,,,UNRESOLVED,AMBIGUOUS_OR_MALFORMED_SOURCE_LAYOUT,FlashReport_February_2026.pdf:p141; Table 6: All Ongoing Projects; sl_no=1489,No primary or alternate identifier was recovered in controlled validation; no identity was inferred from project text.
2026-02,FlashReport_February_2026.pdf,148,Table 6: All Ongoing Projects,1614,Construction of 2 lane with paved shoulder for the work of Development of remaining sections of NH-325 Balotra to sanderao via Jalore to 2 lane with paved shoulder configuration by Construction of Byasses for town portions1 Asotra- Brahmdham bypass 2Siwana Bypass 3 Mokalsar Bypass 4 Major realignment at Kathadi 5 Major,,Rajasthan,,,,UNRESOLVED,AMBIGUOUS_OR_MALFORMED_SOURCE_LAYOUT,FlashReport_February_2026.pdf:p148; Table 6: All Ongoing Projects; sl_no=1614,No primary or alternate identifier was recovered in controlled validation; no identity was inferred from project text.
2026-02,FlashReport_February_2026.pdf,162,Table 6: All Ongoing Projects,1856,"STABILIZATION OF LAND SLIDE AND SLOPE PROTECTION AT KM 11.00 TO KM 11.08, 29,730 KM TO 30,060 KM, 30,400 KM TO 31,060 KM, 34,750 KM TO 35,300 KM, 38,950 KM TO 39,030 KM & 39,460 KM TO 39,540 KM TWO LOC CLUBBED, KM 40,400 TO KM 40,650, KM 43,500 KM 43,680, 52,460 RISHIKESH - DHARASU",,Uttarakhand,,,,UNRESOLVED,AMBIGUOUS_OR_MALFORMED_SOURCE_LAYOUT,FlashReport_February_2026.pdf:p162; Table 6: All Ongoing Projects; sl_no=1856,No primary or alternate identifier was recovered in controlled validation; no identity was inferred from project text.
2026-02,FlashReport_February_2026.pdf,162,Table 6: All Ongoing Projects,1857,SLIDE - 12 NOS (618212) (-) Rehabilitation and Upgradation of road Rishikesh Dharasu Old NH-94 with 2-lane with paved shoulder from km 76.000 to km 110.000 Design Chainage from km 74.733 to km 107.347 32.614 km including construction of Kamand re-alignment from existing Chainage Km 105.200 to Km 108.600 design chainage Km 103.436 to Km 105.949 - total length 2513 mtrs and land slide treatment work between design chainage Km 73.800 to Km 74.00 200m on EPC mode under improvement to NH connectivity to,MoRTH,Uttarakhand,,,,PARSER_FAILURE,SOURCE_PRIMARY_TOKEN_NOT_RECOVERED,FlashReport_February_2026.pdf:p162; Table 6: All Ongoing Projects; sl_no=1857,"A numeric parenthetical token remains in extracted source text, but controlled validation did not safely bind it to this serial row."
2026-02,FlashReport_February_2026.pdf,162,Table 6: All Ongoing Projects,1858,Chardham in (618213) (-) Rehabilitation and upgradation to 2 lane / 2 lane with paved shoulder configuration for design chainage km 107.347 to km 129.208 & km 133.878 to km 138.570 existing chainage km 110.000 to km 133.020 & km 137.330 to km 142.028 and land slide treatment at existing km 138.500 Design chainage km 134.970 of NH -94 on EPC mode under improvement to NH connectivity to Chardham in the state of Uttarakhand.,MoRTH,Uttarakhand,,,,PARSER_FAILURE,SOURCE_PRIMARY_TOKEN_NOT_RECOVERED,FlashReport_February_2026.pdf:p162; Table 6: All Ongoing Projects; sl_no=1858,"A numeric parenthetical token remains in extracted source text, but controlled validation did not safely bind it to this serial row."
2026-02,FlashReport_February_2026.pdf,163,Table 6: All Ongoing Projects,1868,Construction of additional major Bridge with 4- lane configuration of length 1.48 km on NH-60 NH-14 over River Kangshabati from Km. 117.770 to Km 119.250 and additional major Bridge with 4- lane configuration of length 0.900 km on NH-60 NH-14 over River Shilabati from Km. 173.220 to Km 174.120 in the district of Paschim Medinipur of,,West Bengal,,,,UNRESOLVED,AMBIGUOUS_OR_MALFORMED_SOURCE_LAYOUT,FlashReport_February_2026.pdf:p163; Table 6: All Ongoing Projects; sl_no=1868,No primary or alternate identifier was recovered in controlled validation; no identity was inferred from project text.
2026-02,FlashReport_February_2026.pdf,164,Table 6: All Ongoing Projects,1888,"Mobile connectivity in Left Wing Extremism [LWE] affected areas-Phase 1 Multi-States Upgradation (Andhra Pradesh, Bihar, (617413) Chhattisgarh, (-) Jharkhand,",Department of Telecommunications [DoT],"Madhya Pradesh,",,,,IDENTIFIER_FOUND,VERIFIED_PARSER_FAILURE_WRAPPED_OR_BOUNDARY_IDENTIFIER,FlashReport_February_2026.pdf:p164; Table 6: All Ongoing Projects; sl_no=1888,Validation extraction recovered source primary code 617413 at the same report/serial address; the baseline value was blank.
2026-02,FlashReport_February_2026.pdf,164,Table 6: All Ongoing Projects,1889,"Maharashtra, Odisha, Telangana, Uttar Pradesh, West Bengal) Mobile connectivity in Left Wing Extremism [LWE] affected areas-Phase2 Multi-States (Andhra Pradesh, (701599) Bihar, (-) Chhattisgarh, Jharkhand, NA",Department of Telecommunications [DoT],"Madhya Pradesh,",,,,IDENTIFIER_FOUND,VERIFIED_PARSER_FAILURE_WRAPPED_OR_BOUNDARY_IDENTIFIER,FlashReport_February_2026.pdf:p164; Table 6: All Ongoing Projects; sl_no=1889,Validation extraction recovered source primary code 701599 at the same report/serial address; the baseline value was blank.
2026-02,FlashReport_February_2026.pdf,164,Table 6: All Ongoing Projects,1892,"354 Uncovered Villages Scheme Multi-States (Bihar, Gujarat, (701600) Himachal Pradesh,",-,Jammu and,,,,IDENTIFIER_FOUND,VERIFIED_PARSER_FAILURE_WRAPPED_OR_BOUNDARY_IDENTIFIER,FlashReport_February_2026.pdf:p164; Table 6: All Ongoing Projects; sl_no=1892,Validation extraction recovered source primary code 701600 at the same report/serial address; the baseline value was blank.
2026-03,FlashReport_March_2026.pdf,65,Table 6: All Ongoing Projects,226,Transmission Network Expansion in Gujarat to increase its ATC from ISTS Part B Multi-States (Dadra & Nagar,400005,Haveli and Daman,,,,UNRESOLVED,AMBIGUOUS_OR_MALFORMED_SOURCE_LAYOUT,FlashReport_March_2026.pdf:p65; Table 6: All Ongoing Projects; sl_no=226,No primary or alternate identifier was recovered in controlled validation; no identity was inferred from project text.
2026-03,FlashReport_March_2026.pdf,66,Table 6: All Ongoing Projects,252,"Construction of One Tower of Office Complex and another Tower of Residential quarters consisting of 10Nos. Type-V, 10Nos. Type-VI & 1No.Type-VII Quarters i/c internal water supply, sanitary installation and all development and bulk services, Horticulture works on EPC Mode-I basis i/c comprehensive operation and maintenance of Civil, E&M services for 7 years after completion of original construction work for Ranga Reddy, Secunderabad, Medchal, AuditI, Audit-II",,Telangana,,,,UNRESOLVED,AMBIGUOUS_OR_MALFORMED_SOURCE_LAYOUT,FlashReport_March_2026.pdf:p66; Table 6: All Ongoing Projects; sl_no=252,No primary or alternate identifier was recovered in controlled validation; no identity was inferred from project text.
2026-03,FlashReport_March_2026.pdf,74,Table 6: All Ongoing Projects,412,"Odisha) North East Gas Grid Multi-States (Arunachal (701346) Pradesh, Assam, Manipur,",N16000539,"Meghalaya,",,,,IDENTIFIER_FOUND,VERIFIED_PARSER_FAILURE_WRAPPED_OR_BOUNDARY_IDENTIFIER,FlashReport_March_2026.pdf:p74; Table 6: All Ongoing Projects; sl_no=412,Validation extraction recovered source primary code 701346 at the same report/serial address; the baseline value was blank.
2026-03,FlashReport_March_2026.pdf,74,Table 6: All Ongoing Projects,415,"Mumbai Nagpur Jharsuguda Pipeline Project Multi-States (Chhattisgarh,",701354,"Madhya Pradesh,",,,,UNRESOLVED,AMBIGUOUS_OR_MALFORMED_SOURCE_LAYOUT,FlashReport_March_2026.pdf:p74; Table 6: All Ongoing Projects; sl_no=415,No primary or alternate identifier was recovered in controlled validation; no identity was inferred from project text.
2026-03,FlashReport_March_2026.pdf,85,Table 6: All Ongoing Projects,645,"New Delhi- Howrah Speed Booster[160Kmph] Project Multi-States (Bihar, Delhi,",705794,"Jharkhand, Uttar,",,,,UNRESOLVED,AMBIGUOUS_OR_MALFORMED_SOURCE_LAYOUT,FlashReport_March_2026.pdf:p85; Table 6: All Ongoing Projects; sl_no=645,No primary or alternate identifier was recovered in controlled validation; no identity was inferred from project text.
2026-03,FlashReport_March_2026.pdf,94,Table 6: All Ongoing Projects,840,Construction of four lane access controlled highway from Chillakuru cross road to Turpu KanupurPart 1 of Package - II km 0.000 131.500 of NH - 16 to km 23.770 on New NH-516W including sixlane flyover and approaches on NH-16 length km and six lane access controlled from TurpuKanupur to Port South Gate Part 2 of,,Andhra Pradesh,,,,UNRESOLVED,AMBIGUOUS_OR_MALFORMED_SOURCE_LAYOUT,FlashReport_March_2026.pdf:p94; Table 6: All Ongoing Projects; sl_no=840,No primary or alternate identifier was recovered in controlled validation; no identity was inferred from project text.
2026-03,FlashReport_March_2026.pdf,101,Table 6: All Ongoing Projects,954,"4L Elevated Corridor and at-grade improvements from Design Ch0000 to Design Ch 19870 of Danapur Bihta Section, Design Ch0000 to Design Ch0231 connecting the existing RoB near Danapur station ,1.35 Km ramps and at-grade improvements to 4- lane section on Danapur side and Upgradation of existing Two lane carriageway to",,Bihar,,,,UNRESOLVED,AMBIGUOUS_OR_MALFORMED_SOURCE_LAYOUT,FlashReport_March_2026.pdf:p101; Table 6: All Ongoing Projects; sl_no=954,No primary or alternate identifier was recovered in controlled validation; no identity was inferred from project text.
2026-03,FlashReport_March_2026.pdf,102,Table 6: All Ongoing Projects,980,Upgradation of Bilaspur-Takhatpur-Mungeli-Pandariya-Pondi Road on N.H.-130A Package IIIA Takhatpur By-pass from existing Ch. 26.542 to 32.093 [Design Ch. 18.700 to 25.900] & Mungeli By-pass from existing Ch. 45.786 to 56.275 [Design Ch. 29.600 to 51.600] and Package IIIB Pandariya By-Pass from existing Ch. 82.582 to 87.133 [Design Ch. 77.900 to 81.1000 & Pondi By-pass from existing Ch. 103.166 to 104.756 [Design Ch. 97.000 to 103.395] to two lane with paved shoulder configuration,,Chhattisgarh,,,,UNRESOLVED,AMBIGUOUS_OR_MALFORMED_SOURCE_LAYOUT,FlashReport_March_2026.pdf:p102; Table 6: All Ongoing Projects; sl_no=980,No primary or alternate identifier was recovered in controlled validation; no identity was inferred from project text.
2026-03,FlashReport_March_2026.pdf,103,Table 6: All Ongoing Projects,994,Widening of Existing Road from Intermediate Lane 2-lane to 4-lane Between Km 19.994 to Km 35.180 of NH-848A Rakholi-Khadoli-Velugam Section in U.T. of Dadra Dadra & Nagar and Nagar Haveli and Daman and Diu,MoRTH,Haveli and Daman,,,,UNRESOLVED,AMBIGUOUS_OR_MALFORMED_SOURCE_LAYOUT,FlashReport_March_2026.pdf:p103; Table 6: All Ongoing Projects; sl_no=994,No primary or alternate identifier was recovered in controlled validation; no identity was inferred from project text.
2026-03,FlashReport_March_2026.pdf,108,Table 6: All Ongoing Projects,1085,"Construction of 4 lane with paved shoulder from Existing Ch. 14200 to 24320 Design Ch. 14200 to 24400, Ch. 33760 to 42780 Design Ch. 35300 to 44294 & Ch. 43440 to 47020 Design Ch. 44958 to 48500 Delina Flyover including construction of flyover length 1.704 km of total length 22.736 kms in AOR of 760 BRTF on road SRINAGAR Jammu and Kashmir",,"BARAMULA URI NH-01 in the UT of Jammu & Kashmir under project BEACON,",,,,UNRESOLVED,AMBIGUOUS_OR_MALFORMED_SOURCE_LAYOUT,FlashReport_March_2026.pdf:p108; Table 6: All Ongoing Projects; sl_no=1085,No primary or alternate identifier was recovered in controlled validation; no identity was inferred from project text.
2026-03,FlashReport_March_2026.pdf,120,Table 6: All Ongoing Projects,1292,"Rehabilitation, upgradation & widening of existing highway to 2L/4LPS Rigid Pavement of NH 160 section- Phaltan to Mhaishal near Karnataka Border including Tasgaon Bypass, from existing chainage Km 301/430 to Km 458/415 in the State of Maharashtra- Package-II & Package III combined- starting from existing chainage Km",,Maharashtra,,,,UNRESOLVED,AMBIGUOUS_OR_MALFORMED_SOURCE_LAYOUT,FlashReport_March_2026.pdf:p120; Table 6: All Ongoing Projects; sl_no=1292,No primary or alternate identifier was recovered in controlled validation; no identity was inferred from project text.
2026-03,FlashReport_March_2026.pdf,120,Table 6: All Ongoing Projects,1293,"392/950 ending at Vita Village in the State of Maharashtra on EPC Mode. (617978) (-) Rehabilitation, upgradation & widening of existing highway to 2L/4LPS Rigid Pavement of NH 160 section- Phaltan to Mhaisal near Karnataka Border including Tasgaon Bypass, from existing chainage Km 301/430 to Km 458/415 in the State of Maharashtra. Package-I starting from existing chainage Km 301/430 at Phaltan Village Junction of Phaltan Baramati Road Design Chainage -301/430km & ending at existing chainage Km 341/300 Dahiwadi Village Bus Stop Design chainage Km",MoRTH,Maharashtra,,,,PARSER_FAILURE,SOURCE_PRIMARY_TOKEN_NOT_RECOVERED,FlashReport_March_2026.pdf:p120; Table 6: All Ongoing Projects; sl_no=1293,"A numeric parenthetical token remains in extracted source text, but controlled validation did not safely bind it to this serial row."
2026-03,FlashReport_March_2026.pdf,120,Table 6: All Ongoing Projects,1294,"340466km in the S (617979) (-) Rehabilitation/ Upgradation of existing Highway to four lane standards in Kurkheda town from km.413257 to km 410775, Two lane in Shankarpur Gurnuli km 42400 to km 43100 section and Reconstruction of Major Bridge at Ch. 448558 Bhuti Nallah and Ch. 411695 Sati River bridge, Minor Bridge at Ch. 411477 and Ch. 405800 Lendhari",MoRTH,Maharashtra,,,,PARSER_FAILURE,SOURCE_PRIMARY_TOKEN_NOT_RECOVERED,FlashReport_March_2026.pdf:p120; Table 6: All Ongoing Projects; sl_no=1294,"A numeric parenthetical token remains in extracted source text, but controlled validation did not safely bind it to this serial row."
2026-03,FlashReport_March_2026.pdf,120,Table 6: All Ongoing Projects,1295,mode in the State of Maharashtra (618042) Rehabilitation & Up-gradation of Sabalkhed to Ashti Section from Km 37900 to Km 55100 & Chinchpur to Jamkhed Section from km 70000 to km 72922 of NH-561 to Two lane with Paved shoulder/ Four lane configuration in the State of Maharashtra on,MoRTH,Maharashtra,,,,PARSER_FAILURE,SOURCE_PRIMARY_TOKEN_NOT_RECOVERED,FlashReport_March_2026.pdf:p120; Table 6: All Ongoing Projects; sl_no=1295,"A numeric parenthetical token remains in extracted source text, but controlled validation did not safely bind it to this serial row."
2026-03,FlashReport_March_2026.pdf,120,Table 6: All Ongoing Projects,1296,"(618046) Widening, Reconstruction & Up-gradation to 2 lane with Paved Shoulder/Four Lane configuration for the work of Ahmednagar to Sabalkhed & Ashti to Chinchpur Section of NH-561 from Design km 2915 to km 37728 & Design km 55100 to km 70000 in the",MoRTH,Maharashtra,,,,PARSER_FAILURE,SOURCE_PRIMARY_TOKEN_NOT_RECOVERED,FlashReport_March_2026.pdf:p120; Table 6: All Ongoing Projects; sl_no=1296,"A numeric parenthetical token remains in extracted source text, but controlled validation did not safely bind it to this serial row."
2026-03,FlashReport_March_2026.pdf,120,Table 6: All Ongoing Projects,1298,Construction of four-lane Concrete Road from Police Headquarter Gondia City to Rawanwadi Village Birsi Airport Junction from design km 0.000 to km 15.781 existing km 39/720 of NH-753 to existing Km 8/400 of NH 543 on sections from Kohmara- Goregaon- Police HeadquarterKaranja - Collector Office Square - Balaghat T Point-,,Maharashtra,,,,UNRESOLVED,AMBIGUOUS_OR_MALFORMED_SOURCE_LAYOUT,FlashReport_March_2026.pdf:p120; Table 6: All Ongoing Projects; sl_no=1298,No primary or alternate identifier was recovered in controlled validation; no identity was inferred from project text.
2026-03,FlashReport_March_2026.pdf,120,Table 6: All Ongoing Projects,1299,"Maharashtra. Total Length of the project 15.781 Km. (618059) Strengthening, Widening & Up-gradation of newly declared NH-761 from NH- 61Junction-BelheAlkutiDevibhoyareNighojShirur, from Design chainage Km 0.000 to Km 37.970 from Single/Intermediate/2L to 2LPS in the State of Maharashtra on EPC",MoRTH,Maharashtra,,,,PARSER_FAILURE,SOURCE_PRIMARY_TOKEN_NOT_RECOVERED,FlashReport_March_2026.pdf:p120; Table 6: All Ongoing Projects; sl_no=1299,"A numeric parenthetical token remains in extracted source text, but controlled validation did not safely bind it to this serial row."
2026-03,FlashReport_March_2026.pdf,120,Table 6: All Ongoing Projects,1300,"(618061) (-) Rehabilitation/Upgradation of existing Highway to 2LPS/4 lane of Dhawali to Rajoli from Design Km.149476 to 163476 existing Km.150000 to 164000, Pandhasala to Mohadongri from design Km.170476 to 181476 existing Km.171000 to , Ambeshivni Fata to Bodli from design Km.183476 to 185476 existing Km.184000 to 186000 and Made Tukum to Gadchiroli from design Km.188476 to 189476 existing Km.188000 to 18900 having length 28 km of NH-930 of Dhawali to Gadchroli road in",MoRTH,Maharashtra,,,,PARSER_FAILURE,SOURCE_PRIMARY_TOKEN_NOT_RECOVERED,FlashReport_March_2026.pdf:p120; Table 6: All Ongoing Projects; sl_no=1300,"A numeric parenthetical token remains in extracted source text, but controlled validation did not safely bind it to this serial row."
2026-03,FlashReport_March_2026.pdf,121,Table 6: All Ongoing Projects,1315,Rehabilitation and Up-gradation of i. Deogaon phata to Digras phata Ch. 0/000 to 15/000 & Selu to Borgavhan Ch 20/900 to 35/800 [Length 29.9km] ii. Injegaon Dhamoni to Pohner Phata Ch.58/200 to Ch. 83/700 [Length25.5 km] and iii. Pohner phata to Pathri Design Ch. 42/700 to 58/200 [Length 15.5 km] sections of NH-548B to,,Maharashtra,,,,UNRESOLVED,AMBIGUOUS_OR_MALFORMED_SOURCE_LAYOUT,FlashReport_March_2026.pdf:p121; Table 6: All Ongoing Projects; sl_no=1315,No primary or alternate identifier was recovered in controlled validation; no identity was inferred from project text.
2026-03,FlashReport_March_2026.pdf,128,Table 6: All Ongoing Projects,1434,Up-gradation to 2 lane with paved shoutders of Pawlrang - Rulchawm section- of NH- 102B of Aizawl - Imphal Economic Corridor from Existing Chainage km 72.030 to km 104.129 including 2.459 km re-alignment section from Tuivai River to Rulchawm connecting km 48.150 of NH-6 [Design Chainage km 68.170 to km 98.579] in the,,Mizoram,,,,UNRESOLVED,AMBIGUOUS_OR_MALFORMED_SOURCE_LAYOUT,FlashReport_March_2026.pdf:p128; Table 6: All Ongoing Projects; sl_no=1434,No primary or alternate identifier was recovered in controlled validation; no identity was inferred from project text.
2026-03,FlashReport_March_2026.pdf,129,Table 6: All Ongoing Projects,1447,Widening/Improvement to 4-Lane with Paved Shoulder from km 55000 Nagabang Gamsuk to km 82514 Oyan in the State of Assam and Arunachal Pradesh on EPC Multi-States mode under Bharatmala Pariyojna of Length 27.514 Km Package-3,NHIDCL,(Arunachal,,,,UNRESOLVED,AMBIGUOUS_OR_MALFORMED_SOURCE_LAYOUT,FlashReport_March_2026.pdf:p129; Table 6: All Ongoing Projects; sl_no=1447,No primary or alternate identifier was recovered in controlled validation; no identity was inferred from project text.
2026-03,FlashReport_March_2026.pdf,130,Table 6: All Ongoing Projects,1478,(-) Uttarakhand) Delhi-Amritsar-Katra Expressway Phase-II Pkg-XIV from Junction with Pathankot- Gurdaspur road NH-54 near Balsua to Junction with Hiranagar Road near village Multi-States Gurha Baildaran km 423500 to km 468100,National Highways Authority of India [NHAI],(Jammu and,,,,UNRESOLVED,AMBIGUOUS_OR_MALFORMED_SOURCE_LAYOUT,FlashReport_March_2026.pdf:p130; Table 6: All Ongoing Projects; sl_no=1478,No primary or alternate identifier was recovered in controlled validation; no identity was inferred from project text.
2026-03,FlashReport_March_2026.pdf,137,Table 6: All Ongoing Projects,1602,Construction of 2 lane with paved shoulder for the work of Development of remaining sections of NH-325 Balotra to sanderao via Jalore to 2 lane with paved shoulder configuration by Construction of Byasses for town portions1 Asotra- Brahmdham bypass 2Siwana Bypass 3 Mokalsar Bypass 4 Major realignment at Kathadi 5 Major,,Rajasthan,,,,UNRESOLVED,AMBIGUOUS_OR_MALFORMED_SOURCE_LAYOUT,FlashReport_March_2026.pdf:p137; Table 6: All Ongoing Projects; sl_no=1602,No primary or alternate identifier was recovered in controlled validation; no identity was inferred from project text.
2026-03,FlashReport_March_2026.pdf,151,Table 6: All Ongoing Projects,1847,"STABILIZATION OF LAND SLIDE AND SLOPE PROTECTION AT KM 11.00 TO KM 11.08, 29,730 KM TO 30,060 KM, 30,400 KM TO 31,060 KM, 34,750 KM TO 35,300 KM, 38,950 KM TO 39,030 KM & 39,460 KM TO 39,540 KM TWO LOC CLUBBED, KM 40,400 TO KM 40,650, KM 43,500 KM 43,680, 52,460 RISHIKESH - DHARASU",,Uttarakhand,,,,UNRESOLVED,AMBIGUOUS_OR_MALFORMED_SOURCE_LAYOUT,FlashReport_March_2026.pdf:p151; Table 6: All Ongoing Projects; sl_no=1847,No primary or alternate identifier was recovered in controlled validation; no identity was inferred from project text.
2026-03,FlashReport_March_2026.pdf,151,Table 6: All Ongoing Projects,1848,SLIDE - 12 NOS (618212) (-) Rehabilitation and Upgradation of road Rishikesh Dharasu Old NH-94 with 2-lane with paved shoulder from km 76.000 to km 110.000 Design Chainage from km 74.733 to km 107.347 32.614 km including construction of Kamand re-alignment from existing Chainage Km 105.200 to Km 108.600 design chainage Km 103.436 to Km 105.949 - total length 2513 mtrs and land slide treatment work between design chainage Km 73.800 to Km 74.00 200m on EPC mode under improvement to NH connectivity to,MoRTH,Uttarakhand,,,,PARSER_FAILURE,SOURCE_PRIMARY_TOKEN_NOT_RECOVERED,FlashReport_March_2026.pdf:p151; Table 6: All Ongoing Projects; sl_no=1848,"A numeric parenthetical token remains in extracted source text, but controlled validation did not safely bind it to this serial row."
2026-03,FlashReport_March_2026.pdf,151,Table 6: All Ongoing Projects,1849,Chardham in (618213) (-) Rehabilitation and upgradation to 2 lane / 2 lane with paved shoulder configuration for design chainage km 107.347 to km 129.208 & km 133.878 to km 138.570 existing chainage km 110.000 to km 133.020 & km 137.330 to km 142.028 and land slide treatment at existing km 138.500 Design chainage km 134.970 of NH -94 on EPC mode under improvement to NH connectivity to Chardham in the state of Uttarakhand.,MoRTH,Uttarakhand,,,,PARSER_FAILURE,SOURCE_PRIMARY_TOKEN_NOT_RECOVERED,FlashReport_March_2026.pdf:p151; Table 6: All Ongoing Projects; sl_no=1849,"A numeric parenthetical token remains in extracted source text, but controlled validation did not safely bind it to this serial row."
2026-03,FlashReport_March_2026.pdf,152,Table 6: All Ongoing Projects,1863,Construction of additional major Bridge with 4- lane configuration of length 1.48 km on NH-60 NH-14 over River Kangshabati from Km. 117.770 to Km 119.250 and additional major Bridge with 4- lane configuration of length 0.900 km on NH-60 NH- 14 over River Shilabati from Km. 173.220 to Km 174.120 in the district of Paschim,,West Bengal,,,,UNRESOLVED,AMBIGUOUS_OR_MALFORMED_SOURCE_LAYOUT,FlashReport_March_2026.pdf:p152; Table 6: All Ongoing Projects; sl_no=1863,No primary or alternate identifier was recovered in controlled validation; no identity was inferred from project text.
2026-03,FlashReport_March_2026.pdf,154,Table 6: All Ongoing Projects,1883,"Mobile connectivity in Left Wing Extremism [LWE] affected areas-Phase 1 Multi-States Upgradation (Andhra Pradesh, Bihar, (617413) Chhattisgarh, (-) Jharkhand,",Department of Telecommunications [DoT],"Madhya Pradesh,",,,,IDENTIFIER_FOUND,VERIFIED_PARSER_FAILURE_WRAPPED_OR_BOUNDARY_IDENTIFIER,FlashReport_March_2026.pdf:p154; Table 6: All Ongoing Projects; sl_no=1883,Validation extraction recovered source primary code 617413 at the same report/serial address; the baseline value was blank.
2026-03,FlashReport_March_2026.pdf,154,Table 6: All Ongoing Projects,1884,"Maharashtra, Odisha, Telangana, Uttar Pradesh, West Bengal) Mobile connectivity in Left Wing Extremism [LWE] affected areas-Phase2 Multi-States (Andhra Pradesh, (701599) Bihar, (-) Chhattisgarh, Jharkhand,",Department of Telecommunications [DoT],"Madhya Pradesh,",,,,IDENTIFIER_FOUND,VERIFIED_PARSER_FAILURE_WRAPPED_OR_BOUNDARY_IDENTIFIER,FlashReport_March_2026.pdf:p154; Table 6: All Ongoing Projects; sl_no=1884,Validation extraction recovered source primary code 701599 at the same report/serial address; the baseline value was blank.
2026-04,FlashReport_April2026.pdf,66,Table 6: All Ongoing Projects,232,Transmission Network Expansion in Gujarat to increase its ATC from ISTS Part B Multi-States (Dadra & Nagar,400005,Haveli and Daman,,,,UNRESOLVED,AMBIGUOUS_OR_MALFORMED_SOURCE_LAYOUT,FlashReport_April2026.pdf:p66; Table 6: All Ongoing Projects; sl_no=232,No primary or alternate identifier was recovered in controlled validation; no identity was inferred from project text.
2026-04,FlashReport_April2026.pdf,67,Table 6: All Ongoing Projects,257,"Construction of One Tower of Office Complex and another Tower of Residential quarters consisting of 10Nos. Type-V, 10Nos. Type-VI & 1No.Type-VII Quarters i/c internal water supply, sanitary installation and all development and bulk services, Horticulture works on EPC Mode-I basis i/c comprehensive operation and maintenance of Civil, E&M services for 7 years after completion of original construction work for Ranga Reddy, Secunderabad, Medchal, AuditI, Audit-II",,Telangana,,,,UNRESOLVED,AMBIGUOUS_OR_MALFORMED_SOURCE_LAYOUT,FlashReport_April2026.pdf:p67; Table 6: All Ongoing Projects; sl_no=257,No primary or alternate identifier was recovered in controlled validation; no identity was inferred from project text.
2026-04,FlashReport_April2026.pdf,75,Table 6: All Ongoing Projects,418,"(-) Odisha) North East Gas Grid Multi-States (Arunachal (701346) Pradesh, Assam, (2106) Manipur,",N16000539,"Meghalaya,",,,,IDENTIFIER_FOUND,VERIFIED_PARSER_FAILURE_WRAPPED_OR_BOUNDARY_IDENTIFIER,FlashReport_April2026.pdf:p75; Table 6: All Ongoing Projects; sl_no=418,Validation extraction recovered source primary code 701346 at the same report/serial address; the baseline value was blank.
2026-04,FlashReport_April2026.pdf,75,Table 6: All Ongoing Projects,421,"Mumbai Nagpur Jharsuguda Pipeline Project Multi-States (Chhattisgarh,",701354,"Madhya Pradesh,",,,,UNRESOLVED,AMBIGUOUS_OR_MALFORMED_SOURCE_LAYOUT,FlashReport_April2026.pdf:p75; Table 6: All Ongoing Projects; sl_no=421,No primary or alternate identifier was recovered in controlled validation; no identity was inferred from project text.
2026-04,FlashReport_April2026.pdf,87,Table 6: All Ongoing Projects,664,"New Delhi- Howrah Speed Booster[160Kmph] Project Multi-States (Bihar, Delhi,",705794,"Jharkhand, Uttar,",,,,UNRESOLVED,AMBIGUOUS_OR_MALFORMED_SOURCE_LAYOUT,FlashReport_April2026.pdf:p87; Table 6: All Ongoing Projects; sl_no=664,No primary or alternate identifier was recovered in controlled validation; no identity was inferred from project text.
2026-04,FlashReport_April2026.pdf,106,Table 6: All Ongoing Projects,1011,Upgradation of Bilaspur-Takhatpur-Mungeli-Pandariya-Pondi Road on N.H.-130A Package IIIA Takhatpur By-pass from existing Ch. 26.542 to 32.093 [Design Ch. 18.700 to 25.900] & Mungeli By-pass from existing Ch. 45.786 to 56.275 [Design Ch. 29.600 to 51.600] and Package IIIB Pandariya By-Pass from existing Ch. 82.582 to 87.133 [Design Ch. 77.900 to 81.1000 & Pondi By-pass from existing Ch. 103.166 to 104.756 [Design Ch. 97.000 to 103.395] to two lane with paved shoulder configuration,,Chhattisgarh,,,,UNRESOLVED,AMBIGUOUS_OR_MALFORMED_SOURCE_LAYOUT,FlashReport_April2026.pdf:p106; Table 6: All Ongoing Projects; sl_no=1011,No primary or alternate identifier was recovered in controlled validation; no identity was inferred from project text.
2026-04,FlashReport_April2026.pdf,106,Table 6: All Ongoing Projects,1025,Widening of Existing Road from Intermediate Lane 2-lane to 4-lane Between Km 19.994 to Km 35.180 of NH-848A Rakholi-Khadoli-Velugam Section in U.T. of Dadra Dadra & Nagar and Nagar Haveli and Daman and Diu,MoRTH,Haveli and Daman,,,,UNRESOLVED,AMBIGUOUS_OR_MALFORMED_SOURCE_LAYOUT,FlashReport_April2026.pdf:p106; Table 6: All Ongoing Projects; sl_no=1025,No primary or alternate identifier was recovered in controlled validation; no identity was inferred from project text.
2026-04,FlashReport_April2026.pdf,124,Table 6: All Ongoing Projects,1330,"Rehabilitation, upgradation & widening of existing highway to 2L/4LPS Rigid Pavement of NH 160 section- Phaltan to Mhaisal near Karnataka Border including Tasgaon Bypass, from existing chainage Km 301/430 to Km 458/415 in the State of Maharashtra. Package-I starting from existing chainage Km 301/430 at Phaltan Village Junction of Phaltan Baramati Road Design Chainage -301/430km & ending at existing chainage Km 341/300 Dahiwadi Village Bus Stop Design chainage Km",,Maharashtra,,,,UNRESOLVED,AMBIGUOUS_OR_MALFORMED_SOURCE_LAYOUT,FlashReport_April2026.pdf:p124; Table 6: All Ongoing Projects; sl_no=1330,No primary or alternate identifier was recovered in controlled validation; no identity was inferred from project text.
2026-04,FlashReport_April2026.pdf,124,Table 6: All Ongoing Projects,1331,"340466km in the S (617979) (-) (10156) Rehabilitation/ Upgradation of existing Highway to four lane standards in Kurkheda town from km.413257 to km 410775, Two lane in Shankarpur Gurnuli km 42400 to km 43100 section and Reconstruction of Major Bridge at Ch. 448558 Bhuti Nallah and Ch. 411695 Sati River bridge, Minor Bridge at Ch. 411477 and Ch. 405800 Lendhari mode in the State of Maharashtra",MoRTH,Maharashtra,,,,PARSER_FAILURE,SOURCE_PRIMARY_TOKEN_NOT_RECOVERED,FlashReport_April2026.pdf:p124; Table 6: All Ongoing Projects; sl_no=1331,"A numeric parenthetical token remains in extracted source text, but controlled validation did not safely bind it to this serial row."
2026-04,FlashReport_April2026.pdf,124,Table 6: All Ongoing Projects,1337,"Rehabilitation/Upgradation of existing Highway to 2LPS/4 lane of Dhawali to Rajoli from Design Km.149476 to 163476 existing Km.150000 to 164000, Pandhasala to Mohadongri from design Km.170476 to 181476 existing Km.171000 to , Ambeshivni Fata to Bodli from design Km.183476 to 185476 existing Km.184000 to 186000 and Made Tukum to Gadchiroli from design Km.188476 to 189476 existing Km.188000 to 18900 having length 28 km of NH-930 of Dhawali to Gadchroli road in",,Maharashtra,,,,UNRESOLVED,AMBIGUOUS_OR_MALFORMED_SOURCE_LAYOUT,FlashReport_April2026.pdf:p124; Table 6: All Ongoing Projects; sl_no=1337,No primary or alternate identifier was recovered in controlled validation; no identity was inferred from project text.
2026-04,FlashReport_April2026.pdf,133,Table 6: All Ongoing Projects,1483,Widening/Improvement to 4-Lane with Paved Shoulder from km 55000 Nagabang Gamsuk to km 82514 Oyan in the State of Assam and Arunachal Pradesh on EPC Multi-States mode under Bharatmala Pariyojna of Length 27.514 Km Package-3,NHIDCL,(Arunachal,,,,UNRESOLVED,AMBIGUOUS_OR_MALFORMED_SOURCE_LAYOUT,FlashReport_April2026.pdf:p133; Table 6: All Ongoing Projects; sl_no=1483,No primary or alternate identifier was recovered in controlled validation; no identity was inferred from project text.
2026-04,FlashReport_April2026.pdf,135,Table 6: All Ongoing Projects,1514,(-) (12092) Uttarakhand) Delhi-Amritsar-Katra Expressway Phase-II Pkg-XIV from Junction with Pathankot- Gurdaspur road NH-54 near Balsua to Junction with Hiranagar Road near village Multi-States Gurha Baildaran km 423500 to km 468100,National Highways Authority of India [NHAI],(Jammu and,,,,PARSER_FAILURE,SOURCE_PRIMARY_TOKEN_NOT_RECOVERED,FlashReport_April2026.pdf:p135; Table 6: All Ongoing Projects; sl_no=1514,"A numeric parenthetical token remains in extracted source text, but controlled validation did not safely bind it to this serial row."
2026-04,FlashReport_April2026.pdf,157,Table 6: All Ongoing Projects,1889,Rehabilitation and Upgradation of road Rishikesh Dharasu Old NH-94 with 2-lane with paved shoulder from km 76.000 to km 110.000 Design Chainage from km 74.733 to km 107.347 32.614 km including construction of Kamand re-alignment from existing Chainage Km 105.200 to Km 108.600 design chainage Km 103.436 to Km 105.949 - total length 2513 mtrs and land slide treatment work between design chainage Km 73.800 to Km 74.00 200m on EPC mode under improvement to NH connectivity to,,Uttarakhand,,,,UNRESOLVED,AMBIGUOUS_OR_MALFORMED_SOURCE_LAYOUT,FlashReport_April2026.pdf:p157; Table 6: All Ongoing Projects; sl_no=1889,No primary or alternate identifier was recovered in controlled validation; no identity was inferred from project text.
2026-04,FlashReport_April2026.pdf,157,Table 6: All Ongoing Projects,1890,Chardham in (618213) (-) (-) Rehabilitation and upgradation to 2 lane / 2 lane with paved shoulder configuration for design chainage km 107.347 to km 129.208 & km 133.878 to km 138.570 existing chainage km 110.000 to km 133.020 & km 137.330 to km 142.028 and land slide treatment at existing km 138.500 Design chainage km 134.970 of NH -94 on EPC mode under improvement to NH connectivity to Chardham in the state of Uttarakhand.,MoRTH,Uttarakhand,,,,PARSER_FAILURE,SOURCE_PRIMARY_TOKEN_NOT_RECOVERED,FlashReport_April2026.pdf:p157; Table 6: All Ongoing Projects; sl_no=1890,"A numeric parenthetical token remains in extracted source text, but controlled validation did not safely bind it to this serial row."
2026-04,FlashReport_April2026.pdf,159,Table 6: All Ongoing Projects,1924,"Mobile connectivity in Left Wing Extremism [LWE] affected areas-Phase 1 Multi-States Upgradation (Andhra Pradesh, Bihar, (617413) Chhattisgarh, (-) (9761) Jharkhand,",Department of Telecommunications [DoT],"Madhya Pradesh,",,,,IDENTIFIER_FOUND,VERIFIED_PARSER_FAILURE_WRAPPED_OR_BOUNDARY_IDENTIFIER,FlashReport_April2026.pdf:p159; Table 6: All Ongoing Projects; sl_no=1924,Validation extraction recovered source primary code 617413 at the same report/serial address; the baseline value was blank.
2026-04,FlashReport_April2026.pdf,159,Table 6: All Ongoing Projects,1925,"Maharashtra, Odisha, Telangana, Uttar Pradesh, West Bengal) Mobile connectivity in Left Wing Extremism [LWE] affected areas-Phase2 Multi-States (Andhra Pradesh, (701599) Bihar, (-) (3127) Chhattisgarh, Jharkhand,",Department of Telecommunications [DoT],"Madhya Pradesh,",,,,IDENTIFIER_FOUND,VERIFIED_PARSER_FAILURE_WRAPPED_OR_BOUNDARY_IDENTIFIER,FlashReport_April2026.pdf:p159; Table 6: All Ongoing Projects; sl_no=1925,Validation extraction recovered source primary code 701599 at the same report/serial address; the baseline value was blank.
2026-05,FlashReport_May2026.pdf,66,Table 6: All Ongoing Projects,249,"Construction of One Tower of Office Complex and another Tower of Residential quarters consisting of 10Nos. Type-V, 10Nos. Type-VI & 1No.Type-VII Quarters i/c internal water supply, sanitary installation and all development and bulk services, Horticulture works on EPC Mode-I basis i/c comprehensive operation and maintenance of Civil, E&M services for 7 years after completion of original construction work for Ranga Reddy, Secunderabad, Medchal, AuditI, Audit-II",,Telangana,,,,UNRESOLVED,AMBIGUOUS_OR_MALFORMED_SOURCE_LAYOUT,FlashReport_May2026.pdf:p66; Table 6: All Ongoing Projects; sl_no=249,No primary or alternate identifier was recovered in controlled validation; no identity was inferred from project text.
2026-05,FlashReport_May2026.pdf,74,Table 6: All Ongoing Projects,409,"(-) Odisha) North East Gas Grid Multi-States (Arunachal (701346) Pradesh, Assam, (2106) Manipur,",N16000539,"Meghalaya,",,,,IDENTIFIER_FOUND,VERIFIED_PARSER_FAILURE_WRAPPED_OR_BOUNDARY_IDENTIFIER,FlashReport_May2026.pdf:p74; Table 6: All Ongoing Projects; sl_no=409,Validation extraction recovered source primary code 701346 at the same report/serial address; the baseline value was blank.
2026-05,FlashReport_May2026.pdf,86,Table 6: All Ongoing Projects,666,"New Delhi- Howrah Speed Booster[160Kmph] Project Multi-States (Bihar, Delhi,",705794,"Jharkhand, Uttar,",,,,UNRESOLVED,AMBIGUOUS_OR_MALFORMED_SOURCE_LAYOUT,FlashReport_May2026.pdf:p86; Table 6: All Ongoing Projects; sl_no=666,No primary or alternate identifier was recovered in controlled validation; no identity was inferred from project text.
2026-05,FlashReport_May2026.pdf,105,Table 6: All Ongoing Projects,1013,Upgradation of Bilaspur-Takhatpur-Mungeli-Pandariya-Pondi Road on N.H.-130A Package IIIA Takhatpur By-pass from existing Ch. 26.542 to 32.093 [Design Ch. 18.700 to 25.900] & Mungeli By-pass from existing Ch. 45.786 to 56.275 [Design Ch. 29.600 to 51.600] and Package IIIB Pandariya By-Pass from existing Ch. 82.582 to 87.133 [Design Ch. 77.900 to 81.1000 & Pondi By-pass from existing Ch. 103.166 to 104.756 [Design Ch. 97.000 to 103.395] to two lane with paved shoulder configuration,,Chhattisgarh,,,,UNRESOLVED,AMBIGUOUS_OR_MALFORMED_SOURCE_LAYOUT,FlashReport_May2026.pdf:p105; Table 6: All Ongoing Projects; sl_no=1013,No primary or alternate identifier was recovered in controlled validation; no identity was inferred from project text.
2026-05,FlashReport_May2026.pdf,106,Table 6: All Ongoing Projects,1028,Widening of Existing Road from Intermediate Lane 2-lane to 4-lane Between Km 19.994 to Km 35.180 of NH-848A Rakholi-Khadoli-Velugam Section in U.T. of Dadra Dadra & Nagar and Nagar Haveli and Daman and Diu,MoRTH,Haveli and Daman,,,,UNRESOLVED,AMBIGUOUS_OR_MALFORMED_SOURCE_LAYOUT,FlashReport_May2026.pdf:p106; Table 6: All Ongoing Projects; sl_no=1028,No primary or alternate identifier was recovered in controlled validation; no identity was inferred from project text.
2026-05,FlashReport_May2026.pdf,124,Table 6: All Ongoing Projects,1339,"Rehabilitation, upgradation & widening of existing highway to 2L/4LPS Rigid Pavement of NH 160 section- Phaltan to Mhaisal near Karnataka Border including Tasgaon Bypass, from existing chainage Km 301/430 to Km 458/415 in the State of Maharashtra. Package-I starting from existing chainage Km 301/430 at Phaltan Village Junction of Phaltan Baramati Road Design Chainage -301/430km & ending at existing chainage Km 341/300 Dahiwadi Village Bus Stop Design chainage Km",,Maharashtra,,,,UNRESOLVED,AMBIGUOUS_OR_MALFORMED_SOURCE_LAYOUT,FlashReport_May2026.pdf:p124; Table 6: All Ongoing Projects; sl_no=1339,No primary or alternate identifier was recovered in controlled validation; no identity was inferred from project text.
2026-05,FlashReport_May2026.pdf,124,Table 6: All Ongoing Projects,1340,"340466km in the S (617979) (-) (10156) Rehabilitation/ Upgradation of existing Highway to four lane standards in Kurkheda town from km.413257 to km 410775, Two lane in Shankarpur Gurnuli km 42400 to km 43100 section and Reconstruction of Major Bridge at Ch. 448558 Bhuti Nallah and Ch. 411695 Sati River bridge, Minor Bridge at Ch. 411477 and Ch. 405800 Lendhari mode in the State of Maharashtra",MoRTH,Maharashtra,,,,PARSER_FAILURE,SOURCE_PRIMARY_TOKEN_NOT_RECOVERED,FlashReport_May2026.pdf:p124; Table 6: All Ongoing Projects; sl_no=1340,"A numeric parenthetical token remains in extracted source text, but controlled validation did not safely bind it to this serial row."
2026-05,FlashReport_May2026.pdf,124,Table 6: All Ongoing Projects,1346,"Rehabilitation/Upgradation of existing Highway to 2LPS/4 lane of Dhawali to Rajoli from Design Km.149476 to 163476 existing Km.150000 to 164000, Pandhasala to Mohadongri from design Km.170476 to 181476 existing Km.171000 to , Ambeshivni Fata to Bodli from design Km.183476 to 185476 existing Km.184000 to 186000 and Made Tukum to Gadchiroli from design Km.188476 to 189476 existing Km.188000 to 18900 having length 28 km of NH-930 of Dhawali to Gadchroli road in",,Maharashtra,,,,UNRESOLVED,AMBIGUOUS_OR_MALFORMED_SOURCE_LAYOUT,FlashReport_May2026.pdf:p124; Table 6: All Ongoing Projects; sl_no=1346,No primary or alternate identifier was recovered in controlled validation; no identity was inferred from project text.
2026-05,FlashReport_May2026.pdf,133,Table 6: All Ongoing Projects,1493,Widening/Improvement to 4-Lane with Paved Shoulder from km 55000 Nagabang Gamsuk to km 82514 Oyan in the State of Assam and Arunachal Pradesh on EPC Multi-States mode under Bharatmala Pariyojna of Length 27.514 Km Package-3,NHIDCL,(Arunachal,,,,UNRESOLVED,AMBIGUOUS_OR_MALFORMED_SOURCE_LAYOUT,FlashReport_May2026.pdf:p133; Table 6: All Ongoing Projects; sl_no=1493,No primary or alternate identifier was recovered in controlled validation; no identity was inferred from project text.
2026-05,FlashReport_May2026.pdf,135,Table 6: All Ongoing Projects,1525,(-) (12092) Uttarakhand) Delhi-Amritsar-Katra Expressway Phase-II Pkg-XIV from Junction with Pathankot- Gurdaspur road NH-54 near Balsua to Junction with Hiranagar Road near village Multi-States Gurha Baildaran km 423500 to km 468100,National Highways Authority of India [NHAI],(Jammu and,,,,PARSER_FAILURE,SOURCE_PRIMARY_TOKEN_NOT_RECOVERED,FlashReport_May2026.pdf:p135; Table 6: All Ongoing Projects; sl_no=1525,"A numeric parenthetical token remains in extracted source text, but controlled validation did not safely bind it to this serial row."
2026-05,FlashReport_May2026.pdf,157,Table 6: All Ongoing Projects,1903,Rehabilitation and Upgradation of road Rishikesh Dharasu Old NH-94 with 2-lane with paved shoulder from km 76.000 to km 110.000 Design Chainage from km 74.733 to km 107.347 32.614 km including construction of Kamand re-alignment from existing Chainage Km 105.200 to Km 108.600 design chainage Km 103.436 to Km 105.949 - total length 2513 mtrs and land slide treatment work between design chainage Km 73.800 to Km 74.00 200m on EPC mode under improvement to NH connectivity to,,Uttarakhand,,,,UNRESOLVED,AMBIGUOUS_OR_MALFORMED_SOURCE_LAYOUT,FlashReport_May2026.pdf:p157; Table 6: All Ongoing Projects; sl_no=1903,No primary or alternate identifier was recovered in controlled validation; no identity was inferred from project text.
2026-05,FlashReport_May2026.pdf,157,Table 6: All Ongoing Projects,1904,Chardham in (618213) (-) (-) Rehabilitation and upgradation to 2 lane / 2 lane with paved shoulder configuration for design chainage km 107.347 to km 129.208 & km 133.878 to km 138.570 existing chainage km 110.000 to km 133.020 & km 137.330 to km 142.028 and land slide treatment at existing km 138.500 Design chainage km 134.970 of NH -94 on EPC mode under improvement to NH connectivity to Chardham in the state of Uttarakhand.,MoRTH,Uttarakhand,,,,PARSER_FAILURE,SOURCE_PRIMARY_TOKEN_NOT_RECOVERED,FlashReport_May2026.pdf:p157; Table 6: All Ongoing Projects; sl_no=1904,"A numeric parenthetical token remains in extracted source text, but controlled validation did not safely bind it to this serial row."
2026-05,FlashReport_May2026.pdf,159,Table 6: All Ongoing Projects,1938,"Mobile connectivity in Left Wing Extremism [LWE] affected areas-Phase 1 Multi-States Upgradation (Andhra Pradesh, Bihar, (617413) Chhattisgarh, (-) (9761) Jharkhand,",Department of Telecommunications [DoT],"Madhya Pradesh,",,,,IDENTIFIER_FOUND,VERIFIED_PARSER_FAILURE_WRAPPED_OR_BOUNDARY_IDENTIFIER,FlashReport_May2026.pdf:p159; Table 6: All Ongoing Projects; sl_no=1938,Validation extraction recovered source primary code 617413 at the same report/serial address; the baseline value was blank.
2026-05,FlashReport_May2026.pdf,159,Table 6: All Ongoing Projects,1939,"Maharashtra, Odisha, Telangana, Uttar Pradesh, West Bengal) Mobile connectivity in Left Wing Extremism [LWE] affected areas-Phase2 Multi-States (Andhra Pradesh, (701599) Bihar, (-) (3127) Chhattisgarh, Jharkhand,",Department of Telecommunications [DoT],"Madhya Pradesh,",,,,IDENTIFIER_FOUND,VERIFIED_PARSER_FAILURE_WRAPPED_OR_BOUNDARY_IDENTIFIER,FlashReport_May2026.pdf:p159; Table 6: All Ongoing Projects; sl_no=1939,Validation extraction recovered source primary code 701599 at the same report/serial address; the baseline value was blank.
2026-06,FlashReport_June_2026.pdf,71,Table 6: All Ongoing Projects,245,"Construction of One Tower of Office Complex and another Tower of Residential quarters consisting of 10Nos. Type-V, 10Nos. Type-VI & 1No.Type-VII Quarters i/c internal water supply, sanitary installation and all development and bulk services, Horticulture works on EPC Mode-I basis i/c comprehensive operation and maintenance of Civil, E&M services for 7 years after completion of original construction work for Ranga Reddy, Secunderabad, Medchal, AuditI, Audit-II",,Telangana,,,,UNRESOLVED,AMBIGUOUS_OR_MALFORMED_SOURCE_LAYOUT,FlashReport_June_2026.pdf:p71; Table 6: All Ongoing Projects; sl_no=245,No primary or alternate identifier was recovered in controlled validation; no identity was inferred from project text.
2026-06,FlashReport_June_2026.pdf,78,Table 6: All Ongoing Projects,401,"(-) (-) Odisha) North East Gas Grid Multi-States (Arunachal (701346) Pradesh, Assam, (-) (-) Manipur,",Ministry of Petroleum & Natural Gas,"Meghalaya,",,,,IDENTIFIER_FOUND,VERIFIED_PARSER_FAILURE_WRAPPED_OR_BOUNDARY_IDENTIFIER,FlashReport_June_2026.pdf:p78; Table 6: All Ongoing Projects; sl_no=401,Validation extraction recovered source primary code 701346 at the same report/serial address; the baseline value was blank.
2026-06,FlashReport_June_2026.pdf,90,Table 6: All Ongoing Projects,653,"New Delhi- Howrah Speed Booster[160Kmph] Project Multi-States (Bihar, Delhi,",705794,"Jharkhand, Uttar,",,,,UNRESOLVED,AMBIGUOUS_OR_MALFORMED_SOURCE_LAYOUT,FlashReport_June_2026.pdf:p90; Table 6: All Ongoing Projects; sl_no=653,No primary or alternate identifier was recovered in controlled validation; no identity was inferred from project text.
2026-06,FlashReport_June_2026.pdf,108,Table 6: All Ongoing Projects,966,Upgradation of Bilaspur-Takhatpur-Mungeli-Pandariya-Pondi Road on N.H.-130A Package IIIA Takhatpur By-pass from existing Ch. 26.542 to 32.093 [Design Ch. 18.700 to 25.900] & Mungeli By-pass from existing Ch. 45.786 to 56.275 [Design Ch. 29.600 to 51.600] and Package IIIB Pandariya By-Pass from existing Ch. 82.582 to 87.133 [Design Ch. 77.900 to 81.1000 & Pondi By-pass from existing Ch. 103.166 to 104.756 [Design Ch. 97.000 to 103.395] to two lane with paved shoulder configuration,,Chhattisgarh,,,,UNRESOLVED,AMBIGUOUS_OR_MALFORMED_SOURCE_LAYOUT,FlashReport_June_2026.pdf:p108; Table 6: All Ongoing Projects; sl_no=966,No primary or alternate identifier was recovered in controlled validation; no identity was inferred from project text.
2026-06,FlashReport_June_2026.pdf,108,Table 6: All Ongoing Projects,980,Widening of Existing Road from Intermediate Lane 2-lane to 4-lane Between Km 19.994 to Km 35.180 of NH-848A Rakholi-Khadoli-Velugam Section in U.T. of Dadra Dadra & Nagar and Nagar Haveli and Daman and Diu,MoRTH,Haveli and Daman,,,,UNRESOLVED,AMBIGUOUS_OR_MALFORMED_SOURCE_LAYOUT,FlashReport_June_2026.pdf:p108; Table 6: All Ongoing Projects; sl_no=980,No primary or alternate identifier was recovered in controlled validation; no identity was inferred from project text.
2026-06,FlashReport_June_2026.pdf,125,Table 6: All Ongoing Projects,1262,"Rehabilitation, upgradation & widening of existing highway to 2L/4LPS Rigid Pavement of NH 160 section- Phaltan to Mhaisal near Karnataka Border including Tasgaon Bypass, from existing chainage Km 301/430 to Km 458/415 in the State of Maharashtra. Package-I starting from existing chainage Km 301/430 at Phaltan Village Junction of Phaltan Baramati Road Design Chainage -301/430km & ending at existing chainage Km 341/300 Dahiwadi Village Bus Stop Design chainage Km",,Maharashtra,,,,UNRESOLVED,AMBIGUOUS_OR_MALFORMED_SOURCE_LAYOUT,FlashReport_June_2026.pdf:p125; Table 6: All Ongoing Projects; sl_no=1262,No primary or alternate identifier was recovered in controlled validation; no identity was inferred from project text.
2026-06,FlashReport_June_2026.pdf,125,Table 6: All Ongoing Projects,1263,"340466km in the S (617979) (-) (-) Rehabilitation/ Upgradation of existing Highway to four lane standards in Kurkheda town from km.413257 to km 410775, Two lane in Shankarpur Gurnuli km 42400 to km 43100 section and Reconstruction of Major Bridge at Ch. 448558 Bhuti Nallah and Ch. 411695 Sati River bridge, Minor Bridge at Ch. 411477 and Ch. 405800 Lendhari mode in the State of Maharashtra",MoRTH,Maharashtra,,,,PARSER_FAILURE,SOURCE_PRIMARY_TOKEN_NOT_RECOVERED,FlashReport_June_2026.pdf:p125; Table 6: All Ongoing Projects; sl_no=1263,"A numeric parenthetical token remains in extracted source text, but controlled validation did not safely bind it to this serial row."
2026-06,FlashReport_June_2026.pdf,125,Table 6: All Ongoing Projects,1268,"Rehabilitation/Upgradation of existing Highway to 2LPS/4 lane of Dhawali to Rajoli from Design Km.149476 to 163476 existing Km.150000 to 164000, Pandhasala to Mohadongri from design Km.170476 to 181476 existing Km.171000 to , Ambeshivni Fata to Bodli from design Km.183476 to 185476 existing Km.184000 to 186000 and Made Tukum to Gadchiroli from design Km.188476 to 189476 existing Km.188000 to 18900 having length 28 km of NH-930 of Dhawali to Gadchroli road in",,Maharashtra,,,,UNRESOLVED,AMBIGUOUS_OR_MALFORMED_SOURCE_LAYOUT,FlashReport_June_2026.pdf:p125; Table 6: All Ongoing Projects; sl_no=1268,No primary or alternate identifier was recovered in controlled validation; no identity was inferred from project text.
2026-06,FlashReport_June_2026.pdf,134,Table 6: All Ongoing Projects,1404,Widening/Improvement to 4-Lane with Paved Shoulder from km 55000 Nagabang Gamsuk to km 82514 Oyan in the State of Assam and Arunachal Pradesh on EPC Multi-States mode under Bharatmala Pariyojna of Length 27.514 Km Package-3,NHIDCL,(Arunachal,,,,UNRESOLVED,AMBIGUOUS_OR_MALFORMED_SOURCE_LAYOUT,FlashReport_June_2026.pdf:p134; Table 6: All Ongoing Projects; sl_no=1404,No primary or alternate identifier was recovered in controlled validation; no identity was inferred from project text.
2026-06,FlashReport_June_2026.pdf,135,Table 6: All Ongoing Projects,1431,(-) (-) Uttarakhand) Delhi-Amritsar-Katra Expressway Phase-II Pkg-XIV from Junction with Pathankot- Gurdaspur road NH-54 near Balsua to Junction with Hiranagar Road near village Multi-States Gurha Baildaran km 423500 to km 468100,NHAI,(Jammu and,,,,UNRESOLVED,AMBIGUOUS_OR_MALFORMED_SOURCE_LAYOUT,FlashReport_June_2026.pdf:p135; Table 6: All Ongoing Projects; sl_no=1431,No primary or alternate identifier was recovered in controlled validation; no identity was inferred from project text.
2026-06,FlashReport_June_2026.pdf,155,Table 6: All Ongoing Projects,1760,Rehabilitation and Upgradation of road Rishikesh Dharasu Old NH-94 with 2-lane with paved shoulder from km 76.000 to km 110.000 Design Chainage from km 74.733 to km 107.347 32.614 km including construction of Kamand re-alignment from existing Chainage Km 105.200 to Km 108.600 design chainage Km 103.436 to Km 105.949 - total length 2513 mtrs and land slide treatment work between design chainage Km 73.800 to Km 74.00 200m on EPC mode under improvement to NH connectivity to,,Uttarakhand,,,,UNRESOLVED,AMBIGUOUS_OR_MALFORMED_SOURCE_LAYOUT,FlashReport_June_2026.pdf:p155; Table 6: All Ongoing Projects; sl_no=1760,No primary or alternate identifier was recovered in controlled validation; no identity was inferred from project text.
2026-06,FlashReport_June_2026.pdf,155,Table 6: All Ongoing Projects,1761,Chardham in (618213) (-) (-) Rehabilitation and upgradation to 2 lane / 2 lane with paved shoulder configuration for design chainage km 107.347 to km 129.208 & km 133.878 to km 138.570 existing chainage km 110.000 to km 133.020 & km 137.330 to km 142.028 and land slide treatment at existing km 138.500 Design chainage km 134.970 of NH -94 on EPC mode under improvement to NH connectivity to Chardham in the state of Uttarakhand.,MoRTH,Uttarakhand,,,,PARSER_FAILURE,SOURCE_PRIMARY_TOKEN_NOT_RECOVERED,FlashReport_June_2026.pdf:p155; Table 6: All Ongoing Projects; sl_no=1761,"A numeric parenthetical token remains in extracted source text, but controlled validation did not safely bind it to this serial row."
2026-06,FlashReport_June_2026.pdf,157,Table 6: All Ongoing Projects,1795,"Mobile connectivity in Left Wing Extremism [LWE] affected areas-Phase 1 Multi-States Upgradation (Andhra Pradesh, Bihar, (617413) Chhattisgarh, (-) (-) Jharkhand,",Department of Telecommunications [DoT],"Madhya Pradesh,",,,,IDENTIFIER_FOUND,VERIFIED_PARSER_FAILURE_WRAPPED_OR_BOUNDARY_IDENTIFIER,FlashReport_June_2026.pdf:p157; Table 6: All Ongoing Projects; sl_no=1795,Validation extraction recovered source primary code 617413 at the same report/serial address; the baseline value was blank.
2026-06,FlashReport_June_2026.pdf,157,Table 6: All Ongoing Projects,1796,"Maharashtra, Odisha, Telangana, Uttar Pradesh, West Bengal) Mobile connectivity in Left Wing Extremism [LWE] affected areas-Phase2 Multi-States (Andhra Pradesh, (701599) Bihar, (-) (-) Chhattisgarh, Jharkhand,",Department of Telecommunications [DoT],"Madhya Pradesh,",,,,IDENTIFIER_FOUND,VERIFIED_PARSER_FAILURE_WRAPPED_OR_BOUNDARY_IDENTIFIER,FlashReport_June_2026.pdf:p157; Table 6: All Ongoing Projects; sl_no=1796,Validation extraction recovered source primary code 701599 at the same report/serial address; the baseline value was blank.
2026-07,FlashReport_July_2026-1.pdf,85,Table 6: All Ongoing Projects,634,Mumbai-Ahmedabad High Speed Rail Project- 508 km Multi-States (Dadra & Nagar,705728,Haveli and Daman,,,,UNRESOLVED,AMBIGUOUS_OR_MALFORMED_SOURCE_LAYOUT,FlashReport_July_2026-1.pdf:p85; Table 6: All Ongoing Projects; sl_no=634,No primary or alternate identifier was recovered in controlled validation; no identity was inferred from project text.
2026-07,FlashReport_July_2026-1.pdf,85,Table 6: All Ongoing Projects,636,"(-) (-) Rajasthan) Western Dedicated Freight Corridor Multi-States (Gujarat, Haryana,",705237,"Maharashtra,",,,,UNRESOLVED,AMBIGUOUS_OR_MALFORMED_SOURCE_LAYOUT,FlashReport_July_2026-1.pdf:p85; Table 6: All Ongoing Projects; sl_no=636,No primary or alternate identifier was recovered in controlled validation; no identity was inferred from project text.
2026-07,FlashReport_July_2026-1.pdf,100,Table 6: All Ongoing Projects,897,Upgradation of Bilaspur-Takhatpur-Mungeli-Pandariya-Pondi Road on N.H.-130A Package IIIA Takhatpur By-pass from existing Ch. 26.542 to 32.093 [Design Ch. 18.700 to 25.900] & Mungeli By-pass from existing Ch. 45.786 to 56.275 [Design Ch. 29.600 to 51.600] and Package IIIB Pandariya By-Pass from existing Ch. 82.582 to 87.133 [Design Ch. 77.900 to 81.1000 & Pondi By-pass from existing Ch. 103.166 to 104.756 [Design Ch. 97.000 to 103.395] to two lane with paved shoulder configuration,,Chhattisgarh,,,,UNRESOLVED,AMBIGUOUS_OR_MALFORMED_SOURCE_LAYOUT,FlashReport_July_2026-1.pdf:p100; Table 6: All Ongoing Projects; sl_no=897,No primary or alternate identifier was recovered in controlled validation; no identity was inferred from project text.
2026-07,FlashReport_July_2026-1.pdf,101,Table 6: All Ongoing Projects,911,Widening of Existing Road from Intermediate Lane 2-lane to 4-lane Between Km 19.994 to Km 35.180 of NH-848A Rakholi-Khadoli-Velugam Section in U.T. of Dadra Dadra & Nagar and Nagar Haveli and Daman and Diu,MoRTH,Haveli and Daman,,,,UNRESOLVED,AMBIGUOUS_OR_MALFORMED_SOURCE_LAYOUT,FlashReport_July_2026-1.pdf:p101; Table 6: All Ongoing Projects; sl_no=911,No primary or alternate identifier was recovered in controlled validation; no identity was inferred from project text.
2026-07,FlashReport_July_2026-1.pdf,117,Table 6: All Ongoing Projects,1188,"Rehabilitation, upgradation & widening of existing highway to 2L/4LPS Rigid Pavement of NH 160 section- Phaltan to Mhaisal near Karnataka Border including Tasgaon Bypass, from existing chainage Km 301/430 to Km 458/415 in the State of Maharashtra. Package-I starting from existing chainage Km 301/430 at Phaltan Village Junction of Phaltan Baramati Road Design Chainage -301/430km & ending at existing chainage Km 341/300 Dahiwadi Village Bus Stop Design chainage Km",,Maharashtra,,,,UNRESOLVED,AMBIGUOUS_OR_MALFORMED_SOURCE_LAYOUT,FlashReport_July_2026-1.pdf:p117; Table 6: All Ongoing Projects; sl_no=1188,No primary or alternate identifier was recovered in controlled validation; no identity was inferred from project text.
2026-07,FlashReport_July_2026-1.pdf,117,Table 6: All Ongoing Projects,1189,"340466km in the S (617979) (-) (-) Rehabilitation/ Upgradation of existing Highway to four lane standards in Kurkheda town from km.413257 to km 410775, Two lane in Shankarpur Gurnuli km 42400 to km 43100 section and Reconstruction of Major Bridge at Ch. 448558 Bhuti Nallah and Ch. 411695 Sati River bridge, Minor Bridge at Ch. 411477 and Ch. 405800 Lendhari mode in the State of Maharashtra",MoRTH,Maharashtra,,,,PARSER_FAILURE,SOURCE_PRIMARY_TOKEN_NOT_RECOVERED,FlashReport_July_2026-1.pdf:p117; Table 6: All Ongoing Projects; sl_no=1189,"A numeric parenthetical token remains in extracted source text, but controlled validation did not safely bind it to this serial row."
2026-07,FlashReport_July_2026-1.pdf,118,Table 6: All Ongoing Projects,1194,"Rehabilitation/Upgradation of existing Highway to 2LPS/4 lane of Dhawali to Rajoli from Design Km.149476 to 163476 existing Km.150000 to 164000, Pandhasala to Mohadongri from design Km.170476 to 181476 existing Km.171000 to , Ambeshivni Fata to Bodli from design Km.183476 to 185476 existing Km.184000 to 186000 and Made Tukum to Gadchiroli from design Km.188476 to 189476 existing Km.188000 to 18900 having length 28 km of NH-930 of Dhawali to Gadchroli road in",,Maharashtra,,,,UNRESOLVED,AMBIGUOUS_OR_MALFORMED_SOURCE_LAYOUT,FlashReport_July_2026-1.pdf:p118; Table 6: All Ongoing Projects; sl_no=1194,No primary or alternate identifier was recovered in controlled validation; no identity was inferred from project text.
2026-07,FlashReport_July_2026-1.pdf,126,Table 6: All Ongoing Projects,1329,Widening/Improvement to 4-Lane with Paved Shoulder from km 55000 Nagabang Gamsuk to km 82514 Oyan in the State of Assam and Arunachal Pradesh on EPC Multi-States mode under Bharatmala Pariyojna of Length 27.514 Km Package-3,NHIDCL,(Arunachal,,,,UNRESOLVED,AMBIGUOUS_OR_MALFORMED_SOURCE_LAYOUT,FlashReport_July_2026-1.pdf:p126; Table 6: All Ongoing Projects; sl_no=1329,No primary or alternate identifier was recovered in controlled validation; no identity was inferred from project text.
2026-07,FlashReport_July_2026-1.pdf,127,Table 6: All Ongoing Projects,1354,"Pradesh, Punjab) (-) (-) Delhi-Amritsar-Katra Expressway Phase-II Pkg-XIV from Junction with Pathankot- Gurdaspur road NH-54 near Balsua to Junction with Hiranagar Road near village Multi-States Gurha Baildaran km 423500 to km 468100",NHAI,(Jammu and,,,,UNRESOLVED,AMBIGUOUS_OR_MALFORMED_SOURCE_LAYOUT,FlashReport_July_2026-1.pdf:p127; Table 6: All Ongoing Projects; sl_no=1354,No primary or alternate identifier was recovered in controlled validation; no identity was inferred from project text.
2026-07,FlashReport_July_2026-1.pdf,146,Table 6: All Ongoing Projects,1674,Rehabilitation and Upgradation of road Rishikesh Dharasu Old NH-94 with 2-lane with paved shoulder from km 76.000 to km 110.000 Design Chainage from km 74.733 to km 107.347 32.614 km including construction of Kamand re-alignment from existing Chainage Km 105.200 to Km 108.600 design chainage Km 103.436 to Km 105.949 - total length 2513 mtrs and land slide treatment work between design chainage Km 73.800 to Km 74.00 200m on EPC mode under improvement to NH connectivity to,,Uttarakhand,,,,UNRESOLVED,AMBIGUOUS_OR_MALFORMED_SOURCE_LAYOUT,FlashReport_July_2026-1.pdf:p146; Table 6: All Ongoing Projects; sl_no=1674,No primary or alternate identifier was recovered in controlled validation; no identity was inferred from project text.
2026-07,FlashReport_July_2026-1.pdf,147,Table 6: All Ongoing Projects,1675,Chardham in (618213) (-) (-) Rehabilitation and upgradation to 2 lane / 2 lane with paved shoulder configuration for design chainage km 107.347 to km 129.208 & km 133.878 to km 138.570 existing chainage km 110.000 to km 133.020 & km 137.330 to km 142.028 and land slide treatment at existing km 138.500 Design chainage km 134.970 of NH -94 on EPC mode under improvement to NH connectivity to Chardham in the state of Uttarakhand.,MoRTH,Uttarakhand,,,,PARSER_FAILURE,SOURCE_PRIMARY_TOKEN_NOT_RECOVERED,FlashReport_July_2026-1.pdf:p147; Table 6: All Ongoing Projects; sl_no=1675,"A numeric parenthetical token remains in extracted source text, but controlled validation did not safely bind it to this serial row."
2026-07,FlashReport_July_2026-1.pdf,149,Table 6: All Ongoing Projects,1709,"Mobile connectivity in Left Wing Extremism [LWE] affected areas-Phase 1 Multi-States Upgradation (Andhra Pradesh, Bihar, (617413) Chhattisgarh, (-) (-) Jharkhand,",Department of Telecommunications [DoT],"Madhya Pradesh,",,,,IDENTIFIER_FOUND,VERIFIED_PARSER_FAILURE_WRAPPED_OR_BOUNDARY_IDENTIFIER,FlashReport_July_2026-1.pdf:p149; Table 6: All Ongoing Projects; sl_no=1709,Validation extraction recovered source primary code 617413 at the same report/serial address; the baseline value was blank.
2026-07,FlashReport_July_2026-1.pdf,149,Table 6: All Ongoing Projects,1710,"Maharashtra, Odisha, Telangana, Uttar Pradesh, West Bengal) Mobile connectivity in Left Wing Extremism [LWE] affected areas-Phase2 Multi-States (Andhra Pradesh, (701599) Bihar, (-) (-) Chhattisgarh, Jharkhand,",Department of Telecommunications [DoT],"Madhya Pradesh,",,,,IDENTIFIER_FOUND,VERIFIED_PARSER_FAILURE_WRAPPED_OR_BOUNDARY_IDENTIFIER,FlashReport_July_2026-1.pdf:p149; Table 6: All Ongoing Projects; sl_no=1710,Validation extraction recovered source primary code 701599 at the same report/serial address; the baseline value was blank.
