project_code,identity_key,project_name,prediction_month,cutoff_target,future_target,target_change_month,shift_months,original_end_date,revised_end_date,december_2025_target,january_2026_target,february_2026_target,previous_report_target,march_2026_target,april_2026_target,next_report_target,source_file,source_page,source_section,label_value,sampled_for_source_review,source_months_verified,review_status,notes
611047,P:611047,"Construction of NTB complex including apron, taxi track and other associated civil works and electrical & mechanical installations towards Tawi River side at CA Jammu. Jammu and Kashmir",2026-02,06/2026,11/2026,2026-03,5,06/2026,11/2026,06/2026,06/2026,06/2026,06/2026,11/2026,11/2026,11/2026,FlashReport_March_2026.pdf,55,Table 6: All Ongoing Projects,1,True,2025-12;2026-01;2026-02;2026-03;2026-04,SOURCE_VERIFIED,2025-12:FlashReport_December_2025.pdf:p50=06/2026; 2026-01:FlashReport_January_2026.pdf:p62=06/2026; 2026-02:FlashReport_February_2026.pdf:p65=06/2026; 2026-03:FlashReport_March_2026.pdf:p55=11/2026; 2026-04:FlashReport_April2026.pdf:p55=11/2026
612789,P:612789,"Development of additional RESA on either end on Runway 10-28 at Calicut Airport. Construction of embankment with slope protection, drainage system and associated works for additional RESA on either end on Runway 10-28",2026-02,06/2026,12/2026,2026-03,6,09/2025,12/2026,06/2026,06/2026,06/2026,06/2026,12/2026,12/2026,12/2026,FlashReport_March_2026.pdf,55,Table 6: All Ongoing Projects,1,False,,NOT_SAMPLED,March revised completion target is later than the latest prior observed revised target.
701121,P:701121,Construction of New Domestic Terminal Building at Rajahmundry Airport.,2026-02,03/2026,04/2026,2026-03,1,08/2025,04/2026,03/2026,03/2026,03/2026,03/2026,04/2026,06/2026,06/2026,FlashReport_March_2026.pdf,55,Table 6: All Ongoing Projects,1,False,,NOT_SAMPLED,March revised completion target is later than the latest prior observed revised target.
701127,P:701127,Construction of New Passenger Terminal Building for Domestic Operations at Jodhpur Airport.,2026-02,03/2026,04/2026,2026-03,1,03/2026,04/2026,01/2026,01/2026,03/2026,03/2026,04/2026,04/2026,04/2026,FlashReport_March_2026.pdf,55,Table 6: All Ongoing Projects,1,False,,NOT_SAMPLED,March revised completion target is later than the latest prior observed revised target.
706724,P:706724,Guwahati Airport New Integrated Terminal Building Construction Project,2026-02,03/2026,06/2026,2026-03,3,03/2025,06/2026,03/2026,03/2026,03/2026,03/2026,06/2026,06/2026,06/2026,FlashReport_March_2026.pdf,55,Table 6: All Ongoing Projects,1,False,,NOT_SAMPLED,March revised completion target is later than the latest prior observed revised target.
613800,P:613800,JAGANNATHPUR OC RCE PROJECT,2026-02,03/2026,03/2027,2026-03,12,03/2025,03/2027,03/2026,03/2026,03/2026,03/2026,03/2027,03/2027,03/2027,FlashReport_March_2026.pdf,56,Table 6: All Ongoing Projects,1,False,,NOT_SAMPLED,March revised completion target is later than the latest prior observed revised target.
611016,P:611016,2.0 MTPA BHOJUDIH NLW WASHERY,2026-02,03/2026,04/2026,2026-03,1,09/2020,04/2026,12/2025,02/2026,03/2026,03/2026,04/2026,05/2026,05/2026,FlashReport_March_2026.pdf,61,Table 6: All Ongoing Projects,1,False,,NOT_SAMPLED,March revised completion target is later than the latest prior observed revised target.
602579,P:602579,Buxar Thermal Power Project [1320 MW],2026-02,12/2025,05/2026,2026-03,5,01/2024,05/2026,12/2025,12/2025,12/2025,12/2025,05/2026,05/2026,05/2026,FlashReport_March_2026.pdf,62,Table 6: All Ongoing Projects,1,False,,NOT_SAMPLED,March revised completion target is later than the latest prior observed revised target.
611967,P:611967,Transmission Scheme for Solar Energy Zone in Ananthpuram 2500MW and Kurnool 1000MW,2026-02,03/2026,04/2026,2026-03,1,09/2025,04/2026,03/2026,03/2026,03/2026,03/2026,04/2026,05/2026,05/2026,FlashReport_March_2026.pdf,63,Table 6: All Ongoing Projects,1,False,,NOT_SAMPLED,March revised completion target is later than the latest prior observed revised target.
612151,P:612151,Transmission System for Evacuation of Power from potential Renewable Energy zone in Khavda Area of Gujarat under Phase IV [7 GW] Part E3,2026-02,03/2026,04/2026,2026-03,1,07/2025,04/2026,03/2026,03/2026,03/2026,03/2026,04/2026,,,FlashReport_March_2026.pdf,63,Table 6: All Ongoing Projects,1,False,,NOT_SAMPLED,March revised completion target is later than the latest prior observed revised target.
615345,P:615345,Transmission System for Evacuation of Power from Potential Renewable Energy Zone in Khavda area of Gujarat under Phase-IV [7GW] Part B [SPV Name POWERGRID South Olpad Transmission Limited],2026-02,03/2027,10/2027,2026-03,7,10/2026,10/2027,03/2027,03/2027,03/2027,03/2027,10/2027,10/2027,10/2027,FlashReport_March_2026.pdf,63,Table 6: All Ongoing Projects,1,False,,NOT_SAMPLED,March revised completion target is later than the latest prior observed revised target.
617391,P:617391,Augmentation of Transformation Capacity at Bhuj-II PS [GIS],2026-02,03/2027,06/2027,2026-03,3,11/2026,06/2027,03/2027,03/2027,03/2027,03/2027,06/2027,06/2027,06/2027,FlashReport_March_2026.pdf,63,Table 6: All Ongoing Projects,1,False,,NOT_SAMPLED,March revised completion target is later than the latest prior observed revised target.
617801,P:617801,Provision of ICT Augmentation & Bus Reactor at Bhuj-II PS,2026-02,03/2027,06/2027,2026-03,3,12/2026,06/2027,03/2027,03/2027,03/2027,03/2027,06/2027,06/2027,06/2027,FlashReport_March_2026.pdf,63,Table 6: All Ongoing Projects,1,False,,NOT_SAMPLED,March revised completion target is later than the latest prior observed revised target.
611966,P:611966,Transmission System for Evacuation of power from Potential RE Zone in Khavda Area of Gujarat under phase IV 7GW-Part E4,2026-02,03/2026,04/2026,2026-03,1,07/2025,04/2026,03/2026,03/2026,03/2026,03/2026,04/2026,04/2026,04/2026,FlashReport_March_2026.pdf,64,Table 6: All Ongoing Projects,1,False,,NOT_SAMPLED,March revised completion target is later than the latest prior observed revised target.
612140,P:612140,Transmission Scheme for Integration of Renewable Energy Zone [Phase II] in Koppal II [Phase A&B] and gadag II[Phase A] in Karnataka [POWERGRID KOPPAL GADAG TRANSMISSION LIMITED],2026-02,06/2026,09/2026,2026-03,3,12/2025,09/2026,06/2026,06/2026,06/2026,06/2026,09/2026,09/2026,09/2026,FlashReport_March_2026.pdf,64,Table 6: All Ongoing Projects,1,False,,NOT_SAMPLED,March revised completion target is later than the latest prior observed revised target.
615344,P:615344,Transmission System for Evacuation of Power from Rajasthan REZ Ph-IV [Part-2 5.5GW] [Jaisalmer/Barmer Complex] Part H1 [POWERGRID KURAWAR TRANSMISSION LIMITED],2026-02,03/2027,06/2027,2026-03,3,10/2026,06/2027,03/2027,03/2027,03/2027,03/2027,06/2027,06/2027,06/2027,FlashReport_March_2026.pdf,64,Table 6: All Ongoing Projects,1,True,2025-12;2026-01;2026-02;2026-03;2026-04,SOURCE_VERIFIED,2025-12:FlashReport_December_2025.pdf:p57=03/2027; 2026-01:FlashReport_January_2026.pdf:p69=03/2027; 2026-02:FlashReport_February_2026.pdf:p74=03/2027; 2026-03:FlashReport_March_2026.pdf:p64=06/2027; 2026-04:FlashReport_April2026.pdf:p65=06/2027
615346,P:615346,Transmission System for Evacuation of Power from Rajasthan REZ Ph-IV [Part-2 5. GW] [Jaisalmer/Barmer Complex] Part C [SPV Name POWERGRID Mandsaur Transmission Limited],2026-02,12/2026,02/2027,2026-03,2,08/2026,02/2027,12/2026,12/2026,12/2026,12/2026,02/2027,02/2027,02/2027,FlashReport_March_2026.pdf,64,Table 6: All Ongoing Projects,1,False,,NOT_SAMPLED,March revised completion target is later than the latest prior observed revised target.
617179,P:617179,Transmission Scheme for evacuation of Power from Ratle HEP [850 MW] & kiru [624 MW] Part B Jammu and Kashmir,2026-02,03/2027,06/2027,2026-03,3,07/2026,06/2027,03/2027,03/2027,03/2027,03/2027,06/2027,06/2027,06/2027,FlashReport_March_2026.pdf,64,Table 6: All Ongoing Projects,1,False,,NOT_SAMPLED,March revised completion target is later than the latest prior observed revised target.
619029,P:619029,Transmission System for Reliable Power Supply to Dholera,2026-02,09/2026,12/2026,2026-03,3,03/2026,12/2026,,03/2026,09/2026,09/2026,12/2026,12/2026,12/2026,FlashReport_March_2026.pdf,64,Table 6: All Ongoing Projects,1,False,,NOT_SAMPLED,March revised completion target is later than the latest prior observed revised target.
607709,P:607709,"NORTH EASTERN REGION POWER SYSTEM IMPROVEMENT PROJECT Multi-States [NERPSIP] (Assam, Manipur,",2026-02,03/2026,03/2027,2026-03,12,12/2018,03/2027,03/2026,03/2026,03/2026,03/2026,03/2027,03/2027,03/2027,FlashReport_March_2026.pdf,65,Table 6: All Ongoing Projects,1,False,,NOT_SAMPLED,March revised completion target is later than the latest prior observed revised target.
611735,P:611735,"& Diu, Gujarat, Maharashtra) Transmission system for evacuation of power from REZ in Rajasthan 20GW under Phase-III Part J Multi-States (Delhi, Rajasthan)",2026-02,07/2026,12/2026,2026-03,5,03/2025,12/2026,07/2026,07/2026,07/2026,07/2026,12/2026,12/2026,12/2026,FlashReport_March_2026.pdf,65,Table 6: All Ongoing Projects,1,False,,NOT_SAMPLED,March revised completion target is later than the latest prior observed revised target.
612132,P:612132,"Transmission Scheme for Evacuation of power from REZ in Rajasthan [20 GW] under Phase-III Part D Phase I [Sikar Khetri Transmission Ltd] Multi-States (Delhi, Rajasthan)",2026-02,06/2026,09/2026,2026-03,3,08/2025,09/2026,06/2026,06/2026,06/2026,06/2026,09/2026,09/2026,09/2026,FlashReport_March_2026.pdf,65,Table 6: All Ongoing Projects,1,False,,NOT_SAMPLED,March revised completion target is later than the latest prior observed revised target.
615334,P:615334,Transmission System for Evacuation of Power from Rajasthan REZ Ph-IV [Part-2 5. GW] [Jaisalmer/Barmer Complex] Part E [SPV Name POWERGRID Mewar Multi-States Transmission Limited],2026-02,03/2027,04/2027,2026-03,1,08/2026,04/2027,,,03/2027,03/2027,04/2027,04/2027,04/2027,FlashReport_March_2026.pdf,65,Table 6: All Ongoing Projects,1,False,,NOT_SAMPLED,March revised completion target is later than the latest prior observed revised target.
615339,P:615339,Transmission system for evacuation of power from Rajasthan REZ Ph-IV [Part- 3/6GW] [Bikaner complex] Part A [SPV Name POWERGRID Bikaner IV Transmission Multi-States Limited],2026-02,03/2027,04/2027,2026-03,1,11/2026,04/2027,,,03/2027,03/2027,04/2027,04/2027,04/2027,FlashReport_March_2026.pdf,65,Table 6: All Ongoing Projects,1,False,,NOT_SAMPLED,March revised completion target is later than the latest prior observed revised target.
615340,P:615340,TRANSMISSION SYSTEM FOR EVACUATION OF POWER FROM RAJASTHAN REZ PH-IV [PART-3/ 6 GW] [BIKANER COMPLEX] PART B [SPV Name Multi-States POWERGRID Siwani Transmission Limited],2026-02,03/2027,06/2027,2026-03,3,11/2026,06/2027,,,03/2027,03/2027,06/2027,06/2027,06/2027,FlashReport_March_2026.pdf,65,Table 6: All Ongoing Projects,1,False,,NOT_SAMPLED,March revised completion target is later than the latest prior observed revised target.
617270,P:617270,Eastern Region Expansion Scheme-44 [ERES-44] Multi-States,2026-02,03/2027,06/2027,2026-03,3,05/2026,06/2027,03/2027,03/2027,03/2027,03/2027,06/2027,06/2027,06/2027,FlashReport_March_2026.pdf,65,Table 6: All Ongoing Projects,1,False,,NOT_SAMPLED,March revised completion target is later than the latest prior observed revised target.
900808,P:900808,Transmission System for Kurnool Wind Energy Zone/ Solar Energy Zone Part-A and Part-B Multi-States,2026-02,03/2026,05/2026,2026-03,2,11/2024,05/2026,03/2026,03/2026,03/2026,03/2026,05/2026,05/2026,05/2026,FlashReport_March_2026.pdf,65,Table 6: All Ongoing Projects,1,False,,NOT_SAMPLED,March revised completion target is later than the latest prior observed revised target.
611947,P:611947,Transmission System for Evacuation of Power from REZ in Rajasthan 20GW under Phase III- Part E2,2026-02,03/2026,06/2026,2026-03,3,06/2025,06/2026,03/2026,03/2026,03/2026,03/2026,06/2026,06/2026,06/2026,FlashReport_March_2026.pdf,66,Table 6: All Ongoing Projects,1,False,,NOT_SAMPLED,March revised completion target is later than the latest prior observed revised target.
611948,P:611948,Transmission system for evacuation of power from REZ in Rajasthan 20 GW under Phase-III part H,2026-02,03/2026,06/2026,2026-03,3,04/2025,06/2026,03/2026,03/2026,03/2026,03/2026,06/2026,06/2026,06/2026,FlashReport_March_2026.pdf,66,Table 6: All Ongoing Projects,1,False,,NOT_SAMPLED,March revised completion target is later than the latest prior observed revised target.
611951,P:611951,Transmission system for evacuation of power from REZ in Rajasthan 20GW under Phase-III Part E1,2026-02,02/2026,04/2026,2026-03,2,02/2025,04/2026,01/2026,02/2026,02/2026,02/2026,04/2026,,,FlashReport_March_2026.pdf,66,Table 6: All Ongoing Projects,1,False,,NOT_SAMPLED,March revised completion target is later than the latest prior observed revised target.
612133,P:612133,(-) Pradesh) Transmission System for Evacuation of power from Rajasthan REZ Ph-IV [Part-1] [Bikaner Complex] Part D [Neemrana Bareilly Transmission Ltd] Multi-States,2026-02,06/2026,12/2026,2026-03,6,12/2025,12/2026,06/2026,06/2026,06/2026,06/2026,12/2026,12/2026,12/2026,FlashReport_March_2026.pdf,66,Table 6: All Ongoing Projects,1,True,2025-12;2026-01;2026-02;2026-03;2026-04,SOURCE_VERIFIED,2025-12:FlashReport_December_2025.pdf:p58=06/2026; 2026-01:FlashReport_January_2026.pdf:p70=06/2026; 2026-02:FlashReport_February_2026.pdf:p76=06/2026; 2026-03:FlashReport_March_2026.pdf:p66=12/2026; 2026-04:FlashReport_April2026.pdf:p66=12/2026
612134,P:612134,Transmission System for Evacuation of power from Rajasthan REZ Ph-IV [Part-1] [Bikaner Complex] Part A [Bikaner Neemrana Transmission Ltd],2026-02,06/2026,12/2026,2026-03,6,12/2025,12/2026,06/2026,06/2026,06/2026,06/2026,12/2026,12/2026,12/2026,FlashReport_March_2026.pdf,66,Table 6: All Ongoing Projects,1,False,,NOT_SAMPLED,March revised completion target is later than the latest prior observed revised target.
615332,P:615332,Transmission System for Evacuation of Power from Rajasthan REZ Ph-IV [Part-2 5. GW][Jaisalmer/Barmer Complex] Part B [SPV Name POWERGRID Sirohi Transmission Limited],2026-02,12/2026,03/2027,2026-03,3,08/2026,03/2027,12/2026,12/2026,12/2026,12/2026,03/2027,03/2027,03/2027,FlashReport_March_2026.pdf,66,Table 6: All Ongoing Projects,1,False,,NOT_SAMPLED,March revised completion target is later than the latest prior observed revised target.
615335,P:615335,Transmission System Strengthening for Interconnections of Bhadla-III & Bikaner III Complex [SPV Name POWERGRID BHADLA BIKANER TRANSMISSION LIMITED],2026-02,12/2026,03/2027,2026-03,3,08/2026,03/2027,12/2026,12/2026,12/2026,12/2026,03/2027,03/2027,03/2027,FlashReport_March_2026.pdf,66,Table 6: All Ongoing Projects,1,False,,NOT_SAMPLED,March revised completion target is later than the latest prior observed revised target.
615337,P:615337,Additional Transmission System for evacuation of Power from Bhadla-III PS as part of Rajasthan REZ Phase III Scheme [20 GW] [SPV Name POWERGRID Bhadla-III Power Transmission Limited],2026-02,03/2026,09/2026,2026-03,6,02/2026,09/2026,03/2026,03/2026,03/2026,03/2026,09/2026,09/2026,09/2026,FlashReport_March_2026.pdf,66,Table 6: All Ongoing Projects,1,False,,NOT_SAMPLED,March revised completion target is later than the latest prior observed revised target.
616670,P:616670,Transmission System for evacuation of Power from Rajasthan REZ Ph-IV [Part-4 GW] Part A [SPV name POWERGRID Ghiror Transmission Limited] Multi-States,2026-02,03/2027,06/2027,2026-03,3,12/2026,06/2027,03/2027,03/2027,03/2027,03/2027,06/2027,06/2027,06/2027,FlashReport_March_2026.pdf,66,Table 6: All Ongoing Projects,1,False,,NOT_SAMPLED,March revised completion target is later than the latest prior observed revised target.
616671,P:616671,Transmission System under ISTS for evacuation of Power from Kudankulam Unit-3&4 [2x1000 MW] [SPV Name POWERGRID Kudankulam Tarnsmission Limited],2026-02,12/2026,03/2027,2026-03,3,12/2026,03/2027,12/2026,12/2026,12/2026,12/2026,03/2027,03/2027,03/2027,FlashReport_March_2026.pdf,66,Table 6: All Ongoing Projects,1,False,,NOT_SAMPLED,March revised completion target is later than the latest prior observed revised target.
617181,P:617181,"Augmentation at Fatehgarh-II PS, Fatehgarh-IV PS [Section-II] and Barmer-I PS [POWERGRID Fatehgarh Barmer Augmentation Transmission Limited]",2026-02,03/2027,06/2027,2026-03,3,12/2026,06/2027,03/2027,03/2027,03/2027,03/2027,06/2027,06/2027,06/2027,FlashReport_March_2026.pdf,66,Table 6: All Ongoing Projects,1,False,,NOT_SAMPLED,March revised completion target is later than the latest prior observed revised target.
702639,P:702639,Ahmedabad Metro Rail Project [Phase-I],2026-02,01/2026,04/2026,2026-03,3,03/2018,04/2026,01/2026,01/2026,01/2026,01/2026,04/2026,05/2026,05/2026,FlashReport_March_2026.pdf,67,Table 6: All Ongoing Projects,1,False,,NOT_SAMPLED,March revised completion target is later than the latest prior observed revised target.
702674,P:702674,"ESR - 8 nos., distribution system - 216 Km, new house service connections - nos. upgrading of feeder mains, pumping station etc. - Phase II",2026-02,03/2026,06/2026,2026-03,3,03/2023,06/2026,03/2026,03/2026,03/2026,03/2026,06/2026,06/2026,06/2026,FlashReport_March_2026.pdf,68,Table 6: All Ongoing Projects,1,False,,NOT_SAMPLED,March revised completion target is later than the latest prior observed revised target.
702699,P:702699,Muzaffarpur Storm Water Drainage Phase-I Project,2026-02,03/2026,06/2026,2026-03,3,10/2023,06/2026,03/2026,03/2026,03/2026,03/2026,06/2026,06/2026,06/2026,FlashReport_March_2026.pdf,68,Table 6: All Ongoing Projects,1,False,,NOT_SAMPLED,March revised completion target is later than the latest prior observed revised target.
702734,P:702734,Sewerage Management Scheme Part-3 Implementation,2026-02,03/2026,09/2026,2026-03,6,09/2023,09/2026,03/2026,03/2026,03/2026,03/2026,09/2026,09/2026,09/2026,FlashReport_March_2026.pdf,68,Table 6: All Ongoing Projects,1,False,,NOT_SAMPLED,March revised completion target is later than the latest prior observed revised target.
702735,P:702735,Sewerage Management Scheme Part-3 Implementation,2026-02,03/2026,05/2026,2026-03,2,03/2023,05/2026,01/2026,03/2026,03/2026,03/2026,05/2026,,,FlashReport_March_2026.pdf,68,Table 6: All Ongoing Projects,1,False,,NOT_SAMPLED,March revised completion target is later than the latest prior observed revised target.
702741,P:702741,Dhanbad Water Supply Infrastructure Project,2026-02,03/2026,06/2026,2026-03,3,03/2023,06/2026,03/2026,03/2026,03/2026,03/2026,06/2026,06/2026,06/2026,FlashReport_March_2026.pdf,68,Table 6: All Ongoing Projects,1,False,,NOT_SAMPLED,March revised completion target is later than the latest prior observed revised target.
702742,P:702742,SAAP-3 Water Supply Infrastructure SAAP-3 Project,2026-02,03/2026,06/2026,2026-03,3,10/2023,06/2026,03/2026,03/2026,03/2026,03/2026,06/2026,06/2026,06/2026,FlashReport_March_2026.pdf,68,Table 6: All Ongoing Projects,1,False,,NOT_SAMPLED,March revised completion target is later than the latest prior observed revised target.
702746,P:702746,Augmentation and Strenghthning of Urban Water Supply Phase 1 - SAAP,2026-02,03/2026,06/2026,2026-03,3,03/2023,06/2026,03/2026,03/2026,03/2026,03/2026,06/2026,06/2026,06/2026,FlashReport_March_2026.pdf,68,Table 6: All Ongoing Projects,1,False,,NOT_SAMPLED,March revised completion target is later than the latest prior observed revised target.
702760,P:702760,Belgavi Improvement in Sewerage System Project,2026-02,03/2026,06/2026,2026-03,3,07/2023,06/2026,03/2026,03/2026,03/2026,03/2026,06/2026,06/2026,06/2026,FlashReport_March_2026.pdf,68,Table 6: All Ongoing Projects,1,True,2025-12;2026-01;2026-02;2026-03;2026-04,SOURCE_VERIFIED,2025-12:FlashReport_December_2025.pdf:p60=03/2026; 2026-01:FlashReport_January_2026.pdf:p73=03/2026; 2026-02:FlashReport_February_2026.pdf:p79=03/2026; 2026-03:FlashReport_March_2026.pdf:p68=06/2026; 2026-04:FlashReport_April2026.pdf:p69=06/2026
702764,P:702764,24/7 water supply under AMRUT for Davanagere,2026-02,03/2026,05/2026,2026-03,2,03/2023,05/2026,03/2026,03/2026,03/2026,03/2026,05/2026,,,FlashReport_March_2026.pdf,68,Table 6: All Ongoing Projects,1,False,,NOT_SAMPLED,March revised completion target is later than the latest prior observed revised target.
702793,P:702793,Indore Water Supply Infrastructure Project,2026-02,03/2026,05/2026,2026-03,2,03/2023,05/2026,01/2026,03/2026,03/2026,03/2026,05/2026,06/2026,06/2026,FlashReport_March_2026.pdf,68,Table 6: All Ongoing Projects,1,False,,NOT_SAMPLED,March revised completion target is later than the latest prior observed revised target.
702798,P:702798,Jabalpur Sewerage Management and Treatment Infrastructure Project,2026-02,03/2026,06/2026,2026-03,3,03/2023,06/2026,01/2026,03/2026,03/2026,03/2026,06/2026,,,FlashReport_March_2026.pdf,68,Table 6: All Ongoing Projects,1,False,,NOT_SAMPLED,March revised completion target is later than the latest prior observed revised target.
702808,P:702808,Satna Sewerage Management and Treatment Infrastructure Project,2026-02,03/2026,05/2026,2026-03,2,03/2024,05/2026,03/2026,03/2026,03/2026,03/2026,05/2026,05/2026,05/2026,FlashReport_March_2026.pdf,68,Table 6: All Ongoing Projects,1,False,,NOT_SAMPLED,March revised completion target is later than the latest prior observed revised target.
702810,P:702810,Singrauli Sewerage Management and Treatment Infrastructure Project,2026-02,03/2026,05/2026,2026-03,2,03/2023,05/2026,03/2026,03/2026,03/2026,03/2026,05/2026,06/2026,06/2026,FlashReport_March_2026.pdf,69,Table 6: All Ongoing Projects,1,False,,NOT_SAMPLED,March revised completion target is later than the latest prior observed revised target.
702840,P:702840,Mira-Bhayandar Water Supply Infrastructure Project,2026-02,03/2026,05/2026,2026-03,2,03/2023,05/2026,02/2026,03/2026,03/2026,03/2026,05/2026,05/2026,05/2026,FlashReport_March_2026.pdf,69,Table 6: All Ongoing Projects,1,False,,NOT_SAMPLED,March revised completion target is later than the latest prior observed revised target.
702851,P:702851,Pune Water Supply Infrastructure Project,2026-02,03/2026,05/2026,2026-03,2,03/2023,05/2026,03/2026,03/2026,03/2026,03/2026,05/2026,05/2026,05/2026,FlashReport_March_2026.pdf,69,Table 6: All Ongoing Projects,1,False,,NOT_SAMPLED,March revised completion target is later than the latest prior observed revised target.
702854,P:702854,Solapur Sewerage Management Infrastructure Project,2026-02,03/2026,05/2026,2026-03,2,03/2023,05/2026,03/2026,03/2026,03/2026,03/2026,05/2026,06/2026,06/2026,FlashReport_March_2026.pdf,69,Table 6: All Ongoing Projects,1,False,,NOT_SAMPLED,March revised completion target is later than the latest prior observed revised target.
702949,P:702949,Jhansi Water Supply Infrastructure Phase-II Project,2026-02,03/2026,05/2026,2026-03,2,07/2023,05/2026,02/2026,03/2026,03/2026,03/2026,05/2026,05/2026,05/2026,FlashReport_March_2026.pdf,69,Table 6: All Ongoing Projects,1,False,,NOT_SAMPLED,March revised completion target is later than the latest prior observed revised target.
703021,P:703021,Jalandhar Water Supply Infrastructure Project,2026-02,03/2026,06/2026,2026-03,3,08/2023,06/2026,03/2026,03/2026,03/2026,03/2026,06/2026,06/2026,06/2026,FlashReport_March_2026.pdf,69,Table 6: All Ongoing Projects,1,False,,NOT_SAMPLED,March revised completion target is later than the latest prior observed revised target.
703057,P:703057,Patiala Water Supply Infrastructure Part-2 Project,2026-02,03/2026,05/2026,2026-03,2,10/2023,05/2026,02/2026,03/2026,03/2026,03/2026,05/2026,06/2026,06/2026,FlashReport_March_2026.pdf,69,Table 6: All Ongoing Projects,1,False,,NOT_SAMPLED,March revised completion target is later than the latest prior observed revised target.
612128,P:612128,Hostel blocks & dining hall block,2026-02,03/2026,07/2026,2026-03,4,03/2026,07/2026,03/2026,03/2026,03/2026,03/2026,07/2026,07/2026,07/2026,FlashReport_March_2026.pdf,70,Table 6: All Ongoing Projects,1,False,,NOT_SAMPLED,March revised completion target is later than the latest prior observed revised target.
400012,P:400012,"Kandla Gorakhpur LPG Pipeline Multi-States (Gujarat, Madhya",2026-02,03/2026,06/2026,2026-03,3,12/2021,06/2026,03/2026,03/2026,03/2026,03/2026,06/2026,06/2026,06/2026,FlashReport_March_2026.pdf,71,Table 6: All Ongoing Projects,1,False,,NOT_SAMPLED,March revised completion target is later than the latest prior observed revised target.
701263,P:701263,Rajasthan Refinery Project,2026-02,03/2026,06/2026,2026-03,3,10/2022,06/2026,,,03/2026,03/2026,06/2026,06/2026,06/2026,FlashReport_March_2026.pdf,71,Table 6: All Ongoing Projects,1,False,,NOT_SAMPLED,March revised completion target is later than the latest prior observed revised target.
701349,P:701349,"Paradip-Numaligarh Crude Oil Pipeline [PNCPL] & Crude Oil Import Terminal [COIT] Multi-States at Paradip (Assam, Bihar,",2026-02,06/2026,10/2026,2026-03,4,07/2024,10/2026,06/2026,06/2026,06/2026,06/2026,10/2026,10/2026,10/2026,FlashReport_March_2026.pdf,71,Table 6: All Ongoing Projects,1,True,2025-12;2026-01;2026-02;2026-03;2026-04,SOURCE_VERIFIED,2025-12:FlashReport_December_2025.pdf:p62=06/2026; 2026-01:FlashReport_January_2026.pdf:p75=06/2026; 2026-02:FlashReport_February_2026.pdf:p81=06/2026; 2026-03:FlashReport_March_2026.pdf:p71=10/2026; 2026-04:FlashReport_April2026.pdf:p72=10/2026
400167,P:400167,Redevelopment of Santhal Field [Onshore-Mehsana Asset],2026-02,03/2026,04/2026,2026-03,1,03/2026,04/2026,03/2026,03/2026,03/2026,03/2026,04/2026,12/2026,12/2026,FlashReport_March_2026.pdf,72,Table 6: All Ongoing Projects,1,False,,NOT_SAMPLED,March revised completion target is later than the latest prior observed revised target.
604791,P:604791,Numaligarh Refinery Expansion Project,2026-02,09/2026,03/2027,2026-03,6,07/2024,03/2027,,,09/2026,09/2026,03/2027,03/2027,03/2027,FlashReport_March_2026.pdf,72,Table 6: All Ongoing Projects,1,False,,NOT_SAMPLED,March revised completion target is later than the latest prior observed revised target.
616858,P:616858,"Construction of Field Gas Gathering Station at Baghjan area for collection, processing & transportation of natural Gas to be produced from Baghjan Field",2026-02,03/2026,06/2026,2026-03,3,03/2024,06/2026,03/2026,03/2026,03/2026,03/2026,06/2026,06/2026,06/2026,FlashReport_March_2026.pdf,72,Table 6: All Ongoing Projects,1,False,,NOT_SAMPLED,March revised completion target is later than the latest prior observed revised target.
709752,P:709752,HP-COAT [Crude to Olefins and Aromatics Technology] demo unit at Visakh Refinery,2026-02,03/2026,02/2027,2026-03,11,06/2024,02/2027,03/2026,03/2026,03/2026,03/2026,02/2027,02/2027,02/2027,FlashReport_March_2026.pdf,72,Table 6: All Ongoing Projects,1,False,,NOT_SAMPLED,March revised completion target is later than the latest prior observed revised target.
709847,P:709847,Pipeline Network Project Rudrasagar,2026-02,04/2026,04/2027,2026-03,12,04/2026,04/2027,04/2026,04/2026,04/2026,04/2026,04/2027,04/2027,04/2027,FlashReport_March_2026.pdf,72,Table 6: All Ongoing Projects,1,False,,NOT_SAMPLED,March revised completion target is later than the latest prior observed revised target.
709850,P:709850,Borholla GGS Life Extension Project [BLEP],2026-02,05/2026,09/2026,2026-03,4,05/2026,09/2026,05/2026,05/2026,05/2026,05/2026,09/2026,09/2026,09/2026,FlashReport_March_2026.pdf,72,Table 6: All Ongoing Projects,1,False,,NOT_SAMPLED,March revised completion target is later than the latest prior observed revised target.
709864,P:709864,DCU Revamp Project,2026-02,06/2026,10/2026,2026-03,4,07/2024,10/2026,06/2026,06/2026,06/2026,06/2026,10/2026,10/2026,10/2026,FlashReport_March_2026.pdf,72,Table 6: All Ongoing Projects,1,False,,NOT_SAMPLED,March revised completion target is later than the latest prior observed revised target.
400169,P:400169,Redevelopment of Linch Field,2026-02,05/2026,07/2026,2026-03,2,03/2025,07/2026,03/2026,03/2026,05/2026,05/2026,07/2026,07/2026,07/2026,FlashReport_March_2026.pdf,73,Table 6: All Ongoing Projects,1,False,,NOT_SAMPLED,March revised completion target is later than the latest prior observed revised target.
610984,P:610984,Development of Jharia CBM Block [Phase-1],2026-02,03/2026,05/2026,2026-03,2,01/2024,05/2026,03/2026,03/2026,03/2026,03/2026,05/2026,05/2026,05/2026,FlashReport_March_2026.pdf,73,Table 6: All Ongoing Projects,1,False,,NOT_SAMPLED,March revised completion target is later than the latest prior observed revised target.
701289,P:701289,Capacity Expansion of Panipat Refinery from 15 to 25 MMTPA,2026-02,06/2026,12/2026,2026-03,6,09/2024,12/2026,,,06/2026,06/2026,12/2026,12/2026,12/2026,FlashReport_March_2026.pdf,73,Table 6: All Ongoing Projects,1,False,,NOT_SAMPLED,March revised completion target is later than the latest prior observed revised target.
709773,P:709773,"City Gas Distribution Project at Jammu, Udhampur, Reasi, Samba and Kathua Districts Jammu and Kashmir",2026-02,03/2032,09/2034,2026-03,30,03/2032,09/2034,03/2032,03/2032,03/2032,03/2032,09/2034,09/2034,09/2034,FlashReport_March_2026.pdf,73,Table 6: All Ongoing Projects,1,False,,NOT_SAMPLED,March revised completion target is later than the latest prior observed revised target.
709778,P:709778,Installation of new Biturox Unit along with allied facilities at Gujarat Refinery,2026-02,09/2026,12/2026,2026-03,3,08/2025,12/2026,09/2026,09/2026,09/2026,09/2026,12/2026,12/2026,12/2026,FlashReport_March_2026.pdf,73,Table 6: All Ongoing Projects,1,False,,NOT_SAMPLED,March revised completion target is later than the latest prior observed revised target.
709841,P:709841,Old Pipe Line Replacement [OPRP] Group-A,2026-02,03/2026,07/2026,2026-03,4,07/2025,07/2026,03/2026,03/2026,03/2026,03/2026,07/2026,07/2026,07/2026,FlashReport_March_2026.pdf,73,Table 6: All Ongoing Projects,1,False,,NOT_SAMPLED,March revised completion target is later than the latest prior observed revised target.
701228,P:701228,"Kashmir, Punjab) Kochi - Koottanad - Bangalore - Mangalore Pipeline Phase-II Multi-States (Karnataka,",2026-02,03/2026,09/2026,2026-03,6,12/2012,09/2026,03/2026,03/2026,03/2026,03/2026,09/2026,09/2026,09/2026,FlashReport_March_2026.pdf,74,Table 6: All Ongoing Projects,1,False,,NOT_SAMPLED,March revised completion target is later than the latest prior observed revised target.
701330,P:701330,"Maharashtra, Odisha) Mehsana-Bhatinda & Bhatinda-Jammu Natural Gas Pipeline Multi-States (Gujarat, Haryana,",2026-02,03/2026,04/2026,2026-03,1,06/2024,04/2026,03/2026,03/2026,03/2026,03/2026,04/2026,12/2026,12/2026,FlashReport_March_2026.pdf,74,Table 6: All Ongoing Projects,1,True,2025-12;2026-01;2026-02;2026-03;2026-04,SOURCE_VERIFIED,2025-12:FlashReport_December_2025.pdf:p65=03/2026; 2026-01:FlashReport_January_2026.pdf:p77=03/2026; 2026-02:FlashReport_February_2026.pdf:p85=03/2026; 2026-03:FlashReport_March_2026.pdf:p74=04/2026; 2026-04:FlashReport_April2026.pdf:p75=12/2026
701344,P:701344,Dhamra Haldia Pipeline Project Multi-States,2026-02,03/2026,09/2026,2026-03,6,11/2022,09/2026,03/2026,03/2026,03/2026,03/2026,09/2026,09/2026,09/2026,FlashReport_March_2026.pdf,74,Table 6: All Ongoing Projects,1,False,,NOT_SAMPLED,March revised completion target is later than the latest prior observed revised target.
701346,P:701346,"Odisha) North East Gas Grid Multi-States (Arunachal Manipur,",2026-02,03/2026,07/2026,2026-03,4,03/2024,07/2026,03/2026,03/2026,03/2026,03/2026,07/2026,07/2026,07/2026,FlashReport_March_2026.pdf,74,Table 6: All Ongoing Projects,1,False,,NOT_SAMPLED,March revised completion target is later than the latest prior observed revised target.
709760,P:709760,HP TDAE Unit in Mumbai Refinery,2026-02,04/2026,06/2026,2026-03,2,04/2026,06/2026,04/2026,04/2026,04/2026,04/2026,06/2026,06/2026,06/2026,FlashReport_March_2026.pdf,74,Table 6: All Ongoing Projects,1,False,,NOT_SAMPLED,March revised completion target is later than the latest prior observed revised target.
709782,P:709782,ATF Pipeline from Jawaharlal Nehru Port Trust to Navi Mumbai International Airport,2026-02,03/2026,06/2026,2026-03,3,08/2025,06/2026,03/2026,03/2026,03/2026,03/2026,06/2026,06/2026,06/2026,FlashReport_March_2026.pdf,74,Table 6: All Ongoing Projects,1,False,,NOT_SAMPLED,March revised completion target is later than the latest prior observed revised target.
400119,P:400119,Life Extension of 48 well platforms of Mumbai High & Heera Fields,2026-02,03/2026,08/2026,2026-03,5,04/2018,08/2026,03/2026,03/2026,03/2026,03/2026,08/2026,08/2026,08/2026,FlashReport_March_2026.pdf,75,Table 6: All Ongoing Projects,1,False,,NOT_SAMPLED,March revised completion target is later than the latest prior observed revised target.
400171,P:400171,2G Ethanol Biorefinery at Bathinda,2026-02,03/2026,12/2026,2026-03,9,02/2023,12/2026,03/2026,03/2026,03/2026,03/2026,12/2026,12/2026,12/2026,FlashReport_March_2026.pdf,75,Table 6: All Ongoing Projects,1,False,,NOT_SAMPLED,March revised completion target is later than the latest prior observed revised target.
616950,P:616950,PRP-VIII [Group-A],2026-02,05/2026,12/2026,2026-03,7,02/2026,12/2026,05/2026,05/2026,05/2026,05/2026,12/2026,12/2026,12/2026,FlashReport_March_2026.pdf,75,Table 6: All Ongoing Projects,1,False,,NOT_SAMPLED,March revised completion target is later than the latest prior observed revised target.
617302,P:617302,Durgapur - Haldia Pipeline [Section-3B of JHBDPL Project],2026-02,03/2026,09/2026,2026-03,6,12/2020,09/2026,03/2026,03/2026,03/2026,03/2026,09/2026,09/2026,09/2026,FlashReport_March_2026.pdf,75,Table 6: All Ongoing Projects,1,False,,NOT_SAMPLED,March revised completion target is later than the latest prior observed revised target.
617818,P:617818,"City Gas Distribution [CGD] Project in Gajapati, Kandhamal, Boudh, & Sonepur GA",2026-02,02/2030,12/2031,2026-03,22,02/2030,12/2031,02/2030,02/2030,02/2030,02/2030,12/2031,12/2031,12/2031,FlashReport_March_2026.pdf,75,Table 6: All Ongoing Projects,1,False,,NOT_SAMPLED,March revised completion target is later than the latest prior observed revised target.
709800,P:709800,"CUF POL Depot at Sadashibpur [Meramundali], Odisha",2026-02,03/2026,06/2026,2026-03,3,03/2026,06/2026,03/2026,03/2026,03/2026,03/2026,06/2026,06/2026,06/2026,FlashReport_March_2026.pdf,75,Table 6: All Ongoing Projects,1,False,,NOT_SAMPLED,March revised completion target is later than the latest prior observed revised target.
709837,P:709837,"Creation of Gas Dehydration Facilities, Tripura Asset",2026-02,05/2026,08/2026,2026-03,3,05/2024,08/2026,05/2026,05/2026,05/2026,05/2026,08/2026,08/2026,08/2026,FlashReport_March_2026.pdf,75,Table 6: All Ongoing Projects,1,False,,NOT_SAMPLED,March revised completion target is later than the latest prior observed revised target.
706811,P:706811,NMDC Slurry Pipeline Project Phase-1,2026-02,03/2026,04/2026,2026-03,1,06/2023,04/2026,03/2026,03/2026,03/2026,03/2026,04/2026,05/2026,05/2026,FlashReport_March_2026.pdf,78,Table 6: All Ongoing Projects,1,False,,NOT_SAMPLED,March revised completion target is later than the latest prior observed revised target.
705528,P:705528,Muzaffarpur-Sugauli,2026-02,03/2026,06/2026,2026-03,3,06/2024,06/2026,02/2026,02/2026,03/2026,03/2026,06/2026,06/2026,06/2026,FlashReport_March_2026.pdf,80,Table 6: All Ongoing Projects,1,False,,NOT_SAMPLED,March revised completion target is later than the latest prior observed revised target.
602792,P:602792,Gauge Conversion of Kendri-Dhamtari including Abhanpur - Rajim Branch line Kms - 2nd Material Modification to Raipur Titlagarh doubling.,2026-02,03/2026,06/2026,2026-03,3,02/2025,06/2026,03/2026,03/2026,03/2026,03/2026,06/2026,06/2026,06/2026,FlashReport_March_2026.pdf,81,Table 6: All Ongoing Projects,1,False,,NOT_SAMPLED,March revised completion target is later than the latest prior observed revised target.
611974,P:611974,Western Railway Samakhiali Gandhidham Quadrupiling 53 Kms,2026-02,07/2027,12/2027,2026-03,5,12/2026,12/2027,06/2027,06/2027,07/2027,07/2027,12/2027,12/2027,12/2027,FlashReport_March_2026.pdf,81,Table 6: All Ongoing Projects,1,False,,NOT_SAMPLED,March revised completion target is later than the latest prior observed revised target.
611979,P:611979,Sabarmati Setting up of Maintenance Facilities for Train Sets Phase ii,2026-02,03/2026,05/2026,2026-03,2,06/2025,05/2026,03/2026,03/2026,03/2026,03/2026,05/2026,05/2026,05/2026,FlashReport_March_2026.pdf,82,Table 6: All Ongoing Projects,1,True,2025-12;2026-01;2026-02;2026-03;2026-04,SOURCE_VERIFIED,2025-12:FlashReport_December_2025.pdf:p70=03/2026; 2026-01:FlashReport_January_2026.pdf:p83=03/2026; 2026-02:FlashReport_February_2026.pdf:p92=03/2026; 2026-03:FlashReport_March_2026.pdf:p82=05/2026; 2026-04:FlashReport_April2026.pdf:p83=05/2026
705661,P:705661,Katni Grade Separator/Bye Pass,2026-02,03/2026,09/2026,2026-03,6,09/2024,09/2026,03/2026,03/2026,03/2026,03/2026,09/2026,09/2026,09/2026,FlashReport_March_2026.pdf,83,Table 6: All Ongoing Projects,1,False,,NOT_SAMPLED,March revised completion target is later than the latest prior observed revised target.
705562,P:705562,Chhapra-Ballia Patch Doubling Multi-States,2026-02,03/2026,05/2026,2026-03,2,02/2025,05/2026,03/2026,03/2026,03/2026,03/2026,05/2026,05/2026,05/2026,FlashReport_March_2026.pdf,85,Table 6: All Ongoing Projects,1,False,,NOT_SAMPLED,March revised completion target is later than the latest prior observed revised target.
705635,P:705635,Trivandrum- Kanyakumari Multi-States,2026-01,12/2026,06/2028,2026-03,18,03/2025,06/2028,12/2026,12/2026,,12/2026,06/2028,06/2028,06/2028,FlashReport_March_2026.pdf,86,Table 6: All Ongoing Projects,1,False,,NOT_SAMPLED,March revised completion target is later than the latest prior observed revised target.
705629,P:705629,Narayangarh-Bhadrak 3rd line Multi-States,2026-02,06/2026,01/2027,2026-03,7,12/2025,01/2027,06/2026,06/2026,06/2026,06/2026,01/2027,01/2027,01/2027,FlashReport_March_2026.pdf,87,Table 6: All Ongoing Projects,1,False,,NOT_SAMPLED,March revised completion target is later than the latest prior observed revised target.
400247,P:400247,Kalinarayanpur-Krishnanagar Doubling Alongwith Krishnanagar - Chapra New Line And Naihati-Ranaghat 3rd Line.,2026-02,02/2027,03/2028,2026-03,13,02/2027,03/2028,02/2027,02/2027,02/2027,02/2027,03/2028,03/2028,03/2028,FlashReport_March_2026.pdf,89,Table 6: All Ongoing Projects,1,False,,NOT_SAMPLED,March revised completion target is later than the latest prior observed revised target.
705567,P:705567,Burhwal Gonda 3rd line,2026-02,01/2026,05/2026,2026-03,4,03/2025,05/2026,01/2026,01/2026,01/2026,01/2026,05/2026,05/2026,05/2026,FlashReport_March_2026.pdf,89,Table 6: All Ongoing Projects,1,False,,NOT_SAMPLED,March revised completion target is later than the latest prior observed revised target.
705780,P:705780,Bhatni-Aurnihar with electrification excluding Indara-Mau,2026-02,03/2026,06/2026,2026-03,3,12/2024,06/2026,03/2026,03/2026,03/2026,03/2026,06/2026,06/2026,06/2026,FlashReport_March_2026.pdf,89,Table 6: All Ongoing Projects,1,False,,NOT_SAMPLED,March revised completion target is later than the latest prior observed revised target.
400277,P:400277,Dum Dum Airport-New Garia via Rajarhat-Construction of Metro Railway,2026-02,03/2026,12/2027,2026-03,21,12/2025,12/2027,03/2026,03/2026,03/2026,03/2026,12/2027,12/2027,12/2027,FlashReport_March_2026.pdf,90,Table 6: All Ongoing Projects,1,False,,NOT_SAMPLED,March revised completion target is later than the latest prior observed revised target.
617985,P:617985,Widening to two lane with paved shoulders from Km 0/0 to 64/020 Pamarru to Akiveedu,2026-02,02/2024,07/2026,2026-03,29,11/2023,07/2026,02/2024,02/2024,02/2024,02/2024,07/2026,05/2027,05/2027,FlashReport_March_2026.pdf,90,Table 6: All Ongoing Projects,1,False,,NOT_SAMPLED,March revised completion target is later than the latest prior observed revised target.
617991,P:617991,"Rehabilitation and up-gradation of NH-167 from Km 14/900 to Km70/000 Design Ch. 14/900 to 69/700 Chintakunta to Adoni section to two lane with paved shoulders in the State of Andhra Pradesh under Corridor Approach through Engineering, Procurement",2026-02,11/2020,07/2026,2026-03,68,05/2019,07/2026,11/2020,11/2020,11/2020,11/2020,07/2026,10/2026,10/2026,FlashReport_March_2026.pdf,90,Table 6: All Ongoing Projects,1,False,,NOT_SAMPLED,March revised completion target is later than the latest prior observed revised target.
618125,P:618125,Rehabilitation and upgradation of NH 326A from km 0/0 to 41/979 excluding km 2/255 to 3/372 and km 36/820 to 38/275 Odisha border to Narasamapeta to two lane with paved Shoulders in the State of Andhra Pradesh under NHO on EPC Mode,2026-02,03/2021,10/2025,2026-03,55,03/2020,10/2025,,03/2021,03/2021,03/2021,10/2025,10/2025,10/2025,FlashReport_March_2026.pdf,91,Table 6: All Ongoing Projects,1,False,,NOT_SAMPLED,March revised completion target is later than the latest prior observed revised target.
618194,P:618194,Rehabilitation and upgradation of New NH 544DD from design Chainage Km. 56/000 to 102/20 of Kalyandrg - Molakalmuru Section,2026-02,11/2021,09/2025,2026-03,46,02/2020,09/2025,11/2021,11/2021,11/2021,11/2021,09/2025,09/2025,09/2025,FlashReport_March_2026.pdf,91,Table 6: All Ongoing Projects,1,False,,NOT_SAMPLED,March revised completion target is later than the latest prior observed revised target.
618236,P:618236,Rehabilitation and Up-gradation of Dhindi - Digamarru section from Km 126/510 to Km 135/740 of NH -214New NH -216 and digamarru -Losari section from Km 0/000 tp Km 34/230 of NH-214 ANew Nh-216 to two lane with paved shoulder in the state of AP-,2026-02,07/2020,11/2023,2026-03,40,05/2018,11/2023,,,07/2020,07/2020,11/2023,11/2023,11/2023,FlashReport_March_2026.pdf,91,Table 6: All Ongoing Projects,1,False,,NOT_SAMPLED,March revised completion target is later than the latest prior observed revised target.
618237,P:618237,Rehabilitation and Up-gradation of Pasarlapudi to Dhindi section from Km 105/170 to Km 126/510 of NH -214 New NH -216 to two lane with paved shoulder in the state of Andhra Pradesh under NHDP-IV,2026-02,05/2024,09/2025,2026-03,16,09/2019,09/2025,05/2024,05/2024,05/2024,05/2024,09/2025,09/2025,09/2025,FlashReport_March_2026.pdf,91,Table 6: All Ongoing Projects,1,False,,NOT_SAMPLED,March revised completion target is later than the latest prior observed revised target.
618238,P:618238,Rehabilitation and Up-gradation of Thimmapuram to Gurajanapalli section from Km 26/150 to Km 41/161 of NH - 214 New NH - 216 to two lane with paved shoulder in the state of Andhra Pradesh under NHDP-IV,2026-02,06/2025,07/2026,2026-03,13,07/2018,07/2026,12/2021,06/2025,06/2025,06/2025,07/2026,07/2026,07/2026,FlashReport_March_2026.pdf,91,Table 6: All Ongoing Projects,1,True,2025-12;2026-01;2026-02;2026-03;2026-04,SOURCE_VERIFIED,2025-12:FlashReport_December_2025.pdf:p78=12/2021; 2026-01:FlashReport_January_2026.pdf:p91=06/2025; 2026-02:FlashReport_February_2026.pdf:p102=06/2025; 2026-03:FlashReport_March_2026.pdf:p91=07/2026; 2026-04:FlashReport_April2026.pdf:p94=07/2026
618239,P:618239,"Rehabilitation & Upgradation of NH214New NH-216 from Km 34/230 to Km 84/550 Losari to Machavaram Section to two lane with paved shoulder in the state of Andhrapradesh under NHDP-IV through Engineering, Procurement& Construction",2026-02,10/2023,07/2025,2026-03,21,09/2018,07/2025,,,10/2023,10/2023,07/2025,07/2025,07/2025,FlashReport_March_2026.pdf,92,Table 6: All Ongoing Projects,1,False,,NOT_SAMPLED,March revised completion target is later than the latest prior observed revised target.
618257,P:618257,Rehabilitation and Upgradation to 2-lane with paved shoulders configuration of Koyyuru to Chaprathipalem section Km 120000 to Km 165500 of NH-516E in the State of Andhra Pradesh under Green National Highways Corridor Project GNHCP,2026-02,10/2025,03/2026,2026-03,5,07/2024,03/2026,06/2025,10/2025,10/2025,10/2025,03/2026,03/2026,03/2026,FlashReport_March_2026.pdf,92,Table 6: All Ongoing Projects,1,False,,NOT_SAMPLED,March revised completion target is later than the latest prior observed revised target.
618412,P:618412,Construction of i Connecting Road from Z-Morh Tunnel to Zojila Tunnel Road Length 18.475km and ii 14.150 Km long 2-L Bi-directional single tube Zoji-la Tunnel across Zojila Pass on Sonamarg - Kargil section from Km 82 to Km 118 of NH-01 under,2026-01,12/2027,02/2028,2026-03,2,09/2026,02/2028,12/2027,12/2027,,12/2027,02/2028,02/2028,02/2028,FlashReport_March_2026.pdf,92,Table 6: All Ongoing Projects,1,False,,NOT_SAMPLED,March revised completion target is later than the latest prior observed revised target.
618526,P:618526,6L of Gundugolanu Design km 1023.280 to Kalaparru Design km 1050.680 of NH-5 New NH-16,2026-02,04/2022,04/2026,2026-03,48,07/2021,04/2026,,,04/2022,04/2022,04/2026,05/2026,05/2026,FlashReport_March_2026.pdf,92,Table 6: All Ongoing Projects,1,False,,NOT_SAMPLED,March revised completion target is later than the latest prior observed revised target.
618579,P:618579,6L of Anandapuram Pendurthi Anakapalli Section from km. 681.000 to km. 731.780 of NH-16,2026-02,11/2021,04/2026,2026-03,53,07/2021,04/2026,,01/2020,11/2021,11/2021,04/2026,05/2026,05/2026,FlashReport_March_2026.pdf,92,Table 6: All Ongoing Projects,1,False,,NOT_SAMPLED,March revised completion target is later than the latest prior observed revised target.
618629,P:618629,Nandigama Bypass and Kanchikacherla bypass,2026-02,04/2022,04/2026,2026-03,48,06/2019,04/2026,,,04/2022,04/2022,04/2026,05/2026,05/2026,FlashReport_March_2026.pdf,92,Table 6: All Ongoing Projects,1,False,,NOT_SAMPLED,March revised completion target is later than the latest prior observed revised target.
618700,P:618700,Renigunta - Poyya - Naidupeta km 124.60 to km 183.4 of NH,2026-02,10/2024,04/2026,2026-03,18,01/2024,04/2026,10/2024,10/2024,10/2024,10/2024,04/2026,05/2026,05/2026,FlashReport_March_2026.pdf,92,Table 6: All Ongoing Projects,1,False,,NOT_SAMPLED,March revised completion target is later than the latest prior observed revised target.
618721,P:618721,6L Access Controlled Greenfield Highway from Chandrasekharapuram Ch. 228000 to Polavaram Ch. 260000of [NH-544G] Package-11,2026-02,07/2026,11/2026,2026-03,4,02/2026,11/2026,07/2026,07/2026,07/2026,07/2026,11/2026,01/2027,01/2027,FlashReport_March_2026.pdf,93,Table 6: All Ongoing Projects,1,False,,NOT_SAMPLED,March revised completion target is later than the latest prior observed revised target.
618749,P:618749,Khammam-Devarapalle Pkg V [4L Access Controlled Greenfield from Gurvaygudem village to Devarapalle village Design Chainage 132664 to,2026-02,06/2025,04/2026,2026-03,10,09/2024,04/2026,06/2025,06/2025,06/2025,06/2025,04/2026,06/2026,06/2026,FlashReport_March_2026.pdf,93,Table 6: All Ongoing Projects,1,False,,NOT_SAMPLED,March revised completion target is later than the latest prior observed revised target.
618778,P:618778,4L of Madanapalle to Pileru Section from Km 0.000 to Km 55.900 of NH-71Package-I,2026-02,06/2025,06/2026,2026-03,12,01/2025,06/2026,06/2025,06/2025,06/2025,06/2025,06/2026,06/2026,06/2026,FlashReport_March_2026.pdf,93,Table 6: All Ongoing Projects,1,False,,NOT_SAMPLED,March revised completion target is later than the latest prior observed revised target.
617892,P:617892,Construction of 2-lane road of Potin to Pangin section of NH-13 from Km 163.59 to Km 206.66 Package-5 on EPC Mode in the State of Arunachal Pradesh under Arunachal Pradesh Package of Roads and Highways of SARDP-NE [Job No SARDP-NE/P-,2026-02,07/2024,05/2026,2026-03,22,11/2023,05/2026,07/2024,07/2024,07/2024,07/2024,05/2026,05/2026,05/2026,FlashReport_March_2026.pdf,94,Table 6: All Ongoing Projects,1,False,,NOT_SAMPLED,March revised completion target is later than the latest prior observed revised target.
619076,P:619076,Six Laning of Vijayawada Bypass from Chinna Avutapalli to Gollapudi in Vijayawada - Gundugolanu Section from km. 0.00 to km. 30.00 Pkg-III,2026-02,03/2024,05/2026,2026-03,26,02/2023,05/2026,,03/2024,03/2024,03/2024,05/2026,05/2026,05/2026,FlashReport_March_2026.pdf,94,Table 6: All Ongoing Projects,1,False,,NOT_SAMPLED,March revised completion target is later than the latest prior observed revised target.
619111,P:619111,6L Jakkuva Korlam Section of NH-130CD Road from km 396.800 to km 421.100 Pkg,2026-02,07/2024,05/2026,2026-03,22,03/2024,05/2026,,07/2024,07/2024,07/2024,05/2026,05/2026,05/2026,FlashReport_March_2026.pdf,94,Table 6: All Ongoing Projects,1,False,,NOT_SAMPLED,March revised completion target is later than the latest prior observed revised target.
619123,P:619123,6L Access Controlled Greenfield Highway from Narayanmpet Ch. 203500 to Chandrasekharpuram Ch. 228000Package-10,2026-02,06/2026,10/2026,2026-03,4,02/2026,10/2026,,06/2026,06/2026,06/2026,10/2026,12/2026,12/2026,FlashReport_March_2026.pdf,94,Table 6: All Ongoing Projects,1,False,,NOT_SAMPLED,March revised completion target is later than the latest prior observed revised target.
619124,P:619124,6L Access Controlled Greenfield Highway from Polavaram Ch. 260000 to Marripudi Ch. 285500 of [NH-544G]Package-12,2026-02,05/2026,08/2026,2026-03,3,02/2026,08/2026,,05/2026,05/2026,05/2026,08/2026,11/2026,11/2026,FlashReport_March_2026.pdf,94,Table 6: All Ongoing Projects,1,False,,NOT_SAMPLED,March revised completion target is later than the latest prior observed revised target.
619125,P:619125,6L Access Controlled Greenfield Highway from Somavarappadu Ch.314.600 to Muppavaram Ch.343240 of [NH-544G] Package-14,2026-02,05/2026,01/2027,2026-03,8,02/2026,01/2027,,05/2026,05/2026,05/2026,01/2027,03/2027,03/2027,FlashReport_March_2026.pdf,94,Table 6: All Ongoing Projects,1,True,2026-01;2026-02;2026-03;2026-04,SOURCE_VERIFIED,2026-01:FlashReport_January_2026.pdf:p93=05/2026; 2026-02:FlashReport_February_2026.pdf:p105=05/2026; 2026-03:FlashReport_March_2026.pdf:p94=01/2027; 2026-04:FlashReport_April2026.pdf:p97=03/2027
618433,P:618433,Construction of Balance work of 2-Lane with PS of Joram Koloriang Road from existing Km122.600 to km138.00 [Design Km108.724 to Km123.714] in Arunachal Pradesh on EPC Mode under SARDP-NE Pkg-7,2026-02,09/2023,04/2026,2026-03,31,04/2022,04/2026,07/2023,07/2023,09/2023,09/2023,04/2026,04/2026,04/2026,FlashReport_March_2026.pdf,95,Table 6: All Ongoing Projects,1,False,,NOT_SAMPLED,March revised completion target is later than the latest prior observed revised target.
618434,P:618434,Roing-Hunli Road Greenfield Alignment Project,2026-02,04/2025,06/2026,2026-03,14,03/2022,06/2026,04/2025,04/2025,04/2025,04/2025,06/2026,06/2026,06/2026,FlashReport_March_2026.pdf,95,Table 6: All Ongoing Projects,1,False,,NOT_SAMPLED,March revised completion target is later than the latest prior observed revised target.
618286,P:618286,Construction of New 2-Lane Bridge with its approaches from km 0000 to Km across River Brahmaputra on NH-17 at Jogighopa in Assam on EPC mode,2026-02,06/2026,12/2026,2026-03,6,11/2024,12/2026,06/2026,06/2026,06/2026,06/2026,12/2026,12/2026,12/2026,FlashReport_March_2026.pdf,96,Table 6: All Ongoing Projects,1,False,,NOT_SAMPLED,March revised completion target is later than the latest prior observed revised target.
618289,P:618289,Construction and up gradation to 4-Lane of existing two lane with paved shoulder from Hapachara to Tulungia road of NH-117 of existing Km 0.00 to km 14.050 and Design Km 0.000 to km 14.660 under BMP on EPC mode,2026-02,06/2024,03/2026,2026-03,21,12/2022,03/2026,06/2024,06/2024,06/2024,06/2024,03/2026,03/2026,03/2026,FlashReport_March_2026.pdf,96,Table 6: All Ongoing Projects,1,False,,NOT_SAMPLED,March revised completion target is later than the latest prior observed revised target.
618330,P:618330,Construction of 4/6 Laning from existing Km 159.400 of NH-36 to existing Km of NH-39 and upto end point of Assam portion [Design Km 118.050 to design Km 132.375] Total New Alignment length of 14.325 Km of Daboka -Dimapur Section Dimapur Bypass in the state of Assam under SARDP-NE 'Phase-A' on EPC mode Assam Portion,2026-02,08/2024,09/2025,2026-03,13,11/2022,09/2025,,,08/2024,08/2024,09/2025,09/2025,09/2025,FlashReport_March_2026.pdf,97,Table 6: All Ongoing Projects,1,False,,NOT_SAMPLED,March revised completion target is later than the latest prior observed revised target.
618435,P:618435,4-Laning from Rangagara to Kaliabor Tiniali from km 297.00 to km 315.315 of NH-37 on EPC basis under SARDP-NE in state of Assam,2026-02,07/2025,05/2026,2026-03,10,04/2020,05/2026,03/2025,03/2025,07/2025,07/2025,05/2026,06/2026,06/2026,FlashReport_March_2026.pdf,97,Table 6: All Ongoing Projects,1,False,,NOT_SAMPLED,March revised completion target is later than the latest prior observed revised target.
618436,P:618436,4-Laning of Jamugurihat to end of Biswanath Chariali By-Pass from Km 182.000 to Km 208.000 of NH-52 on EPC mode in state of Assam under SARDP-NE,2026-02,03/2025,07/2025,2026-03,4,06/2019,07/2025,03/2025,03/2025,03/2025,03/2025,07/2025,07/2025,07/2025,FlashReport_March_2026.pdf,97,Table 6: All Ongoing Projects,1,False,,NOT_SAMPLED,March revised completion target is later than the latest prior observed revised target.
618438,P:618438,"4-Laning of NH-37 Section between Demow to End of Moran Bypass From Km. 534.800 to Km. 561.700 including Emergency Landing Facility ELF under SARDP-NE, Phase 'A' in the State of Assam on EPC mode",2026-02,01/2025,08/2025,2026-03,7,07/2024,08/2025,01/2025,01/2025,01/2025,01/2025,08/2025,08/2025,08/2025,FlashReport_March_2026.pdf,97,Table 6: All Ongoing Projects,1,False,,NOT_SAMPLED,March revised completion target is later than the latest prior observed revised target.
618958,P:618958,2L with ES of Yagyi - Kalewa section from Milepost 40/0 to Milepost 115/5 in Myanmar,2026-02,02/2024,07/2027,2026-03,41,06/2023,07/2027,,,02/2024,02/2024,07/2027,07/2027,07/2027,FlashReport_March_2026.pdf,98,Table 6: All Ongoing Projects,1,False,,NOT_SAMPLED,March revised completion target is later than the latest prior observed revised target.
617961,P:617961,Gaya-Hisua-Rajgir-Nalanda-Biharsharif section km0.00 to 92.935 NH-82,2026-02,07/2022,07/2026,2026-03,48,11/2019,07/2026,07/2022,07/2022,07/2022,07/2022,07/2026,07/2026,07/2026,FlashReport_March_2026.pdf,99,Table 6: All Ongoing Projects,1,False,,NOT_SAMPLED,March revised completion target is later than the latest prior observed revised target.
617966,P:617966,Rehabilitation and Upgrading to 2 lanes/2-lane with paved shoulders configuration and strengthening of of Birpur and Bihpur Section from km 0.0 to Km 106 of NH 106 under phase I of National Highways Interconnectivity Improvement Projects NHIIP ICB No.,2026-02,06/2022,04/2026,2026-03,46,10/2019,04/2026,06/2022,06/2022,06/2022,06/2022,04/2026,05/2026,05/2026,FlashReport_March_2026.pdf,99,Table 6: All Ongoing Projects,1,False,,NOT_SAMPLED,March revised completion target is later than the latest prior observed revised target.
618005,P:618005,Sheohar-Sitamarhi Section km 40.000 to 79.400 km Lot-I,2026-02,06/2021,08/2025,2026-03,50,05/2018,08/2025,06/2021,06/2021,06/2021,06/2021,08/2025,06/2026,06/2026,FlashReport_March_2026.pdf,99,Table 6: All Ongoing Projects,1,False,,NOT_SAMPLED,March revised completion target is later than the latest prior observed revised target.
618006,P:618006,Sitamarhi-Jaynagar Section km 79.400 to km 156.500 Lot-II,2026-02,06/2021,05/2026,2026-03,59,12/2018,05/2026,06/2021,06/2021,06/2021,06/2021,05/2026,06/2026,06/2026,FlashReport_March_2026.pdf,99,Table 6: All Ongoing Projects,1,False,,NOT_SAMPLED,March revised completion target is later than the latest prior observed revised target.
618007,P:618007,Jaynagar-Narahia Section km 156.500 to km 219.945 Lot-III,2026-02,03/2021,08/2025,2026-03,53,11/2018,08/2025,03/2021,03/2021,03/2021,03/2021,08/2025,06/2026,06/2026,FlashReport_March_2026.pdf,99,Table 6: All Ongoing Projects,1,False,,NOT_SAMPLED,March revised completion target is later than the latest prior observed revised target.
618228,P:618228,construction of a new 4 lane Parallel to existing MG Setu with its approaces from km 0.00 to km 14.500 across river Ganga on NH-19 at Patna in the state of Bihar.,2026-02,01/2025,06/2027,2026-03,29,09/2024,06/2027,01/2025,01/2025,01/2025,01/2025,06/2027,06/2027,06/2027,FlashReport_March_2026.pdf,99,Table 6: All Ongoing Projects,1,True,2025-12;2026-01;2026-02;2026-03;2026-04,SOURCE_VERIFIED,2025-12:FlashReport_December_2025.pdf:p82=01/2025; 2026-01:FlashReport_January_2026.pdf:p97=01/2025; 2026-02:FlashReport_February_2026.pdf:p110=01/2025; 2026-03:FlashReport_March_2026.pdf:p99=06/2027; 2026-04:FlashReport_April2026.pdf:p102=06/2027
618234,P:618234,Construction of a new 4-lane major bridge across river Kosi at Phulaut including Rehabilitation and upgradation of existing Birpur and Bihpur section of NH-106 from km 106.000 to km 136.000 to 2-lane with paved shoulders in the State of Bihar on,2026-02,03/2026,02/2027,2026-03,11,06/2024,02/2027,03/2026,03/2026,03/2026,03/2026,02/2027,02/2027,02/2027,FlashReport_March_2026.pdf,99,Table 6: All Ongoing Projects,1,False,,NOT_SAMPLED,March revised completion target is later than the latest prior observed revised target.
618251,P:618251,"Improvement and Up gradation to four lane with Paved shoulder configuration from Existing Km 0000 to Km 39500 design km 0500 to Km 40342, Design length km of NH 227A near Mehrauna GhatUP Bihar Border to Siwan on the state of Bihar on Hybrid",2026-02,11/2025,03/2028,2026-03,28,03/2028,03/2028,,11/2025,11/2025,11/2025,03/2028,03/2028,03/2028,FlashReport_March_2026.pdf,100,Table 6: All Ongoing Projects,1,False,,NOT_SAMPLED,March revised completion target is later than the latest prior observed revised target.
618739,P:618739,4L Greenfield Alignment of Amas to Shivrampur from 0.000 Km. to 55.002 Km. of NH 119 D Pkg-I,2026-02,12/2025,06/2027,2026-03,18,03/2025,06/2027,12/2025,12/2025,12/2025,12/2025,06/2027,09/2026,09/2026,FlashReport_March_2026.pdf,100,Table 6: All Ongoing Projects,1,False,,NOT_SAMPLED,March revised completion target is later than the latest prior observed revised target.
618740,P:618740,4L Greenfield Alignment of Shivrampur to Ramnagar from Km. 55.002 to Km. 109.300 of NH 119 D Pkg-II,2026-02,12/2025,06/2027,2026-03,18,07/2025,06/2027,12/2025,12/2025,12/2025,12/2025,06/2027,06/2027,06/2027,FlashReport_March_2026.pdf,100,Table 6: All Ongoing Projects,1,False,,NOT_SAMPLED,March revised completion target is later than the latest prior observed revised target.
618741,P:618741,4L Greenfield Alignment from Kalyanapur to Tal Dashraha of NH-119D Pkg-III,2026-02,12/2025,06/2027,2026-03,18,02/2025,06/2027,02/2025,02/2025,12/2025,12/2025,06/2027,06/2027,06/2027,FlashReport_March_2026.pdf,100,Table 6: All Ongoing Projects,1,False,,NOT_SAMPLED,March revised completion target is later than the latest prior observed revised target.
618839,P:618839,Aunta - Simaria including Ganga Bridge,2026-02,05/2025,04/2026,2026-03,11,02/2022,04/2026,05/2025,05/2025,05/2025,05/2025,04/2026,04/2026,04/2026,FlashReport_March_2026.pdf,101,Table 6: All Ongoing Projects,1,False,,NOT_SAMPLED,March revised completion target is later than the latest prior observed revised target.
618840,P:618840,Simaria Km. 206.050 to Khagaria Km.,2026-02,03/2025,07/2026,2026-03,16,04/2019,07/2026,03/2025,03/2025,03/2025,03/2025,07/2026,07/2026,07/2026,FlashReport_March_2026.pdf,101,Table 6: All Ongoing Projects,1,False,,NOT_SAMPLED,March revised completion target is later than the latest prior observed revised target.
618841,P:618841,4L Elevated Section and at-grade improvements at Begusarai town Simaria - Khagaria section from Km. 221.047 to Km. 225.302 of NH-31,2026-02,12/2025,06/2026,2026-03,6,12/2024,06/2026,12/2025,12/2025,12/2025,12/2025,06/2026,06/2026,06/2026,FlashReport_March_2026.pdf,101,Table 6: All Ongoing Projects,1,False,,NOT_SAMPLED,March revised completion target is later than the latest prior observed revised target.
618862,P:618862,Bakhtiyarpur-Rajauli Pkg-III from km. 101.630 to km.152.520,2026-02,04/2025,04/2026,2026-03,12,06/2024,04/2026,,,04/2025,04/2025,04/2026,05/2026,05/2026,FlashReport_March_2026.pdf,101,Table 6: All Ongoing Projects,1,False,,NOT_SAMPLED,March revised completion target is later than the latest prior observed revised target.
618902,P:618902,Maheshkunt-Saharsa-Purnea Pkg I km 0.00 to km. 90.00 of NH-107,2026-02,08/2025,07/2026,2026-03,11,12/2021,07/2026,08/2025,08/2025,08/2025,08/2025,07/2026,09/2026,09/2026,FlashReport_March_2026.pdf,101,Table 6: All Ongoing Projects,1,False,,NOT_SAMPLED,March revised completion target is later than the latest prior observed revised target.
618903,P:618903,Maheshkunt -Saharsa-Purnea Pkg II,2026-02,03/2026,06/2026,2026-03,3,12/2020,06/2026,11/2025,11/2025,03/2026,03/2026,06/2026,09/2026,09/2026,FlashReport_March_2026.pdf,101,Table 6: All Ongoing Projects,1,False,,NOT_SAMPLED,March revised completion target is later than the latest prior observed revised target.
617919,P:617919,Construction of 4 Nos Grade separtor between km. 281.000 to km. 307.600 km. 286.400 kumhari km. 299.000 Transport Nagar km. 302.000 Power House km. 304.000 Chandra Moura Chowk to km. 305.000 supeia of NH-53 old NH-06 Raipur - Durg 4 Lane on EPC mode in the state of chhattisgarh job NO. NH-53old NH-06 CG- 2017-18-56,2026-02,01/2021,08/2025,2026-03,55,01/2021,08/2025,,,01/2021,01/2021,08/2025,08/2025,08/2025,FlashReport_March_2026.pdf,102,Table 6: All Ongoing Projects,1,False,,NOT_SAMPLED,March revised completion target is later than the latest prior observed revised target.
619152,P:619152,Bakhtiyarpur Km 153.300 to Mokama Km,2026-02,02/2021,04/2026,2026-03,62,12/2019,04/2026,,02/2021,02/2021,02/2021,04/2026,05/2026,05/2026,FlashReport_March_2026.pdf,102,Table 6: All Ongoing Projects,1,False,,NOT_SAMPLED,March revised completion target is later than the latest prior observed revised target.
617942,P:617942,Construction of Six lane Elevated Corridor from Km. 508.000 to Km. 513.150 including approaches on NH-66,2026-02,02/2026,10/2026,2026-03,8,04/2026,10/2026,02/2026,02/2026,02/2026,02/2026,10/2026,10/2026,10/2026,FlashReport_March_2026.pdf,103,Table 6: All Ongoing Projects,1,False,,NOT_SAMPLED,March revised completion target is later than the latest prior observed revised target.
618509,P:618509,& Diu (619183) (-) Development of 6L UER II [Package - I] NH-1 Near Bakoli till Karala Kanjhawala Road from km. 0.70 to km.15.00,2026-02,02/2025,04/2026,2026-03,14,10/2023,04/2026,02/2025,02/2025,02/2025,02/2025,04/2026,05/2026,05/2026,FlashReport_March_2026.pdf,103,Table 6: All Ongoing Projects,1,True,2025-12;2026-01;2026-02;2026-03;2026-04,SOURCE_VERIFIED,2025-12:FlashReport_December_2025.pdf:p83=02/2025; 2026-01:FlashReport_January_2026.pdf:p99=02/2025; 2026-02:FlashReport_February_2026.pdf:p114=02/2025; 2026-03:FlashReport_March_2026.pdf:p103=04/2026; 2026-04:FlashReport_April2026.pdf:p107=05/2026
618674,P:618674,Development of 6L Sargi Basanwahi Section from km 42.800 to km 99.500 of NH- 130CD Pkg-CG-2,2026-02,09/2025,04/2026,2026-03,7,01/2025,04/2026,09/2025,09/2025,09/2025,09/2025,04/2026,05/2026,05/2026,FlashReport_March_2026.pdf,103,Table 6: All Ongoing Projects,1,False,,NOT_SAMPLED,March revised completion target is later than the latest prior observed revised target.
618675,P:618675,Development of 6L of Basanwahi Marangpuri Section from km 99.500 to km of NH-130-CD,2026-02,07/2026,12/2026,2026-03,5,10/2025,12/2026,07/2026,07/2026,07/2026,07/2026,12/2026,03/2027,03/2027,FlashReport_March_2026.pdf,103,Table 6: All Ongoing Projects,1,False,,NOT_SAMPLED,March revised completion target is later than the latest prior observed revised target.
618849,P:618849,Conversion of Partially Excavated Escape Tunnel to Uni-Directional 2L Tunnelincluding construction of cross passages and approach roads on either side of the tunnel from Km 12.732 to Km 14.568 of Kiratpur to Nerchowk Section of NH-21,2026-02,08/2025,04/2026,2026-03,8,03/2024,04/2026,08/2025,08/2025,08/2025,08/2025,04/2026,05/2026,05/2026,FlashReport_March_2026.pdf,103,Table 6: All Ongoing Projects,1,False,,NOT_SAMPLED,March revised completion target is later than the latest prior observed revised target.
619090,P:619090,8L of Dwarka Expressway Pkg-II RuB near Dwarka Sector 21-DL/HR Border from 5.300 Km.to 9.500 Km. of NH-248BB,2026-02,07/2025,04/2026,2026-03,9,10/2021,04/2026,,07/2025,07/2025,07/2025,04/2026,05/2026,05/2026,FlashReport_March_2026.pdf,103,Table 6: All Ongoing Projects,1,False,,NOT_SAMPLED,March revised completion target is later than the latest prior observed revised target.
619167,P:619167,4 Laning with PS of Pathrapalli-Katghora km 53.3 to km 92.6 Pkg-II of Bilaspur Kathghora,2026-02,07/2023,06/2026,2026-03,35,12/2022,06/2026,,07/2023,07/2023,07/2023,06/2026,06/2026,06/2026,FlashReport_March_2026.pdf,103,Table 6: All Ongoing Projects,1,False,,NOT_SAMPLED,March revised completion target is later than the latest prior observed revised target.
619202,P:619202,Dwarka Expressway from Km -0.600 to Km 5.300 - Pkg-I Shivmurti Chowk-RuB near Dwarka Sector,2026-02,02/2024,04/2026,2026-03,26,09/2022,04/2026,,,02/2024,02/2024,04/2026,05/2026,05/2026,FlashReport_March_2026.pdf,103,Table 6: All Ongoing Projects,1,False,,NOT_SAMPLED,March revised completion target is later than the latest prior observed revised target.
617926,P:617926,Construction of new 4 lane major bridge with approaches on Sabarmati River near Dharoi at Km. 82/00 to 86/00 Design length 3.300 km on NH-58 in the State of Gujarat on Hybrid Annuity Mode HAM,2026-02,11/2025,08/2027,2026-03,21,08/2027,08/2027,,11/2025,11/2025,11/2025,08/2027,08/2027,08/2027,FlashReport_March_2026.pdf,104,Table 6: All Ongoing Projects,1,False,,NOT_SAMPLED,March revised completion target is later than the latest prior observed revised target.
618460,P:618460,Delhi-Vadodara Greenfield Alignment NH-148N Pkg-28 Ch.756052 to Ch.781282,2026-02,05/2025,04/2026,2026-03,11,11/2023,04/2026,05/2025,05/2025,05/2025,05/2025,04/2026,05/2026,05/2026,FlashReport_March_2026.pdf,104,Table 6: All Ongoing Projects,1,False,,NOT_SAMPLED,March revised completion target is later than the latest prior observed revised target.
618463,P:618463,Vadodara Mumbai Expressway Kim to Ankleshwar Phase IA - Pkg V,2026-02,04/2025,06/2026,2026-03,14,10/2021,06/2026,04/2025,04/2025,04/2025,04/2025,06/2026,06/2026,06/2026,FlashReport_March_2026.pdf,104,Table 6: All Ongoing Projects,1,False,,NOT_SAMPLED,March revised completion target is later than the latest prior observed revised target.
618464,P:618464,Vadodara Mumbai Expressway Ena -Kim Phase IB - Pkg VI [Km 217.500 to Km 254.430],2026-02,11/2024,04/2026,2026-03,17,12/2023,04/2026,,,11/2024,11/2024,04/2026,05/2026,05/2026,FlashReport_March_2026.pdf,104,Table 6: All Ongoing Projects,1,False,,NOT_SAMPLED,March revised completion target is later than the latest prior observed revised target.
618465,P:618465,Vadodara Mumbai Expressway Gandeva to Ena Phase IB - Pkg VII [Km 190.00 to Km 217.500],2026-02,03/2025,04/2026,2026-03,13,11/2023,04/2026,03/2025,03/2025,03/2025,03/2025,04/2026,05/2026,05/2026,FlashReport_March_2026.pdf,104,Table 6: All Ongoing Projects,1,False,,NOT_SAMPLED,March revised completion target is later than the latest prior observed revised target.
618501,P:618501,Ahmedabad - Dholera Pkg I from km. 0.00 to km. 22.00 [Sardar Patel Ring Road - Sindhrej Village],2026-02,10/2024,04/2026,2026-03,18,01/2024,04/2026,10/2024,10/2024,10/2024,10/2024,04/2026,05/2026,05/2026,FlashReport_March_2026.pdf,105,Table 6: All Ongoing Projects,1,False,,NOT_SAMPLED,March revised completion target is later than the latest prior observed revised target.
618503,P:618503,Ahmedabad - Dholera Pkg III from km. 48.52 to km. 71.06 [Vejallka Village - Start of DSIR zone],2026-02,05/2024,04/2026,2026-03,23,07/2023,04/2026,05/2024,05/2024,05/2024,05/2024,04/2026,05/2026,05/2026,FlashReport_March_2026.pdf,105,Table 6: All Ongoing Projects,1,False,,NOT_SAMPLED,March revised completion target is later than the latest prior observed revised target.
618504,P:618504,Ahmedabad - Dholera Pkg IV from km. 71.06 to km. 109.019 [Start of DSIR zone - Adhelai Village],2026-02,10/2024,04/2026,2026-03,18,12/2023,04/2026,10/2024,10/2024,10/2024,10/2024,04/2026,05/2026,05/2026,FlashReport_March_2026.pdf,105,Table 6: All Ongoing Projects,1,False,,NOT_SAMPLED,March revised completion target is later than the latest prior observed revised target.
618614,P:618614,Sanchore - Santalpur from km 67.000 - km 99.000 of NH-754K AJ-RGBS-Package-3,2026-02,01/2024,04/2026,2026-03,27,08/2023,04/2026,01/2024,01/2024,01/2024,01/2024,04/2026,05/2026,05/2026,FlashReport_March_2026.pdf,105,Table 6: All Ongoing Projects,1,False,,NOT_SAMPLED,March revised completion target is later than the latest prior observed revised target.
618615,P:618615,Sanchore - Santalpur from km 99.000 - km 130.073 of NH-754K AJ-RGBS-Package-4,2026-02,12/2024,04/2026,2026-03,16,03/2023,04/2026,12/2024,12/2024,12/2024,12/2024,04/2026,05/2026,05/2026,FlashReport_March_2026.pdf,105,Table 6: All Ongoing Projects,1,True,2025-12;2026-01;2026-02;2026-03;2026-04,SOURCE_VERIFIED,2025-12:FlashReport_December_2025.pdf:p84=12/2024; 2026-01:FlashReport_January_2026.pdf:p100=12/2024; 2026-02:FlashReport_February_2026.pdf:p116=12/2024; 2026-03:FlashReport_March_2026.pdf:p105=04/2026; 2026-04:FlashReport_April2026.pdf:p108=05/2026
618833,P:618833,Kodinar - Veraval Package VI from km. 221.610 to km. 263.00 of NH-8E & km. 120.900 to km. 121.150 of NH-8D,2026-02,10/2024,04/2026,2026-03,18,07/2020,04/2026,10/2024,10/2024,10/2024,10/2024,04/2026,05/2026,05/2026,FlashReport_March_2026.pdf,105,Table 6: All Ongoing Projects,1,False,,NOT_SAMPLED,March revised completion target is later than the latest prior observed revised target.
619067,P:619067,6L of Chiloda-Naroda section from Km. 540.595 to Km. 555.595 of NH-8Package-VII,2026-02,07/2021,05/2026,2026-03,58,05/2019,05/2026,,07/2021,07/2021,07/2021,05/2026,05/2026,05/2026,FlashReport_March_2026.pdf,105,Table 6: All Ongoing Projects,1,False,,NOT_SAMPLED,March revised completion target is later than the latest prior observed revised target.
619137,P:619137,4L of Dwarka-Khambaliya-Devariya section from km 203.500 to km 176.500 and from km 171.800 to km 125.000 of NH-151A,2026-02,06/2023,04/2026,2026-03,34,08/2022,04/2026,,06/2023,06/2023,06/2023,04/2026,05/2026,05/2026,FlashReport_March_2026.pdf,105,Table 6: All Ongoing Projects,1,False,,NOT_SAMPLED,March revised completion target is later than the latest prior observed revised target.
618482,P:618482,Delhi-Amritsar-Katra Expressway Phase-I Pkg-I from Jussur Kheri on NH-KMP Expressway to Junction with Rohtak-Panipat road NH-709 near Rukhi Paani village Km 0000 to Km 34000,2026-02,02/2025,04/2026,2026-03,14,12/2023,04/2026,,,02/2025,02/2025,04/2026,05/2026,05/2026,FlashReport_March_2026.pdf,106,Table 6: All Ongoing Projects,1,False,,NOT_SAMPLED,March revised completion target is later than the latest prior observed revised target.
618483,P:618483,Delhi-Amritsar-Katra Expressway Phase-I Pkg-II from Junction with Rohtak-Panipat road NH-709 near Rukhi Paani village to Junction with Jind-Panipat road NH-352A near Gangana village Km 34000 to Km 60800,2026-02,10/2024,04/2026,2026-03,18,01/2024,04/2026,,,10/2024,10/2024,04/2026,05/2026,05/2026,FlashReport_March_2026.pdf,106,Table 6: All Ongoing Projects,1,False,,NOT_SAMPLED,March revised completion target is later than the latest prior observed revised target.
618936,P:618936,Jagadhari - Tajewala from Km -0.175 to 32.337 km of NH-344,2026-02,03/2026,11/2026,2026-03,8,02/2025,11/2026,03/2026,03/2026,03/2026,03/2026,11/2026,05/2027,05/2027,FlashReport_March_2026.pdf,106,Table 6: All Ongoing Projects,1,False,,NOT_SAMPLED,March revised completion target is later than the latest prior observed revised target.
619132,P:619132,4/6L of Gurgaon - Pataudi - Rewari from km. 0.00 to km.43.87 of NH-352W,2026-02,12/2025,06/2026,2026-03,6,11/2023,06/2026,,12/2025,12/2025,12/2025,06/2026,08/2026,08/2026,FlashReport_March_2026.pdf,106,Table 6: All Ongoing Projects,1,False,,NOT_SAMPLED,March revised completion target is later than the latest prior observed revised target.
619197,P:619197,Delhi-Vadodara Greenfield Alignment NH-148N Pkg-27 Ch.729.700 to Ch.756.052,2026-02,12/2024,04/2026,2026-03,16,02/2024,04/2026,,,12/2024,12/2024,04/2026,05/2026,05/2026,FlashReport_March_2026.pdf,106,Table 6: All Ongoing Projects,1,False,,NOT_SAMPLED,March revised completion target is later than the latest prior observed revised target.
618850,P:618850,Nerchowk km 190.000 to Pandoh including Pandoh bypass km221.305,2026-02,07/2025,04/2026,2026-03,9,07/2020,04/2026,07/2025,07/2025,07/2025,07/2025,04/2026,05/2026,05/2026,FlashReport_March_2026.pdf,107,Table 6: All Ongoing Projects,1,False,,NOT_SAMPLED,March revised completion target is later than the latest prior observed revised target.
619003,P:619003,Solan - Kaithlighat Section of NH-22 Now NH-5 from Km. 106.139 to Km.129.05,2026-02,02/2024,11/2026,2026-03,33,05/2021,11/2026,,02/2024,02/2024,02/2024,11/2026,11/2026,11/2026,FlashReport_March_2026.pdf,108,Table 6: All Ongoing Projects,1,False,,NOT_SAMPLED,March revised completion target is later than the latest prior observed revised target.
619153,P:619153,4L of HP/Punjab Border - Mo from km. 11.00 to km. 42.00 of Old NH-20 New NH-154 Package-IA,2026-02,12/2025,06/2026,2026-03,6,05/2024,06/2026,,12/2025,12/2025,12/2025,06/2026,09/2026,09/2026,FlashReport_March_2026.pdf,108,Table 6: All Ongoing Projects,1,False,,NOT_SAMPLED,March revised completion target is later than the latest prior observed revised target.
618394,P:618394,Up-gradation to 2-lane with Paved Shoulder from Km 12.850 to Km20.300 of 7.450Km length on Goha-Khellani section and a link road to Goha village of 2.016 km on NH- 244 in UT of Jammu and Kashmir on EPC Mode Pkg-1 Jammu and (NHIDCL) Kashmir,2026-02,06/2025,10/2026,2026-03,16,04/2022,10/2026,06/2025,,06/2025,06/2025,10/2026,10/2026,10/2026,FlashReport_March_2026.pdf,109,Table 6: All Ongoing Projects,1,False,,NOT_SAMPLED,March revised completion target is later than the latest prior observed revised target.
618395,P:618395,"Construction & Upgradation to 2-lane with paved shoulder from Design Ch. Km at Premnagar km 66315 to Km 66535 New Thatri at Start of Km 83rd, Tunnel Km 82665 of 14.835 Km design length on Chenani-Sudhmahadev-Goha Khellani- Kishtwar-Vailoo Donipawa-Ashajipora section of NH-244 in the UT of J&K on EPC Jammu and Mode under NHO-Gen Pkg - 2 Kashmir",2026-02,07/2025,10/2026,2026-03,15,02/2023,10/2026,,,07/2025,07/2025,10/2026,10/2026,10/2026,FlashReport_March_2026.pdf,109,Table 6: All Ongoing Projects,1,False,,NOT_SAMPLED,March revised completion target is later than the latest prior observed revised target.
618398,P:618398,Up-gradation to 2-lane with Paved Shoulder from Km 20.300 to Km 29.030 of Km length on Goha-Khellani section on NH-244 in UT of Jammu and Kashmir on EPC Mode Package II Jammu and (NHIDCL) Kashmir,2026-02,06/2025,03/2026,2026-03,9,04/2022,03/2026,,,06/2025,06/2025,03/2026,03/2026,03/2026,FlashReport_March_2026.pdf,109,Table 6: All Ongoing Projects,1,False,,NOT_SAMPLED,March revised completion target is later than the latest prior observed revised target.
618399,P:618399,Construction of Kishtwar bypass with 2 lane with paved shoulder from Design Km. 80.675 Dulhasti to km 95.550 Bandarkoot of 14.88 km & a link road to Kishtwar town from 0000 to 1.871 of length1.871 Km on Khellani - Kishtwar - Chattroo section in UT Jammu and Kashmir,2026-02,03/2026,06/2027,2026-03,15,08/2023,06/2027,,,03/2026,03/2026,06/2027,06/2027,06/2027,FlashReport_March_2026.pdf,109,Table 6: All Ongoing Projects,1,True,2026-02;2026-03;2026-04,SOURCE_VERIFIED,2026-02:FlashReport_February_2026.pdf:p120=03/2026; 2026-03:FlashReport_March_2026.pdf:p109=06/2027; 2026-04:FlashReport_April2026.pdf:p113=06/2027
618400,P:618400,Construction & Upgradation to 2-lane with paved shoulder from Design Km 67.805 at the end of Km 83rd Tunnel near Dhrabshalla Ex. Km 83905 to Km 80.675 start of Kishtwar Bypass - Dulhasti Ex. Km 970751 of 12.870 Km length on chenani- Sudhmahadev-Goha Khellani-Kishtwar-vailoo-Donipawa-Ashajipora seition of NH-244 Jammu and in the UT of J&K on EPC Mode under NHO-Gen Pkg-3 Kashmir,2026-02,10/2024,08/2025,2026-03,10,12/2022,08/2025,,,10/2024,10/2024,08/2025,08/2025,08/2025,FlashReport_March_2026.pdf,109,Table 6: All Ongoing Projects,1,False,,NOT_SAMPLED,March revised completion target is later than the latest prior observed revised target.
618494,P:618494,Delhi-Amritsar-Katra Expressway Phase-II Pkg-XV [Junction with Hiranagar Road near village Gurha Baildaran to Junction with Jammu Ring Road NH-244A near Jakh village from Km 468100 to Km 503250] Jammu and (National Highways Authority of India [NHAI]) Kashmir,2026-02,02/2026,10/2026,2026-03,8,09/2024,10/2026,02/2026,02/2026,02/2026,02/2026,10/2026,12/2026,12/2026,FlashReport_March_2026.pdf,109,Table 6: All Ongoing Projects,1,False,,NOT_SAMPLED,March revised completion target is later than the latest prior observed revised target.
618495,P:618495,4/6L Access Control Expressway from Design Chainage Km 515.000 to Kunjwani to Sidhra Section of NH-44 and from Design Chainage Km 550.900 to Km 566.520 Domel to Katra Section Phase II-Package XVII Jammu and (National Highways Authority of India [NHAI]) Kashmir,2026-02,02/2026,03/2027,2026-03,13,06/2025,03/2027,02/2026,02/2026,02/2026,02/2026,03/2027,03/2027,03/2027,FlashReport_March_2026.pdf,109,Table 6: All Ongoing Projects,1,False,,NOT_SAMPLED,March revised completion target is later than the latest prior observed revised target.
618496,P:618496,Delhi-Amritsar-Katra Expressway Phase-II Pkg-XVI Existing Jakh Vijaypur-Kunjwani section of NH-44 including spur Connectivity to Jammu Airport NH-144A [Km to km 514500] Jammu and (National Highways Authority of India [NHAI]) Kashmir,2026-02,03/2026,06/2026,2026-03,3,09/2024,06/2026,03/2026,03/2026,03/2026,03/2026,06/2026,09/2026,09/2026,FlashReport_March_2026.pdf,109,Table 6: All Ongoing Projects,1,False,,NOT_SAMPLED,March revised completion target is later than the latest prior observed revised target.
618084,P:618084,Widening to 2-lane with paved shoulder from km 0.00 to 44.00 Kuru-Ghaghra section of NH-143A including re-construction of culverts and bridges.,2026-02,11/2023,03/2026,2026-03,28,08/2023,03/2026,11/2023,11/2023,11/2023,11/2023,03/2026,03/2026,03/2026,FlashReport_March_2026.pdf,110,Table 6: All Ongoing Projects,1,False,,NOT_SAMPLED,March revised completion target is later than the latest prior observed revised target.
618541,P:618541,4L Ring road/bypass around Srinagar city from km 0.000 to km 42.100 Phase-I Jammu and,2026-02,10/2025,07/2026,2026-03,9,02/2024,07/2026,10/2025,10/2025,10/2025,10/2025,07/2026,07/2026,07/2026,FlashReport_March_2026.pdf,110,Table 6: All Ongoing Projects,1,False,,NOT_SAMPLED,March revised completion target is later than the latest prior observed revised target.
618543,P:618543,4L of twin tube tunnel configuration including approaches from Marog to Digdol from Km.154.210 to Km.158.650 North Bound and from Km.155.940 to Km.160.260 South Bound of Ramban to Banihal Pkg-I of Old NH-1A New NH-44 Jammu and (National Highways Authority of India [NHAI]) Kashmir,2026-02,06/2026,06/2027,2026-03,12,08/2025,06/2027,06/2026,06/2026,06/2026,06/2026,06/2027,12/2027,12/2027,FlashReport_March_2026.pdf,110,Table 6: All Ongoing Projects,1,False,,NOT_SAMPLED,March revised completion target is later than the latest prior observed revised target.
618544,P:618544,"4L twin tube tunnel including approaches from Digdol to Khuni Nallah North Bound connecting with existing major bridge on NB and South Bound connecting with Tunnel T4 ,Single tube tunnel of Ramban to Banihal Pkg-II of Old NH-1A New NH-44 Jammu and (National Highways Authority of India [NHAI]) Kashmir",2026-02,05/2025,06/2026,2026-03,13,06/2024,06/2026,05/2025,05/2025,05/2025,05/2025,06/2026,08/2026,08/2026,FlashReport_March_2026.pdf,110,Table 6: All Ongoing Projects,1,False,,NOT_SAMPLED,March revised completion target is later than the latest prior observed revised target.
618549,P:618549,Construction of twin tube tunnels on Jammu Kashmir Ring Road NH-244A Between Design Ch. 50600 to 51700 and design Ch. 53535 to 55700 on EPC mode under residual NHDP component of Bharatmala Pariyojna Jammu and (National Highways Authority of India [NHAI]) Kashmir,2026-02,03/2026,06/2026,2026-03,3,06/2025,06/2026,03/2026,03/2026,03/2026,03/2026,06/2026,12/2026,12/2026,FlashReport_March_2026.pdf,110,Table 6: All Ongoing Projects,1,False,,NOT_SAMPLED,March revised completion target is later than the latest prior observed revised target.
618550,P:618550,Corridor Efficiency Improvement including removal of black spots in Lakhanpur - Samba section of NH-44 from Chainage Km. 16.300 to Km. Jammu and Kashmir,2026-02,05/2025,06/2026,2026-03,13,06/2024,06/2026,05/2025,05/2025,05/2025,05/2025,06/2026,09/2026,09/2026,FlashReport_March_2026.pdf,110,Table 6: All Ongoing Projects,1,False,,NOT_SAMPLED,March revised completion target is later than the latest prior observed revised target.
618642,P:618642,4L of Palma to Gumla from km. 26.00 to km. 89.170 of NH-23,2026-02,10/2024,04/2026,2026-03,18,03/2024,04/2026,10/2024,10/2024,10/2024,10/2024,04/2026,05/2026,05/2026,FlashReport_March_2026.pdf,110,Table 6: All Ongoing Projects,1,False,,NOT_SAMPLED,March revised completion target is later than the latest prior observed revised target.
617935,P:617935,"Construction of Elevated corridor from Km. 135.650 to 136.300 on 63, from Km. 249 to Km. 250.050 on old NH-4 and from Km. 192.910 to Km. 193.350 on NH-218 from decongestion of traffic in Ranichennamma circle in Hubli city in the state of Karnataka",2026-02,08/2025,11/2026,2026-03,15,06/2024,11/2026,08/2025,08/2025,08/2025,08/2025,11/2026,11/2026,11/2026,FlashReport_March_2026.pdf,111,Table 6: All Ongoing Projects,1,False,,NOT_SAMPLED,March revised completion target is later than the latest prior observed revised target.
617989,P:617989,Construction of Major Bridge at Km.180.865 across river Krishna on NH 167 Hagari Jadcherla section,2026-02,10/2024,03/2026,2026-03,17,11/2021,03/2026,10/2024,10/2024,10/2024,10/2024,03/2026,03/2026,03/2026,FlashReport_March_2026.pdf,111,Table 6: All Ongoing Projects,1,False,,NOT_SAMPLED,March revised completion target is later than the latest prior observed revised target.
618645,P:618645,4L of Gola-BokaroJaina More section from Km 53.600 to Km 21.110 of NH-320PKG-1,2026-02,01/2026,05/2026,2026-03,4,06/2025,05/2026,01/2026,01/2026,01/2026,01/2026,05/2026,05/2026,05/2026,FlashReport_March_2026.pdf,111,Table 6: All Ongoing Projects,1,False,,NOT_SAMPLED,March revised completion target is later than the latest prior observed revised target.
618863,P:618863,Barhi-Koderma Section of NH31 km 0.00 - km,2026-02,08/2024,04/2026,2026-03,20,08/2024,04/2026,,,08/2024,08/2024,04/2026,05/2026,05/2026,FlashReport_March_2026.pdf,111,Table 6: All Ongoing Projects,1,True,2026-02;2026-03;2026-04,SOURCE_VERIFIED,2026-02:FlashReport_February_2026.pdf:p122=08/2024; 2026-03:FlashReport_March_2026.pdf:p111=04/2026; 2026-04:FlashReport_April2026.pdf:p115=05/2026
618946,P:618946,4L of Mehgama - Hansdiha from km. 41.900 to km. 93.000 of NH -133A Pkg-II,2026-02,03/2026,04/2026,2026-03,1,05/2025,04/2026,03/2026,03/2026,03/2026,03/2026,04/2026,05/2026,05/2026,FlashReport_March_2026.pdf,111,Table 6: All Ongoing Projects,1,False,,NOT_SAMPLED,March revised completion target is later than the latest prior observed revised target.
618947,P:618947,4L of NH-80 from km 215.00 to km 260.00 Mirza Chauki to Farkka Pkg-I,2026-02,02/2026,07/2026,2026-03,5,07/2023,07/2026,06/2025,02/2026,02/2026,02/2026,07/2026,07/2026,07/2026,FlashReport_March_2026.pdf,111,Table 6: All Ongoing Projects,1,False,,NOT_SAMPLED,March revised completion target is later than the latest prior observed revised target.
618518,P:618518,Davanagere - Haveri of NH-48 Old NH-4 from km. 260.00 to km.,2026-02,10/2024,09/2026,2026-03,23,07/2020,09/2026,,,10/2024,10/2024,09/2026,09/2026,09/2026,FlashReport_March_2026.pdf,113,Table 6: All Ongoing Projects,1,False,,NOT_SAMPLED,March revised completion target is later than the latest prior observed revised target.
618520,P:618520,4L of km 0.00 to km 42.00 of Dobbaspet to Doddaballapura Bypass section of NH-648 old NH-207] [Bangalore Ring Road Pkg 1],2026-02,02/2024,04/2026,2026-03,26,04/2023,04/2026,,,02/2024,02/2024,04/2026,06/2026,06/2026,FlashReport_March_2026.pdf,113,Table 6: All Ongoing Projects,1,False,,NOT_SAMPLED,March revised completion target is later than the latest prior observed revised target.
618630,P:618630,6L of MH/KN Border Nimbal Village to KN/TS Border Singnodi Village from Km. 26.000 to Km. 97.000 in Gulbarga of NH-150C Pkg-II,2026-02,05/2026,08/2026,2026-03,3,06/2025,08/2026,05/2026,05/2026,05/2026,05/2026,08/2026,11/2026,11/2026,FlashReport_March_2026.pdf,113,Table 6: All Ongoing Projects,1,False,,NOT_SAMPLED,March revised completion target is later than the latest prior observed revised target.
618706,P:618706,Bangalore-Nidagatta Pkg. I,2026-02,08/2022,04/2026,2026-03,44,11/2021,04/2026,,,08/2022,08/2022,04/2026,06/2026,06/2026,FlashReport_March_2026.pdf,113,Table 6: All Ongoing Projects,1,False,,NOT_SAMPLED,March revised completion target is later than the latest prior observed revised target.
618799,P:618799,Belakeri Port to Kumta - Sirsi road from km 0.00 - km 4.265 of Belekeri Port Road Link Rd. and km 4.965 - km 60.00 of SH-69,2026-02,12/2025,05/2026,2026-03,5,12/2022,05/2026,12/2025,12/2025,12/2025,12/2025,05/2026,06/2026,06/2026,FlashReport_March_2026.pdf,113,Table 6: All Ongoing Projects,1,False,,NOT_SAMPLED,March revised completion target is later than the latest prior observed revised target.
618887,P:618887,4L of Bettadahalli- Shivamogga section from Km.170.415 to km. 226.750 of NH-206 Tumkur- Shivamogga Pkg-IV,2026-02,10/2024,03/2027,2026-03,29,10/2023,03/2027,10/2024,10/2024,10/2024,10/2024,03/2027,03/2027,03/2027,FlashReport_March_2026.pdf,114,Table 6: All Ongoing Projects,1,False,,NOT_SAMPLED,March revised completion target is later than the latest prior observed revised target.
619072,P:619072,Bangalore/TN border to Hoskote,2026-02,02/2026,07/2026,2026-03,5,02/2025,07/2026,,02/2026,02/2026,02/2026,07/2026,08/2026,08/2026,FlashReport_March_2026.pdf,114,Table 6: All Ongoing Projects,1,False,,NOT_SAMPLED,March revised completion target is later than the latest prior observed revised target.
619096,P:619096,Goa / Karnataka Km.93.700 to Kundapur Km.283.30,2026-02,03/2020,07/2026,2026-03,76,08/2016,07/2026,,03/2020,03/2020,03/2020,07/2026,07/2026,07/2026,FlashReport_March_2026.pdf,114,Table 6: All Ongoing Projects,1,False,,NOT_SAMPLED,March revised completion target is later than the latest prior observed revised target.
619117,P:619117,Hassan km 184.912 to Maranahally km 230.060 of NH - 75 in Karnataka,2026-02,06/2025,04/2026,2026-03,10,03/2019,04/2026,,06/2025,06/2025,06/2025,04/2026,05/2026,05/2026,FlashReport_March_2026.pdf,114,Table 6: All Ongoing Projects,1,False,,NOT_SAMPLED,March revised completion target is later than the latest prior observed revised target.
619120,P:619120,Nidagatta-Mysore Pkg II,2026-02,09/2023,04/2026,2026-03,31,06/2022,04/2026,,09/2023,09/2023,09/2023,04/2026,06/2026,06/2026,FlashReport_March_2026.pdf,114,Table 6: All Ongoing Projects,1,False,,NOT_SAMPLED,March revised completion target is later than the latest prior observed revised target.
619121,P:619121,4L of Hubli - Hospet Section of NH-63 from Km 128.850 to Km,2026-02,05/2022,05/2026,2026-03,48,03/2020,05/2026,,05/2022,05/2022,05/2022,05/2026,05/2026,05/2026,FlashReport_March_2026.pdf,114,Table 6: All Ongoing Projects,1,False,,NOT_SAMPLED,March revised completion target is later than the latest prior observed revised target.
619150,P:619150,BRT Tiger Reserve Boundary Km.287.500 to Bangalore Section Km.458.420 of NH- 209 in Karnataka,2026-02,03/2024,05/2026,2026-03,26,08/2019,05/2026,,03/2024,03/2024,03/2024,05/2026,05/2026,05/2026,FlashReport_March_2026.pdf,114,Table 6: All Ongoing Projects,1,False,,NOT_SAMPLED,March revised completion target is later than the latest prior observed revised target.
619164,P:619164,Belgaum-Khanapur Pkg I Km 0.000-Km 30.800 of NH-4A,2026-02,07/2025,03/2027,2026-03,20,09/2021,03/2027,,07/2025,07/2025,07/2025,03/2027,03/2027,03/2027,FlashReport_March_2026.pdf,114,Table 6: All Ongoing Projects,1,False,,NOT_SAMPLED,March revised completion target is later than the latest prior observed revised target.
618070,P:618070,Widening to 2 Lanes with paved shoulders from Km.87/000 to 133/720 Nattukal to Thanau Jn. in Palakkad of NH-966 Old NH-213 on EPC mode Basis under NHO Annual Plan 2016-17 in the state of Kerala,2026-02,06/2025,04/2026,2026-03,10,08/2019,04/2026,06/2025,06/2025,06/2025,06/2025,04/2026,04/2026,04/2026,FlashReport_March_2026.pdf,115,Table 6: All Ongoing Projects,1,True,2025-12;2026-01;2026-02;2026-03;2026-04,SOURCE_VERIFIED,2025-12:FlashReport_December_2025.pdf:p87=06/2025; 2026-01:FlashReport_January_2026.pdf:p107=06/2025; 2026-02:FlashReport_February_2026.pdf:p126=06/2025; 2026-03:FlashReport_March_2026.pdf:p115=04/2026; 2026-04:FlashReport_April2026.pdf:p119=04/2026
618595,P:618595,6L of Chengala - Neeleshwaram from km. 56.200 to km.,2026-02,12/2024,03/2027,2026-03,27,04/2024,03/2027,04/2024,04/2024,12/2024,12/2024,03/2027,03/2027,03/2027,FlashReport_March_2026.pdf,115,Table 6: All Ongoing Projects,1,False,,NOT_SAMPLED,March revised completion target is later than the latest prior observed revised target.
618596,P:618596,6L of Taliparamba to Muzhappilangad from Km 134.650 to Km 170.6 of NH-66,2026-02,08/2025,12/2027,2026-03,28,05/2024,12/2027,08/2025,08/2025,08/2025,08/2025,12/2027,12/2027,12/2027,FlashReport_March_2026.pdf,115,Table 6: All Ongoing Projects,1,False,,NOT_SAMPLED,March revised completion target is later than the latest prior observed revised target.
618598,P:618598,6L Minor Bridge Paloli Palam at km. 203.160 & Major Bridge Morad at km. and allied works,2026-02,02/2024,04/2026,2026-03,26,06/2022,04/2026,02/2024,02/2024,02/2024,02/2024,04/2026,05/2026,05/2026,FlashReport_March_2026.pdf,115,Table 6: All Ongoing Projects,1,False,,NOT_SAMPLED,March revised completion target is later than the latest prior observed revised target.
618599,P:618599,6L of Ramanatukkara Junction to start of Valanchery bypass section of NH-66,2026-02,03/2025,04/2026,2026-03,13,07/2024,04/2026,03/2025,03/2025,03/2025,03/2025,04/2026,05/2026,05/2026,FlashReport_March_2026.pdf,115,Table 6: All Ongoing Projects,1,False,,NOT_SAMPLED,March revised completion target is later than the latest prior observed revised target.
618600,P:618600,6L of Valanchery bypass to Kappirikkad of NH 66 from km. 298500 to km,2026-02,03/2025,04/2026,2026-03,13,07/2024,04/2026,03/2025,03/2025,03/2025,03/2025,04/2026,05/2026,05/2026,FlashReport_March_2026.pdf,115,Table 6: All Ongoing Projects,1,False,,NOT_SAMPLED,March revised completion target is later than the latest prior observed revised target.
618601,P:618601,6L of Kappirikkad to Thalikulam section from km 335.85 to km 369.015 of NH - 66 old NH-17,2026-02,10/2025,06/2026,2026-03,8,01/2025,06/2026,10/2025,10/2025,10/2025,10/2025,06/2026,06/2026,06/2026,FlashReport_March_2026.pdf,115,Table 6: All Ongoing Projects,1,False,,NOT_SAMPLED,March revised completion target is later than the latest prior observed revised target.
618602,P:618602,6L of Thalikulam to Kodugallur section from km 369.015 to km 397.850 of NH - 66 old NH-17,2026-02,11/2025,06/2026,2026-03,7,02/2025,06/2026,11/2025,11/2025,11/2025,11/2025,06/2026,06/2026,06/2026,FlashReport_March_2026.pdf,115,Table 6: All Ongoing Projects,1,False,,NOT_SAMPLED,March revised completion target is later than the latest prior observed revised target.
618605,P:618605,Thuravoor Thekku-Paravoor,2026-02,03/2026,05/2026,2026-03,2,09/2024,05/2026,03/2026,03/2026,03/2026,03/2026,05/2026,12/2026,12/2026,FlashReport_March_2026.pdf,115,Table 6: All Ongoing Projects,1,False,,NOT_SAMPLED,March revised completion target is later than the latest prior observed revised target.
619098,P:619098,Kozhikode Bypass Calicut Bypass Vengalam Jn. to Ramanattukara Jn.,2026-02,12/2024,04/2026,2026-03,16,02/2023,04/2026,,12/2024,12/2024,12/2024,04/2026,05/2026,05/2026,FlashReport_March_2026.pdf,115,Table 6: All Ongoing Projects,1,False,,NOT_SAMPLED,March revised completion target is later than the latest prior observed revised target.
619206,P:619206,6L of Perole Nileshwar town to Taliparamba from Km 94.248 to Km 134.650 of NH-66,2026-02,12/2024,03/2027,2026-03,27,01/2024,03/2027,,,12/2024,12/2024,03/2027,03/2027,03/2027,FlashReport_March_2026.pdf,115,Table 6: All Ongoing Projects,1,False,,NOT_SAMPLED,March revised completion target is later than the latest prior observed revised target.
619214,P:619214,4L of Channarayapatna Bypass and Hassan Bypass with structures in Devihalli - Hassan section,2026-02,05/2025,06/2026,2026-03,13,01/2023,06/2026,,,05/2025,05/2025,06/2026,06/2026,06/2026,FlashReport_March_2026.pdf,115,Table 6: All Ongoing Projects,1,False,,NOT_SAMPLED,March revised completion target is later than the latest prior observed revised target.
619218,P:619218,4L Tumkur-Shimoga Pkg-I from Mallasandra to Karadi village of NH-206 from Km. 12.300 to Km.,2026-02,10/2024,04/2026,2026-03,18,10/2021,04/2026,,,10/2024,10/2024,04/2026,06/2026,06/2026,FlashReport_March_2026.pdf,115,Table 6: All Ongoing Projects,1,False,,NOT_SAMPLED,March revised completion target is later than the latest prior observed revised target.
619219,P:619219,4L of Tumkur-Shimoga Pkg-II from Km 65.195 Karadi to Km 121.900 Banawara of NH-206,2026-02,10/2024,04/2026,2026-03,18,10/2021,04/2026,,,10/2024,10/2024,04/2026,12/2026,12/2026,FlashReport_March_2026.pdf,115,Table 6: All Ongoing Projects,1,False,,NOT_SAMPLED,March revised completion target is later than the latest prior observed revised target.
619220,P:619220,Tumkur-Shimoga Pkg-III from Km 121.900 Banawara to Km 170.415 Bettadahalli of Old NH-206,2026-02,01/2025,04/2026,2026-03,15,03/2023,04/2026,,,01/2025,01/2025,04/2026,12/2026,12/2026,FlashReport_March_2026.pdf,115,Table 6: All Ongoing Projects,1,False,,NOT_SAMPLED,March revised completion target is later than the latest prior observed revised target.
617911,P:617911,Rehabilitation and upgradation Umaria to Shahdol section of NH-78 from Existing Km. 68/4 to Km. 142/2 to 2LPS including construction of Birshinghpur and Shahdol Bypass on EPC mode under NHDP-IVA,2026-02,07/2023,06/2026,2026-03,35,07/2017,06/2026,07/2023,07/2023,07/2023,07/2023,06/2026,06/2026,06/2026,FlashReport_March_2026.pdf,116,Table 6: All Ongoing Projects,1,True,2025-12;2026-01;2026-02;2026-03;2026-04,SOURCE_VERIFIED,2025-12:FlashReport_December_2025.pdf:p88=07/2023; 2026-01:FlashReport_January_2026.pdf:p107=07/2023; 2026-02:FlashReport_February_2026.pdf:p127=07/2023; 2026-03:FlashReport_March_2026.pdf:p116=06/2026; 2026-04:FlashReport_April2026.pdf:p120=06/2026
618020,P:618020,"Rehabilitation & Upgradation of KurwaiMungaoliChanderi Road section of NH-346, from Design Chainge 0.000 to 81.300 Km Total length 83.1 km to Two lane with paved shoulder configuration along with One time improvement in 07 nos of bypassed built-",2026-02,07/2025,06/2026,2026-03,11,02/2025,06/2026,07/2025,,07/2025,07/2025,06/2026,06/2026,06/2026,FlashReport_March_2026.pdf,116,Table 6: All Ongoing Projects,1,False,,NOT_SAMPLED,March revised completion target is later than the latest prior observed revised target.
618408,P:618408,Kargil Zanskar Road,2026-01,03/2025,07/2026,2026-03,16,01/2023,07/2026,03/2025,03/2025,,03/2025,07/2026,07/2026,07/2026,FlashReport_March_2026.pdf,116,Table 6: All Ongoing Projects,1,False,,NOT_SAMPLED,March revised completion target is later than the latest prior observed revised target.
618409,P:618409,Widening & Up-gradation to 2 lane with Paved shoulder of NH-301 Kargil- Zanskar Road from Design km 57.000 Ex. Km. 57.905 to Km 87.000 Ex. Km. 88.2491 of 30.000 Km length Pkg-lll,2026-02,02/2025,07/2026,2026-03,17,01/2023,07/2026,02/2025,02/2025,02/2025,02/2025,07/2026,07/2026,07/2026,FlashReport_March_2026.pdf,116,Table 6: All Ongoing Projects,1,False,,NOT_SAMPLED,March revised completion target is later than the latest prior observed revised target.
618085,P:618085,Upgradation of Nasrullagani-Rehti-Budhni Scction to 2-lane with paved shoulder from Km 0150 to Km 50500 of NH-146B in the state of Madhya Pradesh on EPC mode.,2026-02,02/2025,06/2026,2026-03,16,10/2024,06/2026,02/2025,02/2025,02/2025,02/2025,06/2026,06/2026,06/2026,FlashReport_March_2026.pdf,117,Table 6: All Ongoing Projects,1,False,,NOT_SAMPLED,March revised completion target is later than the latest prior observed revised target.
618622,P:618622,4L of Indore - Boregaon Pkg-III [Balwara to Dhangaon] from km. 42.260 to km. of NH347BG & 753L,2026-02,05/2025,05/2026,2026-03,12,04/2024,05/2026,05/2025,05/2025,05/2025,05/2025,05/2026,07/2026,07/2026,FlashReport_March_2026.pdf,117,Table 6: All Ongoing Projects,1,False,,NOT_SAMPLED,March revised completion target is later than the latest prior observed revised target.
618654,P:618654,4L Greenfield Rudhi to Deshgaon Pkg V of Betul-Khandwa/Deshgaon,2026-02,03/2026,04/2026,2026-03,1,10/2025,04/2026,03/2026,03/2026,03/2026,03/2026,04/2026,09/2026,09/2026,FlashReport_March_2026.pdf,117,Table 6: All Ongoing Projects,1,False,,NOT_SAMPLED,March revised completion target is later than the latest prior observed revised target.
618664,P:618664,Berkhedi to Godpehra on NH-44 Sagar link road,2026-02,08/2025,06/2026,2026-03,10,11/2024,06/2026,08/2025,08/2025,08/2025,08/2025,06/2026,06/2026,06/2026,FlashReport_March_2026.pdf,117,Table 6: All Ongoing Projects,1,False,,NOT_SAMPLED,March revised completion target is later than the latest prior observed revised target.
618665,P:618665,4L of Sagar - Mohari from Km.8 to Km.50 Pkg-I,2026-02,12/2025,04/2026,2026-03,4,04/2024,04/2026,04/2024,02/2025,12/2025,12/2025,04/2026,05/2026,05/2026,FlashReport_March_2026.pdf,118,Table 6: All Ongoing Projects,1,False,,NOT_SAMPLED,March revised completion target is later than the latest prior observed revised target.
618694,P:618694,Indore - Harda Pkg-I [Indore to Raghav Garh from km. 0.25 to km. 26.903],2026-02,07/2025,05/2026,2026-03,10,10/2024,05/2026,07/2025,07/2025,07/2025,07/2025,05/2026,06/2026,06/2026,FlashReport_March_2026.pdf,118,Table 6: All Ongoing Projects,1,False,,NOT_SAMPLED,March revised completion target is later than the latest prior observed revised target.
618735,P:618735,4L of Chandesara to Khedakhajuriya from Km. 0.000 to - 750 & Km 0.000 to km 41.400 of NH-148NG Pkg-I,2026-02,12/2024,05/2026,2026-03,17,05/2024,05/2026,12/2024,12/2024,12/2024,12/2024,05/2026,05/2026,05/2026,FlashReport_March_2026.pdf,118,Table 6: All Ongoing Projects,1,False,,NOT_SAMPLED,March revised completion target is later than the latest prior observed revised target.
618762,P:618762,Itarsi Km. 63.000 to Betul Km. 137.000 of NH-69 in Madhya Pradesh,2026-02,02/2025,04/2026,2026-03,14,02/2020,04/2026,,,02/2025,02/2025,04/2026,05/2026,05/2026,FlashReport_March_2026.pdf,118,Table 6: All Ongoing Projects,1,False,,NOT_SAMPLED,March revised completion target is later than the latest prior observed revised target.
617932,P:617932,Construction of New Four Lane Bypass to Parbhani City Parwa to Asola Km 463/265 to Km 481/180 Design Ch. 19220 to Ch. 34434 Length-15.214 Km section of NH-61 on EPC mode in the State of Maharashtra.,2026-02,05/2025,06/2026,2026-03,13,10/2024,06/2026,05/2025,,05/2025,05/2025,06/2026,06/2026,06/2026,FlashReport_March_2026.pdf,119,Table 6: All Ongoing Projects,1,False,,NOT_SAMPLED,March revised completion target is later than the latest prior observed revised target.
617934,P:617934,Nasratpur to Barasgaon section of NH-61 2L / 4L PS from Km.514/00 to 558/200,2026-02,12/2020,06/2026,2026-03,66,09/2019,06/2026,12/2020,12/2020,12/2020,12/2020,06/2026,06/2026,06/2026,FlashReport_March_2026.pdf,119,Table 6: All Ongoing Projects,1,False,,NOT_SAMPLED,March revised completion target is later than the latest prior observed revised target.
617946,P:617946,Kashedi to Parshuram Ghat section of NH-66 from Km 161/600 - Km 205/400 - 4L PS,2026-02,12/2020,12/2025,2026-03,60,02/2020,12/2025,,12/2020,12/2020,12/2020,12/2025,12/2025,12/2025,FlashReport_March_2026.pdf,119,Table 6: All Ongoing Projects,1,False,,NOT_SAMPLED,March revised completion target is later than the latest prior observed revised target.
617947,P:617947,Arawali Kante section of NH-17New NH-66 4L PS from Km.241/300 to 281/300,2026-02,02/2024,03/2026,2026-03,25,11/2019,03/2026,02/2024,02/2024,02/2024,02/2024,03/2026,03/2026,03/2026,FlashReport_March_2026.pdf,119,Table 6: All Ongoing Projects,1,False,,NOT_SAMPLED,March revised completion target is later than the latest prior observed revised target.
617948,P:617948,Kante - Wakad section of NH-66 4L PS from Km.281/300 to 332/200,2026-02,03/2023,11/2025,2026-03,32,11/2019,11/2025,03/2023,03/2023,03/2023,03/2023,11/2025,11/2025,11/2025,FlashReport_March_2026.pdf,119,Table 6: All Ongoing Projects,1,True,2025-12;2026-01;2026-02;2026-03;2026-04,SOURCE_VERIFIED,2025-12:FlashReport_December_2025.pdf:p89=03/2023; 2026-01:FlashReport_January_2026.pdf:p109=03/2023; 2026-02:FlashReport_February_2026.pdf:p130=03/2023; 2026-03:FlashReport_March_2026.pdf:p119=11/2025; 2026-04:FlashReport_April2026.pdf:p124=11/2025
617965,P:617965,Kopargaon to Savali Vihir section,2026-02,09/2025,06/2026,2026-03,9,07/2024,06/2026,09/2025,09/2025,09/2025,09/2025,06/2026,06/2026,06/2026,FlashReport_March_2026.pdf,119,Table 6: All Ongoing Projects,1,False,,NOT_SAMPLED,March revised completion target is later than the latest prior observed revised target.
619100,P:619100,Dhangaon - Borgaon section km 81.000 to km 139.000 [Indore - Edlabad Pkg IV],2026-02,02/2025,05/2026,2026-03,15,08/2023,05/2026,,02/2025,02/2025,02/2025,05/2026,06/2026,06/2026,FlashReport_March_2026.pdf,119,Table 6: All Ongoing Projects,1,False,,NOT_SAMPLED,March revised completion target is later than the latest prior observed revised target.
618089,P:618089,Rehabilitation & Up-gradation of Mudkhed to Nanded section from Km. 372000 to Km 388400 of NH 161A i.e. Nanded-Bhokar-Himayatnagar-Kinwat-Mahur-Arani Road Design chainage from Km 372000 Mudkhed to Km 387650 Nanded of NH 161A Length 15.65 Km to 2/4Lane with paved shoulders configuration in the State of Maharashtra on EPC mode.,2026-02,04/2025,06/2026,2026-03,14,04/2025,06/2026,,,04/2025,04/2025,06/2026,06/2026,06/2026,FlashReport_March_2026.pdf,120,Table 6: All Ongoing Projects,1,False,,NOT_SAMPLED,March revised completion target is later than the latest prior observed revised target.
618090,P:618090,Sarsam - Kothari of NH-161A - 2L PS from Km.33/00 to 90/00,2026-02,10/2022,11/2025,2026-03,37,06/2019,11/2025,10/2022,10/2022,10/2022,10/2022,11/2025,11/2025,11/2025,FlashReport_March_2026.pdf,120,Table 6: All Ongoing Projects,1,False,,NOT_SAMPLED,March revised completion target is later than the latest prior observed revised target.
618094,P:618094,Pen to Khopoli 2LPS,2026-02,10/2022,12/2025,2026-03,38,12/2019,12/2025,10/2022,10/2022,10/2022,10/2022,12/2025,12/2025,12/2025,FlashReport_March_2026.pdf,120,Table 6: All Ongoing Projects,1,False,,NOT_SAMPLED,March revised completion target is later than the latest prior observed revised target.
618097,P:618097,Guhagar - Rampur - 2L-PS - km 0/00 Guhagar to 26/230 Rampur and 40/00 Mirjoli to 53/600 Sati on NH-166E,2026-02,09/2022,08/2025,2026-03,35,06/2019,08/2025,09/2022,09/2022,09/2022,09/2022,08/2025,08/2025,08/2025,FlashReport_March_2026.pdf,121,Table 6: All Ongoing Projects,1,False,,NOT_SAMPLED,March revised completion target is later than the latest prior observed revised target.
618098,P:618098,"Upgradation of exhisting 2 lane flexible pavement to 2 lane paved shoulders rigid pavement from design chainage Km 66.00 to Design Km 82.440 Start of Kolhapur Municipal corporation near Phulewadi to kale, design length 16.440 Km section on Talere Gaganbawada-Kolhapur road NH 166G in the state of Maharashtra on EPC mode",2026-02,05/2025,03/2026,2026-03,10,05/2024,03/2026,,,05/2025,05/2025,03/2026,03/2026,03/2026,FlashReport_March_2026.pdf,121,Table 6: All Ongoing Projects,1,False,,NOT_SAMPLED,March revised completion target is later than the latest prior observed revised target.
618133,P:618133,Strengthening and Widening of road Sakoli- Wadsa-Armori-Gadchiroli-Ashti- Allapalli - Sironcha National highway NH 353C in Km 262/00 to 321/00 including 16 minor Bridges and 2 Major Bridge Total length 59 Km section from repanpalli to sironcha in,2026-02,07/2025,05/2026,2026-03,10,05/2024,05/2026,,,07/2025,07/2025,05/2026,05/2026,05/2026,FlashReport_March_2026.pdf,121,Table 6: All Ongoing Projects,1,False,,NOT_SAMPLED,March revised completion target is later than the latest prior observed revised target.
618136,P:618136,Upgradatiobn and Rehabilitation of Section of NH 361 F from Parli 00/000 to Gangakhed 30/400 to Two Lanes with paved shoulder / Four lane configurations on EPC mode in the State of Maharashtra.,2026-02,08/2024,03/2026,2026-03,19,09/2023,03/2026,,,08/2024,08/2024,03/2026,03/2026,03/2026,FlashReport_March_2026.pdf,121,Table 6: All Ongoing Projects,1,False,,NOT_SAMPLED,March revised completion target is later than the latest prior observed revised target.
618152,P:618152,Total project length 70.9 Km. (618150) (-) Mhaswad to Tembhurni section of NH-548C - 2L PS,2026-02,07/2019,12/2025,2026-03,77,07/2019,12/2025,07/2019,07/2019,07/2019,07/2019,12/2025,12/2025,12/2025,FlashReport_March_2026.pdf,121,Table 6: All Ongoing Projects,1,False,,NOT_SAMPLED,March revised completion target is later than the latest prior observed revised target.
618172,P:618172,Paithan - Shirur section 2LPS Km 0.0 to,2026-02,03/2022,05/2026,2026-03,50,06/2019,05/2026,03/2022,03/2022,03/2022,03/2022,05/2026,05/2026,05/2026,FlashReport_March_2026.pdf,121,Table 6: All Ongoing Projects,1,False,,NOT_SAMPLED,March revised completion target is later than the latest prior observed revised target.
618173,P:618173,Shirur-Kharda section from 55937 km to 114486 km to 2LPS/4L,2026-02,03/2022,09/2025,2026-03,42,06/2019,09/2025,03/2022,03/2022,03/2022,03/2022,09/2025,09/2025,09/2025,FlashReport_March_2026.pdf,121,Table 6: All Ongoing Projects,1,False,,NOT_SAMPLED,March revised completion target is later than the latest prior observed revised target.
618177,P:618177,Pal Phata Phulambri - Khultabad 2LPS,2026-02,06/2021,12/2025,2026-03,54,12/2019,12/2025,06/2021,06/2021,06/2021,06/2021,12/2025,12/2025,12/2025,FlashReport_March_2026.pdf,122,Table 6: All Ongoing Projects,1,False,,NOT_SAMPLED,March revised completion target is later than the latest prior observed revised target.
618468,P:618468,Vadodara Mumbai Expressway Phase II - Pkg XI [Km. 77.000 to Km. 103.400] Ganjad - Talsari,2026-02,01/2025,04/2026,2026-03,15,05/2024,04/2026,01/2025,01/2025,01/2025,01/2025,04/2026,04/2026,04/2026,FlashReport_March_2026.pdf,122,Table 6: All Ongoing Projects,1,False,,NOT_SAMPLED,March revised completion target is later than the latest prior observed revised target.
618469,P:618469,Vadodara Mumbai Expressway Phase II - Pkg XIII [Km. 26.582 to Km. 50.700] Shirsad - Masvan,2026-02,06/2025,07/2026,2026-03,13,02/2024,07/2026,06/2025,06/2025,06/2025,06/2025,07/2026,07/2026,07/2026,FlashReport_March_2026.pdf,122,Table 6: All Ongoing Projects,1,True,2025-12;2026-01;2026-02;2026-03;2026-04,SOURCE_VERIFIED,2025-12:FlashReport_December_2025.pdf:p90=06/2025; 2026-01:FlashReport_January_2026.pdf:p111=06/2025; 2026-02:FlashReport_February_2026.pdf:p133=06/2025; 2026-03:FlashReport_March_2026.pdf:p122=07/2026; 2026-04:FlashReport_April2026.pdf:p127=07/2026
618470,P:618470,Vadodara Mumbai Expressway Phase II - Pkg XIV [Km. 3.000 to Km. 20.200 of Spur] Shirsad - Akloli,2026-02,06/2025,05/2026,2026-03,11,05/2024,05/2026,06/2025,06/2025,06/2025,06/2025,05/2026,05/2026,05/2026,FlashReport_March_2026.pdf,122,Table 6: All Ongoing Projects,1,False,,NOT_SAMPLED,March revised completion target is later than the latest prior observed revised target.
618471,P:618471,Vadodara Mumbai Expressway Phase II - Pkg XV [Km. 20.200 to Km. 43.000 of Spur] Akloli - Amne,2026-02,11/2025,05/2026,2026-03,6,05/2024,05/2026,11/2025,11/2025,11/2025,11/2025,05/2026,06/2026,06/2026,FlashReport_March_2026.pdf,122,Table 6: All Ongoing Projects,1,False,,NOT_SAMPLED,March revised completion target is later than the latest prior observed revised target.
618472,P:618472,Vadodara Mumbai Expressway Phase II - Pkg XVI [Km. 43.000 to Km. 69.800 of Spur] Amne - Bhoj,2026-02,06/2025,05/2026,2026-03,11,10/2024,05/2026,06/2025,06/2025,06/2025,06/2025,05/2026,06/2026,06/2026,FlashReport_March_2026.pdf,122,Table 6: All Ongoing Projects,1,False,,NOT_SAMPLED,March revised completion target is later than the latest prior observed revised target.
618512,P:618512,Tunnel at Khambataki Ghat Section and its approaches from existing Km. 771.730 to existing Km.,2026-02,08/2025,08/2026,2026-03,12,02/2022,08/2026,08/2025,08/2025,08/2025,08/2025,08/2026,08/2026,08/2026,FlashReport_March_2026.pdf,123,Table 6: All Ongoing Projects,1,False,,NOT_SAMPLED,March revised completion target is later than the latest prior observed revised target.
618555,P:618555,"Flyover at Km.544.650 including ROB, Service Roads ,Footpath for RCC drains on urban link to Nagpur -Raipur road Pardi octroi Naka to Itwari",2026-02,03/2019,04/2026,2026-03,85,03/2019,04/2026,03/2019,03/2019,03/2019,03/2019,04/2026,,,FlashReport_March_2026.pdf,123,Table 6: All Ongoing Projects,1,False,,NOT_SAMPLED,March revised completion target is later than the latest prior observed revised target.
618588,P:618588,4L Mitigation Measure structures on CH/MH Border to Wainganga Bridge Section of NH-6 New NH-53,2026-02,01/2025,04/2026,2026-03,15,11/2023,04/2026,01/2025,01/2025,01/2025,01/2025,04/2026,05/2026,05/2026,FlashReport_March_2026.pdf,123,Table 6: All Ongoing Projects,1,False,,NOT_SAMPLED,March revised completion target is later than the latest prior observed revised target.
618638,P:618638,Tarsod - Fagne section of NH-6,2026-02,12/2023,04/2026,2026-03,28,07/2021,04/2026,,,12/2023,12/2023,04/2026,04/2026,04/2026,FlashReport_March_2026.pdf,123,Table 6: All Ongoing Projects,1,False,,NOT_SAMPLED,March revised completion target is later than the latest prior observed revised target.
618653,P:618653,Loha-Waranga Section of NH-361 from km 187.800 to km,2026-02,06/2024,05/2026,2026-03,23,03/2021,05/2026,,,06/2024,06/2024,05/2026,03/2027,03/2027,FlashReport_March_2026.pdf,123,Table 6: All Ongoing Projects,1,False,,NOT_SAMPLED,March revised completion target is later than the latest prior observed revised target.
618298,P:618298,Widening/Improvement of existing 2-Lane road to 4-Lane Divided Highway from Sekmai to Nilakuthi section of Imphal-Kohima Road Design Chainage from Km 297700 to Km 308729 of NH-39 New NH-02 in state of Manipur on EPC mode Pkg-5B,2026-02,06/2025,06/2026,2026-03,12,01/2023,06/2026,06/2025,06/2025,06/2025,06/2025,06/2026,06/2026,06/2026,FlashReport_March_2026.pdf,124,Table 6: All Ongoing Projects,1,False,,NOT_SAMPLED,March revised completion target is later than the latest prior observed revised target.
618300,P:618300,Improvement/Up-gradation of existing 2-Lane Road to 4-Lane Divided Highway from Taphukuki to Daili section of Imphal-Kohima road NH-02 Design Chainage from Km 262175 to Km 274610 in the state of Manipur on EPC mode Pkg-4A,2026-02,07/2025,08/2026,2026-03,13,04/2022,08/2026,07/2025,07/2025,07/2025,07/2025,08/2026,08/2026,08/2026,FlashReport_March_2026.pdf,124,Table 6: All Ongoing Projects,1,False,,NOT_SAMPLED,March revised completion target is later than the latest prior observed revised target.
618302,P:618302,Widening/Improvement to 2-lane with earthen shoulder of Yaingangpokpi - Finch corner road section of NH-202 from Km 16.900 to Km 30.970 of NH-202 in the state of Manipur on EPC mode Package-2,2026-02,12/2025,06/2026,2026-03,6,06/2022,06/2026,12/2025,12/2025,12/2025,12/2025,06/2026,06/2026,06/2026,FlashReport_March_2026.pdf,124,Table 6: All Ongoing Projects,1,False,,NOT_SAMPLED,March revised completion target is later than the latest prior observed revised target.
619149,P:619149,4L of Ratnagiri - Kolhapur section of NH-166 from km 0.000 to km 19.769 and km 31.000 to km 67.140 Pkg I,2026-02,03/2026,06/2026,2026-03,3,11/2024,06/2026,,03/2026,03/2026,03/2026,06/2026,11/2026,11/2026,FlashReport_March_2026.pdf,124,Table 6: All Ongoing Projects,1,False,,NOT_SAMPLED,March revised completion target is later than the latest prior observed revised target.
619163,P:619163,4L of Baramati to Indapur Pkg-II from km. 41.400 to km. 84.550 of NH-965G Saint Tukaram Marg,2026-02,05/2025,06/2026,2026-03,13,09/2023,06/2026,,05/2025,05/2025,05/2025,06/2026,06/2026,06/2026,FlashReport_March_2026.pdf,124,Table 6: All Ongoing Projects,1,False,,NOT_SAMPLED,March revised completion target is later than the latest prior observed revised target.
619203,P:619203,Vadape to Thane from km 539.202 to km 563.000 section of NH-3 new NH-848,2026-02,03/2022,04/2026,2026-03,49,07/2021,04/2026,,,03/2022,03/2022,04/2026,05/2026,05/2026,FlashReport_March_2026.pdf,124,Table 6: All Ongoing Projects,1,False,,NOT_SAMPLED,March revised completion target is later than the latest prior observed revised target.
619209,P:619209,4L of existing 2/4L stretch from Lonand to Dive Ghat Km 166.400 to Km 220.900 of Mohol Alandi section of NH-965 Pkg - V,2026-02,03/2025,04/2026,2026-03,13,05/2024,04/2026,,,03/2025,03/2025,04/2026,04/2026,04/2026,FlashReport_March_2026.pdf,124,Table 6: All Ongoing Projects,1,True,2026-02;2026-03;2026-04,SOURCE_VERIFIED,2026-02:FlashReport_February_2026.pdf:p135=03/2025; 2026-03:FlashReport_March_2026.pdf:p124=04/2026; 2026-04:FlashReport_April2026.pdf:p128=04/2026
618303,P:618303,Widening/Improvement to 2-lane with earthen shoulder of Yaingangpokpi - Finch corner road section of NH-202 from Km 0.000 to Km 16.900 of NH-202 in the state of Manipur on EPC mode Package-1,2026-02,04/2025,04/2026,2026-03,12,06/2022,04/2026,04/2025,04/2025,04/2025,04/2025,04/2026,04/2026,04/2026,FlashReport_March_2026.pdf,125,Table 6: All Ongoing Projects,1,False,,NOT_SAMPLED,March revised completion target is later than the latest prior observed revised target.
618334,P:618334,Widening to 2 Lane with Paved shoulder of lmphal to Jiribam section of NH-37 from Design Ch. from km 131.280 to km 169.570 on EPC mode in Manipur under NHO- TSP PKG-6,2026-02,05/2025,05/2026,2026-03,12,02/2025,05/2026,05/2025,05/2025,05/2025,05/2025,05/2026,05/2026,05/2026,FlashReport_March_2026.pdf,125,Table 6: All Ongoing Projects,1,False,,NOT_SAMPLED,March revised completion target is later than the latest prior observed revised target.
618335,P:618335,Widening to 2 Lane with Paved shoulder of lmphal to Jiribam section of NH-37 from Design Ch. from Km 101280 Near Khongsang Village to Km 131280 near Puilon Kambiron Village on EPC Mode in Manipur PKG-5,2026-02,02/2026,06/2026,2026-03,4,05/2024,06/2026,02/2026,02/2026,02/2026,02/2026,06/2026,06/2026,06/2026,FlashReport_March_2026.pdf,125,Table 6: All Ongoing Projects,1,False,,NOT_SAMPLED,March revised completion target is later than the latest prior observed revised target.
618336,P:618336,Widening to 2 -Lane with Paved shoulder of Imphal to Jiribam section of NH-37 from Design Chainage 66.110 km to 101.280 Km Existing Chainage km 67.496 to km 103.557 on EPC Mode in Manipur PKG-4,2026-02,08/2025,07/2026,2026-03,11,12/2023,07/2026,08/2025,08/2025,08/2025,08/2025,07/2026,07/2026,07/2026,FlashReport_March_2026.pdf,125,Table 6: All Ongoing Projects,1,False,,NOT_SAMPLED,March revised completion target is later than the latest prior observed revised target.
618337,P:618337,Widening to 2 -Lane with Paved shoulder of Imphal to Jiribam section of NH-37 from Design Chainage 33.000 km to 66.390 Km Existing Chainage from km 33.395 to km 67.496 on EPC Mode in Manipur PKG-3,2026-02,07/2025,03/2026,2026-03,8,03/2023,03/2026,07/2025,07/2025,07/2025,07/2025,03/2026,03/2026,03/2026,FlashReport_March_2026.pdf,125,Table 6: All Ongoing Projects,1,False,,NOT_SAMPLED,March revised completion target is later than the latest prior observed revised target.
618344,P:618344,Widening to 2-lane with Hard shoulder of Churachandpur to Tuivai Section of NH- 102B from Design Chainage 69.875 Km to 121.769 Km in the State of Manipur on EPC mode Package-3,2026-01,04/2025,12/2026,2026-03,20,08/2023,12/2026,04/2025,04/2025,,04/2025,12/2026,12/2026,12/2026,FlashReport_March_2026.pdf,125,Table 6: All Ongoing Projects,1,False,,NOT_SAMPLED,March revised completion target is later than the latest prior observed revised target.
618345,P:618345,Widening to 2-lane with Hard shoulder of Churachandpur to Tuivai Section from Km 48.587 to Km 69.875 in the State of Manipur on EPC mode under NHO Package-2B,2026-01,02/2023,05/2026,2026-03,39,08/2022,05/2026,02/2023,02/2023,,02/2023,05/2026,05/2026,05/2026,FlashReport_March_2026.pdf,125,Table 6: All Ongoing Projects,1,False,,NOT_SAMPLED,March revised completion target is later than the latest prior observed revised target.
618346,P:618346,Widening to 2-lane with Hard shoulder of Churachandpur to Tuivai Section of NH- 102B from km 32.835 to km 48.587 in the State of Manipur on EPC mode under NHO Package-2A,2026-02,02/2023,03/2026,2026-03,37,06/2022,03/2026,02/2023,02/2023,02/2023,02/2023,03/2026,03/2026,03/2026,FlashReport_March_2026.pdf,125,Table 6: All Ongoing Projects,1,False,,NOT_SAMPLED,March revised completion target is later than the latest prior observed revised target.
618347,P:618347,Widening to 2-lane with Hard shoulder of Churachandpur to Tuivai Section of NH- 102B from km 13.747 to km 32.835 in the State of Manipur on EPC mode under NHO Package-1B,2026-02,04/2025,03/2026,2026-03,11,06/2022,03/2026,04/2025,04/2025,04/2025,04/2025,03/2026,03/2026,03/2026,FlashReport_March_2026.pdf,125,Table 6: All Ongoing Projects,1,False,,NOT_SAMPLED,March revised completion target is later than the latest prior observed revised target.
617885,P:617885,Rehabilitation and Up-gradation of Nongstoin Wahkaji section of Project Road Km 0000 to Km 43060 to Intermediate Lane with earthern shoulder under SARDP-NE Phase-A in the State of Meghalaya on EPC mode. Job No- SARDP-NE ong-Don-,2026-02,07/2024,05/2026,2026-03,22,08/2023,05/2026,07/2024,07/2024,07/2024,07/2024,05/2026,05/2026,05/2026,FlashReport_March_2026.pdf,126,Table 6: All Ongoing Projects,1,False,,NOT_SAMPLED,March revised completion target is later than the latest prior observed revised target.
618355,P:618355,"Construction of of 2 -Lane with paved shoulders road from Tamenglong-Tousem- Lisang-Mahur Road NH-137 starting near Dialong Village from km 10.000 at Dialong to km 31.430 near Old Tamenglong , near Barak River on EPC Mode Package-2",2026-02,12/2025,03/2026,2026-03,3,03/2023,03/2026,12/2025,12/2025,12/2025,12/2025,03/2026,03/2026,03/2026,FlashReport_March_2026.pdf,126,Table 6: All Ongoing Projects,1,False,,NOT_SAMPLED,March revised completion target is later than the latest prior observed revised target.
618357,P:618357,Construction of 2 -Lane with paved shoulders road from Tamenglong to Mahur NH- 137 in Manipur starting from km 54.180 near Azuram to km 80.630 near Mandeu on EPC Mode Package 5,2026-02,04/2025,01/2026,2026-03,9,05/2023,01/2026,04/2025,04/2025,04/2025,04/2025,01/2026,01/2026,01/2026,FlashReport_March_2026.pdf,126,Table 6: All Ongoing Projects,1,False,,NOT_SAMPLED,March revised completion target is later than the latest prior observed revised target.
618375,P:618375,Improvement/Widening to 2-Lane with Paved Shoulder from design Km 45.760 to Km 63.530 between Shillong-Dawki under JICA ODA Loan assistance Phase-II -Balance work Pkg-4,2026-02,07/2026,10/2026,2026-03,3,04/2026,10/2026,07/2026,07/2026,07/2026,07/2026,10/2026,10/2026,10/2026,FlashReport_March_2026.pdf,126,Table 6: All Ongoing Projects,1,False,,NOT_SAMPLED,March revised completion target is later than the latest prior observed revised target.
618376,P:618376,Improvement/Widening to 2-Lane with Paved Shoulder between Shillong-Dawki road up to Bangladesh Border from design Km 10.670 to Km 37.550 under JICA ODA Loan assistance Phase-II -Balance Work-Pkg-2,2026-02,07/2026,12/2026,2026-03,5,08/2026,12/2026,07/2026,07/2026,07/2026,07/2026,12/2026,12/2026,12/2026,FlashReport_March_2026.pdf,126,Table 6: All Ongoing Projects,1,False,,NOT_SAMPLED,March revised completion target is later than the latest prior observed revised target.
618388,P:618388,Construction of 2-laning with Hard shoulder road of Ukhrul - Tolloi - Tadubi section of NH-102A from Design Chainage 50.850 km to 81.870 km in the State of Manipur on EPC mode under NHO-TSP Package -3,2026-02,03/2025,07/2026,2026-03,16,01/2025,07/2026,03/2025,03/2025,03/2025,03/2025,07/2026,07/2026,07/2026,FlashReport_March_2026.pdf,126,Table 6: All Ongoing Projects,1,False,,NOT_SAMPLED,March revised completion target is later than the latest prior observed revised target.
618389,P:618389,Construction of 2-laning with Hard shoulder road of Ukhrul - Tolloi - Tadubi section of NH-102A from Design Chainage 81.870 km to 105.825 km in the State of Manipur on EPC mode under NHO-TSP Package -4,2026-02,10/2025,04/2026,2026-03,6,02/2024,04/2026,10/2025,10/2025,10/2025,10/2025,04/2026,05/2026,05/2026,FlashReport_March_2026.pdf,126,Table 6: All Ongoing Projects,1,True,2025-12;2026-01;2026-02;2026-03;2026-04,SOURCE_VERIFIED,2025-12:FlashReport_December_2025.pdf:p92=10/2025; 2026-01:FlashReport_January_2026.pdf:p113=10/2025; 2026-02:FlashReport_February_2026.pdf:p137=10/2025; 2026-03:FlashReport_March_2026.pdf:p126=04/2026; 2026-04:FlashReport_April2026.pdf:p130=05/2026
618415,P:618415,"Improvement of existing road to 2 laning with Hard Shoulders of Maram-Peren section Package-1B, length- 17.660 km from Design Chainage 22.340 km to 40.000 km on NH-129A in the State of Manipur on EPC mode",2026-02,04/2025,03/2026,2026-03,11,12/2022,03/2026,08/2023,08/2023,04/2025,04/2025,03/2026,03/2026,03/2026,FlashReport_March_2026.pdf,126,Table 6: All Ongoing Projects,1,False,,NOT_SAMPLED,March revised completion target is later than the latest prior observed revised target.
618416,P:618416,"Improvement of existing road to 2 laning with Hard Shoulders of Maram -Peren section Package-1A, length- 22.340Km from Design Chainage 0.000 km to 22.340 km on NH-129A in the State of Manipur on EPC mode",2026-02,06/2025,07/2026,2026-03,13,12/2022,07/2026,02/2023,06/2025,06/2025,06/2025,07/2026,07/2026,07/2026,FlashReport_March_2026.pdf,126,Table 6: All Ongoing Projects,1,False,,NOT_SAMPLED,March revised completion target is later than the latest prior observed revised target.
618418,P:618418,Rehabilitation and up gradation of Nongstoin-Rambrai-Kyrshai road up to Meghalaya- Assam border from Km 0.335 to km 34.039 to 2-Lane under NHO - NE in the State of Meghalaya Package-1,2026-02,06/2025,05/2026,2026-03,11,05/2024,05/2026,06/2025,06/2025,06/2025,06/2025,05/2026,05/2026,05/2026,FlashReport_March_2026.pdf,127,Table 6: All Ongoing Projects,1,False,,NOT_SAMPLED,March revised completion target is later than the latest prior observed revised target.
618362,P:618362,Construction of 2-laning with hard shoulder of Lunglei to Chhumkhum from Design Chainage Km 0.000 to Km 37.420 of NH-302 [Lunglei-Tlabung] Package-A,2026-02,05/2025,06/2026,2026-03,13,12/2022,06/2026,05/2025,05/2025,05/2025,05/2025,06/2026,06/2026,06/2026,FlashReport_March_2026.pdf,128,Table 6: All Ongoing Projects,1,False,,NOT_SAMPLED,March revised completion target is later than the latest prior observed revised target.
618363,P:618363,Construction of 2-laning with hard shoulder configuration of Chhumkhum to Tlabung from Design Chainage Km 37.420 to Km 74.950 of NH-302 in Mizoram under Bharatmala Pariyojana on EPC mode [Pkg-B],2026-02,05/2025,12/2026,2026-03,19,01/2023,12/2026,05/2025,05/2025,05/2025,05/2025,12/2026,12/2026,12/2026,FlashReport_March_2026.pdf,128,Table 6: All Ongoing Projects,1,False,,NOT_SAMPLED,March revised completion target is later than the latest prior observed revised target.
618380,P:618380,Widening and Up-gradation to 2- Lane with Paved Shoulder Configuration and geometric improvement from Km. 125. 000 to Km 166 Package-3 on Aizawl Tuipang Section of NH-54 in the State of Mizoram Package-3,2026-02,11/2024,04/2025,2026-03,5,04/2023,04/2025,11/2024,11/2024,11/2024,11/2024,04/2025,04/2025,04/2025,FlashReport_March_2026.pdf,128,Table 6: All Ongoing Projects,1,False,,NOT_SAMPLED,March revised completion target is later than the latest prior observed revised target.
618381,P:618381,Widening and up-gradation to 2-lane with paved shoulder configuration and geometric improvements from km 250.00 Lunglei to km 298.00 on Aizawl-Tuipang section under JICA ODA Loan assistance Phase-I Package-6,2026-02,03/2025,05/2025,2026-03,2,06/2023,05/2025,03/2025,03/2025,03/2025,03/2025,05/2025,05/2025,05/2025,FlashReport_March_2026.pdf,128,Table 6: All Ongoing Projects,1,False,,NOT_SAMPLED,March revised completion target is later than the latest prior observed revised target.
618382,P:618382,Widening and up-gradation to 2-lane with paved shoulder configuration and geometric improvements from km 298.00 to km 339.00 on Aizawl-Tuipang section under JICA ODA Loan assistance Phase-I Package-7,2026-02,03/2025,05/2025,2026-03,2,04/2024,05/2025,03/2025,03/2025,03/2025,03/2025,05/2025,05/2025,05/2025,FlashReport_March_2026.pdf,128,Table 6: All Ongoing Projects,1,False,,NOT_SAMPLED,March revised completion target is later than the latest prior observed revised target.
618383,P:618383,Widening and up-gradation to 2-lane with paved shoulder configuration and geometric improvements from km 339.00 to km 380.00 Siaha on Aizawl-Tuipang section under JICA ODA Loan assistance Phase-I Package-8,2026-02,05/2025,06/2025,2026-03,1,09/2023,06/2025,05/2025,05/2025,05/2025,05/2025,06/2025,06/2025,06/2025,FlashReport_March_2026.pdf,128,Table 6: All Ongoing Projects,1,False,,NOT_SAMPLED,March revised completion target is later than the latest prior observed revised target.
618384,P:618384,Widening and Up-gradation to 2- Lane with Paved Shoulder Configuration and geometric improvement from Km. 166. 000 to Km 208.000 Package-4 on Aizawl Tuipang Section of NH-54 in the State of Mizoram Package-4,2026-02,09/2024,04/2025,2026-03,7,04/2023,04/2025,09/2024,09/2024,09/2024,09/2024,04/2025,04/2025,04/2025,FlashReport_March_2026.pdf,128,Table 6: All Ongoing Projects,1,False,,NOT_SAMPLED,March revised completion target is later than the latest prior observed revised target.
618477,P:618477,Bangalore Chennai Expressway Phase-III Package I Gudipala to Walajajhpet from Km 156.000 to Km 180.000 Multi-States,2026-02,08/2024,04/2026,2026-03,20,05/2024,04/2026,08/2024,08/2024,08/2024,08/2024,04/2026,06/2026,06/2026,FlashReport_March_2026.pdf,128,Table 6: All Ongoing Projects,1,False,,NOT_SAMPLED,March revised completion target is later than the latest prior observed revised target.
618681,P:618681,6L Aluru - Jakkuva Section of NH-130CD Road from km 365.033 to km 396.800 Pkg. 1 Multi-States,2026-02,04/2025,06/2026,2026-03,14,03/2024,06/2026,04/2025,04/2025,04/2025,04/2025,06/2026,06/2026,06/2026,FlashReport_March_2026.pdf,128,Table 6: All Ongoing Projects,1,False,,NOT_SAMPLED,March revised completion target is later than the latest prior observed revised target.
618771,P:618771,6L of Varadharajula to Kumarajapet from km 0.000 to km 43.800 of NH-716B Pkg-I Multi-States,2026-02,08/2025,04/2026,2026-03,8,12/2024,04/2026,08/2025,08/2025,08/2025,08/2025,04/2026,04/2026,04/2026,FlashReport_March_2026.pdf,128,Table 6: All Ongoing Projects,1,False,,NOT_SAMPLED,March revised completion target is later than the latest prior observed revised target.
618530,P:618530,Six Laning of Varanasi to Aurangabad from km. 786.00 to km. 978.40 of Old NH-2 Multi-States,2026-02,06/2025,06/2026,2026-03,12,03/2014,06/2026,03/2014,06/2025,06/2025,06/2025,06/2026,06/2026,06/2026,FlashReport_March_2026.pdf,129,Table 6: All Ongoing Projects,1,False,,NOT_SAMPLED,March revised completion target is later than the latest prior observed revised target.
618532,P:618532,6L of Aurangabad to Bihar-Jharkhand border Chordaha section from km. 209.827 to Km. 249.525 of NH-19 PKG-02 Multi-States,2026-02,04/2025,04/2026,2026-03,12,03/2024,04/2026,04/2025,04/2025,04/2025,04/2025,04/2026,05/2026,05/2026,FlashReport_March_2026.pdf,129,Table 6: All Ongoing Projects,1,True,2025-12;2026-01;2026-02;2026-03;2026-04,SOURCE_VERIFIED,2025-12:FlashReport_December_2025.pdf:p93=04/2025; 2026-01:FlashReport_January_2026.pdf:p115=04/2025; 2026-02:FlashReport_February_2026.pdf:p140=04/2025; 2026-03:FlashReport_March_2026.pdf:p129=04/2026; 2026-04:FlashReport_April2026.pdf:p134=05/2026
618747,P:618747,Khammam-Devarapalle Pkg III [4L Access Controlled Greenfield from Chintagudem village to Recherla village Design Chainage 63117 to 105236] Multi-States,2026-02,09/2025,04/2026,2026-03,7,09/2024,04/2026,09/2025,09/2025,09/2025,09/2025,04/2026,05/2026,05/2026,FlashReport_March_2026.pdf,129,Table 6: All Ongoing Projects,1,False,,NOT_SAMPLED,March revised completion target is later than the latest prior observed revised target.
619077,P:619077,6 laning of Balance Work of Chennai - Tada from km. 21.40 to km. Multi-States,2026-02,09/2022,04/2026,2026-03,43,03/2020,04/2026,,09/2022,09/2022,09/2022,04/2026,06/2026,06/2026,FlashReport_March_2026.pdf,129,Table 6: All Ongoing Projects,1,False,,NOT_SAMPLED,March revised completion target is later than the latest prior observed revised target.
619078,P:619078,Six Laning of Bihar - Jharkhand Border Chordaha - Gorhar section of NH-2 from km 249.525 to km Multi-States,2026-02,02/2026,12/2026,2026-03,10,11/2021,12/2026,,02/2026,02/2026,02/2026,12/2026,12/2026,12/2026,FlashReport_March_2026.pdf,129,Table 6: All Ongoing Projects,1,False,,NOT_SAMPLED,March revised completion target is later than the latest prior observed revised target.
619154,P:619154,Construction of Four Lane Highway from Ghazipur- Ballia-UP/Bihar State Border Greenfield section of NH-31 Package III [from Pindari km 78.150 to Rawalganj Bypass Multi-States Km 117.120] on EPC Mode in the state of Uttar Pradesh.,2026-02,05/2026,08/2026,2026-03,3,08/2025,08/2026,,,05/2026,05/2026,08/2026,11/2026,11/2026,FlashReport_March_2026.pdf,129,Table 6: All Ongoing Projects,1,False,,NOT_SAMPLED,March revised completion target is later than the latest prior observed revised target.
619212,P:619212,6L Access Controlled Greenfield Highway of Julekal village to Dinnedevarapadu village from Km 242.200 to Km 280.400 Pkg-2 Multi-States,2026-02,07/2025,09/2026,2026-03,14,01/2025,09/2026,,,07/2025,07/2025,09/2026,12/2026,12/2026,FlashReport_March_2026.pdf,129,Table 6: All Ongoing Projects,1,False,,NOT_SAMPLED,March revised completion target is later than the latest prior observed revised target.
618486,P:618486,Delhi-Amritsar-Katra Expressway Phase-I Pkg-V from Junction with Ambala-Kaithal- Hissar road NH-152 near Kharak Pandwa village to Junction with Patiala-Samana- Patran road SH-10 near Ghagga village Km 120250 to Km 157920 Multi-States,2026-02,06/2025,05/2026,2026-03,11,05/2024,05/2026,,06/2025,06/2025,06/2025,05/2026,05/2026,05/2026,FlashReport_March_2026.pdf,130,Table 6: All Ongoing Projects,1,False,,NOT_SAMPLED,March revised completion target is later than the latest prior observed revised target.
618577,P:618577,"Maharashtra) Dwarka Expressway Pkg-III Delhi/HR Border to Start of RoB Gurugram Multi-States (Delhi,",2026-02,02/2024,04/2026,2026-03,26,11/2020,04/2026,,,02/2024,02/2024,04/2026,05/2026,05/2026,FlashReport_March_2026.pdf,130,Table 6: All Ongoing Projects,1,False,,NOT_SAMPLED,March revised completion target is later than the latest prior observed revised target.
618637,P:618637,Bal. Works of Fagne Km. 510.000 to Maharashtra/Gujarat Border Km. Multi-States,2026-02,06/2024,04/2026,2026-03,22,09/2022,04/2026,06/2024,06/2024,06/2024,06/2024,04/2026,12/2026,12/2026,FlashReport_March_2026.pdf,130,Table 6: All Ongoing Projects,1,False,,NOT_SAMPLED,March revised completion target is later than the latest prior observed revised target.
618676,P:618676,6L of Dhanara - Hatibena Section from Km 124.611 to km 146.50 of NH-130-CD Package OD-1 Multi-States,2026-02,12/2025,04/2026,2026-03,4,03/2024,04/2026,12/2025,12/2025,12/2025,12/2025,04/2026,04/2026,04/2026,FlashReport_March_2026.pdf,130,Table 6: All Ongoing Projects,1,False,,NOT_SAMPLED,March revised completion target is later than the latest prior observed revised target.
618723,P:618723,6L access Controlled Greenfield Highway from Ranipur Barsi to Adhoya Musalmana section of Shamli -Ambala Package-II Design Ch. Form km 45.500 to km 84.400 Multi-States,2026-02,12/2025,12/2026,2026-03,12,05/2025,12/2026,12/2025,12/2025,12/2025,12/2025,12/2026,12/2026,12/2026,FlashReport_March_2026.pdf,130,Table 6: All Ongoing Projects,1,False,,NOT_SAMPLED,March revised completion target is later than the latest prior observed revised target.
618760,P:618760,4L Greenfield a Malout bypass from ch. Km 44.500 to ch. Km 35.500 on NH-07 and Ch. Km 0.000 to Km 6.984 on NH-09 bMandi Dabwali Bypass from Ch. 38.450 Km to Km 27.910 Pkg-02 Multi-States,2026-02,12/2024,04/2026,2026-03,16,07/2024,04/2026,12/2024,12/2024,12/2024,12/2024,04/2026,04/2026,04/2026,FlashReport_March_2026.pdf,130,Table 6: All Ongoing Projects,1,False,,NOT_SAMPLED,March revised completion target is later than the latest prior observed revised target.
618942,P:618942,"Balance work of 2L PS from Km 30.800 to Km 70.800 and 2L with Rigid Carriageway from Km 70.800 to km 84.120 of Khanapur- KA/GOA Border section of NH-4A Multi-States (Goa, Karnataka)",2026-02,03/2026,11/2026,2026-03,8,05/2024,11/2026,03/2026,03/2026,03/2026,03/2026,11/2026,03/2027,03/2027,FlashReport_March_2026.pdf,130,Table 6: All Ongoing Projects,1,False,,NOT_SAMPLED,March revised completion target is later than the latest prior observed revised target.
619064,P:619064,Vadodara Mumbai Expressway Talsari to Karvad Phase IB - Pkg X [Km 103.400 to Multi-States Km 128.000] (Dadra & Nagar,2026-02,06/2025,11/2026,2026-03,17,03/2024,11/2026,,06/2025,06/2025,06/2025,11/2026,11/2026,11/2026,FlashReport_March_2026.pdf,130,Table 6: All Ongoing Projects,1,False,,NOT_SAMPLED,March revised completion target is later than the latest prior observed revised target.
619068,P:619068,Construction of Greenfield Connectivity to Jewar International Airport from DND- Faridabad-Ballabhgarh Bypass KMP Link - Spur to Delhi Mumbai Expressway Multi-States,2026-02,03/2026,04/2027,2026-03,13,06/2025,04/2027,,03/2026,03/2026,03/2026,04/2027,04/2027,04/2027,FlashReport_March_2026.pdf,130,Table 6: All Ongoing Projects,1,False,,NOT_SAMPLED,March revised completion target is later than the latest prior observed revised target.
619216,P:619216,6L access Controlled Greenfield Highway from Adhoya Musalmana to Sadopur section of Shamli -Ambala Package-III Design Ch. Form km 84.400 to km Multi-States,2026-02,06/2026,12/2026,2026-03,6,05/2025,12/2026,,,06/2026,06/2026,12/2026,12/2026,12/2026,FlashReport_March_2026.pdf,130,Table 6: All Ongoing Projects,1,True,2026-02;2026-03;2026-04,SOURCE_VERIFIED,2026-02:FlashReport_February_2026.pdf:p141=06/2026; 2026-03:FlashReport_March_2026.pdf:p130=12/2026; 2026-04:FlashReport_April2026.pdf:p135=12/2026
618515,P:618515,6L from Belgaum to Sankeshwar Bypass from Km. 515.000 to Km. 555.017 of NH-48 Pkg-I Multi-States,2026-02,12/2025,04/2026,2026-03,4,04/2025,04/2026,12/2025,12/2025,12/2025,12/2025,04/2026,05/2026,05/2026,FlashReport_March_2026.pdf,131,Table 6: All Ongoing Projects,1,False,,NOT_SAMPLED,March revised completion target is later than the latest prior observed revised target.
618516,P:618516,6L from Sankeshwar Bypass to MH-KNT Border from Km. 555.017 to Km. 592.853 of NH-48 Pkg-II Multi-States,2026-02,10/2026,11/2026,2026-03,1,04/2025,11/2026,10/2026,10/2026,10/2026,10/2026,11/2026,11/2026,11/2026,FlashReport_March_2026.pdf,131,Table 6: All Ongoing Projects,1,False,,NOT_SAMPLED,March revised completion target is later than the latest prior observed revised target.
618581,P:618581,Hosur to Dhamrapuri Pkg-1 [Neraluru - Thorapalli Agraharam] Multi-States,2026-02,08/2025,07/2026,2026-03,11,10/2024,07/2026,08/2025,08/2025,08/2025,08/2025,07/2026,07/2026,07/2026,FlashReport_March_2026.pdf,131,Table 6: All Ongoing Projects,1,False,,NOT_SAMPLED,March revised completion target is later than the latest prior observed revised target.
618632,P:618632,6L Access Controlled Greenfield Highway of Nandinne village to Julekal village from Km 202.900 to Km 242.200 Pkg-1 Multi-States,2026-02,09/2025,06/2026,2026-03,9,01/2025,06/2026,09/2025,09/2025,09/2025,09/2025,06/2026,08/2026,08/2026,FlashReport_March_2026.pdf,131,Table 6: All Ongoing Projects,1,False,,NOT_SAMPLED,March revised completion target is later than the latest prior observed revised target.
618909,P:618909,2L PS of JH / WB Border km. 70.524 - Purulia km.84.400 & Purulia km. 94.30 - Chandil Junction with NH-33 km. 153.705 of Old NH-32 Multi-States,2026-02,12/2025,06/2026,2026-03,6,08/2022,06/2026,12/2025,12/2025,12/2025,12/2025,06/2026,10/2026,10/2026,FlashReport_March_2026.pdf,131,Table 6: All Ongoing Projects,1,False,,NOT_SAMPLED,March revised completion target is later than the latest prior observed revised target.
618938,P:618938,4L of Rajura-Korpana-Adilabad Road upto M.S. Border from km 32.910 to km of NH-353B Multi-States,2026-02,04/2025,04/2026,2026-03,12,10/2024,04/2026,04/2025,04/2025,04/2025,04/2025,04/2026,05/2026,05/2026,FlashReport_March_2026.pdf,131,Table 6: All Ongoing Projects,1,False,,NOT_SAMPLED,March revised completion target is later than the latest prior observed revised target.
619097,P:619097,Thalassery Mahe Bypass Km 170.600 to Km 189.200 of NH-17New NH-66 in Kerala Multi-States,2026-02,06/2023,04/2026,2026-03,34,05/2020,04/2026,,06/2023,06/2023,06/2023,04/2026,05/2026,05/2026,FlashReport_March_2026.pdf,131,Table 6: All Ongoing Projects,1,False,,NOT_SAMPLED,March revised completion target is later than the latest prior observed revised target.
618072,P:618072,Widening to Existing single lane /intermediate lane to 2 lane from Km185.00 to Km 220.00 of NH-61 New NH-02 in the state of Nagaland.,2026-02,10/2025,03/2026,2026-03,5,07/2024,03/2026,03/2025,03/2025,10/2025,10/2025,03/2026,03/2026,03/2026,FlashReport_March_2026.pdf,132,Table 6: All Ongoing Projects,1,False,,NOT_SAMPLED,March revised completion target is later than the latest prior observed revised target.
618290,P:618290,"Construction of 2-lane with Paved shoulder of Kohima- Bypass Road Connecting NH- 39New NH-02, NH-150New NH-02, NH-61New NH-29, NH-39New NH-02 from Design Km 32.00 to Design Km 43.454Design Length-11.454 Km in the State of Nagaland",2026-02,05/2025,12/2026,2026-03,19,04/2022,12/2026,02/2025,05/2025,05/2025,05/2025,12/2026,12/2026,12/2026,FlashReport_March_2026.pdf,132,Table 6: All Ongoing Projects,1,False,,NOT_SAMPLED,March revised completion target is later than the latest prior observed revised target.
618291,P:618291,"Construction of 2-lane with Paved shoulder of Kohima-Bypass Road connecting NH- 39 New NH-02, NH150New NH-02, NH7-61 New NH-29 and NH-39 New NH-02 from Design km 21.000 to km 32.268 [Design length11.268 km] in the state of Nagaland",2026-02,03/2025,12/2026,2026-03,21,06/2025,12/2026,06/2025,03/2025,03/2025,03/2025,12/2026,12/2026,12/2026,FlashReport_March_2026.pdf,132,Table 6: All Ongoing Projects,1,False,,NOT_SAMPLED,March revised completion target is later than the latest prior observed revised target.
618292,P:618292,Construction of 2-Lane with paved shoulder of Kohima-Bypass Road connecting New NH-02 and New NH-29 from Design Km 10.500 to design Km 21.000 [Design Length- 10.500 km] including TUNNEL of 500m at Ch. 11.000 in the state of Nagaland Under,2026-02,01/2024,06/2026,2026-03,29,10/2022,06/2026,01/2024,01/2024,01/2024,01/2024,06/2026,06/2026,06/2026,FlashReport_March_2026.pdf,132,Table 6: All Ongoing Projects,1,False,,NOT_SAMPLED,March revised completion target is later than the latest prior observed revised target.
618711,P:618711,6L with access control provision Saharanpur bypass to Ganeshpur section from Km to 41.820 Km of Delhi- Dehradun Economic Corridor package-2 Multi-States (Uttar,2026-02,12/2024,04/2026,2026-03,16,11/2024,04/2026,12/2024,12/2024,12/2024,12/2024,04/2026,05/2026,05/2026,FlashReport_March_2026.pdf,132,Table 6: All Ongoing Projects,1,False,,NOT_SAMPLED,March revised completion target is later than the latest prior observed revised target.
618844,P:618844,Viluppuram Km.0.000 to Puducherry Km.29.000 Multi-States,2026-02,03/2024,04/2026,2026-03,25,11/2023,04/2026,,,03/2024,03/2024,04/2026,06/2026,06/2026,FlashReport_March_2026.pdf,132,Table 6: All Ongoing Projects,1,False,,NOT_SAMPLED,March revised completion target is later than the latest prior observed revised target.
618845,P:618845,Puducherry Km.29.000 to Poondiyankuppam Km.67.000 Multi-States,2026-02,03/2024,04/2026,2026-03,25,11/2023,04/2026,03/2024,03/2024,03/2024,03/2024,04/2026,06/2026,06/2026,FlashReport_March_2026.pdf,132,Table 6: All Ongoing Projects,1,False,,NOT_SAMPLED,March revised completion target is later than the latest prior observed revised target.
618847,P:618847,Sattanathapuram to Nagapattinam from Km 123.800 to Km Multi-States,2026-02,05/2026,08/2026,2026-03,3,10/2022,08/2026,01/2026,05/2026,05/2026,05/2026,08/2026,08/2026,08/2026,FlashReport_March_2026.pdf,132,Table 6: All Ongoing Projects,1,False,,NOT_SAMPLED,March revised completion target is later than the latest prior observed revised target.
618928,P:618928,"Improvement & Up-gradation of NH-734 Section of Moradabad-Thakurdwara Kashipur including Moradabad & Kashipur Bypasse Package-III Kashipur Bypass Length Multi-States (Uttar 14.490 Km., Starts from Ch. 38770 and ends at Ch. 53260 existing Ch. 05560",2026-02,06/2026,12/2026,2026-03,6,09/2025,12/2026,,,06/2026,06/2026,12/2026,12/2026,12/2026,FlashReport_March_2026.pdf,132,Table 6: All Ongoing Projects,1,True,2026-02;2026-03;2026-04,SOURCE_VERIFIED,2026-02:FlashReport_February_2026.pdf:p143=06/2026; 2026-03:FlashReport_March_2026.pdf:p132=12/2026; 2026-04:FlashReport_April2026.pdf:p137=12/2026
618969,P:618969,4/6L of Spur to Haridwar Greenfield from Km. 0.000 to Km. Multi-States (Uttar,2026-02,03/2026,06/2026,2026-03,3,02/2025,06/2026,03/2026,03/2026,03/2026,03/2026,06/2026,06/2026,06/2026,FlashReport_March_2026.pdf,132,Table 6: All Ongoing Projects,1,False,,NOT_SAMPLED,March revised completion target is later than the latest prior observed revised target.
619217,P:619217,4L of Haridwar-Nagina section from km. 0.00 to km. 71.614 of NH-74 Multi-States (Uttar,2026-02,07/2025,04/2026,2026-03,9,07/2020,04/2026,,,07/2025,07/2025,04/2026,05/2026,05/2026,FlashReport_March_2026.pdf,132,Table 6: All Ongoing Projects,1,False,,NOT_SAMPLED,March revised completion target is later than the latest prior observed revised target.
618413,P:618413,Construction of 2 laning with Hard shoulder of Peren-Dimapur section on NH 129A from Design Km 146.208 to Km 163.592 Length- 17.384 km in the state of Nagaland on EPC mode under NHO-TSP Package-III,2026-02,11/2025,06/2026,2026-03,7,06/2025,06/2026,,,11/2025,11/2025,06/2026,06/2026,06/2026,FlashReport_March_2026.pdf,133,Table 6: All Ongoing Projects,1,False,,NOT_SAMPLED,March revised completion target is later than the latest prior observed revised target.
617925,P:617925,Construction of Bypass to Khordha town from Km 294/000 to 300/300 on NH-57 including LA in the State of Odisha on EPC mode.,2026-02,07/2025,06/2026,2026-03,11,11/2024,06/2026,07/2025,07/2025,07/2025,07/2025,06/2026,06/2026,06/2026,FlashReport_March_2026.pdf,134,Table 6: All Ongoing Projects,1,False,,NOT_SAMPLED,March revised completion target is later than the latest prior observed revised target.
618677,P:618677,6L Greenfield Kaliagura Baunsaguar Section of NH-130-CD Road from km 249000 to km 293000 Package OD-5,2026-02,10/2025,06/2026,2026-03,8,05/2024,06/2026,10/2025,10/2025,10/2025,10/2025,06/2026,06/2026,06/2026,FlashReport_March_2026.pdf,134,Table 6: All Ongoing Projects,1,False,,NOT_SAMPLED,March revised completion target is later than the latest prior observed revised target.
618678,P:618678,6L Greenfield Baunsaguar - Baraja Section of NH-130-CD Road from km 293000 to km 338500 Package OD-6,2026-02,06/2025,05/2026,2026-03,11,05/2024,05/2026,06/2025,06/2025,06/2025,06/2025,05/2026,06/2026,06/2026,FlashReport_March_2026.pdf,135,Table 6: All Ongoing Projects,1,False,,NOT_SAMPLED,March revised completion target is later than the latest prior observed revised target.
618680,P:618680,6L Greenfield Kandili - Aluru Section of NH-130-CD Road from km 342500 to km 365033 Package-OD-8,2026-02,08/2025,06/2026,2026-03,10,10/2024,06/2026,08/2025,08/2025,08/2025,08/2025,06/2026,05/2026,05/2026,FlashReport_March_2026.pdf,135,Table 6: All Ongoing Projects,1,False,,NOT_SAMPLED,March revised completion target is later than the latest prior observed revised target.
619109,P:619109,6L of Badakumari - Karki Section from Km 179.000 to km 226.500 of NH-130-CD Package OD-3,2026-02,12/2025,05/2026,2026-03,5,04/2024,05/2026,,12/2025,12/2025,12/2025,05/2026,05/2026,05/2026,FlashReport_March_2026.pdf,135,Table 6: All Ongoing Projects,1,False,,NOT_SAMPLED,March revised completion target is later than the latest prior observed revised target.
619118,P:619118,Four Laning of Angul to Sambalpur from Km.112.000 to Km.265.000,2026-02,10/2024,04/2026,2026-03,18,08/2019,04/2026,,10/2024,10/2024,10/2024,04/2026,05/2026,05/2026,FlashReport_March_2026.pdf,135,Table 6: All Ongoing Projects,1,False,,NOT_SAMPLED,March revised completion target is later than the latest prior observed revised target.
619119,P:619119,Cuttack-Angul Section of NH-42 New NH-55 from km 0.400 to km 60.200 Pkg-I in the State of Odisha,2026-02,12/2024,04/2026,2026-03,16,07/2020,04/2026,,12/2024,12/2024,12/2024,04/2026,06/2026,06/2026,FlashReport_March_2026.pdf,135,Table 6: All Ongoing Projects,1,False,,NOT_SAMPLED,March revised completion target is later than the latest prior observed revised target.
619215,P:619215,Cuttack-Angul Section of NH-42 New NH-55 from Km.60.200 to Km. 112.000 Pkg-II in the State of Odisha,2026-02,12/2024,04/2026,2026-03,16,09/2020,04/2026,,,12/2024,12/2024,04/2026,06/2026,06/2026,FlashReport_March_2026.pdf,135,Table 6: All Ongoing Projects,1,False,,NOT_SAMPLED,March revised completion target is later than the latest prior observed revised target.
618489,P:618489,Delhi-Amritsar-Katra Expressway Phase-I Pkg-IX from Junction with Ludhiana-Moga road NH-5 near Mullanpur Dakha to Junction with Jalandhar - Moga road NH-703 near Kang Sahibu village Km 260860 to km 303900,2026-02,09/2025,06/2026,2026-03,9,07/2024,06/2026,,,09/2025,09/2025,06/2026,03/2027,03/2027,FlashReport_March_2026.pdf,136,Table 6: All Ongoing Projects,1,False,,NOT_SAMPLED,March revised completion target is later than the latest prior observed revised target.
618552,P:618552,Development of 6L Greenfield Jalandhar Bypass starting from Kahlwan NH-03 ending at Kang Sahbu NH-703 via Sarmastpur NH-44 - Madara NH-03 - Khajurla NH-44,2026-02,03/2026,06/2027,2026-03,15,01/2025,06/2027,03/2026,03/2026,03/2026,03/2026,06/2027,06/2027,06/2027,FlashReport_March_2026.pdf,136,Table 6: All Ongoing Projects,1,False,,NOT_SAMPLED,March revised completion target is later than the latest prior observed revised target.
618617,P:618617,6L Amritsar-Bathinda Greenfield section from village Tiba on NE-5A to Jn. with Moga Jalandhar road NH-703 near Dharamkot from km 0.000 to km 39.000 of NH-754A Pkg-1,2026-02,09/2025,06/2027,2026-03,21,11/2024,06/2027,09/2025,09/2025,09/2025,09/2025,06/2027,06/2027,06/2027,FlashReport_March_2026.pdf,136,Table 6: All Ongoing Projects,1,False,,NOT_SAMPLED,March revised completion target is later than the latest prior observed revised target.
618764,P:618764,Moga - Bagha Purana - Bajakhana from km. 0.00 to km.,2026-02,08/2025,05/2026,2026-03,9,12/2024,05/2026,08/2025,08/2025,08/2025,08/2025,05/2026,05/2026,05/2026,FlashReport_March_2026.pdf,136,Table 6: All Ongoing Projects,1,True,2025-12;2026-01;2026-02;2026-03;2026-04,SOURCE_VERIFIED,2025-12:FlashReport_December_2025.pdf:p97=08/2025; 2026-01:FlashReport_January_2026.pdf:p120=08/2025; 2026-02:FlashReport_February_2026.pdf:p147=08/2025; 2026-03:FlashReport_March_2026.pdf:p136=05/2026; 2026-04:FlashReport_April2026.pdf:p141=05/2026
618776,P:618776,4L of Greenfield section from Sirhind to Mohali,2026-02,04/2026,06/2026,2026-03,2,05/2025,06/2026,,,04/2026,04/2026,06/2026,06/2026,06/2026,FlashReport_March_2026.pdf,136,Table 6: All Ongoing Projects,1,False,,NOT_SAMPLED,March revised completion target is later than the latest prior observed revised target.
617901,P:617901,Widening of Pachpadra-Bagundi Section to 4 Lane from Km 73/60 to 95/70 of NH-25 on EPC mode in the state of Rajasthan.,2026-02,07/2025,03/2026,2026-03,8,12/2024,03/2026,07/2025,02/2026,07/2025,07/2025,03/2026,03/2026,03/2026,FlashReport_March_2026.pdf,137,Table 6: All Ongoing Projects,1,False,,NOT_SAMPLED,March revised completion target is later than the latest prior observed revised target.
618200,P:618200,Construction of 2 lane with Paved Shoulder for Northern Bypass Phase-II of Kota city in the State of Rajasthan.,2026-02,06/2026,02/2027,2026-03,8,04/2025,02/2027,06/2026,06/2026,06/2026,06/2026,02/2027,02/2027,02/2027,FlashReport_March_2026.pdf,138,Table 6: All Ongoing Projects,1,False,,NOT_SAMPLED,March revised completion target is later than the latest prior observed revised target.
618457,P:618457,Delhi-Vadodara Greenfield Alignment NH-148N Pkg-10 Ch. 292.950 to Ch. [End of Interchange on NH-166 near village Mui to Hardeoganj village near Indergarh],2026-02,07/2024,06/2026,2026-03,23,05/2023,06/2026,07/2024,07/2024,07/2024,07/2024,06/2026,07/2026,07/2026,FlashReport_March_2026.pdf,138,Table 6: All Ongoing Projects,1,False,,NOT_SAMPLED,March revised completion target is later than the latest prior observed revised target.
618458,P:618458,Delhi-Vadodara Greenfield Alignment NH-148N Pkg-15 Ch. 419.000 to Ch.427.300 [Junction with NH-12 near village Ummedpura to Major bridge over Takli river near Nayagaon Jageer village],2026-02,02/2026,05/2026,2026-03,3,01/2024,05/2026,02/2026,02/2026,02/2026,02/2026,05/2026,07/2026,07/2026,FlashReport_March_2026.pdf,138,Table 6: All Ongoing Projects,1,False,,NOT_SAMPLED,March revised completion target is later than the latest prior observed revised target.
618612,P:618612,Deogarh near Dhandhaniya-Rajasthan/Gujarat Border Phase-I AJ/DRGB-Package-6,2026-02,12/2024,04/2026,2026-03,16,08/2023,04/2026,12/2024,12/2024,12/2024,12/2024,04/2026,05/2026,05/2026,FlashReport_March_2026.pdf,138,Table 6: All Ongoing Projects,1,False,,NOT_SAMPLED,March revised completion target is later than the latest prior observed revised target.
618613,P:618613,Deogarh near Dhandhaniya-Rajasthan/Gujarat Border Phase-I AJ/DRGB-Package-7,2026-02,12/2024,04/2026,2026-03,16,07/2023,04/2026,12/2024,12/2024,12/2024,12/2024,04/2026,05/2026,05/2026,FlashReport_March_2026.pdf,138,Table 6: All Ongoing Projects,1,False,,NOT_SAMPLED,March revised completion target is later than the latest prior observed revised target.
618071,P:618071,Construction of two lane with paved shoulder Gangtok Bypass Road from Ranipool to Burtuk Ch 0.00 Km to 23.316 L23.316 Km in the State of Sikkim,2026-02,01/2025,06/2026,2026-03,17,05/2024,06/2026,01/2025,01/2025,01/2025,01/2025,06/2026,06/2026,06/2026,FlashReport_March_2026.pdf,139,Table 6: All Ongoing Projects,1,False,,NOT_SAMPLED,March revised completion target is later than the latest prior observed revised target.
618426,P:618426,Construction/Up gradation of Existing road to 2 Lane with Paved Shoulder including Geometric Improvement from Ranipool to Pakyong Balance work from Km 2.000 to 16.167 of NH-717-A on EPC basis under SARDP-NE Phase A in the State of Sikkim,2026-02,09/2025,04/2026,2026-03,7,07/2024,04/2026,,,09/2025,09/2025,04/2026,12/2026,12/2026,FlashReport_March_2026.pdf,139,Table 6: All Ongoing Projects,1,False,,NOT_SAMPLED,March revised completion target is later than the latest prior observed revised target.
618428,P:618428,Realignment of NH-717A from Design Ch.0.00 Km 77.800 of NH-10 to Design Ch.2.00 Km 3.100 of NH-717A with two lane paved shoulder including Major Bridge of 680 m in the State of Sikkim on EPC Mode-COS work,2026-02,10/2025,04/2026,2026-03,6,04/2023,04/2026,,,10/2025,10/2025,04/2026,05/2026,05/2026,FlashReport_March_2026.pdf,139,Table 6: All Ongoing Projects,1,False,,NOT_SAMPLED,March revised completion target is later than the latest prior observed revised target.
618446,P:618446,Construction & Upgradation of existing road to 2-lane with paved shoulder from New Rolep Bridge at km 37.600 to Chochenpheri at km 52.00 in the section of Rongli to Chochenpheri of NH 717B Pkg-II C,2026-02,02/2025,06/2026,2026-03,16,05/2024,06/2026,02/2025,02/2025,02/2025,02/2025,06/2026,06/2026,06/2026,FlashReport_March_2026.pdf,139,Table 6: All Ongoing Projects,1,False,,NOT_SAMPLED,March revised completion target is later than the latest prior observed revised target.
618447,P:618447,Construction of 2-Laning with Paved Shoulder of New Greenfield Alignment From Helipad near Menla at Km 82000 to Menla at Km 94030 of Rhenock-Menla Spur NH- 717B Package-IIIB on EPC Basis under SARDP-NE Phase 'A' in the State of Sikkim.,2026-02,09/2025,05/2026,2026-03,8,02/2024,05/2026,11/2025,09/2025,09/2025,09/2025,05/2026,05/2026,05/2026,FlashReport_March_2026.pdf,139,Table 6: All Ongoing Projects,1,False,,NOT_SAMPLED,March revised completion target is later than the latest prior observed revised target.
618448,P:618448,Construction of 2-Laning with Paved Shoulder of New Greenfield Alignment From Chochenpheri at Km 52000 to Helipad near Menla at Km 82000 of Rhenock-Menla Spur NH-717B Package-IIIA on EPC Basis under SARDP-NE Phase 'A' in the State of,2026-02,09/2025,10/2026,2026-03,13,12/2023,10/2026,09/2025,09/2025,09/2025,09/2025,10/2026,10/2026,10/2026,FlashReport_March_2026.pdf,139,Table 6: All Ongoing Projects,1,False,,NOT_SAMPLED,March revised completion target is later than the latest prior observed revised target.
618449,P:618449,Construction & Upgradation of existing road to 2-lane with paved shoulder from km27.200 End of Rongli bypass to km37.600New Rolep Bridge of Rhenok-Menla spur NH-717B on EPC Mode under SARDP-NE Phase-A in Sikkim Pkg-II B,2026-02,02/2025,06/2026,2026-03,16,04/2023,06/2026,02/2025,02/2025,02/2025,02/2025,06/2026,09/2026,09/2026,FlashReport_March_2026.pdf,139,Table 6: All Ongoing Projects,1,False,,NOT_SAMPLED,March revised completion target is later than the latest prior observed revised target.
618450,P:618450,Rehabilitation & Upgradation of existing road to 2-lane with paved shoulder including geometric improvement of section from start of Rabangla km33.600 to km58.840 under SARDP-NE Phase A Pkg- IV,2026-02,04/2025,06/2026,2026-03,14,05/2022,06/2026,04/2025,04/2025,04/2025,04/2025,06/2026,06/2026,06/2026,FlashReport_March_2026.pdf,139,Table 6: All Ongoing Projects,1,False,,NOT_SAMPLED,March revised completion target is later than the latest prior observed revised target.
618479,P:618479,Bangalore Chennai Expressway Phase-III Package III Arakkonam to Kancheepuram from Km 204.500 to Km,2026-02,03/2025,03/2027,2026-03,24,07/2024,03/2027,03/2025,03/2025,03/2025,03/2025,03/2027,09/2027,09/2027,FlashReport_March_2026.pdf,139,Table 6: All Ongoing Projects,1,True,2025-12;2026-01;2026-02;2026-03;2026-04,SOURCE_VERIFIED,2025-12:FlashReport_December_2025.pdf:p98=03/2025; 2026-01:FlashReport_January_2026.pdf:p122=03/2025; 2026-02:FlashReport_February_2026.pdf:p150=03/2025; 2026-03:FlashReport_March_2026.pdf:p139=03/2027; 2026-04:FlashReport_April2026.pdf:p144=09/2027
618521,P:618521,Karaipettai to Walajapet from Km 71.015 to,2026-02,04/2025,04/2026,2026-03,12,02/2021,04/2026,04/2025,04/2025,04/2025,04/2025,04/2026,05/2026,05/2026,FlashReport_March_2026.pdf,139,Table 6: All Ongoing Projects,1,False,,NOT_SAMPLED,March revised completion target is later than the latest prior observed revised target.
618563,P:618563,4L of Madurai Ring Road Phase 1 [Vadipatti-Thamrapatti] from km 0.00 - km,2026-02,08/2025,06/2026,2026-03,10,03/2022,06/2026,08/2025,08/2025,08/2025,08/2025,06/2026,06/2026,06/2026,FlashReport_March_2026.pdf,140,Table 6: All Ongoing Projects,1,False,,NOT_SAMPLED,March revised completion target is later than the latest prior observed revised target.
618608,P:618608,4L of left-over works including additional structures from Kerala/Tamil Nadu border to Kanyakumari Section from Km 43.0 to Km 96.174 of NH66,2026-02,04/2026,05/2026,2026-03,1,08/2025,05/2026,04/2026,04/2026,04/2026,04/2026,05/2026,10/2026,10/2026,FlashReport_March_2026.pdf,140,Table 6: All Ongoing Projects,1,False,,NOT_SAMPLED,March revised completion target is later than the latest prior observed revised target.
618635,P:618635,6L of Pondavakkam to Kannigaipair from km 96.040 to km 116.100 of NH 716B Pkg- IV,2026-02,11/2025,09/2026,2026-03,10,01/2025,09/2026,11/2025,11/2025,11/2025,11/2025,09/2026,11/2026,11/2026,FlashReport_March_2026.pdf,140,Table 6: All Ongoing Projects,1,False,,NOT_SAMPLED,March revised completion target is later than the latest prior observed revised target.
618756,P:618756,Melur - Pilayarpatti - Karaikudi from km 99.920 of NH 38 to km 12.9 of NH 383 Ext.,2026-02,05/2025,07/2026,2026-03,14,03/2022,07/2026,05/2025,05/2025,05/2025,05/2025,07/2026,07/2026,07/2026,FlashReport_March_2026.pdf,140,Table 6: All Ongoing Projects,1,False,,NOT_SAMPLED,March revised completion target is later than the latest prior observed revised target.
618846,P:618846,Poondiyankuppam Km.67.000 to Sattanathapuram Km.123.800,2026-02,09/2024,04/2026,2026-03,19,01/2024,04/2026,,,09/2024,09/2024,04/2026,06/2026,06/2026,FlashReport_March_2026.pdf,140,Table 6: All Ongoing Projects,1,False,,NOT_SAMPLED,March revised completion target is later than the latest prior observed revised target.
618895,P:618895,Kamalapuram to Oddanchatram from km. 0.00 to km.,2026-02,03/2026,05/2026,2026-03,2,01/2023,05/2026,03/2026,03/2026,03/2026,03/2026,05/2026,07/2026,07/2026,FlashReport_March_2026.pdf,140,Table 6: All Ongoing Projects,1,False,,NOT_SAMPLED,March revised completion target is later than the latest prior observed revised target.
618897,P:618897,4L of Sethiyathope -Cholapuram section from Km. 65.960 to Km. 116.440 section of NH45 C Pkg-II,2026-02,06/2024,04/2026,2026-03,22,08/2020,04/2026,06/2024,06/2024,06/2024,06/2024,04/2026,04/2026,04/2026,FlashReport_March_2026.pdf,140,Table 6: All Ongoing Projects,1,False,,NOT_SAMPLED,March revised completion target is later than the latest prior observed revised target.
617913,P:617913,6-laning of km 9.900 to km 19/948 Aramgarh to Shamshabad Section of Hyderabad- Bangalore section of NH-44 Under NHO EPC basis in the state of Telangana,2026-02,07/2021,12/2025,2026-03,53,05/2020,12/2025,07/2021,07/2021,07/2021,07/2021,12/2025,06/2026,06/2026,FlashReport_March_2026.pdf,141,Table 6: All Ongoing Projects,1,False,,NOT_SAMPLED,March revised completion target is later than the latest prior observed revised target.
617940,P:617940,"Rehabilitation and Upgradation of LB-Nagar to Malkapur section to 6-Lane main carriageway with service roads, drains cum footpath, including VUPs and widening of Minor bridge & road safety provisions from Km. 15/00 to Km 40/00 of NH-65 Old NH-9",2026-01,09/2025,06/2026,2026-03,9,07/2024,06/2026,09/2025,09/2025,,09/2025,06/2026,06/2026,06/2026,FlashReport_March_2026.pdf,141,Table 6: All Ongoing Projects,1,False,,NOT_SAMPLED,March revised completion target is later than the latest prior observed revised target.
617980,P:617980,Construction of six lane elevated corridor from km 7.950 Uppal to km 14.200 of NH- 163 to De-Congest the urban limits of Hyderabad-Bhoopalapatnam section on EPC mode in the state of Telangana,2026-02,04/2026,10/2026,2026-03,6,07/2020,10/2026,04/2026,04/2026,04/2026,04/2026,10/2026,10/2026,10/2026,FlashReport_March_2026.pdf,141,Table 6: All Ongoing Projects,1,False,,NOT_SAMPLED,March revised completion target is later than the latest prior observed revised target.
619094,P:619094,Thorapalli - Agraharam - Jittandahalli Section from km 23.350 to km 60.100 [Hosur to Dhamrapuri Pkg-2],2026-02,03/2025,12/2026,2026-03,21,12/2023,12/2026,,03/2025,03/2025,03/2025,12/2026,12/2026,12/2026,FlashReport_March_2026.pdf,141,Table 6: All Ongoing Projects,1,False,,NOT_SAMPLED,March revised completion target is later than the latest prior observed revised target.
619129,P:619129,Mahabalipuram - Pondicherry Pkg-I [Mamallapuram to Mugaiyur],2026-02,08/2025,08/2026,2026-03,12,05/2024,08/2026,,08/2025,08/2025,08/2025,08/2026,12/2026,12/2026,FlashReport_March_2026.pdf,141,Table 6: All Ongoing Projects,1,False,,NOT_SAMPLED,March revised completion target is later than the latest prior observed revised target.
619222,P:619222,"Balance works of four lane from km 43.950 Thiruvallur Bypass to km Veppampattu Bypass passing through Thannerkulam, Thozur and Sevapet Bypass 17.520 kms of Tirupathi- Tiruttani- Chennai section of NH 205",2026-02,02/2025,04/2026,2026-03,14,09/2024,04/2026,,,02/2025,02/2025,04/2026,05/2026,05/2026,FlashReport_March_2026.pdf,141,Table 6: All Ongoing Projects,1,False,,NOT_SAMPLED,March revised completion target is later than the latest prior observed revised target.
617983,P:617983,Widening & Strengthening of Existing 2LPS to 4 lane PS from Km 150000 to Km 159000 and Km 165400 to Km 186000 of NH-163 old NH-202 under NH O for the year 2020-21 on EPC Mode in the state of Telangana.,2026-02,04/2025,06/2026,2026-03,14,07/2024,06/2026,04/2025,04/2025,04/2025,04/2025,06/2026,06/2026,06/2026,FlashReport_March_2026.pdf,142,Table 6: All Ongoing Projects,1,True,2025-12;2026-01;2026-02;2026-03;2026-04,SOURCE_VERIFIED,2025-12:FlashReport_December_2025.pdf:p99=04/2025; 2026-01:FlashReport_January_2026.pdf:p123=04/2025; 2026-02:FlashReport_February_2026.pdf:p152=04/2025; 2026-03:FlashReport_March_2026.pdf:p142=06/2026; 2026-04:FlashReport_April2026.pdf:p147=06/2026
617995,P:617995,Widening to Two Lane with Paved Shoulders from Km 67.000 to Km 114.425 of Kalwakurthy- Mallapally Section of NH 167 Erstwhile section of SH 18 in the State of Telangana on EPC mode under NH O Annual Plan 2016-17,2026-02,07/2021,12/2025,2026-03,53,05/2019,12/2025,07/2021,07/2021,07/2021,07/2021,12/2025,12/2025,12/2025,FlashReport_March_2026.pdf,142,Table 6: All Ongoing Projects,1,False,,NOT_SAMPLED,March revised completion target is later than the latest prior observed revised target.
617996,P:617996,Widening to 2/4 Lane with paved shoulders from Km 182.120 to Km 227.600 of NH 167 on Haggari-Jadcherla Road on EPC mode under NHO in the state of Telangana,2026-02,07/2023,03/2026,2026-03,32,02/2019,03/2026,07/2023,07/2023,07/2023,07/2023,03/2026,03/2026,03/2026,FlashReport_March_2026.pdf,142,Table 6: All Ongoing Projects,1,False,,NOT_SAMPLED,March revised completion target is later than the latest prior observed revised target.
618001,P:618001,"Construction of 4-lane flyover at Amberpet-X road, Hyderabad on NH-202 in the State of Telangana",2026-02,04/2024,02/2026,2026-03,22,06/2023,02/2026,04/2024,04/2024,04/2024,04/2024,02/2026,06/2026,06/2026,FlashReport_March_2026.pdf,142,Table 6: All Ongoing Projects,1,False,,NOT_SAMPLED,March revised completion target is later than the latest prior observed revised target.
618141,P:618141,Widening and Improvement of existing carriage way to 2 lane with paved shoulders from Km. 86/160 to 131/730 of Jangaon-Duddeda section of NH-365B in the State of Telangana on EPC Mode,2026-02,06/2025,04/2026,2026-03,10,12/2024,04/2026,06/2025,06/2025,06/2025,06/2025,04/2026,05/2026,05/2026,FlashReport_March_2026.pdf,142,Table 6: All Ongoing Projects,1,False,,NOT_SAMPLED,March revised completion target is later than the latest prior observed revised target.
618142,P:618142,Widening to Two lane with Paved shoulders from km.40/410 to 84/037 of Thirumanlagiri-- Suryapet Section of NH-365B earstwhile section of SH-16,2026-02,05/2019,09/2019,2026-03,4,05/2019,09/2019,05/2019,05/2019,05/2019,05/2019,09/2019,09/2019,09/2019,FlashReport_March_2026.pdf,143,Table 6: All Ongoing Projects,1,False,,NOT_SAMPLED,March revised completion target is later than the latest prior observed revised target.
618186,P:618186,"Rehabilitation and Up-gradation of Valigonda to Thorrur Section to Two Lane with Paved Shoulders from Km 39.180 to Km 108.300 of NH-930P in the State of Telangana on Engineering, Procurement and Construction EPC Basis",2026-02,04/2025,04/2026,2026-03,12,12/2024,04/2026,04/2025,04/2025,04/2025,04/2025,04/2026,05/2026,05/2026,FlashReport_March_2026.pdf,143,Table 6: All Ongoing Projects,1,False,,NOT_SAMPLED,March revised completion target is later than the latest prior observed revised target.
618196,P:618196,Widening to 2 lane with Paved Shoulders of Siddipet-Elkathurthy section from Km 69/978 to km 133/619 of NH-765DG in the State of Telangana under Annual plan 2021-22 on EPC mode,2026-02,01/2025,06/2026,2026-03,17,12/2024,06/2026,01/2025,01/2025,01/2025,01/2025,06/2026,06/2026,06/2026,FlashReport_March_2026.pdf,143,Table 6: All Ongoing Projects,1,False,,NOT_SAMPLED,March revised completion target is later than the latest prior observed revised target.
618197,P:618197,Widening to 2 lane with Paved Shoulders of Medak - Siddipet section from Km 0/0 to km 69/978 of NH-765DG in the State of Telangana under Annual plan 2021-22 on EPC mode,2026-02,07/2025,06/2026,2026-03,11,01/2025,06/2026,07/2025,07/2025,07/2025,07/2025,06/2026,06/2026,06/2026,FlashReport_March_2026.pdf,143,Table 6: All Ongoing Projects,1,False,,NOT_SAMPLED,March revised completion target is later than the latest prior observed revised target.
618746,P:618746,Khammam-Devarapalle Pkg I [4L Access Controlled Greenfield from Thallampadu village to Somavaram village Design Chainage 0000 to 33604],2026-02,01/2026,04/2026,2026-03,3,10/2024,04/2026,01/2026,01/2026,01/2026,01/2026,04/2026,10/2026,10/2026,FlashReport_March_2026.pdf,143,Table 6: All Ongoing Projects,1,False,,NOT_SAMPLED,March revised completion target is later than the latest prior observed revised target.
618765,P:618765,4L of Karimnagar-Warangal section from km 49.500 to km 117.820 of NH-563,2026-02,12/2025,07/2026,2026-03,7,07/2025,07/2026,,12/2025,12/2025,12/2025,07/2026,07/2026,07/2026,FlashReport_March_2026.pdf,143,Table 6: All Ongoing Projects,1,False,,NOT_SAMPLED,March revised completion target is later than the latest prior observed revised target.
618815,P:618815,4L Access Controlled Greenfield Highway section on NH-163G Warangal-Khammam from Venkatpur village in Warangal District at Design Ch. 150.240 Km to Thallasenkesa village in Mahabubabed District at Design Ch. 189.650 kmPackage-II,2026-02,04/2026,10/2026,2026-03,6,04/2026,10/2026,,,04/2026,04/2026,10/2026,10/2026,10/2026,FlashReport_March_2026.pdf,143,Table 6: All Ongoing Projects,1,False,,NOT_SAMPLED,March revised completion target is later than the latest prior observed revised target.
618411,P:618411,Melaghar-Srimantapur section on NH-08 Spur from Km 23 to Km 34.500 11.5 Km and overlay from Km 20.30 to Km 22.00 1.7 Km Total Length 13.2 Km,2026-02,11/2025,06/2026,2026-03,7,11/2024,06/2026,12/2025,11/2025,11/2025,11/2025,06/2026,06/2026,06/2026,FlashReport_March_2026.pdf,144,Table 6: All Ongoing Projects,1,False,,NOT_SAMPLED,March revised completion target is later than the latest prior observed revised target.
618945,P:618945,4L of Kodad Design Km 0.00/Existing Km 185.00 of NH-65 to Khammam Design Km 31.800/Existing Km 29.400 of NH-365A,2026-02,05/2025,05/2026,2026-03,12,05/2024,05/2026,05/2025,05/2025,05/2025,05/2025,05/2026,05/2026,05/2026,FlashReport_March_2026.pdf,144,Table 6: All Ongoing Projects,1,False,,NOT_SAMPLED,March revised completion target is later than the latest prior observed revised target.
619128,P:619128,Khammam-Devarapalle Pkg II [4L Access Controlled Greenfield from Somavaram village to Chintagudem village Design Chainage 33604 to 63117],2026-02,11/2025,04/2026,2026-03,5,09/2024,04/2026,,11/2025,11/2025,11/2025,04/2026,05/2026,05/2026,FlashReport_March_2026.pdf,144,Table 6: All Ongoing Projects,1,False,,NOT_SAMPLED,March revised completion target is later than the latest prior observed revised target.
619193,P:619193,Rehabilitation and upgradation of NH-221 from km 121/0 to 165/0 Rudrampur to Bhadrachalam section to two lane with paved shoulder under NHDPIV in the state of Telangana through EPC mode,2026-02,07/2020,04/2026,2026-03,69,02/2017,04/2026,,,07/2020,07/2020,04/2026,05/2026,05/2026,FlashReport_March_2026.pdf,144,Table 6: All Ongoing Projects,1,True,2026-02;2026-03;2026-04,SOURCE_VERIFIED,2026-02:FlashReport_February_2026.pdf:p155=07/2020; 2026-03:FlashReport_March_2026.pdf:p144=04/2026; 2026-04:FlashReport_April2026.pdf:p149=05/2026
618008,P:618008,"Construction of four-lane elevated viaduct from km.4634 to km.6345 on NH-24A including Retaining wall, service lane, at grade road and improvement of junctions, on EPC mode",2026-02,03/2024,12/2024,2026-03,9,09/2023,12/2024,03/2024,03/2024,03/2024,03/2024,12/2024,12/2024,12/2024,FlashReport_March_2026.pdf,145,Table 6: All Ongoing Projects,1,False,,NOT_SAMPLED,March revised completion target is later than the latest prior observed revised target.
618009,P:618009,Balance work of Construction of Ring Road for Raebareli City on eastern side of NH- 24B Phase-1 on EPC mode.,2026-02,07/2022,06/2026,2026-03,47,04/2022,06/2026,07/2022,07/2022,07/2022,07/2022,06/2026,06/2026,06/2026,FlashReport_March_2026.pdf,145,Table 6: All Ongoing Projects,1,False,,NOT_SAMPLED,March revised completion target is later than the latest prior observed revised target.
618056,P:618056,Improvement and Up-gradation to two Lane with Paved Shoulder Configuration from existing km. 420.00 Shohrathgarh to km. 454.00 Uska Bazar of NH-730 in the state of Uttar Pradesh EPC basis,2026-02,04/2026,12/2026,2026-03,8,09/2025,12/2026,04/2026,04/2026,04/2026,04/2026,12/2026,12/2026,12/2026,FlashReport_March_2026.pdf,145,Table 6: All Ongoing Projects,1,False,,NOT_SAMPLED,March revised completion target is later than the latest prior observed revised target.
618063,P:618063,Widening & Strenghteningof section from Bharthana chowk to Kodarkoot km.0.00 to km.40.00 of NH-91-A on EPC mode,2026-02,08/2025,06/2026,2026-03,10,09/2024,06/2026,08/2025,08/2025,08/2025,08/2025,06/2026,06/2026,06/2026,FlashReport_March_2026.pdf,145,Table 6: All Ongoing Projects,1,False,,NOT_SAMPLED,March revised completion target is later than the latest prior observed revised target.
618233,P:618233,Construction of 6-lane bridge on Ganga on NH-96 and its approaches in Phaphamau Allahabad on EPC mode,2026-02,07/2024,09/2026,2026-03,26,02/2024,09/2026,07/2024,07/2024,07/2024,07/2024,09/2026,09/2026,09/2026,FlashReport_March_2026.pdf,146,Table 6: All Ongoing Projects,1,False,,NOT_SAMPLED,March revised completion target is later than the latest prior observed revised target.
618240,P:618240,Rehabilitation and upgradation to 2-lane with paved sholuders configuration of Bewar- naer Karri village section Km0.00 to Km30.00 Pakage-I of NH-92 in state of Uttar Pradesh undergreen national Highway Corridor ProjectGNHCP with the loan,2026-02,05/2024,04/2026,2026-03,23,03/2024,04/2026,05/2024,05/2024,05/2024,05/2024,04/2026,06/2026,06/2026,FlashReport_March_2026.pdf,146,Table 6: All Ongoing Projects,1,False,,NOT_SAMPLED,March revised completion target is later than the latest prior observed revised target.
618265,P:618265,Rehabilitation and upgradation to 2-lane with paved sholuders configuration of Miranpur Katra to radhaita section of NH-730CKm.114.000 to Km 137.250pakage-III in state of Uttar Pradesh undergreen national Highway Corridor ProjectGNHCP with,2026-02,12/2025,04/2026,2026-03,4,07/2024,04/2026,12/2025,12/2025,12/2025,12/2025,04/2026,06/2026,06/2026,FlashReport_March_2026.pdf,147,Table 6: All Ongoing Projects,1,False,,NOT_SAMPLED,March revised completion target is later than the latest prior observed revised target.
618498,P:618498,6L Greenfield Kanpur - Lucknow Expressway Pkg II from km. 28.500 to km.,2026-02,02/2026,04/2026,2026-03,2,05/2025,04/2026,05/2025,05/2025,02/2026,02/2026,04/2026,04/2026,04/2026,FlashReport_March_2026.pdf,147,Table 6: All Ongoing Projects,1,False,,NOT_SAMPLED,March revised completion target is later than the latest prior observed revised target.
618529,P:618529,Varanasi Ring Road Pkg-II connecting Sandaha Village km 11.70 / NH-29 with Revasa Village km 818.80 / NH-2,2026-02,06/2025,06/2026,2026-03,12,02/2022,06/2026,06/2025,06/2025,06/2025,06/2025,06/2026,10/2026,10/2026,FlashReport_March_2026.pdf,147,Table 6: All Ongoing Projects,1,False,,NOT_SAMPLED,March revised completion target is later than the latest prior observed revised target.
618692,P:618692,Aligarh-Kanpur Pkg I [Aligarh-Bhadwas],2026-02,04/2021,04/2026,2026-03,60,06/2022,04/2026,,,04/2021,04/2021,04/2026,08/2026,08/2026,FlashReport_March_2026.pdf,148,Table 6: All Ongoing Projects,1,False,,NOT_SAMPLED,March revised completion target is later than the latest prior observed revised target.
618710,P:618710,DL/UP Border - EPE Crossing Pkg-02,2026-02,08/2024,04/2026,2026-03,20,11/2023,04/2026,08/2024,08/2024,08/2024,08/2024,04/2026,05/2026,05/2026,FlashReport_March_2026.pdf,148,Table 6: All Ongoing Projects,1,False,,NOT_SAMPLED,March revised completion target is later than the latest prior observed revised target.
618722,P:618722,6L access Controlled Greenfield Highway from Gogwan Jalalpur Shamli to Ranipur Barsi Saharanpur of Shamli -Ambala section Package-I Design Ch. Form km 00 to km 45.500,2026-02,01/2026,07/2026,2026-03,6,05/2025,07/2026,01/2026,01/2026,01/2026,01/2026,07/2026,07/2026,07/2026,FlashReport_March_2026.pdf,148,Table 6: All Ongoing Projects,1,False,,NOT_SAMPLED,March revised completion target is later than the latest prior observed revised target.
618761,P:618761,4L Spur of Meerut-Garh-Mukteshwar section connecting NH-119 and NH-58 bypassing Meerut Town of NH 709 A,2026-02,09/2025,07/2026,2026-03,10,02/2025,07/2026,02/2025,09/2025,09/2025,09/2025,07/2026,07/2026,07/2026,FlashReport_March_2026.pdf,148,Table 6: All Ongoing Projects,1,False,,NOT_SAMPLED,March revised completion target is later than the latest prior observed revised target.
618798,P:618798,4L of Sonauli - Gorakhpur,2026-02,02/2026,05/2026,2026-03,3,03/2025,05/2026,02/2026,02/2026,02/2026,02/2026,05/2026,06/2026,06/2026,FlashReport_March_2026.pdf,148,Table 6: All Ongoing Projects,1,False,,NOT_SAMPLED,March revised completion target is later than the latest prior observed revised target.
618855,P:618855,"Improvement and Up-Gradation of Existing Road to 2/4L PS from Km 40.000 to 88.750, start of Khutar bypass to start of Shahjahanpur bypass of NH 731Pkg-I",2026-02,09/2025,04/2026,2026-03,7,02/2025,04/2026,09/2025,09/2025,09/2025,09/2025,04/2026,04/2026,04/2026,FlashReport_March_2026.pdf,149,Table 6: All Ongoing Projects,1,False,,NOT_SAMPLED,March revised completion target is later than the latest prior observed revised target.
618856,P:618856,"Improvement and Up-Gradation of Existing Road to 4L PS from Km 123.650 to 175.080, from Start of Shahabad Bypass to End of Hardoi bypass of NH 731 Pkg-2B",2026-02,04/2026,12/2026,2026-03,8,11/2025,12/2026,04/2026,04/2026,04/2026,04/2026,12/2026,11/2026,11/2026,FlashReport_March_2026.pdf,149,Table 6: All Ongoing Projects,1,True,2025-12;2026-01;2026-02;2026-03;2026-04,SOURCE_VERIFIED,2025-12:FlashReport_December_2025.pdf:p103=04/2026; 2026-01:FlashReport_January_2026.pdf:p128=04/2026; 2026-02:FlashReport_February_2026.pdf:p159=04/2026; 2026-03:FlashReport_March_2026.pdf:p149=12/2026; 2026-04:FlashReport_April2026.pdf:p154=11/2026
618858,P:618858,"Improvement and Up-Gradation of Existing Road to 4L PS from Km 88.750 to 123.650, from Start of Shahjahanpur Bypass to start of Shahabad bypass of NH 731Pkg.-2A",2026-02,06/2026,12/2026,2026-03,6,01/2026,12/2026,,,06/2026,06/2026,12/2026,11/2026,11/2026,FlashReport_March_2026.pdf,149,Table 6: All Ongoing Projects,1,False,,NOT_SAMPLED,March revised completion target is later than the latest prior observed revised target.
618859,P:618859,"Improvement and Up-Gradation of Existing Road to 4L PS from Km 229.070 to 260.800, End of Hardoi District to Lucknow Ring road of NH 731 Pkg-4",2026-02,05/2025,04/2026,2026-03,11,10/2024,04/2026,05/2025,05/2025,05/2025,05/2025,04/2026,05/2026,05/2026,FlashReport_March_2026.pdf,149,Table 6: All Ongoing Projects,1,False,,NOT_SAMPLED,March revised completion target is later than the latest prior observed revised target.
618864,P:618864,4L from Mathura Bypass Start at Existing Km. 154.20 of NH-44 to Gaju Village at Km 32.982 of NH-530B Pkg-IB,2026-02,10/2025,04/2026,2026-03,6,03/2025,04/2026,10/2025,10/2025,10/2025,10/2025,04/2026,05/2026,05/2026,FlashReport_March_2026.pdf,149,Table 6: All Ongoing Projects,1,False,,NOT_SAMPLED,March revised completion target is later than the latest prior observed revised target.
618883,P:618883,Construction of Four Lane Highway form Ghazipur- Ballia-UP/Bihar State Border Greenfield section of NH-31 Package I [from Hridaipur km 0.000 to Shahapur km 42.500] on EPC Mode in the state of Uttar Pradesh.,2026-02,12/2025,04/2026,2026-03,4,07/2025,04/2026,12/2025,12/2025,12/2025,12/2025,04/2026,06/2026,06/2026,FlashReport_March_2026.pdf,149,Table 6: All Ongoing Projects,1,False,,NOT_SAMPLED,March revised completion target is later than the latest prior observed revised target.
618885,P:618885,Construction of Four Lane Highway from Ghazipur- Ballia-UP/Bihar State Border Greenfield section of NH-31 Package IV [from Buxur Spur of length km 17.270 on EPC Mode in the state of Uttar Pradesh.,2026-02,03/2026,08/2026,2026-03,5,06/2025,08/2026,06/2025,06/2025,03/2026,03/2026,08/2026,08/2026,08/2026,FlashReport_March_2026.pdf,149,Table 6: All Ongoing Projects,1,False,,NOT_SAMPLED,March revised completion target is later than the latest prior observed revised target.
618893,P:618893,Varanasi Gorakhpur Section Packege IV from km. 149.540 to km. 215.160 Mau- Gorakhpur,2026-02,12/2024,04/2026,2026-03,16,10/2019,04/2026,,,12/2024,12/2024,04/2026,05/2026,05/2026,FlashReport_March_2026.pdf,149,Table 6: All Ongoing Projects,1,False,,NOT_SAMPLED,March revised completion target is later than the latest prior observed revised target.
618911,P:618911,4L Greenfield Western Side spur of Rampur-Rudrapur Section from Km 0.000 to Km 13.700 connecting NH-24 to NH-87 bypassing rampur town,2026-02,03/2026,05/2026,2026-03,2,11/2024,05/2026,03/2026,03/2026,03/2026,03/2026,05/2026,05/2026,05/2026,FlashReport_March_2026.pdf,149,Table 6: All Ongoing Projects,1,False,,NOT_SAMPLED,March revised completion target is later than the latest prior observed revised target.
618924,P:618924,2L PS of Najibabad Kotdwar section from 112.575 to Km. 138.635 of NH,2026-02,04/2026,06/2026,2026-03,2,09/2025,06/2026,,,04/2026,04/2026,06/2026,06/2026,06/2026,FlashReport_March_2026.pdf,149,Table 6: All Ongoing Projects,1,False,,NOT_SAMPLED,March revised completion target is later than the latest prior observed revised target.
618925,P:618925,Bijnor-Kotawali,2026-02,02/2026,04/2026,2026-03,2,05/2023,04/2026,02/2026,02/2026,02/2026,02/2026,04/2026,05/2026,05/2026,FlashReport_March_2026.pdf,149,Table 6: All Ongoing Projects,1,False,,NOT_SAMPLED,March revised completion target is later than the latest prior observed revised target.
617929,P:617929,Construction of 2 lane with paved shoulder of Kund Bypass from Design Km 35.130 to Km 47.700 existing Km 33.130 to Km 41.260 of NH-109 in the State of Uttarakhand,2026-02,02/2021,12/2026,2026-03,70,05/2020,12/2026,02/2021,02/2021,02/2021,02/2021,12/2026,12/2026,12/2026,FlashReport_March_2026.pdf,150,Table 6: All Ongoing Projects,1,False,,NOT_SAMPLED,March revised completion target is later than the latest prior observed revised target.
617968,P:617968,Construction & Widening Including Augustmuni Bypass Ch-16.545 to Ch - 19.890 to 2L/PS from Km 16.545-Km 33.130 & 45.980 -57.975 Augustmuni to Kund & Guptkashi to Sitapur on NH 109 in UK,2026-02,07/2021,03/2024,2026-03,32,02/2020,03/2024,07/2021,07/2021,07/2021,07/2021,03/2024,03/2024,03/2024,FlashReport_March_2026.pdf,150,Table 6: All Ongoing Projects,1,False,,NOT_SAMPLED,March revised completion target is later than the latest prior observed revised target.
617970,P:617970,Reconstruction of existing 2 L/IL to 2L with paved shoulder from existing km 52.200 to 92.880 of NH-,2026-02,03/2021,10/2023,2026-03,31,06/2019,10/2023,03/2021,03/2021,03/2021,03/2021,10/2023,10/2023,10/2023,FlashReport_March_2026.pdf,150,Table 6: All Ongoing Projects,1,False,,NOT_SAMPLED,March revised completion target is later than the latest prior observed revised target.
618929,P:618929,4L of Moradabad western side spur connecting NH-734 & NH-24 from Km. 0.000 to Km. 33.200 Pkg-I,2026-02,03/2026,06/2026,2026-03,3,09/2025,06/2026,,,03/2026,03/2026,06/2026,06/2026,06/2026,FlashReport_March_2026.pdf,150,Table 6: All Ongoing Projects,1,False,,NOT_SAMPLED,March revised completion target is later than the latest prior observed revised target.
619162,P:619162,4L of Najibabad Bypass from Km. 105.423 to Km. 118.373 excluding 2.45 Km. of NH- 74 Bypass of NH-119,2026-02,10/2025,04/2026,2026-03,6,06/2024,04/2026,,10/2025,10/2025,10/2025,04/2026,05/2026,05/2026,FlashReport_March_2026.pdf,150,Table 6: All Ongoing Projects,1,False,,NOT_SAMPLED,March revised completion target is later than the latest prior observed revised target.
617975,P:617975,Rehabilitation and upgradation to 2 lane with paved shoulder configuration from km 122.00 Dharasu Bend to km 147.230 Silkyara Bend of NH-94 in the state of Uttarakhand,2026-02,10/2021,07/2024,2026-03,33,11/2019,07/2024,10/2021,10/2021,10/2021,10/2021,07/2024,07/2024,07/2024,FlashReport_March_2026.pdf,151,Table 6: All Ongoing Projects,1,True,2025-12;2026-01;2026-02;2026-03;2026-04,SOURCE_VERIFIED,2025-12:FlashReport_December_2025.pdf:p104=10/2021; 2026-01:FlashReport_January_2026.pdf:p129=10/2021; 2026-02:FlashReport_February_2026.pdf:p161=10/2021; 2026-03:FlashReport_March_2026.pdf:p151=07/2024; 2026-04:FlashReport_April2026.pdf:p156=07/2024
618210,P:618210,Rehabilitation and upgradation of Askot-Lipulekh on EPC Basis for Phase-I Existing Km 72.00 to 107.620 Design Chainage Km 21330 to Km 56935 under Project Hirak of BRO in the state of Uttarakhand under Bharatmala Pariyojna Phase-I on EPC Mode,2026-02,01/2024,06/2026,2026-03,29,12/2023,06/2026,,,01/2024,01/2024,06/2026,06/2026,06/2026,FlashReport_March_2026.pdf,151,Table 6: All Ongoing Projects,1,False,,NOT_SAMPLED,March revised completion target is later than the latest prior observed revised target.
617960,P:617960,Construction of new road at the missing link portion of NH-81 along approved alignment between Harishchandrapur and Eastern approach of Kalindri Bridge from Km 46.550 to Km 59.697 in the district of Malda. Job No-081-WB-2015-16/400,2026-02,11/2021,06/2026,2026-03,55,11/2018,06/2026,11/2021,,11/2021,11/2021,06/2026,06/2026,06/2026,FlashReport_March_2026.pdf,152,Table 6: All Ongoing Projects,1,False,,NOT_SAMPLED,March revised completion target is later than the latest prior observed revised target.
618390,P:618390,"Construction, Operation & Maintenance of 2-L Bi-directional Silkyara Bend- Barkot Tunnel with escape passage including approaches Tunnel-4.531 & Approach road- 0.328 on Dharasu-Yamunotri section b/w Chainage 25.400km and 51.00km falling",2026-02,06/2026,03/2027,2026-03,9,07/2022,03/2027,06/2026,,06/2026,06/2026,03/2027,03/2027,03/2027,FlashReport_March_2026.pdf,152,Table 6: All Ongoing Projects,1,False,,NOT_SAMPLED,March revised completion target is later than the latest prior observed revised target.
618875,P:618875,4L of Haridwar Nagina section Design Ch. LME from km 13.829 to km 17.110 & km 26.077 to km 27.508 and Design Ch. RME from km 13.839 to km 17.120 & km to km 27.509 of EUP mitigation measures on NH74,2026-02,12/2025,06/2026,2026-03,6,02/2024,06/2026,,,12/2025,12/2025,06/2026,06/2026,06/2026,FlashReport_March_2026.pdf,152,Table 6: All Ongoing Projects,1,False,,NOT_SAMPLED,March revised completion target is later than the latest prior observed revised target.
619155,P:619155,Upgradation and 4L of Haridwar Bypass from Km 0.000 Km 188.100 of NH-58 to Km. 15.100 Km 5.100 of NH 74 PKg-1,2026-02,04/2026,10/2026,2026-03,6,10/2024,10/2026,,04/2026,04/2026,04/2026,10/2026,10/2026,10/2026,FlashReport_March_2026.pdf,152,Table 6: All Ongoing Projects,1,False,,NOT_SAMPLED,March revised completion target is later than the latest prior observed revised target.
618427,P:618427,Construction & upgradation of existing road to 2-lane with paved shoulder including geometric improvement of Kafer- Lava More section from km 40.00 to km 61.100 of NH717-A on EPC under SARDP-NE A in state of West Bengal Pkg-VA,2026-02,10/2025,05/2026,2026-03,7,04/2023,05/2026,10/2025,,10/2025,10/2025,05/2026,05/2026,05/2026,FlashReport_March_2026.pdf,153,Table 6: All Ongoing Projects,1,False,,NOT_SAMPLED,March revised completion target is later than the latest prior observed revised target.
618429,P:618429,Construction & upgradation of existing road to 2-lane with paved shoulder including geometric improvement of sect. from Pedong bypass to Reshi Border km 79.700 to km 96.254 of NH-717A under SARDP-NE-A on EPC as part of Alternate connectivity,2026-02,04/2025,05/2026,2026-03,13,04/2022,05/2026,06/2023,,04/2025,04/2025,05/2026,05/2026,05/2026,FlashReport_March_2026.pdf,153,Table 6: All Ongoing Projects,1,False,,NOT_SAMPLED,March revised completion target is later than the latest prior observed revised target.
618430,P:618430,Construction of alternative highway to Gangtok in Sikkim via Bagrakot -Chuikhim- Nimbong -Kafer-Bakhim-Algarah-Rhenock in the State of West Bengal and from Rhenok-Rorathang-Pakyong along with spur from Aritar-Rolep-Menla in the State of Sikkim from Km 0.00 to Km 13.00 of Bagrakot -Kafer section of NH 717A on EPC Mode under Phase-A of SARDP-NE in the State of West Bengal PKG- IVA,2026-02,06/2025,04/2026,2026-03,10,04/2022,04/2026,,,06/2025,06/2025,04/2026,05/2026,05/2026,FlashReport_March_2026.pdf,153,Table 6: All Ongoing Projects,1,False,,NOT_SAMPLED,March revised completion target is later than the latest prior observed revised target.
618431,P:618431,Construction of alternative highway to Gangtok in Sikkim via Bagrakot -Chuikhim- Nimbong -Kafer-Bakhim-Algarah-Rhenock in the State of West Bengal and from Rhenok-Rorathang-Pakyong along with spur from Aritar-Rolep-Menla in the State of Sikkim from Km 13.00 to Km 25.60 of Bagrakot -Kafer section of NH 717A on EPC Mode under Phase-A of SARDP-NE in the State of West Bengal PKG- IVB,2026-02,03/2025,05/2026,2026-03,14,04/2023,05/2026,,,03/2025,03/2025,05/2026,05/2026,05/2026,FlashReport_March_2026.pdf,153,Table 6: All Ongoing Projects,1,False,,NOT_SAMPLED,March revised completion target is later than the latest prior observed revised target.
618825,P:618825,Bridge over Ganga River at d/s of Farraka Barrage including Approaches connecting Farakka-Raiganj,2026-02,02/2026,04/2026,2026-03,2,12/2021,04/2026,02/2025,02/2025,02/2026,02/2026,04/2026,09/2026,09/2026,FlashReport_March_2026.pdf,153,Table 6: All Ongoing Projects,1,False,,NOT_SAMPLED,March revised completion target is later than the latest prior observed revised target.
618910,P:618910,4L of Purulia Bypass section from Km 84.030 to Km 94.345 of NH-32,2026-02,02/2024,04/2026,2026-03,26,08/2023,04/2026,02/2024,02/2024,02/2024,02/2024,04/2026,05/2026,05/2026,FlashReport_March_2026.pdf,153,Table 6: All Ongoing Projects,1,False,,NOT_SAMPLED,March revised completion target is later than the latest prior observed revised target.
709856,P:709856,MPLS-IP BASED ACCESS AND AGGREGATION NETWORK [MAAN] IN BSNL ALONG WITH TEST AND MEASURING EQUIPMENT,2026-02,03/2026,06/2026,2026-03,3,08/2024,06/2026,01/2026,01/2026,03/2026,03/2026,06/2026,06/2026,06/2026,FlashReport_March_2026.pdf,154,Table 6: All Ongoing Projects,1,False,,NOT_SAMPLED,March revised completion target is later than the latest prior observed revised target.
709857,P:709857,"Planning, Engineering, Supply, Installation, Testing, Commissioning, Integration & Annual Maintenance of 4G mobile network at 1 Lakh sites on PAN India basis including Mumbai & Delhi LSA on turnkey basis under Phase IX.2 Project.",2026-02,03/2026,09/2026,2026-03,6,06/2025,09/2026,03/2026,03/2026,03/2026,03/2026,09/2026,09/2026,09/2026,FlashReport_March_2026.pdf,154,Table 6: All Ongoing Projects,1,False,,NOT_SAMPLED,March revised completion target is later than the latest prior observed revised target.
400096,P:400096,Omkareshwar CADWM Project,2026-02,03/2026,06/2027,2026-03,15,12/2019,06/2027,03/2026,03/2026,03/2026,03/2026,06/2027,06/2027,06/2027,FlashReport_March_2026.pdf,155,Table 6: All Ongoing Projects,1,False,,NOT_SAMPLED,March revised completion target is later than the latest prior observed revised target.
400116,P:400116,Bargi Diversion Project Phase - III [km. 104 to km 154],2026-02,03/2026,12/2026,2026-03,9,12/2019,12/2026,03/2026,03/2026,03/2026,03/2026,12/2026,12/2026,12/2026,FlashReport_March_2026.pdf,155,Table 6: All Ongoing Projects,1,False,,NOT_SAMPLED,March revised completion target is later than the latest prior observed revised target.
701411,P:701411,Shahpur Kandi Dam Project,2026-02,10/2025,06/2026,2026-03,8,06/2022,06/2026,10/2025,10/2025,10/2025,10/2025,06/2026,06/2026,06/2026,FlashReport_March_2026.pdf,156,Table 6: All Ongoing Projects,1,True,2025-12;2026-01;2026-02;2026-03;2026-04,SOURCE_VERIFIED,2025-12:FlashReport_December_2025.pdf:p106=10/2025; 2026-01:FlashReport_January_2026.pdf:p133=10/2025; 2026-02:FlashReport_February_2026.pdf:p167=10/2025; 2026-03:FlashReport_March_2026.pdf:p156=06/2026; 2026-04:FlashReport_April2026.pdf:p162=06/2026
