report_month,sl_no,project_code,legacy_ocms_code,identifier_status,project_name,agency,ministry,sector,state,date_of_approval,start_date,original_doc,revised_doc,original_cost,revised_cost,expenditure,physical_progress,source_file,source_page,source_section,extraction_status
2025-07,1,612786,,PRIMARY_IDENTIFIER,"Construction of New Domestic Terminal Building Building and miscellaneous works including maintenance, operations and AICMC at Kadapa Airport",Airport Authority of India [AAI],Ministry of Civil Aviation,Aviation & Aviation Infrastructure,Andhra Pradesh,01/2026,01/2024,,03/2026,265.91,265.91,45.54,31.0,FlashReport_July_2025.pdf,37,Table 6: All Ongoing Projects,SUCCESS
2025-07,2,701107,,PRIMARY_IDENTIFIER,Construction of New Integrated Terminal Building and associated works including apron to park 3 code E type of aircraft or 6 code C type of aircraft at Vijayawada,Airport Authority of India [AAI],Ministry of Civil Aviation,Aviation & Aviation Infrastructure,Andhra Pradesh,09/2022,09/2020,,12/2025,611.8,611.8,464.55,77.0,FlashReport_July_2025.pdf,37,Table 6: All Ongoing Projects,SUCCESS
2025-07,3,701121,,PRIMARY_IDENTIFIER,Construction of New Domestic Terminal Building at Rajahmundry Airport.,Airport Authority of India [AAI],Ministry of Civil Aviation,Aviation & Aviation Infrastructure,Andhra Pradesh,08/2025,08/2023,,12/2025,347.15,347.15,81.23,49.0,FlashReport_July_2025.pdf,37,Table 6: All Ongoing Projects,SUCCESS
2025-07,4,706724,,PRIMARY_IDENTIFIER,Guwahati Airport New Integrated Terminal Building Construction Project,Adani Airport Holdings Limited,Ministry of Civil Aviation,Aviation & Aviation Infrastructure,Assam,03/2025,03/2018,,,1712.0,1712.0,0.0,94.1,FlashReport_July_2025.pdf,37,Table 6: All Ongoing Projects,SUCCESS
2025-07,5,612183,,PRIMARY_IDENTIFIER,Development of New Civil Enclave at Bihta,Airport Authority of India [AAI],Ministry of Civil Aviation,Aviation & Aviation Infrastructure,Bihar,09/2027,03/2025,,,1413.0,1413.0,0.0,1.0,FlashReport_July_2025.pdf,37,Table 6: All Ongoing Projects,SUCCESS
2025-07,6,612194,,PRIMARY_IDENTIFIER,Development of New Civil Enclave and associated works at Darbhanga Airport,Airport Authority of India [AAI],Ministry of Civil Aviation,Aviation & Aviation Infrastructure,Bihar,01/2026,07/2024,,,911.66,911.66,133.01,23.0,FlashReport_July_2025.pdf,37,Table 6: All Ongoing Projects,SUCCESS
2025-07,7,701101,,PRIMARY_IDENTIFIER,"Construction of New Domestic Terminal Building [Phase-I and II] and other allied structures at JPNI Airport, Patna",Airport Authority of India [AAI],Ministry of Civil Aviation,Aviation & Aviation Infrastructure,Bihar,07/2023,10/2018,,11/2025,1216.9,1216.9,1046.48,94.0,FlashReport_July_2025.pdf,37,Table 6: All Ongoing Projects,SUCCESS
2025-07,8,701105,,PRIMARY_IDENTIFIER,Goa Airport Terminal Building Extension Project,Airport Authority of India [AAI],Ministry of Civil Aviation,Aviation & Aviation Infrastructure,Goa,12/2021,12/2019,,09/2025,255.69,255.69,130.0,88.0,FlashReport_July_2025.pdf,37,Table 6: All Ongoing Projects,SUCCESS
2025-07,9,701126,,PRIMARY_IDENTIFIER,"Development of Dholera International Greenfield Airport , Gujarat",Airport Authority of India [AAI],Ministry of Civil Aviation,Aviation & Aviation Infrastructure,Gujarat,06/2026,07/2022,,06/2026,1305.0,1551.0,666.42,63.0,FlashReport_July_2025.pdf,37,Table 6: All Ongoing Projects,SUCCESS
2025-07,10,611047,,PRIMARY_IDENTIFIER,"Construction of NTB complex including apron, taxi track and other associated civil works and electrical & mechanical installations towards Tawi River side at CA Jammu. Jammu and",Airport Authority of India [AAI],Ministry of Civil Aviation,Aviation & Aviation Infrastructure,Kashmir,06/2026,07/2023,,06/2026,861.37,861.37,154.3,30.0,FlashReport_July_2025.pdf,37,Table 6: All Ongoing Projects,SUCCESS
2025-07,11,612787,,PRIMARY_IDENTIFIER,Construction of New Domestic Terminal Building and Miscellaneous works at Hubli Airport,Airport Authority of India [AAI],Ministry of Civil Aviation,Aviation & Aviation Infrastructure,Karnataka,01/2026,01/2024,,03/2026,320.47,320.47,56.54,36.0,FlashReport_July_2025.pdf,37,Table 6: All Ongoing Projects,SUCCESS
2025-07,12,612788,,PRIMARY_IDENTIFIER,Construction of New Domestic Terminal Building and Miscellaneous Works at Belagavi Airport.,Airport Authority of India [AAI],Ministry of Civil Aviation,Aviation & Aviation Infrastructure,Karnataka,01/2026,02/2024,,01/2026,322.45,322.45,115.82,48.0,FlashReport_July_2025.pdf,37,Table 6: All Ongoing Projects,SUCCESS
2025-07,13,612789,,PRIMARY_IDENTIFIER,"Development of additional RESA on either end on Runway 10-28 at Calicut Airport. Construction of embankment with slope protection, drainage system and associated",Airport Authority of India [AAI],Ministry of Civil Aviation,Aviation & Aviation Infrastructure,Kerala,09/2025,02/2024,,03/2026,484.57,484.57,74.67,19.0,FlashReport_July_2025.pdf,37,Table 6: All Ongoing Projects,SUCCESS
2025-07,14,400010,,PRIMARY_IDENTIFIER,"Construction of Terminal Building & Associated works at Leh Airport, Ladakh",Airport Authority of India [AAI],Ministry of Civil Aviation,Aviation & Aviation Infrastructure,Ladakh,09/2021,09/2018,,10/2025,480.0,640.0,427.04,67.0,FlashReport_July_2025.pdf,37,Table 6: All Ongoing Projects,SUCCESS
2025-07,15,706718,,PRIMARY_IDENTIFIER,C/o NITB Imphal Airport,Airport Authority of India [AAI],Ministry of Civil Aviation,Aviation & Aviation Infrastructure,Manipur,07/2024,07/2022,,12/2026,499.0,499.0,160.48,41.0,FlashReport_July_2025.pdf,37,Table 6: All Ongoing Projects,SUCCESS
2025-07,16,611440,,PRIMARY_IDENTIFIER,"Procurment of 30 Nos ACFTs of WT Capacity 10KL at Various Airports Multi-States (Andhra Pradesh, Gujarat, Jharkhand,",Airport Authority of India [AAI],Ministry of Civil Aviation,Aviation & Aviation Infrastructure,Karnataka,06/2025,05/2023,,,215.17,215.17,104.92,53.0,FlashReport_July_2025.pdf,37,Table 6: All Ongoing Projects,SUCCESS
2025-07,17,611570,,PRIMARY_IDENTIFIER,"Madhya Pradesh, Odisha, Tamil Nadu, Telangana, Uttar Pradesh, West Bengal) SITC of ATM Automation System and ASMGCS [Including SMR & MLAT] for Mumbai, Multi-States (Goa, Navi Mumbai, MOPA [without ASMGCS], HIAL & BIAL Karnataka,",Airport Authority of India [AAI],Ministry of Civil Aviation,Aviation & Aviation Infrastructure,"Maharashtra, Telangana",09/2025,10/2022,,,500.48,500.48,306.21,74.0,FlashReport_July_2025.pdf,37,Table 6: All Ongoing Projects,SUCCESS
2025-07,18,701127,,PRIMARY_IDENTIFIER,Construction of New Passenger Terminal Building for Domestic Operations at Jodhpur Airport.,Airport Authority of India [AAI],Ministry of Civil Aviation,Aviation & Aviation Infrastructure,Rajasthan,11/2024,04/2023,,10/2025,480.0,480.0,254.71,77.0,FlashReport_July_2025.pdf,37,Table 6: All Ongoing Projects,SUCCESS
2025-07,19,701128,,PRIMARY_IDENTIFIER,Construction of New Integrated Passenger Terminal Building at Udaipur Airport,Airport Authority of India [AAI],Ministry of Civil Aviation,Aviation & Aviation Infrastructure,Rajasthan,03/2026,11/2022,,10/2026,887.0,887.0,312.4,44.0,FlashReport_July_2025.pdf,37,Table 6: All Ongoing Projects,SUCCESS
2025-07,20,,,UNKNOWN,"Widening of basic strip at Western Side of Runway Chainage 80m to 920m i/c slope stabilization Measures [Balance work] of uphill and Improvement of Storm Water Drainage System at Pakyong Airport, Sikkim on design & build basis [EPC] with",,Ministry of Civil Aviation,Aviation & Aviation Infrastructure,Sikkim,02/2026,12/2023,,,323.26,,29.69,12.0,FlashReport_July_2025.pdf,37,Table 6: All Ongoing Projects,PARTIAL
2025-07,21,611602,,PRIMARY_IDENTIFIER,"integrated 10 years maintenance. (-) (323.26) (612793) Modernization of Chennai Airport, Phase II, Part",Airport Authority of India [AAI],Ministry of Civil Aviation,Aviation & Aviation Infrastructure,Tamil Nadu,07/2025,06/2023,,03/2026,1207.0,1207.0,376.47,21.0,FlashReport_July_2025.pdf,37,Table 6: All Ongoing Projects,SUCCESS
2025-07,22,612063,,PRIMARY_IDENTIFIER,"Construction of New Terminal Building, Second Link Taxi Track, Apron Expansion, and associated works at Prayagraj Airport- On Design & Build Basis.",Airport Authority of India [AAI],Ministry of Civil Aviation,Aviation & Aviation Infrastructure,Uttar Pradesh,11/2024,08/2023,,08/2025,219.18,274.38,206.33,97.0,FlashReport_July_2025.pdf,37,Table 6: All Ongoing Projects,SUCCESS
2025-07,23,701091,,PRIMARY_IDENTIFIER,Lucknow Airport-Terminal 3- Phase 1 & Other Associated Works,Adani Airport Holdings Limited,Ministry of Civil Aviation,Aviation & Aviation Infrastructure,Uttar Pradesh,03/2026,09/2018,,,3100.0,3100.0,0.0,99.96,FlashReport_July_2025.pdf,37,Table 6: All Ongoing Projects,SUCCESS
2025-07,24,701113,,PRIMARY_IDENTIFIER,"Development of Lal Bahadur Shastri International airport, Varanasi including C/o New Terminal Building, Apron Extension, Runway Extension, PTT and allied works.",Airport Authority of India [AAI],Ministry of Civil Aviation,Aviation & Aviation Infrastructure,Uttar Pradesh,07/2027,07/2024,,07/2027,2869.65,2869.65,302.3,14.0,FlashReport_July_2025.pdf,38,Table 6: All Ongoing Projects,SUCCESS
2025-07,25,701122,,PRIMARY_IDENTIFIER,Development of New Integrated Civil Enclave at Agra Airport,Airport Authority of India [AAI],Ministry of Civil Aviation,Aviation & Aviation Infrastructure,Uttar Pradesh,07/2026,07/2024,,,579.0,579.0,74.3,14.0,FlashReport_July_2025.pdf,38,Table 6: All Ongoing Projects,SUCCESS
2025-07,26,611495,,PRIMARY_IDENTIFIER,Development of New Civil Enclave at Bagdogra Airport,Airport Authority of India [AAI],Ministry of Civil Aviation,Aviation & Aviation Infrastructure,West Bengal,01/2027,10/2023,,01/2027,1549.0,1549.0,262.41,10.0,FlashReport_July_2025.pdf,38,Table 6: All Ongoing Projects,SUCCESS
2025-07,27,612791,,PRIMARY_IDENTIFIER,"Re-Construction of Rigid portions of Secondary Runway, K and A Taxiway and Strengthening of C Taxiway at NSCBI Airport Kolkata.",Airport Authority of India [AAI],Ministry of Civil Aviation,Aviation & Aviation Infrastructure,West Bengal,02/2025,12/2023,,08/2026,328.3,328.3,98.15,44.0,FlashReport_July_2025.pdf,38,Table 6: All Ongoing Projects,SUCCESS
2025-07,28,615820,,PRIMARY_IDENTIFIER,TIKAK EXTENSION OCP,MIS MoCoal Integration Logins,Ministry of Coal,Coal,Assam,07/2031,07/2022,,,159.77,159.77,80.84,0.0,FlashReport_July_2025.pdf,38,Table 6: All Ongoing Projects,SUCCESS
2025-07,29,615821,,PRIMARY_IDENTIFIER,TIRAP OCP,MIS MoCoal Integration Logins,Ministry of Coal,Coal,Assam,11/2030,11/2022,,,289.46,289.46,105.47,0.0,FlashReport_July_2025.pdf,38,Table 6: All Ongoing Projects,SUCCESS
2025-07,30,400144,,PRIMARY_IDENTIFIER,PORDA CHIMTAPANI OCP [10 MTY],South Eastern Coalfields Limited [SECL],Ministry of Coal,Coal,Chhattisgarh,03/2029,12/2020,,,2310.12,2310.12,83.66,10.0,FlashReport_July_2025.pdf,38,Table 6: All Ongoing Projects,SUCCESS
2025-07,31,400145,,PRIMARY_IDENTIFIER,CHHAL OC SEAM III [6 MTY],South Eastern Coalfields Limited [SECL],Ministry of Coal,Coal,Chhattisgarh,03/2022,12/2013,,09/2025,610.63,610.63,577.46,85.0,FlashReport_July_2025.pdf,38,Table 6: All Ongoing Projects,SUCCESS
2025-07,32,400147,,PRIMARY_IDENTIFIER,KUSMUNDA OC EXPANSION [15 TO 50 MTY],South Eastern Coalfields Limited [SECL],Ministry of Coal,Coal,Chhattisgarh,03/2023,08/2013,,03/2030,7612.33,7612.33,4697.95,81.0,FlashReport_July_2025.pdf,38,Table 6: All Ongoing Projects,SUCCESS
2025-07,33,400149,,PRIMARY_IDENTIFIER,BAROUD OC EXPANSION [3.0-10.0MTY],South Eastern Coalfields Limited [SECL],Ministry of Coal,Coal,Chhattisgarh,03/2029,08/2020,,,2309.8,2309.8,913.03,47.0,FlashReport_July_2025.pdf,38,Table 6: All Ongoing Projects,SUCCESS
2025-07,34,400354,,PRIMARY_IDENTIFIER,DIPKA EXPANSION OCP [40 MTY],South Eastern Coalfields Limited [SECL],Ministry of Coal,Coal,Chhattisgarh,03/2029,12/2020,,,5241.4,5241.4,2675.0,37.0,FlashReport_July_2025.pdf,38,Table 6: All Ongoing Projects,SUCCESS
2025-07,35,400424,,PRIMARY_IDENTIFIER,GEVRA OC [70 MTY],South Eastern Coalfields Limited [SECL],Ministry of Coal,Coal,Chhattisgarh,03/2023,03/2016,,03/2026,11816.4,11816.4,5328.96,77.0,FlashReport_July_2025.pdf,38,Table 6: All Ongoing Projects,SUCCESS
2025-07,36,613795,,PRIMARY_IDENTIFIER,JAMPALI OC RCE [2.0 MTY],SECL - CIL,Ministry of Coal,Coal,Chhattisgarh,03/2025,05/2020,,06/2025,278.64,278.64,210.07,82.0,FlashReport_July_2025.pdf,38,Table 6: All Ongoing Projects,SUCCESS
2025-07,37,613798,,PRIMARY_IDENTIFIER,AMERA OC RCE [1.0 MTY],South Eastern Coalfields Limited [SECL],Ministry of Coal,Coal,Chhattisgarh,03/2026,02/2015,,,335.97,335.97,87.47,42.0,FlashReport_July_2025.pdf,38,Table 6: All Ongoing Projects,SUCCESS
2025-07,38,613799,,PRIMARY_IDENTIFIER,AMGAON OC RCE [1.0 MTY],South Eastern Coalfields Limited [SECL],Ministry of Coal,Coal,Chhattisgarh,03/2026,07/2015,,,316.11,316.11,188.53,71.0,FlashReport_July_2025.pdf,38,Table 6: All Ongoing Projects,SUCCESS
2025-07,39,613800,,PRIMARY_IDENTIFIER,JAGANNATHPUR OC RCE PROJECT[3.0 MTY],South Eastern Coalfields Limited [SECL],Ministry of Coal,Coal,Chhattisgarh,03/2025,07/2016,,03/2026,459.49,459.49,274.35,92.0,FlashReport_July_2025.pdf,38,Table 6: All Ongoing Projects,SUCCESS
2025-07,40,613801,,PRIMARY_IDENTIFIER,MAHAMAYA OCP [1.50 MTY],South Eastern Coalfields Limited [SECL],Ministry of Coal,Coal,Chhattisgarh,03/2026,05/2018,,,410.26,410.26,169.3,38.0,FlashReport_July_2025.pdf,38,Table 6: All Ongoing Projects,SUCCESS
2025-07,41,615191,,PRIMARY_IDENTIFIER,KATKONA RO UG MINE,South Eastern Coalfields Limited [SECL],Ministry of Coal,Coal,Chhattisgarh,03/2029,01/2023,,,329.21,329.21,60.3,2.0,FlashReport_July_2025.pdf,38,Table 6: All Ongoing Projects,SUCCESS
2025-07,42,616234,,PRIMARY_IDENTIFIER,PELMA OC MDO,South Eastern Coalfields Limited [SECL],Ministry of Coal,Coal,Chhattisgarh,03/2033,10/2022,,,1725.04,1725.04,15.63,17.0,FlashReport_July_2025.pdf,38,Table 6: All Ongoing Projects,SUCCESS
2025-07,43,617287,,PRIMARY_IDENTIFIER,KUSMUNDA OC EXPANSION PROJECT 50-75 MTY,SECL - CIL,Ministry of Coal,Coal,Chhattisgarh,03/2030,11/2024,,,4516.88,4516.88,16.97,3.0,FlashReport_July_2025.pdf,38,Table 6: All Ongoing Projects,SUCCESS
2025-07,44,617288,,PRIMARY_IDENTIFIER,MANIKPUR OC EXPANSION PROJECT 7 MTY,South Eastern Coalfields Limited [SECL],Ministry of Coal,Coal,Chhattisgarh,03/2029,01/2025,,,382.61,382.61,0.86,1.0,FlashReport_July_2025.pdf,38,Table 6: All Ongoing Projects,SUCCESS
2025-07,45,612838,,PRIMARY_IDENTIFIER,DIPKA OC,SECL - CIL,Ministry of Coal,Coal,Gujarat,03/2025,01/2017,,,7580.0,7580.0,3091.0,65.0,FlashReport_July_2025.pdf,38,Table 6: All Ongoing Projects,SUCCESS
2025-07,46,400018,,PRIMARY_IDENTIFIER,HURA C OCP,ECL - CIL,Ministry of Coal,Coal,Jharkhand,03/2029,08/2022,,,859.41,859.41,450.47,62.0,FlashReport_July_2025.pdf,38,Table 6: All Ongoing Projects,SUCCESS
2025-07,47,400073,,PRIMARY_IDENTIFIER,KONAR EXPANSION OCP,Ministry of Coal,Ministry of Coal,Coal,Jharkhand,03/2032,01/2022,,,799.34,799.34,426.16,46.0,FlashReport_July_2025.pdf,38,Table 6: All Ongoing Projects,SUCCESS
2025-07,48,400074,,PRIMARY_IDENTIFIER,KARO EXPANSION OCP,Ministry of Coal,Ministry of Coal,Coal,Jharkhand,03/2029,01/2022,,,908.47,908.47,251.79,22.0,FlashReport_July_2025.pdf,38,Table 6: All Ongoing Projects,SUCCESS
2025-07,49,400136,,PRIMARY_IDENTIFIER,SANGHMITRA OC,Ministry of Coal,Ministry of Coal,Coal,Jharkhand,03/2032,03/2027,,,2660.0,2660.0,0.0,0.0,FlashReport_July_2025.pdf,38,Table 6: All Ongoing Projects,SUCCESS
2025-07,50,400138,,PRIMARY_IDENTIFIER,CHANDRAGUPT OCP,Ministry of Coal,Ministry of Coal,Coal,Jharkhand,03/2032,08/2020,,,973.5,973.5,440.32,15.0,FlashReport_July_2025.pdf,38,Table 6: All Ongoing Projects,SUCCESS
2025-07,51,400139,,PRIMARY_IDENTIFIER,KOTRE BASANTPUR PACHMO OCP,Ministry of Coal,Ministry of Coal,Coal,Jharkhand,03/2032,08/2020,,,861.06,625.4,441.05,41.0,FlashReport_July_2025.pdf,38,Table 6: All Ongoing Projects,SUCCESS
2025-07,52,400142,,PRIMARY_IDENTIFIER,Pachwara South Coal Block,NLC India Limited [NLCIL],Ministry of Coal,Coal,Jharkhand,09/2028,12/2019,,,2242.9,2242.9,1165.64,54.0,FlashReport_July_2025.pdf,38,Table 6: All Ongoing Projects,SUCCESS
2025-07,53,400150,,PRIMARY_IDENTIFIER,RPR MAGADH EXP OCP,Ministry of Coal,Ministry of Coal,Coal,Jharkhand,03/2028,08/2020,,,7254.37,7254.37,1534.64,38.0,FlashReport_July_2025.pdf,39,Table 6: All Ongoing Projects,SUCCESS
2025-07,54,400151,,PRIMARY_IDENTIFIER,NORTH URIMARI EXPANSION OCP,Ministry of Coal,Ministry of Coal,Coal,Jharkhand,03/2029,07/2021,,,778.8,778.8,695.11,67.0,FlashReport_July_2025.pdf,39,Table 6: All Ongoing Projects,SUCCESS
2025-07,55,400153,,PRIMARY_IDENTIFIER,EPR ROHINI - KARKETTA OCP,Ministry of Coal,Ministry of Coal,Coal,Jharkhand,03/2028,01/2021,,,1020.42,1020.42,83.95,20.0,FlashReport_July_2025.pdf,39,Table 6: All Ongoing Projects,SUCCESS
2025-07,56,400154,,PRIMARY_IDENTIFIER,EPR PUNDI OCP,Ministry of Coal,Ministry of Coal,Coal,Jharkhand,03/2027,11/2020,,,713.35,713.35,236.57,10.0,FlashReport_July_2025.pdf,39,Table 6: All Ongoing Projects,SUCCESS
2025-07,57,400155,,PRIMARY_IDENTIFIER,EPR ASHOK OC,Ministry of Coal,Ministry of Coal,Coal,Jharkhand,03/2028,05/2021,,,2898.28,2898.28,176.6,21.0,FlashReport_July_2025.pdf,39,Table 6: All Ongoing Projects,SUCCESS
2025-07,58,400156,,PRIMARY_IDENTIFIER,EPR AMRAPALI OCP,Ministry of Coal,Ministry of Coal,Coal,Jharkhand,03/2028,02/2020,,,5136.15,5136.15,1125.18,43.0,FlashReport_July_2025.pdf,39,Table 6: All Ongoing Projects,SUCCESS
2025-07,59,400160,,PRIMARY_IDENTIFIER,RAJRAPPA RCE OCP,Ministry of Coal,Ministry of Coal,Coal,Jharkhand,03/2016,12/2009,,03/2027,510.85,510.85,488.57,76.0,FlashReport_July_2025.pdf,39,Table 6: All Ongoing Projects,SUCCESS
2025-07,60,400172,,PRIMARY_IDENTIFIER,CHITRA EAST OC,Eastern Coal Fields Limited [ECL],Ministry of Coal,Coal,Jharkhand,03/2026,08/2018,,,513.99,513.99,228.71,51.0,FlashReport_July_2025.pdf,39,Table 6: All Ongoing Projects,SUCCESS
2025-07,61,400352,,PRIMARY_IDENTIFIER,JHARKHAND-LAIYO OCP,Ministry of Coal,Ministry of Coal,Coal,Jharkhand,03/2031,08/2020,,,764.57,764.57,145.81,25.0,FlashReport_July_2025.pdf,39,Table 6: All Ongoing Projects,SUCCESS
2025-07,62,400425,,PRIMARY_IDENTIFIER,MOONIDIH XV SEAM UG,BCCL - CIL,Ministry of Coal,Coal,Jharkhand,03/2019,08/2011,,05/2026,1230.27,1230.27,624.17,81.0,FlashReport_July_2025.pdf,39,Table 6: All Ongoing Projects,SUCCESS
2025-07,63,611017,,PRIMARY_IDENTIFIER,2.5 MTPA PATHERDIH NLW WASHERY,Ministry of Coal,Ministry of Coal,Coal,Jharkhand,04/2018,04/2016,,03/2026,334.27,334.27,138.69,48.0,FlashReport_July_2025.pdf,39,Table 6: All Ongoing Projects,SUCCESS
2025-07,64,611864,,PRIMARY_IDENTIFIER,AMALAGAMATED NTST KUJAMA OCP 8.5MTY,Ministry of Coal,Ministry of Coal,Coal,Jharkhand,03/2030,01/2023,,,4011.85,4011.85,398.5,28.0,FlashReport_July_2025.pdf,39,Table 6: All Ongoing Projects,SUCCESS
2025-07,65,613808,,PRIMARY_IDENTIFIER,MURAIDIH UG PROJECT,Ministry of Coal,Ministry of Coal,Coal,Jharkhand,04/2014,02/2011,,12/2026,339.87,339.87,190.65,70.0,FlashReport_July_2025.pdf,39,Table 6: All Ongoing Projects,SUCCESS
2025-07,66,615349,,PRIMARY_IDENTIFIER,TAPIN SOUTH EXPN,Ministry of Coal,Ministry of Coal,Coal,Jharkhand,03/2028,11/2020,,,230.41,230.41,21.0,20.0,FlashReport_July_2025.pdf,39,Table 6: All Ongoing Projects,SUCCESS
2025-07,67,615822,,PRIMARY_IDENTIFIER,SIRKA OC,Ministry of Coal,Ministry of Coal,Coal,Jharkhand,03/2028,05/2020,,,222.82,222.82,139.31,60.0,FlashReport_July_2025.pdf,39,Table 6: All Ongoing Projects,SUCCESS
2025-07,68,615843,,PRIMARY_IDENTIFIER,TETARIAKHAR OC,Ministry of Coal,Ministry of Coal,Coal,Jharkhand,03/2025,11/2019,,03/2027,243.52,243.52,44.64,28.0,FlashReport_July_2025.pdf,39,Table 6: All Ongoing Projects,SUCCESS
2025-07,69,616225,,PRIMARY_IDENTIFIER,CHUPERBHITA SIMLONG OCP MDO 6 MTY,Eastern Coal Fields Limited [ECL],Ministry of Coal,Coal,Jharkhand,03/2037,12/2023,,,979.08,979.08,0.0,0.0,FlashReport_July_2025.pdf,39,Table 6: All Ongoing Projects,SUCCESS
2025-07,70,616236,,PRIMARY_IDENTIFIER,JARANGDIH EXPN. OCP 1.5 MTY,CCL - CIL,Ministry of Coal,Coal,Jharkhand,03/2029,02/2020,,,414.37,414.37,85.6,26.0,FlashReport_July_2025.pdf,39,Table 6: All Ongoing Projects,SUCCESS
2025-07,71,616253,,PRIMARY_IDENTIFIER,BLOCK E OCP,Ministry of Coal,Ministry of Coal,Coal,Jharkhand,03/2029,03/2024,,,5850.83,5850.83,0.0,2.0,FlashReport_July_2025.pdf,39,Table 6: All Ongoing Projects,SUCCESS
2025-07,72,400148,,PRIMARY_IDENTIFIER,AMADAND OCP[4.0MTY],Ministry of Coal,Ministry of Coal,Coal,Madhya Pradesh,03/2021,03/2016,,03/2027,869.44,869.44,274.45,75.0,FlashReport_July_2025.pdf,39,Table 6: All Ongoing Projects,SUCCESS
2025-07,73,400152,,PRIMARY_IDENTIFIER,RAMPUR BATURA OCP [4.0MTY],South Eastern Coalfields Limited [SECL],Ministry of Coal,Coal,Madhya Pradesh,03/2026,07/2019,,,1248.93,1248.93,495.4,44.0,FlashReport_July_2025.pdf,39,Table 6: All Ongoing Projects,SUCCESS
2025-07,74,400162,,PRIMARY_IDENTIFIER,BLOCK B EXPANSION [3.5 TO 8.0 MTPA] OPENCAST COAL MINING PROJECT,Northern Coalfields Limited [NCL],Ministry of Coal,Coal,Madhya Pradesh,03/2023,07/2019,,03/2027,998.71,998.71,458.01,46.0,FlashReport_July_2025.pdf,39,Table 6: All Ongoing Projects,SUCCESS
2025-07,75,400321,,PRIMARY_IDENTIFIER,NIGAHI EXPANSION [15 TO 25 MTPA] OPENCAST MINING PROJECT,Northern Coalfields Limited [NCL],Ministry of Coal,Coal,Madhya Pradesh,03/2025,11/2020,,03/2028,1729.68,1729.68,772.91,44.0,FlashReport_July_2025.pdf,39,Table 6: All Ongoing Projects,SUCCESS
2025-07,76,613802,,PRIMARY_IDENTIFIER,KANCHAN OC EXP,South Eastern Coalfields Limited [SECL],Ministry of Coal,Coal,Madhya Pradesh,03/2026,12/2014,,,371.04,371.04,144.61,47.0,FlashReport_July_2025.pdf,39,Table 6: All Ongoing Projects,SUCCESS
2025-07,77,613803,,PRIMARY_IDENTIFIER,JHIRIA WEST OCP [1.5 MTY],South Eastern Coalfields Limited [SECL],Ministry of Coal,Coal,Madhya Pradesh,03/2026,01/2024,,,366.94,366.94,25.07,41.0,FlashReport_July_2025.pdf,39,Table 6: All Ongoing Projects,SUCCESS
2025-07,78,613804,,PRIMARY_IDENTIFIER,RPR TAWA-III UG 0.84 MTY,WCL - CIL,Ministry of Coal,Coal,Madhya Pradesh,03/2027,12/2021,,,314.09,314.09,5.7,17.0,FlashReport_July_2025.pdf,39,Table 6: All Ongoing Projects,SUCCESS
2025-07,79,615185,,PRIMARY_IDENTIFIER,AMALGAMATED DHANKASA & JAMUNIA UG,Western Coalfields Limited [WCL],Ministry of Coal,Coal,Madhya Pradesh,03/2027,09/2022,,,399.2,399.2,72.21,67.0,FlashReport_July_2025.pdf,39,Table 6: All Ongoing Projects,SUCCESS
2025-07,80,615187,,PRIMARY_IDENTIFIER,RPR OF VISHNUPURI UG TO OC,Western Coalfields Limited [WCL],Ministry of Coal,Coal,Madhya Pradesh,03/2029,11/2022,,,220.62,220.62,0.0,11.0,FlashReport_July_2025.pdf,39,Table 6: All Ongoing Projects,SUCCESS
2025-07,81,615194,,PRIMARY_IDENTIFIER,URDHAN EXPANSION OC COST PLUS,Western Coalfields Limited [WCL],Ministry of Coal,Coal,Madhya Pradesh,03/2031,01/2023,,,206.88,206.88,23.22,1.0,FlashReport_July_2025.pdf,39,Table 6: All Ongoing Projects,SUCCESS
2025-07,82,615195,,PRIMARY_IDENTIFIER,SHARDA UG MINE,Western Coalfields Limited [WCL],Ministry of Coal,Coal,Madhya Pradesh,03/2028,09/2023,,,166.25,166.25,2.78,9.0,FlashReport_July_2025.pdf,39,Table 6: All Ongoing Projects,SUCCESS
2025-07,83,615206,,PRIMARY_IDENTIFIER,GANDHIGRAM UG MINE,Western Coalfields Limited [WCL],Ministry of Coal,Coal,Madhya Pradesh,03/2026,08/2019,,,414.15,414.15,13.27,57.0,FlashReport_July_2025.pdf,39,Table 6: All Ongoing Projects,SUCCESS
2025-07,84,400033,,PRIMARY_IDENTIFIER,BHATADI EXPANSION OC,Western Coalfields Limited [WCL],Ministry of Coal,Coal,Maharashtra,03/2028,05/2022,,,580.61,580.61,20.52,26.0,FlashReport_July_2025.pdf,40,Table 6: All Ongoing Projects,SUCCESS
2025-07,85,400177,,PRIMARY_IDENTIFIER,AMALGAMATED YEKONA I & YEKONA II OC,Western Coalfields Limited [WCL],Ministry of Coal,Coal,Maharashtra,03/2025,08/2015,,03/2026,727.28,727.28,524.54,80.0,FlashReport_July_2025.pdf,40,Table 6: All Ongoing Projects,SUCCESS
2025-07,86,400178,,PRIMARY_IDENTIFIER,DINESH[MAKARDHOKRA-III] OC,Western Coalfields Limited [WCL],Ministry of Coal,Coal,Maharashtra,03/2027,02/2020,,,822.88,822.88,621.73,35.0,FlashReport_July_2025.pdf,40,Table 6: All Ongoing Projects,SUCCESS
2025-07,87,400353,,PRIMARY_IDENTIFIER,DHUPTALA OC [SASTI UG TO OC ],Western Coalfields Limited [WCL],Ministry of Coal,Coal,Maharashtra,03/2028,10/2021,,,711.01,711.01,80.33,17.0,FlashReport_July_2025.pdf,40,Table 6: All Ongoing Projects,SUCCESS
2025-07,88,615184,,PRIMARY_IDENTIFIER,SAONER UG MINE -1 EXPANSION 1.2 MTY,Western Coalfields Limited [WCL],Ministry of Coal,Coal,Maharashtra,03/2028,01/2022,,,228.64,228.64,139.81,68.0,FlashReport_July_2025.pdf,40,Table 6: All Ongoing Projects,SUCCESS
2025-07,89,615186,,PRIMARY_IDENTIFIER,SASTI EXPANSION OPENCAST,Western Coalfields Limited [WCL],Ministry of Coal,Coal,Maharashtra,03/2026,08/2020,,,319.04,319.04,90.96,20.0,FlashReport_July_2025.pdf,40,Table 6: All Ongoing Projects,SUCCESS
2025-07,90,615188,,PRIMARY_IDENTIFIER,NEW MAJRI UG TO OC 3 MTY COST PLUS,Western Coalfields Limited [WCL],Ministry of Coal,Coal,Maharashtra,03/2027,09/2022,,,402.27,402.27,41.08,24.0,FlashReport_July_2025.pdf,40,Table 6: All Ongoing Projects,SUCCESS
2025-07,91,615189,,PRIMARY_IDENTIFIER,MAKARDHOKRA EXPN OC 4.9 MTY,Western Coalfields Limited [WCL],Ministry of Coal,Coal,Maharashtra,03/2026,06/2022,,,361.87,361.87,67.64,12.0,FlashReport_July_2025.pdf,40,Table 6: All Ongoing Projects,SUCCESS
2025-07,92,615190,,PRIMARY_IDENTIFIER,SINGHORI DEEP OC MIN 2.0 MTY,Western Coalfields Limited [WCL],Ministry of Coal,Coal,Maharashtra,03/2029,05/2022,,,335.75,335.75,26.64,6.0,FlashReport_July_2025.pdf,40,Table 6: All Ongoing Projects,SUCCESS
2025-07,93,615192,,PRIMARY_IDENTIFIER,GOKUL EXTENSION OC MINE,Western Coalfields Limited [WCL],Ministry of Coal,Coal,Maharashtra,03/2026,04/2021,,,309.58,309.58,29.85,8.0,FlashReport_July_2025.pdf,40,Table 6: All Ongoing Projects,SUCCESS
2025-07,94,615199,,PRIMARY_IDENTIFIER,KOLGAON EXPANSION DEEP OC MINE 0.80 MTY,Western Coalfields Limited [WCL],Ministry of Coal,Coal,Maharashtra,03/2027,09/2023,,,198.71,198.71,0.71,3.0,FlashReport_July_2025.pdf,40,Table 6: All Ongoing Projects,SUCCESS
2025-07,95,615330,,PRIMARY_IDENTIFIER,BALLARPUR NORTH WEST OC MINE,Western Coalfields Limited [WCL],Ministry of Coal,Coal,Maharashtra,03/2029,12/2022,,,360.81,360.81,0.0,4.0,FlashReport_July_2025.pdf,40,Table 6: All Ongoing Projects,SUCCESS
2025-07,96,615331,,PRIMARY_IDENTIFIER,GADEGAON OC 3 MTY,Western Coalfields Limited [WCL],Ministry of Coal,Coal,Maharashtra,03/2030,10/2023,,,497.41,497.41,0.0,0.0,FlashReport_July_2025.pdf,40,Table 6: All Ongoing Projects,SUCCESS
2025-07,97,615914,,PRIMARY_IDENTIFIER,GHONSA EXPANSION DEEP OC MINE 1.5 MTY,Western Coalfields Limited [WCL],Ministry of Coal,Coal,Maharashtra,03/2029,03/2021,,,184.71,184.71,10.48,6.0,FlashReport_July_2025.pdf,40,Table 6: All Ongoing Projects,SUCCESS
2025-07,98,615916,,PRIMARY_IDENTIFIER,AMLG GAURI PAUNI EXPANSION OC - 9.0 MTY,Western Coalfields Limited [WCL],Ministry of Coal,Coal,Maharashtra,03/2030,04/2024,,,1225.21,1225.21,78.41,1.0,FlashReport_July_2025.pdf,40,Table 6: All Ongoing Projects,SUCCESS
2025-07,99,615917,,PRIMARY_IDENTIFIER,GAURIDEEP/GAURI CENTRAL OCP 7.00 MTY CP,Western Coalfields Limited [WCL],Ministry of Coal,Coal,Maharashtra,03/2030,06/2024,,,973.07,973.07,0.11,0.0,FlashReport_July_2025.pdf,40,Table 6: All Ongoing Projects,SUCCESS
2025-07,100,615918,,PRIMARY_IDENTIFIER,RPR OF BHANEGAON OC,Western Coalfields Limited [WCL],Ministry of Coal,Coal,Maharashtra,03/2028,09/2022,,,405.2,405.2,11.71,8.0,FlashReport_July_2025.pdf,40,Table 6: All Ongoing Projects,SUCCESS
2025-07,101,615919,,PRIMARY_IDENTIFIER,N. EXTN. MUNGOLI NIRGUDA D OCP 6.125 MTY,Western Coalfields Limited [WCL],Ministry of Coal,Coal,Maharashtra,03/2030,06/2024,,,1024.91,1024.91,165.54,0.0,FlashReport_July_2025.pdf,40,Table 6: All Ongoing Projects,SUCCESS
2025-07,102,615982,,PRIMARY_IDENTIFIER,NILJAI EXPANSION DEEP OCP,Western Coalfields Limited [WCL],Ministry of Coal,Coal,Maharashtra,03/2022,08/2016,,03/2026,319.75,319.75,367.6,79.0,FlashReport_July_2025.pdf,40,Table 6: All Ongoing Projects,SUCCESS
2025-07,103,616044,,PRIMARY_IDENTIFIER,UKNI DEEP OC MINE -COST PLUS,Western Coalfields Limited [WCL],Ministry of Coal,Coal,Maharashtra,03/2021,01/2019,,03/2026,237.06,237.06,159.21,87.0,FlashReport_July_2025.pdf,40,Table 6: All Ongoing Projects,SUCCESS
2025-07,104,616050,,PRIMARY_IDENTIFIER,AMALGAMATED INDER-KAMPTEE DEEP OC,Western Coalfields Limited [WCL],Ministry of Coal,Coal,Maharashtra,03/2024,09/2018,,03/2026,235.9,235.9,237.12,98.0,FlashReport_July_2025.pdf,40,Table 6: All Ongoing Projects,SUCCESS
2025-07,105,616223,,PRIMARY_IDENTIFIER,ADASA UG TO OC MINE,Western Coalfields Limited [WCL],Ministry of Coal,Coal,Maharashtra,03/2024,11/2018,,03/2026,316.0,316.0,308.84,86.0,FlashReport_July_2025.pdf,40,Table 6: All Ongoing Projects,SUCCESS
2025-07,106,616229,,PRIMARY_IDENTIFIER,AMAL GONDEGAON GHATROHANA EXPN OCP,Western Coalfields Limited [WCL],Ministry of Coal,Coal,Maharashtra,03/2030,09/2024,,,668.54,668.54,0.53,0.0,FlashReport_July_2025.pdf,40,Table 6: All Ongoing Projects,SUCCESS
2025-07,107,617233,,PRIMARY_IDENTIFIER,WAGHODA UG MINE [1.02 MTY],Western Coalfields Limited [WCL],Ministry of Coal,Coal,Maharashtra,03/2030,01/2025,,,379.3,379.3,0.0,0.0,FlashReport_July_2025.pdf,40,Table 6: All Ongoing Projects,SUCCESS
2025-07,108,617278,,PRIMARY_IDENTIFIER,KOLARPIMPRI EXPANSION OC [2.5 MTY],Western Coalfields Limited [WCL],Ministry of Coal,Coal,Maharashtra,03/2030,02/2025,,,630.37,630.37,0.0,0.0,FlashReport_July_2025.pdf,40,Table 6: All Ongoing Projects,SUCCESS
2025-07,109,400313,,PRIMARY_IDENTIFIER,Master Plan for Jharia and Raniganj Coalfields Multi-States,Bharat Coking Coal Limited [BCCL],Ministry of Coal,Coal,"Jharkhand, Bengal",08/2019,08/2009,,12/2028,2661.73,2661.73,787.75,43.0,FlashReport_July_2025.pdf,40,Table 6: All Ongoing Projects,SUCCESS
2025-07,110,,,UNKNOWN,BINA KAKRI AMALGAMATION EXPANSION OPENCAST MINING PROJECT [14 Multi-States MTPA],Northern Coalfields Limited [NCL],Ministry of Coal,Coal,Madhya Pradesh,03/2024,08/2020,,03/2027,836.42,836.42,778.77,89.0,FlashReport_July_2025.pdf,40,Table 6: All Ongoing Projects,PARTIAL
2025-07,111,615183,,PRIMARY_IDENTIFIER,Uttar Pradesh) (400369) KHADIA EXPANSION [10 TO 16 MTPA] OPENCAST MINING PROJECT Multi-States,Northern Coalfields Limited [NCL],Ministry of Coal,Coal,"Madhya Pradesh, Uttar Pradesh",03/2025,06/2021,,03/2027,491.67,491.67,202.18,40.0,FlashReport_July_2025.pdf,40,Table 6: All Ongoing Projects,SUCCESS
2025-07,112,400165,,PRIMARY_IDENTIFIER,SUBHADRA OCP,Mahanadi Coalfields Limited (MCL,Ministry of Coal,Coal,Odisha,03/2029,05/2021,,03/2029,1693.81,1693.81,1278.66,42.0,FlashReport_July_2025.pdf,40,Table 6: All Ongoing Projects,SUCCESS
2025-07,113,400166,,PRIMARY_IDENTIFIER,SIARMAL OCP,Mahanadi Coalfields Limited (MCL,Ministry of Coal,Coal,Odisha,03/2029,02/2021,,03/2028,5194.95,5194.95,3455.65,54.0,FlashReport_July_2025.pdf,40,Table 6: All Ongoing Projects,SUCCESS
2025-07,114,400179,,PRIMARY_IDENTIFIER,BHUBANESWARI EXPANSION OCP,Mahanadi Coalfields Limited (MCL,Ministry of Coal,Coal,Odisha,03/2031,01/2023,,,3145.45,6321.73,1250.66,21.0,FlashReport_July_2025.pdf,40,Table 6: All Ongoing Projects,SUCCESS
2025-07,115,400183,,PRIMARY_IDENTIFIER,BALARAM EXPANSION OCP,Mahanadi Coalfields Limited (MCL,Ministry of Coal,Coal,Odisha,03/2029,08/2020,,,3504.21,3504.21,1027.23,52.0,FlashReport_July_2025.pdf,41,Table 6: All Ongoing Projects,SUCCESS
2025-07,116,400185,,PRIMARY_IDENTIFIER,GOPALJI KANIHA OCP [10 TO 30 MTY],Mahanadi Coalfields Limited (MCL,Ministry of Coal,Coal,Odisha,03/2030,04/2022,,,8416.19,6107.87,1694.31,17.0,FlashReport_July_2025.pdf,41,Table 6: All Ongoing Projects,SUCCESS
2025-07,117,400187,,PRIMARY_IDENTIFIER,INTEGRATED LAKHANPUR-BELPAHAR-LILARI OCP,Mahanadi Coalfields Limited (MCL,Ministry of Coal,Coal,Odisha,03/2027,05/2018,,,2434.75,2434.75,1805.65,61.0,FlashReport_July_2025.pdf,41,Table 6: All Ongoing Projects,SUCCESS
2025-07,118,400392,,PRIMARY_IDENTIFIER,BHARATPUR RE-ORGANIZATION OCP,Mahanadi Coalfields Limited (MCL,Ministry of Coal,Coal,Odisha,03/2029,11/2018,,,2838.86,2838.86,1748.9,47.0,FlashReport_July_2025.pdf,41,Table 6: All Ongoing Projects,SUCCESS
2025-07,119,615193,,PRIMARY_IDENTIFIER,BASUNDHARA WEST EXTENSION OPENCAST PRO,Mahanadi Coalfields Limited (MCL,Ministry of Coal,Coal,Odisha,03/2027,05/2014,,,479.15,479.15,259.2,62.0,FlashReport_July_2025.pdf,41,Table 6: All Ongoing Projects,SUCCESS
2025-07,120,615857,,PRIMARY_IDENTIFIER,Naini Coal Mine,Singareni Collieries Company Limited [SCCL],Ministry of Coal,Coal,Odisha,03/2026,03/2020,,,494.3,494.3,491.33,80.0,FlashReport_July_2025.pdf,41,Table 6: All Ongoing Projects,SUCCESS
2025-07,121,616226,,PRIMARY_IDENTIFIER,INTEGRATED KULDA GARJANBAHAL OCP 40 MTY,Mahanadi Coalfields Limited (MCL,Ministry of Coal,Coal,Odisha,03/2033,04/2023,,,3563.5,3563.5,150.7,3.0,FlashReport_July_2025.pdf,41,Table 6: All Ongoing Projects,SUCCESS
2025-07,122,616231,,PRIMARY_IDENTIFIER,BHUBANESWARI EXPN OCP 50 MTY,Mahanadi Coalfields Limited (MCL,Ministry of Coal,Coal,Odisha,03/2033,03/2024,,,5366.27,5366.27,0.0,3.0,FlashReport_July_2025.pdf,41,Table 6: All Ongoing Projects,SUCCESS
2025-07,123,616232,,PRIMARY_IDENTIFIER,HINGULA II OC EXPN PH III 15 MTY,Mahanadi Coalfields Limited (MCL,Ministry of Coal,Coal,Odisha,03/2029,11/2022,,,1561.85,1561.85,50.15,23.0,FlashReport_July_2025.pdf,41,Table 6: All Ongoing Projects,SUCCESS
2025-07,124,616233,,PRIMARY_IDENTIFIER,BALABHADRA OCP,Mahanadi Coalfields Limited (MCL,Ministry of Coal,Coal,Odisha,03/2030,04/2023,,,978.44,978.44,211.36,8.0,FlashReport_July_2025.pdf,41,Table 6: All Ongoing Projects,SUCCESS
2025-07,125,615818,,PRIMARY_IDENTIFIER,Jawahar Khani Open Cast Mine,Singareni Collieries Company Limited [SCCL],Ministry of Coal,Coal,Telangana,03/2025,12/2021,,03/2027,297.88,297.88,46.39,20.0,FlashReport_July_2025.pdf,41,Table 6: All Ongoing Projects,SUCCESS
2025-07,126,615858,,PRIMARY_IDENTIFIER,Kalyanikhani Opencast Project,Singareni Collieries Company Limited [SCCL],Ministry of Coal,Coal,Telangana,03/2026,05/2017,,,384.32,384.32,281.83,75.0,FlashReport_July_2025.pdf,41,Table 6: All Ongoing Projects,SUCCESS
2025-07,127,615859,,PRIMARY_IDENTIFIER,Kakathiya Khani Opencast - III Project Phase - I,Singareni Collieries Company Limited [SCCL],Ministry of Coal,Coal,Telangana,03/2026,05/2017,,,413.84,413.84,397.55,79.0,FlashReport_July_2025.pdf,41,Table 6: All Ongoing Projects,SUCCESS
2025-07,128,615860,,PRIMARY_IDENTIFIER,Godavarikhani Coal Mine -,Singareni Collieries Company Limited [SCCL],Ministry of Coal,Coal,Telangana,03/2025,05/2019,,03/2026,607.04,607.04,178.82,71.0,FlashReport_July_2025.pdf,41,Table 6: All Ongoing Projects,SUCCESS
2025-07,129,615861,,PRIMARY_IDENTIFIER,Indaram Opencast Project,Singareni Collieries Company Limited [SCCL],Ministry of Coal,Coal,Telangana,03/2025,12/2022,,03/2026,424.81,424.81,402.64,80.0,FlashReport_July_2025.pdf,41,Table 6: All Ongoing Projects,SUCCESS
2025-07,130,615862,,PRIMARY_IDENTIFIER,Goleti Opencast Mine,Singareni Collieries Company Limited [SCCL],Ministry of Coal,Coal,Telangana,03/2026,08/2021,,,345.6,345.6,73.25,20.0,FlashReport_July_2025.pdf,41,Table 6: All Ongoing Projects,SUCCESS
2025-07,131,615863,,PRIMARY_IDENTIFIER,Venkatesh Khani Coal Mine,Singareni Collieries Company Limited [SCCL],Ministry of Coal,Coal,Telangana,03/2026,06/2020,,,484.5,484.5,434.44,75.0,FlashReport_July_2025.pdf,41,Table 6: All Ongoing Projects,SUCCESS
2025-07,132,615864,,PRIMARY_IDENTIFIER,Ramagundam OC-II Extension Project,Singareni Collieries Company Limited [SCCL],Ministry of Coal,Coal,Telangana,03/2026,06/2015,,,489.62,489.62,405.54,77.0,FlashReport_July_2025.pdf,41,Table 6: All Ongoing Projects,SUCCESS
2025-07,133,615865,,PRIMARY_IDENTIFIER,Kakatiyakhani OC - 2 Project,Singareni Collieries Company Limited [SCCL],Ministry of Coal,Coal,Telangana,03/2025,09/2017,,03/2026,442.42,442.42,203.15,63.0,FlashReport_July_2025.pdf,41,Table 6: All Ongoing Projects,SUCCESS
2025-07,134,400173,,PRIMARY_IDENTIFIER,MOHANPUR EXPANSION OC -PHASE II,Eastern Coal Fields Limited [ECL],Ministry of Coal,Coal,West Bengal,03/2026,11/2020,,,888.99,888.99,85.51,30.0,FlashReport_July_2025.pdf,41,Table 6: All Ongoing Projects,SUCCESS
2025-07,135,400180,,PRIMARY_IDENTIFIER,BONJEMEHARI EXPANSION OCP,Eastern Coal Fields Limited [ECL],Ministry of Coal,Coal,West Bengal,03/2026,08/2021,,03/2026,570.11,570.11,81.29,16.0,FlashReport_July_2025.pdf,41,Table 6: All Ongoing Projects,SUCCESS
2025-07,136,400181,,PRIMARY_IDENTIFIER,NAKRAKONDA KUMARDIH- B OCP,Eastern Coal Fields Limited [ECL],Ministry of Coal,Coal,West Bengal,03/2029,08/2018,,,502.68,502.68,70.97,25.0,FlashReport_July_2025.pdf,41,Table 6: All Ongoing Projects,SUCCESS
2025-07,137,400182,,PRIMARY_IDENTIFIER,SIDULI [OC & UG],ECL - CIL,Ministry of Coal,Coal,West Bengal,03/2027,05/2018,,,535.18,535.18,5.05,14.0,FlashReport_July_2025.pdf,41,Table 6: All Ongoing Projects,SUCCESS
2025-07,138,400186,,PRIMARY_IDENTIFIER,TILABONI UG,Eastern Coal Fields Limited [ECL],Ministry of Coal,Coal,West Bengal,03/2029,03/2023,,03/2029,749.08,749.08,51.73,10.0,FlashReport_July_2025.pdf,41,Table 6: All Ongoing Projects,SUCCESS
2025-07,139,400312,,PRIMARY_IDENTIFIER,JHANJRA EXPANSION UG,Eastern Coal Fields Limited [ECL],Ministry of Coal,Coal,West Bengal,03/2029,04/2020,,,1210.12,1210.12,514.93,40.0,FlashReport_July_2025.pdf,41,Table 6: All Ongoing Projects,SUCCESS
2025-07,140,400315,,PRIMARY_IDENTIFIER,SONEPUR BAZARI EXPANSION OCP [12 MTY],Eastern Coal Fields Limited [ECL],Ministry of Coal,Coal,West Bengal,03/2029,07/2021,,,5365.88,5365.88,571.02,17.0,FlashReport_July_2025.pdf,41,Table 6: All Ongoing Projects,SUCCESS
2025-07,141,611016,,PRIMARY_IDENTIFIER,2.0 MTPA BHOJUDIH NLW WASHERY,Ministry of Coal,Ministry of Coal,Coal,West Bengal,09/2020,03/2019,,09/2025,384.57,384.57,353.21,97.0,FlashReport_July_2025.pdf,41,Table 6: All Ongoing Projects,SUCCESS
2025-07,142,612816,,PRIMARY_IDENTIFIER,ITAPARA OCP,Eastern Coal Fields Limited [ECL],Ministry of Coal,Coal,West Bengal,03/2030,12/2023,,,929.1,929.1,65.61,7.0,FlashReport_July_2025.pdf,41,Table 6: All Ongoing Projects,SUCCESS
2025-07,143,613793,,PRIMARY_IDENTIFIER,SHYAMSUNDARPUR UG INCLUDING SARPI,Eastern Coal Fields Limited [ECL],Ministry of Coal,Coal,West Bengal,03/2026,04/2020,,,483.65,483.65,55.89,12.0,FlashReport_July_2025.pdf,41,Table 6: All Ongoing Projects,SUCCESS
2025-07,144,613794,,PRIMARY_IDENTIFIER,PARASEA-BELBAID UG PROJECT,Eastern Coal Fields Limited [ECL],Ministry of Coal,Coal,West Bengal,03/2028,01/2023,,,389.1,389.1,131.42,16.0,FlashReport_July_2025.pdf,41,Table 6: All Ongoing Projects,SUCCESS
2025-07,145,616230,,PRIMARY_IDENTIFIER,PARASCOLE JAMBAD OCP,Eastern Coal Fields Limited [ECL],Ministry of Coal,Coal,West Bengal,03/2037,11/2024,,,1193.55,1193.55,6.79,0.0,FlashReport_July_2025.pdf,41,Table 6: All Ongoing Projects,SUCCESS
2025-07,146,617299,,PRIMARY_IDENTIFIER,50 MW Wind Power Project,NLC India Limited [NLCIL],Ministry of Coal,Electricity Generation,Gujarat,06/2025,02/2024,,01/2026,383.84,383.84,303.5,41.0,FlashReport_July_2025.pdf,42,Table 6: All Ongoing Projects,SUCCESS
2025-07,147,400231,,PRIMARY_IDENTIFIER,NLC Talabira Thermal Power Project,NLC India Limited [NLCIL],Ministry of Coal,Electricity Generation,Odisha,03/2030,01/2024,,,27212.96,27213.0,1938.68,1.0,FlashReport_July_2025.pdf,42,Table 6: All Ongoing Projects,SUCCESS
2025-07,148,612819,,PRIMARY_IDENTIFIER,300 MW SPP part of 510 MW CPSU scheme,NLC India Limited [NLCIL],Ministry of Coal,Electricity Generation,Rajasthan,09/2024,03/2023,,09/2025,1813.0,1813.0,769.57,68.0,FlashReport_July_2025.pdf,42,Table 6: All Ongoing Projects,SUCCESS
2025-07,149,615327,,PRIMARY_IDENTIFIER,50 MW Solar PP Minedout Area,NLC India Limited [NLCIL],Ministry of Coal,Electricity Generation,Tamil Nadu,03/2025,02/2024,,09/2025,218.03,218.03,160.93,46.0,FlashReport_July_2025.pdf,42,Table 6: All Ongoing Projects,SUCCESS
2025-07,150,400259,,PRIMARY_IDENTIFIER,Ghatampur Thermal Power Plant 3 X 660 MW,NLC India Limited [NLCIL],Ministry of Coal,Electricity Generation,Uttar Pradesh,11/2020,08/2016,,10/2025,17237.8,21780.9,20135.48,92.0,FlashReport_July_2025.pdf,42,Table 6: All Ongoing Projects,SUCCESS
2025-07,151,400203,,PRIMARY_IDENTIFIER,Dharamjaigarh-Korba,WR,Ministry of Coal,Railways,Chhattisgarh,12/2026,03/2017,,08/2026,1686.22,1686.22,342.96,40.0,FlashReport_July_2025.pdf,42,Table 6: All Ongoing Projects,SUCCESS
2025-07,152,400416,,PRIMARY_IDENTIFIER,Shivpur-Kathautia New Rail [BG] Line [49 km] [Package II of Tori-Shivpur-Kathautia line],,Ministry of Coal,Railways,Jharkhand,06/2025,Ministry of Coal,,,1799.64,1799.64,1293.71,60.0,FlashReport_July_2025.pdf,42,Table 6: All Ongoing Projects,SUCCESS
2025-07,153,400192,,PRIMARY_IDENTIFIER,Tubed Coal Mine,Damodar Valley Corporation,Ministry of Power,Coal,Jharkhand,05/2026,10/2016,,05/2026,1581.0,1581.0,599.18,34.0,FlashReport_July_2025.pdf,42,Table 6: All Ongoing Projects,SUCCESS
2025-07,154,603293,,PRIMARY_IDENTIFIER,Badam Coal Mining project of NTPC,National Thermal Power Corporation [NTPC],Ministry of Power,Coal,Jharkhand,12/2056,09/2019,,04/2027,502.0,784.0,302.2,59.0,FlashReport_July_2025.pdf,42,Table 6: All Ongoing Projects,SUCCESS
2025-07,155,602182,,PRIMARY_IDENTIFIER,Dibang Multipurpose Project,National Highways & Infrastructure Development Corporation Ltd. [NHIDCL],Ministry of Power,Electricity Generation,Arunachal Pradesh,02/2032,02/2023,,02/2032,31876.39,31876.4,3436.38,16.0,FlashReport_July_2025.pdf,42,Table 6: All Ongoing Projects,SUCCESS
2025-07,156,611698,,PRIMARY_IDENTIFIER,240MW Heo HE Project,North Eastern Electric Power Corporation Limited,Ministry of Power,Electricity Generation,Arunachal Pradesh,07/2029,05/2025,,,1938.85,1938.85,49.31,3.0,FlashReport_July_2025.pdf,42,Table 6: All Ongoing Projects,SUCCESS
2025-07,157,611699,,PRIMARY_IDENTIFIER,186 MW Tato-I H E Project,North Eastern Electric Power Corporation Limited,Ministry of Power,Electricity Generation,Arunachal Pradesh,07/2029,05/2025,,,1750.07,1750.07,102.79,2.0,FlashReport_July_2025.pdf,42,Table 6: All Ongoing Projects,SUCCESS
2025-07,158,602579,,PRIMARY_IDENTIFIER,Buxar Thermal Power Project [1320 MW],Satluj Jal Vidyut Nigam [SJVN] Thermal Limited,Ministry of Power,Electricity Generation,Bihar,01/2024,06/2019,,11/2025,10439.09,13756.6,11970.96,92.0,FlashReport_July_2025.pdf,42,Table 6: All Ongoing Projects,SUCCESS
2025-07,159,611930,,PRIMARY_IDENTIFIER,Lara Super Thermal Power Project Stage-II [2 x 800 MW],National Thermal Power Corporation [NTPC],Ministry of Power,Electricity Generation,Chhattisgarh,06/2028,08/2023,,,15530.0,15530.0,2288.0,14.0,FlashReport_July_2025.pdf,42,Table 6: All Ongoing Projects,SUCCESS
2025-07,160,617188,,PRIMARY_IDENTIFIER,"Sipat Super Thermal Power Project, Stage-III [1x800 MW]",National Thermal Power Corporation [NTPC],Ministry of Power,Electricity Generation,Chhattisgarh,09/2029,09/2024,,,9791.0,9791.0,0.0,0.0,FlashReport_July_2025.pdf,42,Table 6: All Ongoing Projects,SUCCESS
2025-07,161,709747,,PRIMARY_IDENTIFIER,Bagodara Solar Power Project,Satluj Jal Vidyut Nigam [SJVN] Thermal Limited,Ministry of Power,Electricity Generation,Gujarat,12/2025,05/2021,,12/2025,339.35,339.35,317.59,51.0,FlashReport_July_2025.pdf,42,Table 6: All Ongoing Projects,SUCCESS
2025-07,162,602582,,PRIMARY_IDENTIFIER,Dhaulasidh Hydro Electric Project [66 MW],Satluj Jal Vidyut Nigam [SJVN] Thermal Limited,Ministry of Power,Electricity Generation,Himachal Pradesh,11/2025,05/2021,,03/2027,687.97,1511.87,908.65,67.0,FlashReport_July_2025.pdf,42,Table 6: All Ongoing Projects,SUCCESS
2025-07,163,602593,,PRIMARY_IDENTIFIER,Luhri Stage-I Hydro Electric Project [210 MW],Satluj Jal Vidyut Nigam [SJVN] Thermal Limited,Ministry of Power,Electricity Generation,Himachal Pradesh,01/2026,11/2020,,08/2029,1810.56,3584.53,1742.92,51.0,FlashReport_July_2025.pdf,42,Table 6: All Ongoing Projects,SUCCESS
2025-07,164,602633,,PRIMARY_IDENTIFIER,382 MW Sunni Dam HEP,Satluj Jal Vidyut Nigam [SJVN] Thermal Limited,Ministry of Power,Electricity Generation,Himachal Pradesh,03/2027,04/2018,,,2615.0,2615.0,495.57,0.5,FlashReport_July_2025.pdf,42,Table 6: All Ongoing Projects,SUCCESS
2025-07,165,611586,,PRIMARY_IDENTIFIER,Sunni Dam Hydro Electric Project [382 MW],Satluj Jal Vidyut Nigam [SJVN] Thermal Limited,Ministry of Power,Electricity Generation,Himachal Pradesh,04/2028,01/2023,,12/2028,2614.51,4540.71,956.76,29.0,FlashReport_July_2025.pdf,42,Table 6: All Ongoing Projects,SUCCESS
2025-07,166,,,UNKNOWN,"Pakal Dul [Drangdhuran] Hydroelectric Project, 1000 MW Jammu and",National Highways & Infrastructure Development Corporation Ltd. [NHIDCL],Ministry of Power,Electricity Generation,,04/2020,02/2018,,,8112.12,,6916.1,71.0,FlashReport_July_2025.pdf,42,Table 6: All Ongoing Projects,PARTIAL
2025-07,167,,,UNKNOWN,Kashmir (8112.12) (602525) Kiru HE Project Jammu and,National Highways & Infrastructure Development Corporation Ltd. [NHIDCL],Ministry of Power,Electricity Generation,,09/2026,03/2019,09/2023,,4287.59,,3055.87,66.0,FlashReport_July_2025.pdf,42,Table 6: All Ongoing Projects,PARTIAL
2025-07,168,,,UNKNOWN,"Kashmir (4287.59) (602532) Ratle HE Project - 850 MW, Ratle Hydroelectric Power Corporation Limited. Jammu and",National Highways & Infrastructure Development Corporation Ltd. [NHIDCL],Ministry of Power,Electricity Generation,,03/2026,02/2021,02/2026,,5281.94,,1009.79,24.0,FlashReport_July_2025.pdf,42,Table 6: All Ongoing Projects,PARTIAL
2025-07,169,,,UNKNOWN,Kashmir (5281.94) (602535) Kwar HE Project Jammu and,National Highways & Infrastructure Development Corporation Ltd. [NHIDCL],Ministry of Power,Electricity Generation,,08/2029,05/2022,11/2026,,4526.12,,1078.61,23.0,FlashReport_July_2025.pdf,42,Table 6: All Ongoing Projects,PARTIAL
2025-07,170,400261,,PRIMARY_IDENTIFIER,Kashmir (-) (4526.12) (605155) Patratu Thermal Power Station Expansion Project Phase-I [3x800 MW],National Thermal Power Corporation [NTPC],Ministry of Power,Electricity Generation,Jharkhand,03/2023,11/2017,,11/2026,17112.0,20302.0,17365.0,81.0,FlashReport_July_2025.pdf,42,Table 6: All Ongoing Projects,SUCCESS
2025-07,171,611509,,PRIMARY_IDENTIFIER,"Koderma Thermal Power Station Phase II [2X800 MW] At Koderma, Jharkhand",Damodar Valley Corporation,Ministry of Power,Electricity Generation,Jharkhand,03/2029,11/2024,,,14358.0,14358.0,1116.7,1.0,FlashReport_July_2025.pdf,42,Table 6: All Ongoing Projects,SUCCESS
2025-07,172,709820,,PRIMARY_IDENTIFIER,OMKARESHWAR FLOATING SOLAR POWER PROJECT [90 MW],Satluj Jal Vidyut Nigam [SJVN] Thermal Limited,Ministry of Power,Electricity Generation,Madhya Pradesh,08/2024,11/2022,,,646.17,646.17,0.0,0.0,FlashReport_July_2025.pdf,43,Table 6: All Ongoing Projects,SUCCESS
2025-07,173,602096,,PRIMARY_IDENTIFIER,Subansiri Lower HE Project [2000 MW] Multi-States,National Highways & Infrastructure Development Corporation Ltd. [NHIDCL],Ministry of Power,Electricity Generation,"Pradesh, Assam",09/2010,09/2003,,05/2026,6285.33,26075.5,24685.13,96.0,FlashReport_July_2025.pdf,43,Table 6: All Ongoing Projects,SUCCESS
2025-07,174,602961,,PRIMARY_IDENTIFIER,Talcher Thermal Power Station Stage III [2 x 660 MW] Expansion,National Thermal Power Corporation [NTPC],Ministry of Power,Electricity Generation,Odisha,05/2027,09/2022,,03/2028,11843.75,12543.0,3975.0,26.0,FlashReport_July_2025.pdf,43,Table 6: All Ongoing Projects,SUCCESS
2025-07,175,709748,,PRIMARY_IDENTIFIER,BIKANER SOLAR POWER PROJECT,Satluj Jal Vidyut Nigam [SJVN] Thermal Limited,Ministry of Power,Electricity Generation,Rajasthan,04/2024,05/2022,,12/2025,5491.89,5491.89,4606.84,82.0,FlashReport_July_2025.pdf,43,Table 6: All Ongoing Projects,SUCCESS
2025-07,176,602181,,PRIMARY_IDENTIFIER,"TEESTA-VI HE PROJECT, SIKKIM [500 MW], executed by LANCO TEESTA HYDRO POWER LIMITED [A wholly owned Subsidiary of NHPC LTD. acquired through NCLT]",National Highways & Infrastructure Development Corporation Ltd. [NHIDCL],Ministry of Power,Electricity Generation,Sikkim,03/2024,03/2019,,12/2027,5748.04,5748.04,4495.28,68.0,FlashReport_July_2025.pdf,43,Table 6: All Ongoing Projects,SUCCESS
2025-07,177,605156,,PRIMARY_IDENTIFIER,Rangit-IV HE Project [120 MW] executed by Jal Power Corporation Ltd. [JPCL] -A wholly owned subsidiary of NHPC Ltd. acquired through NCLT,National Highways & Infrastructure Development Corporation Ltd. [NHIDCL],Ministry of Power,Electricity Generation,Sikkim,05/2024,03/2021,,12/2025,938.29,1828.11,1554.15,90.0,FlashReport_July_2025.pdf,43,Table 6: All Ongoing Projects,SUCCESS
2025-07,178,602194,,PRIMARY_IDENTIFIER,Khurja super Thermal Power Plant [2X660 MW],THDC India Limited,Ministry of Power,Electricity Generation,Uttar Pradesh,02/2024,08/2019,,08/2025,11089.42,13276.2,12429.05,96.0,FlashReport_July_2025.pdf,43,Table 6: All Ongoing Projects,SUCCESS
2025-07,179,612142,,PRIMARY_IDENTIFIER,"Singrauli Super Thermal Power Project, Stage-III [2x800 MW]",National Thermal Power Corporation [NTPC],Ministry of Power,Electricity Generation,Uttar Pradesh,02/2030,03/2024,,,17195.0,17195.0,1626.0,8.0,FlashReport_July_2025.pdf,43,Table 6: All Ongoing Projects,SUCCESS
2025-07,180,602185,,PRIMARY_IDENTIFIER,Tapovan-Vishnugad HEP [4x130 MW],National Thermal Power Corporation [NTPC],Ministry of Power,Electricity Generation,Uttarakhand,03/2013,11/2006,,04/2029,2978.0,10907.3,7123.58,77.0,FlashReport_July_2025.pdf,43,Table 6: All Ongoing Projects,SUCCESS
2025-07,181,602193,,PRIMARY_IDENTIFIER,Tehri Pumped Storage Plant Project [4x250 MW],THDC India Limited,Ministry of Power,Electricity Generation,Uttarakhand,06/2022,06/2011,,11/2025,4825.6,8339.0,7939.82,98.0,FlashReport_July_2025.pdf,43,Table 6: All Ongoing Projects,SUCCESS
2025-07,182,602195,,PRIMARY_IDENTIFIER,Vishnugad Pipalkoti Hydro Electric Project [444 MW],THDC India Limited,Ministry of Power,Electricity Generation,Uttarakhand,12/2022,01/2014,,03/2027,3860.35,6823.72,4828.89,72.0,FlashReport_July_2025.pdf,43,Table 6: All Ongoing Projects,SUCCESS
2025-07,183,400062,,PRIMARY_IDENTIFIER,"Raghunathpur Thermal Power Station Phase II [2X660 MW] at Raghunathpur, Purulia, West Bengal",,Ministry of Power,Electricity Generation,West Bengal,06/2029,Damodar Valley Corporation,,,17673.0,17673.0,1183.7,1.0,FlashReport_July_2025.pdf,43,Table 6: All Ongoing Projects,SUCCESS
2025-07,184,602184,,PRIMARY_IDENTIFIER,Rammam-III HEPP [3x40 MW],National Thermal Power Corporation [NTPC],Ministry of Power,Electricity Generation,West Bengal,09/2019,09/2014,,03/2029,1381.84,1381.84,1266.0,45.0,FlashReport_July_2025.pdf,43,Table 6: All Ongoing Projects,SUCCESS
2025-07,185,602538,,PRIMARY_IDENTIFIER,Installation of FGD for 4x210 & 2x250 MW MTPS U 1-6,Damodar Valley Corporation,Ministry of Power,Electricity Generation,West Bengal,01/2024,02/2021,,12/2025,1037.0,1106.0,1085.39,91.0,FlashReport_July_2025.pdf,43,Table 6: All Ongoing Projects,SUCCESS
2025-07,186,611967,,PRIMARY_IDENTIFIER,Transmission Scheme for Solar Energy Zone in Ananthpuram 2500MW and Kurnool 1000MW,Power Grid Corporation of India Limited [POWERGRID],Ministry of Power,Transmission & Distribution,Andhra Pradesh,09/2025,09/2023,,04/2026,1248.69,1248.69,820.26,78.0,FlashReport_July_2025.pdf,43,Table 6: All Ongoing Projects,SUCCESS
2025-07,187,612856,,PRIMARY_IDENTIFIER,Augmentation of 1x1500 MVA 3rd 765/400 kV transformation capacity at Kurnool New Substation,Power Grid Corporation of India Limited [POWERGRID],Ministry of Power,Transmission & Distribution,Andhra Pradesh,09/2025,12/2023,,11/2025,163.61,163.61,50.72,39.0,FlashReport_July_2025.pdf,43,Table 6: All Ongoing Projects,SUCCESS
2025-07,188,617183,,PRIMARY_IDENTIFIER,Transmission system strengthening at Kurnool- III PS for integration of additional RE generation projects [POWERGRID Kurnool III PS RE Transmission Limited],,Ministry of Power,Transmission & Distribution,Andhra Pradesh,12/2027,Power Grid Corporation of India Limited [POWERGRID],,,2886.0,2886.0,28.86,0.0,FlashReport_July_2025.pdf,43,Table 6: All Ongoing Projects,SUCCESS
2025-07,189,611737,,PRIMARY_IDENTIFIER,Western Region Expansion Scheme-XXV,Power Grid Corporation of India Limited [POWERGRID],Ministry of Power,Transmission & Distribution,Chhattisgarh,11/2023,02/2023,,09/2025,385.84,385.84,378.16,96.0,FlashReport_July_2025.pdf,43,Table 6: All Ongoing Projects,SUCCESS
2025-07,190,611656,,PRIMARY_IDENTIFIER,Transmission scheme for evacuation of 4.5GW RE injection at Khavda PS under Phase II- Part B,Power Grid Corporation of India Limited [POWERGRID],Ministry of Power,Transmission & Distribution,Gujarat,03/2025,03/2023,,10/2025,1167.55,1167.0,1013.39,91.0,FlashReport_July_2025.pdf,43,Table 6: All Ongoing Projects,SUCCESS
2025-07,191,611657,,PRIMARY_IDENTIFIER,Transmission scheme for evacuation of 4.5GW RE injection at Khavda PS under Phase II- Part C,Power Grid Corporation of India Limited [POWERGRID],Ministry of Power,Transmission & Distribution,Gujarat,03/2025,03/2023,,11/2025,2820.99,2820.99,2454.26,84.0,FlashReport_July_2025.pdf,43,Table 6: All Ongoing Projects,SUCCESS
2025-07,192,611660,,PRIMARY_IDENTIFIER,Establishment of Khavda Pooling Station-2 KPS2 in Khavda RE Park KPS2 TRANSMISSION SYSTEM LIMITED,Power Grid Corporation of India Limited [POWERGRID],Ministry of Power,Transmission & Distribution,Gujarat,12/2024,03/2023,,08/2025,966.79,966.79,894.76,95.0,FlashReport_July_2025.pdf,43,Table 6: All Ongoing Projects,SUCCESS
2025-07,193,612139,,PRIMARY_IDENTIFIER,Transmission system for Evacuation of Additional 7 GW RE power from Khavda RE park under Phase-III Part B [Vataman Transmission Limited],Power Grid Corporation of India Limited [POWERGRID],Ministry of Power,Transmission & Distribution,Gujarat,12/2025,12/2023,,06/2026,3751.82,3751.82,1500.72,21.0,FlashReport_July_2025.pdf,43,Table 6: All Ongoing Projects,SUCCESS
2025-07,194,612151,,PRIMARY_IDENTIFIER,Transmission System for Evacuation of Power from potential Renewable Energy zone in Khavda Area of Gujarat under Phase IV [7 GW] Part E3,Power Grid Corporation of India Limited [POWERGRID],Ministry of Power,Transmission & Distribution,Gujarat,07/2025,07/2023,,10/2025,334.0,334.0,70.44,22.0,FlashReport_July_2025.pdf,43,Table 6: All Ongoing Projects,SUCCESS
2025-07,195,612855,,PRIMARY_IDENTIFIER,Transmission System for Evacuation of Power from Potential Energy Renewable Zone in Khavda Area of Gujarat under Ph-IV [7GW] Part E2,Power Grid Corporation of India Limited [POWERGRID],Ministry of Power,Transmission & Distribution,Gujarat,05/2026,05/2024,,02/2026,679.0,679.0,81.48,18.0,FlashReport_July_2025.pdf,43,Table 6: All Ongoing Projects,SUCCESS
2025-07,196,615342,,PRIMARY_IDENTIFIER,Augmentation of Transformation Capacity at jam Khambhaliya PS [GIS] [SPV Name POWERGRID Jam Khambhaliya Transmission Limited],,Ministry of Power,Transmission & Distribution,Gujarat,07/2026,Power Grid Corporation of India Limited [POWERGRID],,,329.0,329.0,9.97,1.0,FlashReport_July_2025.pdf,43,Table 6: All Ongoing Projects,SUCCESS
2025-07,197,615343,,PRIMARY_IDENTIFIER,Provision of Dynamic Reactive Compensation at Khavda pooling Station 1 [KPS1] and Khavda Pooling station 3 [KPS3],,Ministry of Power,Transmission & Distribution,Gujarat,11/2026,Power Grid Corporation of India Limited [POWERGRID],,,501.0,501.0,5.01,1.0,FlashReport_July_2025.pdf,43,Table 6: All Ongoing Projects,SUCCESS
2025-07,198,615345,,PRIMARY_IDENTIFIER,Transmission System for Evacuation of Power from Potential Renewable Energy Zone in Khavda area of Gujarat under Phase-IV [7GW] Part B [SPV Name POWERGRID,Power Grid Corporation of India Limited [POWERGRID],Ministry of Power,Transmission & Distribution,Gujarat,10/2026,10/2024,,,4766.0,4766.0,513.29,5.0,FlashReport_July_2025.pdf,44,Table 6: All Ongoing Projects,SUCCESS
2025-07,199,617069,,PRIMARY_IDENTIFIER,Augmentation of Transformation Capacity at KPS1 [GIS] and KPS2 [GIS] [Phase-V Part B1 and Part B2 Scheme] [SPV Name- POWERGRID KPS1 and 2 Augmentation,Power Grid Corporation of India Limited [POWERGRID],Ministry of Power,Transmission & Distribution,Gujarat,02/2027,02/2025,,,466.0,466.0,6.99,0.0,FlashReport_July_2025.pdf,44,Table 6: All Ongoing Projects,SUCCESS
2025-07,200,617182,,PRIMARY_IDENTIFIER,Augmentation of Banaskantha [Raghanesda] PS [GIS] [POWERGRID Banaskantha Transco Limited],,Ministry of Power,Transmission & Distribution,Gujarat,03/2027,Power Grid Corporation of India Limited [POWERGRID],,,172.0,172.0,1.72,0.0,FlashReport_July_2025.pdf,44,Table 6: All Ongoing Projects,SUCCESS
2025-07,201,617272,,PRIMARY_IDENTIFIER,Implementation of LILO of both circuits of 400KV vindhyachal PS-Sasan D/C Line at Hindalco Switchyard,,Ministry of Power,Transmission & Distribution,Haryana,12/2026,Power Grid Corporation of India Limited [POWERGRID],,,370.0,370.0,1.0,1.0,FlashReport_July_2025.pdf,44,Table 6: All Ongoing Projects,SUCCESS
2025-07,202,608302,,PRIMARY_IDENTIFIER,Transmission system for evacuation of Power from Pakaldul HEP in Chenab Valley HEPs - LTA System Jammu and,Power Grid Corporation of India Limited [POWERGRID],Ministry of Power,Transmission & Distribution,Kashmir,04/2025,02/2022,,08/2025,318.12,318.12,286.31,99.0,FlashReport_July_2025.pdf,44,Table 6: All Ongoing Projects,SUCCESS
2025-07,203,617179,,PRIMARY_IDENTIFIER,Transmission Scheme for evacuation of Power from Ratle HEP [850 MW] & kiru [624 MW] Part B Jammu and,Power Grid Corporation of India Limited [POWERGRID],Ministry of Power,Transmission & Distribution,Kashmir,07/2026,07/2024,,,218.6,218.6,0.0,0.0,FlashReport_July_2025.pdf,44,Table 6: All Ongoing Projects,SUCCESS
2025-07,204,612140,,PRIMARY_IDENTIFIER,Transmission Scheme for Integration of Renewable Energy Zone [Phase II] in Koppal II [Phase A&B] and gadag II[Phase A] in Karnataka [POWERGRID KOPPAL GADAG,Power Grid Corporation of India Limited [POWERGRID],Ministry of Power,Transmission & Distribution,Karnataka,12/2025,12/2023,,,2889.39,2889.39,1154.31,37.0,FlashReport_July_2025.pdf,44,Table 6: All Ongoing Projects,SUCCESS
2025-07,205,616672,,PRIMARY_IDENTIFIER,System Strengthening at Koppal-II and GadagII for integration of RE generation projects [SPV Name POWERGRID Koppal Gadag Augmentation Transmission,Power Grid Corporation of India Limited [POWERGRID],Ministry of Power,Transmission & Distribution,Karnataka,06/2027,01/2025,,,1354.0,1354.0,16.65,0.0,FlashReport_July_2025.pdf,44,Table 6: All Ongoing Projects,SUCCESS
2025-07,206,617068,,PRIMARY_IDENTIFIER,"Augmentation of Transformation Capacity by 3x500 MVA, 400/220 KV ICTS [6th-8th] and 1x1500 MVA, 765/400 KV ICT [4th] at Bidar PS [SPV Name- POWERGRID Bidar",Power Grid Corporation of India Limited [POWERGRID],Ministry of Power,Transmission & Distribution,Karnataka,06/2027,02/2025,,,288.0,288.0,5.76,0.0,FlashReport_July_2025.pdf,44,Table 6: All Ongoing Projects,SUCCESS
2025-07,207,617184,,PRIMARY_IDENTIFIER,Transmission Scheme for integration of Davanagere/ Chitradurga and Bellary REZ in Karnataka [POWERGRID Chitradurga Bellary REZ Transmission Limited],,Ministry of Power,Transmission & Distribution,Karnataka,09/2027,Power Grid Corporation of India Limited [POWERGRID],,,3453.0,3453.0,20.7,0.0,FlashReport_July_2025.pdf,44,Table 6: All Ongoing Projects,SUCCESS
2025-07,208,615344,,PRIMARY_IDENTIFIER,Transmission System for Evacuation of Power from Rajasthan REZ Ph-IV [Part-2 5.5GW] [Jaisalmer/Barmer Complex] Part H1 [POWERGRID KURAWAR,Power Grid Corporation of India Limited [POWERGRID],Ministry of Power,Transmission & Distribution,Madhya Pradesh,10/2026,10/2024,,,3674.0,3674.0,408.18,13.0,FlashReport_July_2025.pdf,44,Table 6: All Ongoing Projects,SUCCESS
2025-07,209,615346,,PRIMARY_IDENTIFIER,Transmission System for Evacuation of Power from Rajasthan REZ Ph-IV [Part-2 5. GW] [Jaisalmer/Barmer Complex] Part C [SPV Name POWERGRID Mandsaur,Power Grid Corporation of India Limited [POWERGRID],Ministry of Power,Transmission & Distribution,Madhya Pradesh,08/2026,08/2024,,,2708.0,2708.0,649.92,26.0,FlashReport_July_2025.pdf,44,Table 6: All Ongoing Projects,SUCCESS
2025-07,210,617279,,PRIMARY_IDENTIFIER,Transmission System for evacuation of power from Mahan Energen Limited Generating Station in Madhya Pradesh [SPV Name - POWERGRID MEL Power,Power Grid Corporation of India Limited [POWERGRID],Ministry of Power,Transmission & Distribution,Madhya Pradesh,12/2027,06/2025,,,558.0,558.0,5.58,0.0,FlashReport_July_2025.pdf,44,Table 6: All Ongoing Projects,SUCCESS
2025-07,211,611966,,PRIMARY_IDENTIFIER,Transmission System for Evacuation of power from Potential RE Zone in Khavda Area of Gujarat under phase IV 7GW-Part E4,Power Grid Corporation of India Limited [POWERGRID],Ministry of Power,Transmission & Distribution,Maharashtra,07/2025,11/2023,,11/2025,224.41,224.41,22.44,9.0,FlashReport_July_2025.pdf,44,Table 6: All Ongoing Projects,SUCCESS
2025-07,212,,,UNKNOWN,Transmission System for Integration of Kurnool-IV REZ Phase-I [for 4.5 GW] Multi-States [POWERGRID Kurnool-IV Transmission Limited],,Ministry of Power,Transmission & Distribution,Andhra Pradesh,03/2027,Power Grid Corporation of India Limited [POWERGRID],,,5550.0,5550.0,111.0,0.0,FlashReport_July_2025.pdf,44,Table 6: All Ongoing Projects,PARTIAL
2025-07,213,,,UNKNOWN,Karnataka) (617185) Transmission System for Kurnool Wind Energy Zone/ Solar Energy Zone Part-A and Multi-States Part-B,Power Grid Corporation of India Limited [POWERGRID],Ministry of Power,Transmission & Distribution,Andhra Pradesh,11/2024,03/2023,,12/2025,3546.94,3546.94,3121.3,94.0,FlashReport_July_2025.pdf,44,Table 6: All Ongoing Projects,PARTIAL
2025-07,214,,,UNKNOWN,Telangana) (900808) Comprehensive Scheme for Strengthening of Transmission and Distribution [T&D] Multi-States Systems [CSST&DS] in Arunachal Pradesh and Sikkim,Power Grid Corporation of India Limited [POWERGRID],Ministry of Power,Transmission & Distribution,,12/2018,01/2016,,03/2027,4754.42,4754.42,7321.07,81.0,FlashReport_July_2025.pdf,44,Table 6: All Ongoing Projects,PARTIAL
2025-07,215,607709,,PRIMARY_IDENTIFIER,"Pradesh, Sikkim) (602223) NORTH EASTERN REGION POWER SYSTEM IMPROVEMENT PROJECT Multi-States [NERPSIP] (Assam, Manipur,",Power Grid Corporation of India Limited [POWERGRID],Ministry of Power,Transmission & Distribution,"Meghalaya, Mizoram,",12/2018,03/2016,,09/2025,5111.33,6700.0,5253.47,96.0,FlashReport_July_2025.pdf,44,Table 6: All Ongoing Projects,SUCCESS
2025-07,216,617271,,PRIMARY_IDENTIFIER,"Nagaland, Tripura) Eastern Region Expansion Scheme-43 [ERES-43] Multi-States",Power Grid Corporation of India Limited [POWERGRID],Ministry of Power,Transmission & Distribution,"Odisha, West Bengal",03/2026,09/2024,,,342.69,342.69,0.2,0.0,FlashReport_July_2025.pdf,44,Table 6: All Ongoing Projects,SUCCESS
2025-07,217,617270,,PRIMARY_IDENTIFIER,Eastern Region Expansion Scheme-44 [ERES-44] Multi-States,Power Grid Corporation of India Limited [POWERGRID],Ministry of Power,Transmission & Distribution,"Bihar, Bengal",05/2026,11/2024,,,408.94,408.94,0.2,0.0,FlashReport_July_2025.pdf,44,Table 6: All Ongoing Projects,SUCCESS
2025-07,218,,,UNKNOWN,Transmission Network Expansion in Gujarat to increase its ATC from ISTS Part B Multi-States (Dadra & Nagar,400005,Ministry of Power,Transmission & Distribution,,06/2023,07/2022,,12/2025,4546.26,4546.26,4148.46,93.0,FlashReport_July_2025.pdf,44,Table 6: All Ongoing Projects,PARTIAL
2025-07,219,,,UNKNOWN,"& Diu, Gujarat, Maharashtra) Transmission System Strengthening Scheme for evacuation of power from SEZ in Multi-States (Delhi, Rajasthan 8.1 GW under Phase II Part G",Power Grid Corporation of India Limited [POWERGRID],Ministry of Power,Transmission & Distribution,Haryana,11/2023,05/2022,,11/2025,1666.0,2218.0,2139.28,95.0,FlashReport_July_2025.pdf,44,Table 6: All Ongoing Projects,PARTIAL
2025-07,220,,,UNKNOWN,"Rajasthan) (608922) Transmission system for evacuation of power from REZ in Rajasthan 20GW under Phase-III Part J Multi-States (Delhi,",,Ministry of Power,Transmission & Distribution,,03/2025,12/2022,,,331.0,,75.92,28.0,FlashReport_July_2025.pdf,45,Table 6: All Ongoing Projects,PARTIAL
2025-07,221,,,UNKNOWN,"Rajasthan) (331) (611735) Transmission Scheme for Evacuation of power from REZ in Rajasthan [20 GW] under Phase-III Part D [Sikar Khetri Transmission Ltd] Multi-States (Delhi,",Power Grid Corporation of India Limited [POWERGRID],Ministry of Power,Transmission & Distribution,,04/2026,02/2024,08/2025,,2000.0,,1314.8,59.0,FlashReport_July_2025.pdf,45,Table 6: All Ongoing Projects,PARTIAL
2025-07,222,,,UNKNOWN,"Rajasthan) (2000) (612132) Transmission system strengthening scheme for evacuation of power from solar energy zones in Rajasthan 8.1 GW under Phase II- Part- G1 Multi-States (Delhi,",Power Grid Corporation of India Limited [POWERGRID],Ministry of Power,Transmission & Distribution,,05/2026,02/2022,09/2023,,359.47,,330.71,93.0,FlashReport_July_2025.pdf,45,Table 6: All Ongoing Projects,PARTIAL
2025-07,223,,,UNKNOWN,Uttar Pradesh) (359.47) (608301) TRANSMISSION SYSTEM FOR EVACUATION OF POWER FROM POTENTIAL RENEWABLE ENERGY ZONE IN KHAVDA AREA OF GUJARAT UNDER PHASE-V Multi-States,Power Grid Corporation of India Limited [POWERGRID],Ministry of Power,Transmission & Distribution,Gujarat,11/2025,11/2024,05/2029,,24819.0,24819.0,1489.14,1.0,FlashReport_July_2025.pdf,45,Table 6: All Ongoing Projects,PARTIAL
2025-07,224,,,UNKNOWN,Maharashtra) (615347) Transmission system for evacuation of power from Rajasthan REZ Ph-IV [Part- 3/6GW] [Bikaner complex] Part A [SPV Name POWERGRID Bikaner IV Transmission Multi-States,Power Grid Corporation of India Limited [POWERGRID],Ministry of Power,Transmission & Distribution,Haryana,11/2026,11/2024,,,5969.0,5969.0,167.13,4.0,FlashReport_July_2025.pdf,45,Table 6: All Ongoing Projects,PARTIAL
2025-07,225,,,UNKNOWN,Rajasthan) (615339) TRANSMISSION SYSTEM FOR EVACUATION OF POWER FROM RAJASTHAN REZ PH-IV [PART-3/ 6 GW] [BIKANER COMPLEX] PART B [SPV Name Multi-States,Power Grid Corporation of India Limited [POWERGRID],Ministry of Power,Transmission & Distribution,Haryana,11/2026,11/2024,,,5357.0,5357.0,267.85,8.0,FlashReport_July_2025.pdf,45,Table 6: All Ongoing Projects,PARTIAL
2025-07,226,606781,,PRIMARY_IDENTIFIER,Rajasthan) (615340) Transmission System for Strengthening of Srinagar-Leh Tr. System Multi-States,Power Grid Corporation of India Limited [POWERGRID],Ministry of Power,Transmission & Distribution,"Kashmir, Ladakh",12/2024,03/2022,,09/2025,288.71,288.71,202.1,59.0,FlashReport_July_2025.pdf,45,Table 6: All Ongoing Projects,SUCCESS
2025-07,227,,,UNKNOWN,"Transmission Scheme for Solar Energy Zone in Bidar [2500 MW], Karnataka [Bidar Multi-States Transmission Ltd]",,Ministry of Power,Transmission & Distribution,Karnataka,02/2026,Power Grid Corporation of India Limited [POWERGRID],,,2147.62,2147.62,1068.65,55.0,FlashReport_July_2025.pdf,45,Table 6: All Ongoing Projects,PARTIAL
2025-07,228,,,UNKNOWN,Telangana) (612138) Transmission System for Evacuation of Power from Rajasthan REZ Ph-IV [Part-2 5. GW] [Jaisalmer/Barmer Complex] Part D [SPV Name POWERGRID Beawar Multi-States,,Ministry of Power,Transmission & Distribution,Madhya Pradesh,08/2026,08/2024,,,2227.0,2227.0,534.48,19.0,FlashReport_July_2025.pdf,45,Table 6: All Ongoing Projects,PARTIAL
2025-07,229,,,UNKNOWN,Rajasthan) (615333) Transmission System for Evacuation of Power from Rajasthan REZ Ph-IV [Part-2 5. GW] [Jaisalmer/Barmer Complex] Part E [SPV Name POWERGRID Mewar Multi-States,Power Grid Corporation of India Limited [POWERGRID],Ministry of Power,Transmission & Distribution,Madhya Pradesh,08/2026,08/2024,,,3251.0,3251.0,685.96,17.0,FlashReport_July_2025.pdf,45,Table 6: All Ongoing Projects,PARTIAL
2025-07,230,,,UNKNOWN,Rajasthan) (615334) Rajasthan REZ Ph-V [Part-1- 4 GW] [Sirohi/Nagaur] Complex [Rajasthan V Power Multi-States Transmission Limited],Power Grid Corporation of India Limited [POWERGRID],Ministry of Power,Transmission & Distribution,Madhya Pradesh,03/2027,Power Grid Corporation of India Limited [POWERGRID],,,5028.0,5028.0,139.2,1.0,FlashReport_July_2025.pdf,45,Table 6: All Ongoing Projects,PARTIAL
2025-07,231,,,UNKNOWN,Rajasthan) (617186) Transmission System for Evacuation of power from Rajasthan REZ Ph-IV [Part-1] Multi-States [Bikaner Complex] Part D [Neemrana Bareilly Transmission Ltd],Power Grid Corporation of India Limited [POWERGRID],Ministry of Power,Transmission & Distribution,Rajasthan,12/2025,12/2023,,06/2026,2056.0,2056.0,1336.4,55.0,FlashReport_July_2025.pdf,45,Table 6: All Ongoing Projects,PARTIAL
2025-07,232,,,UNKNOWN,Pradesh) (612133) Transmission System for evacuation of Power from Rajasthan REZ Ph-IV [Part-4 Multi-States GW] Part A [SPV name POWERGRID Ghiror Transmission Limited],,Ministry of Power,Transmission & Distribution,Rajasthan,12/2026,Power Grid Corporation of India Limited [POWERGRID],,,5846.0,5846.0,236.18,3.0,FlashReport_July_2025.pdf,45,Table 6: All Ongoing Projects,PARTIAL
2025-07,233,611659,,PRIMARY_IDENTIFIER,Pradesh) (616670) Transmission system strengthening scheme for evacuation of power from solar energy zones in Rajasthan[8.1 GW] under phase-II- Part E,Power Grid Corporation of India Limited [POWERGRID],Ministry of Power,Transmission & Distribution,Rajasthan,09/2024,03/2023,,10/2025,1433.28,1433.0,1341.7,93.0,FlashReport_July_2025.pdf,45,Table 6: All Ongoing Projects,SUCCESS
2025-07,234,611947,,PRIMARY_IDENTIFIER,Transmission System for Evacuation of Power from REZ in Rajasthan 20GW under Phase III- Part E2,Power Grid Corporation of India Limited [POWERGRID],Ministry of Power,Transmission & Distribution,Rajasthan,06/2025,11/2023,,09/2025,428.3,428.3,107.07,46.0,FlashReport_July_2025.pdf,45,Table 6: All Ongoing Projects,SUCCESS
2025-07,235,611948,,PRIMARY_IDENTIFIER,Transmission system for evacuation of power from REZ in Rajasthan 20 GW under Phase-III part H,Power Grid Corporation of India Limited [POWERGRID],Ministry of Power,Transmission & Distribution,Rajasthan,04/2025,10/2023,,12/2025,2211.29,2211.29,1780.53,72.0,FlashReport_July_2025.pdf,45,Table 6: All Ongoing Projects,SUCCESS
2025-07,236,611949,,PRIMARY_IDENTIFIER,Transmission system for evacuation of power from REZ in Rajasthan 20 GW under Phase-III part C1,Power Grid Corporation of India Limited [POWERGRID],Ministry of Power,Transmission & Distribution,Rajasthan,04/2025,10/2023,,10/2025,1796.02,1796.02,1201.17,79.0,FlashReport_July_2025.pdf,45,Table 6: All Ongoing Projects,SUCCESS
2025-07,237,611950,,PRIMARY_IDENTIFIER,Transmission system for evacuation of power from REZ in Rajasthan 20 GW under Phase-III part B1,Power Grid Corporation of India Limited [POWERGRID],Ministry of Power,Transmission & Distribution,Rajasthan,04/2025,09/2023,,12/2025,2190.54,2190.54,1740.6,77.0,FlashReport_July_2025.pdf,45,Table 6: All Ongoing Projects,SUCCESS
2025-07,238,611951,,PRIMARY_IDENTIFIER,Transmission system for evacuation of power from REZ in Rajasthan 20GW under Phase-III Part E1,Power Grid Corporation of India Limited [POWERGRID],Ministry of Power,Transmission & Distribution,Rajasthan,02/2025,08/2023,,09/2025,688.74,688.74,585.42,93.0,FlashReport_July_2025.pdf,45,Table 6: All Ongoing Projects,SUCCESS
2025-07,239,612134,,PRIMARY_IDENTIFIER,Transmission System for Evacuation of power from Rajasthan REZ Ph-IV [Part-1] [Bikaner Complex] Part A [Bikaner Neemrana Transmission Ltd],Power Grid Corporation of India Limited [POWERGRID],Ministry of Power,Transmission & Distribution,Rajasthan,12/2025,12/2023,,03/2026,2998.34,2998.34,1592.11,49.0,FlashReport_July_2025.pdf,45,Table 6: All Ongoing Projects,SUCCESS
2025-07,240,615332,,PRIMARY_IDENTIFIER,Transmission System for Evacuation of Power from Rajasthan REZ Ph-IV [Part-2 5. GW][Jaisalmer/Barmer Complex] Part B [SPV Name POWERGRID Sirohi,Power Grid Corporation of India Limited [POWERGRID],Ministry of Power,Transmission & Distribution,Rajasthan,08/2026,08/2024,,,3279.0,3279.0,547.59,19.0,FlashReport_July_2025.pdf,45,Table 6: All Ongoing Projects,SUCCESS
2025-07,241,615335,,PRIMARY_IDENTIFIER,Transmission System Strengthening for Interconnections of Bhadla-III & Bikaner III Complex [SPV Name POWERGRID BHADLA BIKANER TRANSMISSION LIMITED],,Ministry of Power,Transmission & Distribution,Rajasthan,08/2026,Power Grid Corporation of India Limited [POWERGRID],,,1382.0,1382.0,41.46,2.0,FlashReport_July_2025.pdf,45,Table 6: All Ongoing Projects,SUCCESS
2025-07,242,615337,,PRIMARY_IDENTIFIER,Additional Transmission System for evacuation of Power from Bhadla-III PS as part of Rajasthan REZ Phase III Scheme [20 GW] [SPV Name POWERGRID Bhadla-III,Power Grid Corporation of India Limited [POWERGRID],Ministry of Power,Transmission & Distribution,Rajasthan,02/2026,08/2024,,,369.0,369.0,17.82,6.0,FlashReport_July_2025.pdf,46,Table 6: All Ongoing Projects,SUCCESS
2025-07,243,615338,,PRIMARY_IDENTIFIER,TRANSMISSION SYSTEM FOR EVACUATION OF POWER FROM RAJASTHAN REZ PH -IV [PART-2 5.5 GW] [JAISALMER/BARMER COMPLEX] PART F [SPV,Power Grid Corporation of India Limited [POWERGRID],Ministry of Power,Transmission & Distribution,Rajasthan,11/2026,11/2024,,,2735.0,2735.0,81.42,5.0,FlashReport_July_2025.pdf,46,Table 6: All Ongoing Projects,SUCCESS
2025-07,244,617181,,PRIMARY_IDENTIFIER,"Augmentation at Fatehgarh-II PS, Fatehgarh-IV PS [Section-II] and Barmer-I PS [POWERGRID Fatehgarh Barmer Augmentation Transmission Limited]",,Ministry of Power,Transmission & Distribution,Rajasthan,12/2026,Power Grid Corporation of India Limited [POWERGRID],,,404.0,404.0,4.04,0.0,FlashReport_July_2025.pdf,46,Table 6: All Ongoing Projects,SUCCESS
2025-07,245,616671,,PRIMARY_IDENTIFIER,Transmission System under ISTS for evacuation of Power from Kudankulam Unit-3&4 [2x1000 MW] [SPV Name POWERGRID Kudankulam Tarnsmission Limited],Power Grid Corporation of India Limited [POWERGRID],Ministry of Power,Transmission & Distribution,Tamil Nadu,12/2026,01/2025,,12/2026,548.0,548.0,10.96,4.0,FlashReport_July_2025.pdf,46,Table 6: All Ongoing Projects,SUCCESS
2025-07,246,617269,,PRIMARY_IDENTIFIER,Transmission System for Strengthening to facilitate evacuation of power from Bhadla/Bikaner Complex,,Ministry of Power,Transmission & Distribution,Uttar Pradesh,06/2026,Power Grid Corporation of India Limited [POWERGRID],,,212.81,212.81,0.2,0.0,FlashReport_July_2025.pdf,46,Table 6: All Ongoing Projects,SUCCESS
2025-07,247,617282,,PRIMARY_IDENTIFIER,"C/o 184 MS Flats for Hon'ble MPs at BKS Marg, New Delhi",Central Public Works Department [CPWD],Ministry of Housing & Urban Affairs,Construction,Delhi,05/2025,05/2022,,08/2025,646.53,646.52,518.46,98.0,FlashReport_July_2025.pdf,46,Table 6: All Ongoing Projects,SUCCESS
2025-07,248,702668,,PRIMARY_IDENTIFIER,Chennai Metro Rail Phase-II Development Project,Chennai Metro Rail Limited [CMRL],Ministry of Housing & Urban Affairs,Inland Waterways,Tamil Nadu,08/2029,11/2020,,,63246.0,63246.0,47162.73,0.0,FlashReport_July_2025.pdf,46,Table 6: All Ongoing Projects,SUCCESS
2025-07,249,,,UNKNOWN,"Integrated Command control Center [ICCC] - Construction and Development of Integrated Command Control Center with Security, Surveillance, ITMS, Connecting Andaman &",,Ministry of Housing & Urban Affairs,Real Estate,,05/2023,11/2021,,,209.88,,0.0,0.0,FlashReport_July_2025.pdf,46,Table 6: All Ongoing Projects,PARTIAL
2025-07,250,702522,,PRIMARY_IDENTIFIER,Nicobar (-) (209.88) (707229) In-Situ Slum Redevelopment Project in Bihar,"PMAY, Ministry of Housing and Urban Affairs",Ministry of Housing & Urban Affairs,Real Estate,Bihar,03/2024,06/2015,,,454.65,454.65,204.64,0.0,FlashReport_July_2025.pdf,46,Table 6: All Ongoing Projects,SUCCESS
2025-07,251,702544,,PRIMARY_IDENTIFIER,In-Situ Slum Redevelopment Project in Haryana,"PMAY, Ministry of Housing and Urban Affairs",Ministry of Housing & Urban Affairs,Real Estate,Chandigarh,03/2024,06/2015,,,285.85,285.85,127.58,0.0,FlashReport_July_2025.pdf,46,Table 6: All Ongoing Projects,SUCCESS
2025-07,252,702524,,PRIMARY_IDENTIFIER,Affordable Housing Construction Project in Chhattisgarh,"PMAY, Ministry of Housing and Urban Affairs",Ministry of Housing & Urban Affairs,Real Estate,Chhattisgarh,03/2024,06/2015,,,3797.69,3797.69,2694.0,0.0,FlashReport_July_2025.pdf,46,Table 6: All Ongoing Projects,SUCCESS
2025-07,253,400188,,PRIMARY_IDENTIFIER,Redevelopment of Seven General Pool Residential Accommodation [GPRA] Colonies in Delhi,National Buildings Construction Corporation [NBCC],Ministry of Housing & Urban Affairs,Real Estate,Delhi,12/2022,05/2018,,12/2025,32850.0,32850.0,0.0,0.0,FlashReport_July_2025.pdf,46,Table 6: All Ongoing Projects,SUCCESS
2025-07,254,701719,,PRIMARY_IDENTIFIER,Rehablitation in Junavadaj Area Smart City Project,Ministry of Housing & Urban Affairs,Ministry of Housing & Urban Affairs,Real Estate,Gujarat,07/2022,06/2016,,,539.0,539.0,39.63,50.0,FlashReport_July_2025.pdf,46,Table 6: All Ongoing Projects,SUCCESS
2025-07,255,702540,,PRIMARY_IDENTIFIER,In-Situ Slum Redevelopment Project in Gujarat,"PMAY, Ministry of Housing and Urban Affairs",Ministry of Housing & Urban Affairs,Real Estate,Gujarat,03/2024,06/2015,,,5477.4,5477.4,3035.81,0.0,FlashReport_July_2025.pdf,46,Table 6: All Ongoing Projects,SUCCESS
2025-07,256,702555,,PRIMARY_IDENTIFIER,In-Situ Slum Redevelopment Project in Jharkhand,"PMAY, Ministry of Housing and Urban Affairs",Ministry of Housing & Urban Affairs,Real Estate,Jharkhand,03/2024,06/2015,,,212.74,212.74,41.0,0.0,FlashReport_July_2025.pdf,46,Table 6: All Ongoing Projects,SUCCESS
2025-07,257,702612,,PRIMARY_IDENTIFIER,In-Situ Slum Redevelopment Project in Uttar Pradesh,"PMAY, Ministry of Housing and Urban Affairs",Ministry of Housing & Urban Affairs,Real Estate,Uttar Pradesh,03/2024,06/2015,,,576.99,576.99,141.94,0.0,FlashReport_July_2025.pdf,46,Table 6: All Ongoing Projects,SUCCESS
2025-07,258,701766,,PRIMARY_IDENTIFIER,Green Building Development Project,Ministry of Housing & Urban Affairs,Ministry of Housing & Urban Affairs,Real Estate,Uttarakhand,11/2023,08/2019,,,150.97,150.97,18.95,0.0,FlashReport_July_2025.pdf,46,Table 6: All Ongoing Projects,SUCCESS
2025-07,259,702627,,PRIMARY_IDENTIFIER,Patna Metro Rail Project,Patna Metro Rail Corporation Ltd. [PMRCL],Ministry of Housing & Urban Affairs,Urban Public Transport,Bihar,02/2024,02/2019,,06/2027,13365.77,13365.8,4039.77,40.07,FlashReport_July_2025.pdf,46,Table 6: All Ongoing Projects,SUCCESS
2025-07,260,617207,,PRIMARY_IDENTIFIER,Delhi Metro Rail Phase-IV [2 Corridors],Delhi Metro Rail Corporation Limited [DMRC],Ministry of Housing & Urban Affairs,Urban Public Transport,Delhi,03/2029,03/2024,,,8399.81,8399.81,5.57,0.0,FlashReport_July_2025.pdf,46,Table 6: All Ongoing Projects,SUCCESS
2025-07,261,702632,,PRIMARY_IDENTIFIER,DMRTS Phase - IV [3 Priority Corridors],Delhi Metro Rail Corporation Limited [DMRC],Ministry of Housing & Urban Affairs,Urban Public Transport,Delhi,03/2025,07/2019,,03/2026,24948.65,24948.7,15423.06,68.0,FlashReport_July_2025.pdf,46,Table 6: All Ongoing Projects,SUCCESS
2025-07,262,702630,,PRIMARY_IDENTIFIER,Surat Metro Rail Project,Gujarat Metro Rail Corporation Limited [GMRCL],Ministry of Housing & Urban Affairs,Urban Public Transport,Gujarat,03/2024,04/2019,,06/2026,12020.32,12020.3,7386.41,68.0,FlashReport_July_2025.pdf,46,Table 6: All Ongoing Projects,SUCCESS
2025-07,263,702631,,PRIMARY_IDENTIFIER,"Ahmedabad Metro Rail Project, Phase-II",Gujarat Metro Rail Corporation Limited [GMRCL],Ministry of Housing & Urban Affairs,Urban Public Transport,Gujarat,03/2024,03/2019,,12/2025,5384.17,5384.17,4151.57,87.0,FlashReport_July_2025.pdf,46,Table 6: All Ongoing Projects,SUCCESS
2025-07,264,702639,,PRIMARY_IDENTIFIER,Ahmedabad Metro Rail Project [Phase-I],Gujarat Metro Rail Corporation Limited [GMRCL],Ministry of Housing & Urban Affairs,Urban Public Transport,Gujarat,03/2018,03/2018,,08/2025,10773.0,12924.5,11857.91,99.34,FlashReport_July_2025.pdf,46,Table 6: All Ongoing Projects,SUCCESS
2025-07,265,702635,,PRIMARY_IDENTIFIER,Construction of Bangalore Metro Rail Project Phase .,Bengaluru Metro Rail,Ministry of Housing & Urban Affairs,Urban Public Transport,Karnataka,03/2021,02/2016,,09/2026,26405.14,30695.1,29477.97,94.0,FlashReport_July_2025.pdf,46,Table 6: All Ongoing Projects,SUCCESS
2025-07,266,702665,,PRIMARY_IDENTIFIER,Construction Bangalore Metro Rail Project Phase-2A & 2B,Bengaluru Metro Rail,Ministry of Housing & Urban Affairs,Urban Public Transport,Karnataka,06/2026,01/2019,,06/2026,14788.1,14788.1,8424.54,53.0,FlashReport_July_2025.pdf,47,Table 6: All Ongoing Projects,SUCCESS
2025-07,267,702664,,PRIMARY_IDENTIFIER,Kochi Metro Rail Phase 2 Development Project,CSPCC Projects,Ministry of Housing & Urban Affairs,Urban Public Transport,Kerala,11/2026,11/2022,,11/2026,1957.05,1957.05,306.45,10.0,FlashReport_July_2025.pdf,47,Table 6: All Ongoing Projects,SUCCESS
2025-07,268,702625,,PRIMARY_IDENTIFIER,Bhopal Metro Rail Project,Madhya Pradesh Metro Rail Co Limited [MPMRCL],Ministry of Housing & Urban Affairs,Urban Public Transport,Madhya Pradesh,11/2022,11/2018,,06/2028,6941.4,6941.4,3116.75,43.0,FlashReport_July_2025.pdf,47,Table 6: All Ongoing Projects,SUCCESS
2025-07,269,702626,,PRIMARY_IDENTIFIER,Indore Metro Rail Project,Madhya Pradesh Metro Rail Co Limited [MPMRCL],Ministry of Housing & Urban Affairs,Urban Public Transport,Madhya Pradesh,11/2022,11/2018,,12/2028,7500.8,7500.8,3839.27,54.0,FlashReport_July_2025.pdf,47,Table 6: All Ongoing Projects,SUCCESS
2025-07,270,617225,,PRIMARY_IDENTIFIER,PCMC To Nigdi- Extension Of North South Corridor Of Phase-1,Maharashtra Metro Rail Corporation Limited [MMRCL],Ministry of Housing & Urban Affairs,Urban Public Transport,Maharashtra,01/2027,10/2023,,,910.18,910.18,110.33,21.0,FlashReport_July_2025.pdf,47,Table 6: All Ongoing Projects,SUCCESS
2025-07,271,617226,,PRIMARY_IDENTIFIER,Pune Metro Phase-1 Extension line towards south from Swargate to Katraj,Maharashtra Metro Rail Corporation Limited [MMRCL],Ministry of Housing & Urban Affairs,Urban Public Transport,Maharashtra,03/2029,09/2024,,,2954.53,2954.53,18.66,3.0,FlashReport_July_2025.pdf,47,Table 6: All Ongoing Projects,SUCCESS
2025-07,272,701745,,PRIMARY_IDENTIFIER,New Suburba Station Development Project,Ministry of Housing & Urban Affairs,Ministry of Housing & Urban Affairs,Urban Public Transport,Maharashtra,07/2022,03/2019,,,262.76,262.76,17.62,6.0,FlashReport_July_2025.pdf,47,Table 6: All Ongoing Projects,SUCCESS
2025-07,273,701991,,PRIMARY_IDENTIFIER,Kalyan Station Precinct Imporvement Project,Ministry of Housing & Urban Affairs,Ministry of Housing & Urban Affairs,Urban Public Transport,Maharashtra,07/2023,07/2020,,,600.0,600.0,49.42,0.0,FlashReport_July_2025.pdf,47,Table 6: All Ongoing Projects,SUCCESS
2025-07,274,702637,,PRIMARY_IDENTIFIER,Mumbai Metro Line,Mumbai Metro Rail Corporation Limited [MMRC],Ministry of Housing & Urban Affairs,Urban Public Transport,Maharashtra,03/2023,06/2016,,06/2024,23136.0,23942.0,27519.07,91.9,FlashReport_July_2025.pdf,47,Table 6: All Ongoing Projects,SUCCESS
2025-07,275,702658,,PRIMARY_IDENTIFIER,Nagpur Metro Rail Phase II Development Project,Maharashtra Metro Rail Corporation Limited [MMRCL],Ministry of Housing & Urban Affairs,Urban Public Transport,Maharashtra,12/2027,12/2022,,,6708.0,6708.0,977.38,24.0,FlashReport_July_2025.pdf,47,Table 6: All Ongoing Projects,SUCCESS
2025-07,276,,,UNKNOWN,"Delhi Metro Rail Phase-IV [Rithala - Kundli Corridor] Multi-States (Delhi,",Delhi Metro Rail Corporation Limited [DMRC],Ministry of Housing & Urban Affairs,Urban Public Transport,,01/2029,01/2025,,,6230.99,,0.14,0.0,FlashReport_July_2025.pdf,47,Table 6: All Ongoing Projects,PARTIAL
2025-07,277,,,UNKNOWN,"Haryana) (-) (6230.99) (617206) Delhi-Ghaziabad-Meerut Regional Rapid Transit System [RRTS] corridor Multi-States (Delhi,",National Capital Region Transport Corporation [NCRTC],Ministry of Housing & Urban Affairs,Urban Public Transport,,06/2025,03/2019,,,30274.0,,25812.26,86.0,FlashReport_July_2025.pdf,47,Table 6: All Ongoing Projects,PARTIAL
2025-07,278,702628,,PRIMARY_IDENTIFIER,Uttar Pradesh) (-) (30274) (702633) Kanpur Metro Rail Project,Uttar Pradesh metro rail corporation [UPMRC],Ministry of Housing & Urban Affairs,Urban Public Transport,Uttar Pradesh,05/2024,11/2019,,03/2027,11076.48,11076.5,9079.81,73.0,FlashReport_July_2025.pdf,47,Table 6: All Ongoing Projects,SUCCESS
2025-07,279,702629,,PRIMARY_IDENTIFIER,Agra Metro Rail Project,Uttar Pradesh metro rail corporation [UPMRC],Ministry of Housing & Urban Affairs,Urban Public Transport,Uttar Pradesh,05/2024,12/2020,,06/2027,8379.62,8379.62,6055.19,57.0,FlashReport_July_2025.pdf,47,Table 6: All Ongoing Projects,SUCCESS
2025-07,280,702355,,PRIMARY_IDENTIFIER,Storm water drainag Development Project Dadra & Nagar,Ministry of Housing & Urban Affairs,Ministry of Housing & Urban Affairs,Waste & Water,& Diu,03/2024,12/2021,,,210.0,210.0,0.0,0.0,FlashReport_July_2025.pdf,47,Table 6: All Ongoing Projects,SUCCESS
2025-07,281,707267,,PRIMARY_IDENTIFIER,Upgradation of Sewerage system in Gandhinagar City,Smart City Mission,Ministry of Housing & Urban Affairs,Waste & Water,Gujarat,06/2023,03/2021,,,200.0,200.0,100.0,10.0,FlashReport_July_2025.pdf,47,Table 6: All Ongoing Projects,SUCCESS
2025-07,282,,,UNKNOWN,"Construction of Basement + Ground Floor+ 10 Storeyed building for State of the Art Director General, GSI Building at plot No.GN-40, Sector-V, Salt Lake, Kolkata",,Ministry of Mines,Construction,West Bengal,08/2026,02/2020,,,255.37,,78.34,35.0,FlashReport_July_2025.pdf,47,Table 6: All Ongoing Projects,PARTIAL
2025-07,283,611798,,PRIMARY_IDENTIFIER,Rakha Underground Mining Project,Hindustan Copper Limited [HCL],Ministry of Mines,Metals & Mining,Jharkhand,03/2033,03/2024,,,2705.0,2705.0,0.0,0.0,FlashReport_July_2025.pdf,47,Table 6: All Ongoing Projects,SUCCESS
2025-07,284,611800,,PRIMARY_IDENTIFIER,Surda Underground Copper Mining Project,Hindustan Copper Limited [HCL],Ministry of Mines,Metals & Mining,Jharkhand,03/2028,03/2024,,,665.02,665.02,13.33,1.0,FlashReport_July_2025.pdf,47,Table 6: All Ongoing Projects,SUCCESS
2025-07,285,400426,,PRIMARY_IDENTIFIER,Expansion of Malanjkhand Copper Project,Hindustan Copper Limited [HCL],Ministry of Mines,Metals & Mining,Madhya Pradesh,04/2020,04/2015,,04/2026,1856.36,1856.36,924.98,79.0,FlashReport_July_2025.pdf,47,Table 6: All Ongoing Projects,SUCCESS
2025-07,286,400141,,PRIMARY_IDENTIFIER,Expansion of Alumina Refinery Plant with addition of 5th Stream having capacity enhancement of 1.0 Million Tonee Per Annum,National Aluminium Company Limited [NALCO],Ministry of Mines,Metals & Mining,Odisha,12/2022,04/2017,,09/2025,4103.0,5677.4,3913.98,75.0,FlashReport_July_2025.pdf,47,Table 6: All Ongoing Projects,SUCCESS
2025-07,287,400299,,PRIMARY_IDENTIFIER,Pottangi Bauxite Mines Project,National Aluminium Company Limited [NALCO],Ministry of Mines,Metals & Mining,Odisha,03/2025,05/2018,,05/2026,1381.0,1960.77,650.04,51.0,FlashReport_July_2025.pdf,47,Table 6: All Ongoing Projects,SUCCESS
2025-07,288,709829,,PRIMARY_IDENTIFIER,UTKAL D AND E COAL BLOCK,National Aluminium Company Limited [NALCO],Ministry of Mines,Metals & Mining,Odisha,03/2025,02/2016,,,1021.97,1021.97,0.0,0.0,FlashReport_July_2025.pdf,47,Table 6: All Ongoing Projects,SUCCESS
2025-07,289,709830,,PRIMARY_IDENTIFIER,CONVERSION OF FLAT BOTTOM SETTLERS AND WASHERS WITH A SINGLE TRAIN OF HRDS AND DCWS IN STREAMS 1 AND,,Ministry of Mines,Metals & Mining,Odisha,11/2026,Ministry of Mines,,,355.0,581.0,0.0,0.0,FlashReport_July_2025.pdf,47,Table 6: All Ongoing Projects,SUCCESS
2025-07,290,709831,,PRIMARY_IDENTIFIER,SOURCING OF BAUXITE ARRANGEMENT FOR 5TH STREAM ALUMINA REFINERY FROM SOUTH BLOCK MINING LEASE OF PANCHPATMAILI MINES,National Aluminium Company Limited [NALCO],Ministry of Mines,Metals & Mining,Odisha,05/2025,11/2019,,06/2026,483.0,483.0,403.44,90.0,FlashReport_July_2025.pdf,47,Table 6: All Ongoing Projects,SUCCESS
2025-07,291,709832,,PRIMARY_IDENTIFIER,25.5 MW WIND POWER PROJECT AT KAYATHAR IN TAMILNADU,National Aluminium Company Limited [NALCO],Ministry of Mines,Metals & Mining,Tamil Nadu,03/2025,12/2017,,03/2026,166.0,166.0,135.0,65.0,FlashReport_July_2025.pdf,47,Table 6: All Ongoing Projects,SUCCESS
2025-07,292,613008,,PRIMARY_IDENTIFIER,Construction of Permanent Campus of Central Tribal University of Andhra Pradesh Phase-1,,Department of Higher Education,Education,Andhra Pradesh,06/2027,Central Tribal University of Andhra Pradesh,,,305.0,305.0,83.33,24.0,FlashReport_July_2025.pdf,48,Table 6: All Ongoing Projects,SUCCESS
2025-07,293,612898,,PRIMARY_IDENTIFIER,Construction of Permanent Campus of National Institute of Technology Arunachal Pradesh,,Department of Higher Education,Education,Arunachal Pradesh,08/2026,"National Institute of Technology, Arunachal Pradesh",,,592.61,592.61,549.96,75.0,FlashReport_July_2025.pdf,48,Table 6: All Ongoing Projects,SUCCESS
2025-07,294,606112,,PRIMARY_IDENTIFIER,Tezpur University Projects,Tezpur University,Department of Higher Education,Education,Assam,11/2023,06/2021,,08/2025,153.71,153.71,288.87,93.0,FlashReport_July_2025.pdf,48,Table 6: All Ongoing Projects,SUCCESS
2025-07,295,606013,,PRIMARY_IDENTIFIER,Additional Campus of NITPatna,NIT Patna,Department of Higher Education,Education,Bihar,07/2024,08/2022,,01/2026,499.21,499.21,425.47,91.0,FlashReport_July_2025.pdf,48,Table 6: All Ongoing Projects,SUCCESS
2025-07,296,612851,,PRIMARY_IDENTIFIER,"Phase 1B - Construction of Academic Block, Hostel, Residential Tower, Directors Residence and External Development works at National Institute of Technology, Delhi",Ministry of Education,Department of Higher Education,Education,Delhi,09/2025,11/2022,,,333.49,333.49,272.95,88.0,FlashReport_July_2025.pdf,48,Table 6: All Ongoing Projects,SUCCESS
2025-07,297,616886,,PRIMARY_IDENTIFIER,Delhi University Eastern Campus at Surajmal Vihar,Delhi University,Department of Higher Education,Education,Delhi,10/2026,01/2025,,,373.0,373.0,18.03,15.0,FlashReport_July_2025.pdf,48,Table 6: All Ongoing Projects,SUCCESS
2025-07,298,612916,,PRIMARY_IDENTIFIER,"Construction of permanent campus of Central University of Gujarat at Village kundhela, Dist. Vadodara, Gujarat.",Gujarat,Department of Higher Education,Education,Gujarat,03/2025,02/2021,,03/2026,490.63,490.63,301.44,76.0,FlashReport_July_2025.pdf,48,Table 6: All Ongoing Projects,SUCCESS
2025-07,299,602099,,PRIMARY_IDENTIFIER,Establishment of Permanent campus Phase 1 of IIM Sirmaur,"Indian Institute of Management, Sirmaur",Department of Higher Education,Education,Himachal Pradesh,10/2023,08/2020,,02/2026,392.51,454.78,320.75,92.0,FlashReport_July_2025.pdf,48,Table 6: All Ongoing Projects,SUCCESS
2025-07,300,612128,,PRIMARY_IDENTIFIER,Hostel blocks & dining hall block,"Indian Institute of Technology, Mandi",Department of Higher Education,Education,Himachal Pradesh,03/2026,03/2024,,03/2026,166.66,166.66,72.09,58.0,FlashReport_July_2025.pdf,48,Table 6: All Ongoing Projects,SUCCESS
2025-07,301,612894,,PRIMARY_IDENTIFIER,"Construction of Permanent Campus of Central University of Himachal Pradesh at Dehra, District - Kangra, [H.P.] on Engineering. Procurement and Construction [EPC","Central University, Himachal Pradesh",Department of Higher Education,Education,Himachal Pradesh,11/2024,08/2022,,11/2025,251.98,300.45,183.36,78.0,FlashReport_July_2025.pdf,48,Table 6: All Ongoing Projects,SUCCESS
2025-07,302,602098,,PRIMARY_IDENTIFIER,"Construction of Permanent Campus for IIM Jammu Phase-1 at Jagti, Nagrota, Jammu, J&K Jammu and","Indian Institute of Management, Jammu",Department of Higher Education,Education,Kashmir,06/2023,10/2020,,08/2025,424.93,500.91,484.52,96.0,FlashReport_July_2025.pdf,48,Table 6: All Ongoing Projects,SUCCESS
2025-07,303,610940,,PRIMARY_IDENTIFIER,"Additional Infrastructure at IISc Bangalore-RCC Monolithic for Men Hostel S14, Women Hostel S11 , Postdoctoral Hostel S12 2 Block , International Hostel S 12 ,",IISC Bangalore,Department of Higher Education,Education,Karnataka,03/2024,08/2021,,09/2025,420.41,420.41,360.72,99.0,FlashReport_July_2025.pdf,48,Table 6: All Ongoing Projects,SUCCESS
2025-07,304,606431,,PRIMARY_IDENTIFIER,CONSTRUCTION OF PERMANENT CAMPUS FOR IIT PALAKKAD UNDER PHASE 1A,INDIAN INSTITUTE OF TECHNOLOGY PALAKKAD,Department of Higher Education,Education,Kerala,06/2022,03/2020,,11/2026,1006.45,1217.4,615.95,66.0,FlashReport_July_2025.pdf,48,Table 6: All Ongoing Projects,SUCCESS
2025-07,305,611957,,PRIMARY_IDENTIFIER,"Phase III A works at IIT Indore [03 Hostels, 01 Studio Apartment, 01 Housing, Heavy & Sophisticated lab complex, Academic POD and Infrastructure for center of","Indian Institute of Technology, Indore",Department of Higher Education,Education,Madhya Pradesh,12/2026,11/2023,,,496.28,496.28,138.6,30.0,FlashReport_July_2025.pdf,48,Table 6: All Ongoing Projects,SUCCESS
2025-07,306,612135,,PRIMARY_IDENTIFIER,Hostel 4 -Earlier Known as Hostel,"Indian Institute of Technology, Bombay",Department of Higher Education,Education,Maharashtra,09/2025,05/2022,,,182.33,182.33,132.44,94.0,FlashReport_July_2025.pdf,48,Table 6: All Ongoing Projects,SUCCESS
2025-07,307,612203,,PRIMARY_IDENTIFIER,Academic Block 1 &,"Indian Institute of Technology, Bombay",Department of Higher Education,Education,Maharashtra,07/2026,01/2023,,03/2027,68.0,263.93,22.15,16.0,FlashReport_July_2025.pdf,48,Table 6: All Ongoing Projects,SUCCESS
2025-07,308,612885,,PRIMARY_IDENTIFIER,Construction and Developement of National Institute of Technology Meghalaya Permanent Campus at Sohra,"National Institute of Technology, Meghalaya",Department of Higher Education,Education,Meghalaya,03/2022,09/2014,,07/2025,494.52,494.52,413.57,86.0,FlashReport_July_2025.pdf,48,Table 6: All Ongoing Projects,SUCCESS
2025-07,309,612876,,PRIMARY_IDENTIFIER,"Construction of Permanent Campus for NIT Mizoram at Lengpui, Aizawl",Ministry of Education,Department of Higher Education,Education,Mizoram,12/2029,05/2014,,12/2029,474.23,474.23,167.55,4.0,FlashReport_July_2025.pdf,48,Table 6: All Ongoing Projects,SUCCESS
2025-07,310,613013,,PRIMARY_IDENTIFIER,Establishment of NIT Nagaland,NIT Nagaland,Department of Higher Education,Education,Nagaland,12/2025,09/2012,,,275.63,275.63,257.82,93.0,FlashReport_July_2025.pdf,48,Table 6: All Ongoing Projects,SUCCESS
2025-07,311,610315,,PRIMARY_IDENTIFIER,IISER BERHAMPUR,"Indian Institutes of Science Education and Research, Behrampur",Department of Higher Education,Education,Odisha,03/2021,09/2019,,11/2025,1229.32,773.76,835.55,97.0,FlashReport_July_2025.pdf,48,Table 6: All Ongoing Projects,SUCCESS
2025-07,312,612877,,PRIMARY_IDENTIFIER,Establishment of NIT Puducherry Permanent Campus [Phase-I and Phase-II],"National Institute of Technology, Puducherry",Department of Higher Education,Education,Puducherry,12/2024,07/2013,,08/2025,618.34,544.34,509.24,94.0,FlashReport_July_2025.pdf,48,Table 6: All Ongoing Projects,SUCCESS
2025-07,313,605292,,PRIMARY_IDENTIFIER,"Construction of Permanent Campus of Indian Institute of Management [IIM] Amritsar, Punjab, Phase-I","Indian intitue of Management, Amritsar",Department of Higher Education,Education,Punjab,06/2023,07/2020,,12/2025,348.31,348.31,290.39,91.0,FlashReport_July_2025.pdf,48,Table 6: All Ongoing Projects,SUCCESS
2025-07,314,617221,,PRIMARY_IDENTIFIER,"Construction of Girls Hostel 400 seater, Boys Hostel 600 seater, Academic Block, International Hostel 100 seater, VC Residence and Purchase of Equipment",,Department of Higher Education,Education,Punjab,10/2027,Central University of Punjab,,,210.99,210.99,0.0,0.0,FlashReport_July_2025.pdf,48,Table 6: All Ongoing Projects,SUCCESS
2025-07,315,609736,,PRIMARY_IDENTIFIER,"Construction of Sikkim University Campus Phase-I Package-II at Yangang, South Sikkim",Sikkim University,Department of Higher Education,Education,Sikkim,01/2025,01/2022,,09/2025,314.06,314.06,238.22,82.0,FlashReport_July_2025.pdf,48,Table 6: All Ongoing Projects,SUCCESS
2025-07,316,612883,,PRIMARY_IDENTIFIER,Establishment of Permanent Campus of NIT SIkkim at Khamdong-Gangtok District,Ministry of Education,Department of Higher Education,Education,Sikkim,02/2028,03/2024,,12/2026,685.76,610.76,121.56,7.0,FlashReport_July_2025.pdf,48,Table 6: All Ongoing Projects,SUCCESS
2025-07,317,609996,,PRIMARY_IDENTIFIER,Construction of Precast housing and hostels at IIT Hyderabad,"Indian Institute of Technology, Hyderabad",Department of Higher Education,Education,Telangana,10/2024,11/2022,,01/2026,262.0,262.0,164.4,71.0,FlashReport_July_2025.pdf,49,Table 6: All Ongoing Projects,SUCCESS
2025-07,318,606479,,PRIMARY_IDENTIFIER,Banaras Hindu University [ Kayakalp of Institute of Medical Sciences],Banaras Hindu University,Department of Higher Education,Education,Uttar Pradesh,09/2022,06/2020,,03/2026,246.0,246.0,185.83,93.0,FlashReport_July_2025.pdf,49,Table 6: All Ongoing Projects,SUCCESS
2025-07,319,611963,,PRIMARY_IDENTIFIER,"Construction & Development of Infrastructural Facilities in the main campus of NIT Uttarakhand at Sumari, Pauri Garhwal",,Department of Higher Education,Education,Uttarakhand,09/2027,National Institute of Technology Uttarakhand,,,650.85,650.85,130.0,24.0,FlashReport_July_2025.pdf,49,Table 6: All Ongoing Projects,SUCCESS
2025-07,320,609019,,PRIMARY_IDENTIFIER,"HEFA projects on development of student hostels, playgrounds, departmental buildings, class room complex and other campus facilities in IIT Kharagpur","Indian Institute of Technology, Kharagpur",Department of Higher Education,Education,West Bengal,03/2023,04/2019,,03/2026,500.0,442.0,382.6,87.0,FlashReport_July_2025.pdf,49,Table 6: All Ongoing Projects,SUCCESS
2025-07,321,609041,,PRIMARY_IDENTIFIER,"IoE Projects [Civil Works], IIT Kharagpur","Indian Institute of Technology, Kharagpur",Department of Higher Education,Education,West Bengal,03/2023,04/2019,,12/2026,287.2,287.2,310.0,86.0,FlashReport_July_2025.pdf,49,Table 6: All Ongoing Projects,SUCCESS
2025-07,322,616235,,PRIMARY_IDENTIFIER,Construction of Aviation Fuel farm Facilities at Bhogapuram Airport,Ministry of Petroleum & Natural Gas,Ministry of Petroleum & Natural Gas,Energy Storage,Andhra Pradesh,03/2026,08/2024,,03/2026,240.0,240.0,31.23,50.0,FlashReport_July_2025.pdf,49,Table 6: All Ongoing Projects,SUCCESS
2025-07,323,709754,,PRIMARY_IDENTIFIER,"Construction of LPG Facilities at Kamardanga, Assam",Hindustan Petroleum Corporation Limited,Ministry of Petroleum & Natural Gas,Energy Storage,Assam,07/2027,03/2023,,07/2027,156.36,156.36,49.78,39.0,FlashReport_July_2025.pdf,49,Table 6: All Ongoing Projects,SUCCESS
2025-07,324,709755,,PRIMARY_IDENTIFIER,"Setting up of new rail fed POL facility at Kamardanga, Assam",Hindustan Petroleum Corporation Limited [HPCL],Ministry of Petroleum & Natural Gas,Energy Storage,Assam,07/2027,03/2023,,07/2027,384.04,384.04,110.44,48.0,FlashReport_July_2025.pdf,49,Table 6: All Ongoing Projects,SUCCESS
2025-07,325,400235,,PRIMARY_IDENTIFIER,"Setting up a common user Petroleum Terminal at Jammu, J&K for resitement of existing PSU OMC's Depots from Jammu City Jammu and",Bharat Petroleum Corporation Limited [BPCL],Ministry of Petroleum & Natural Gas,Energy Storage,Kashmir,03/2025,04/2023,,09/2025,676.89,676.89,518.22,77.0,FlashReport_July_2025.pdf,49,Table 6: All Ongoing Projects,SUCCESS
2025-07,326,701269,,PRIMARY_IDENTIFIER,"Construction of 80,000 MT LPG Cavern at Mangalore",Ministry of Petroleum & Natural Gas,Ministry of Petroleum & Natural Gas,Energy Storage,Karnataka,12/2022,12/2018,,08/2025,854.0,854.0,712.3,99.0,FlashReport_July_2025.pdf,49,Table 6: All Ongoing Projects,SUCCESS
2025-07,327,604833,,PRIMARY_IDENTIFIER,"Andheri Residential Towers, Mumbai",Ministry of Petroleum & Natural Gas,Ministry of Petroleum & Natural Gas,Energy Storage,Maharashtra,05/2025,06/2017,,06/2026,281.35,389.67,227.54,50.0,FlashReport_July_2025.pdf,49,Table 6: All Ongoing Projects,SUCCESS
2025-07,328,701343,,PRIMARY_IDENTIFIER,Srikakulam Angul Gas Pipeline Project Multi-States,Ministry of Petroleum & Natural Gas,Ministry of Petroleum & Natural Gas,Energy Storage,"Andhra Pradesh, Odisha",07/2022,09/2019,,12/2025,2658.34,2810.0,2192.68,94.0,FlashReport_July_2025.pdf,49,Table 6: All Ongoing Projects,SUCCESS
2025-07,329,701263,,PRIMARY_IDENTIFIER,Rajasthan Refinery Project Multi-States (Arunachal,MinistryofPetroleumNaturalGas,Ministry of Petroleum & Natural Gas,Energy Storage,"Pradesh, Gujarat, 03/2026, Rajasthan",10/2022,10/2017,,,43129.0,,59524.37,87.0,FlashReport_July_2025.pdf,49,Table 6: All Ongoing Projects,SUCCESS
2025-07,330,701349,,PRIMARY_IDENTIFIER,"Paradip-Numaligarh Crude Oil Pipeline [PNCPL] & Crude Oil Import Terminal [COIT] Multi-States at Paradip (Assam, Bihar,",Ministry of Petroleum & Natural Gas,Ministry of Petroleum & Natural Gas,Energy Storage,"Jharkhand, Odisha, West, Bengal",07/2024,01/2019,,09/2025,10228.0,11407.0,9701.95,86.0,FlashReport_July_2025.pdf,49,Table 6: All Ongoing Projects,SUCCESS
2025-07,331,400078,,PRIMARY_IDENTIFIER,New Mundra Panipat Crude Oil Pipeline Multi-States,Ministry of Petroleum & Natural Gas,Ministry of Petroleum & Natural Gas,Energy Storage,"Haryana, Rajasthan",12/2024,12/2021,,12/2025,9028.0,9028.0,7071.08,84.0,FlashReport_July_2025.pdf,49,Table 6: All Ongoing Projects,SUCCESS
2025-07,332,400012,,PRIMARY_IDENTIFIER,"Kandla Gorakhpur LPG Pipeline Multi-States (Gujarat, Madhya",Ministry of Petroleum & Natural Gas,Ministry of Petroleum & Natural Gas,Energy Storage,"Pradesh, Uttar 12/2025, Pradesh",12/2021,12/2018,,,10088.0,,7598.13,92.0,FlashReport_July_2025.pdf,49,Table 6: All Ongoing Projects,SUCCESS
2025-07,333,400301,,PRIMARY_IDENTIFIER,Multi Product Pipeline from Irugur to Devangonthi Multi-States,"Department of Water Resources, River Development & GR",Ministry of Petroleum & Natural Gas,Energy Storage,"Karnataka, Nadu",02/2017,11/2012,,10/2025,678.0,1732.0,675.25,67.0,FlashReport_July_2025.pdf,49,Table 6: All Ongoing Projects,SUCCESS
2025-07,334,709759,,PRIMARY_IDENTIFIER,"Petrochemical evacuation marketing terminal at Barmer, Rajasthan",Hindustan Petroleum Corporation Limited [HPCL],Ministry of Petroleum & Natural Gas,Energy Storage,Rajasthan,12/2026,12/2023,,12/2026,461.05,461.05,111.57,51.0,FlashReport_July_2025.pdf,49,Table 6: All Ongoing Projects,SUCCESS
2025-07,335,400043,,PRIMARY_IDENTIFIER,Laying of POL Pipelines in Common Corridor for proposed grass root terminal at Vallur [Chennai],Ministry of Petroleum & Natural Gas,Ministry of Petroleum & Natural Gas,Energy Storage,Tamil Nadu,05/2026,01/2022,,05/2026,829.0,829.0,297.77,62.0,FlashReport_July_2025.pdf,49,Table 6: All Ongoing Projects,SUCCESS
2025-07,336,400077,,PRIMARY_IDENTIFIER,"Grass root POL Terminal at Vallur, Chennai",Indian Oil Corporation Limited [IOCL],Ministry of Petroleum & Natural Gas,Energy Storage,Tamil Nadu,12/2024,01/2022,,03/2026,827.0,887.71,619.5,85.0,FlashReport_July_2025.pdf,49,Table 6: All Ongoing Projects,SUCCESS
2025-07,337,400035,,PRIMARY_IDENTIFIER,"Grass Root Rail-fed Depot at Sekerkote, Agartala as resitement of existing Dharmanagar Depot",Indian Oil Corporation Limited [IOCL],Ministry of Petroleum & Natural Gas,Energy Storage,Tripura,09/2025,06/2022,,09/2025,656.0,656.0,465.73,84.0,FlashReport_July_2025.pdf,49,Table 6: All Ongoing Projects,SUCCESS
2025-07,338,604852,,PRIMARY_IDENTIFIER,"Grass-root Terminal at Mirzapur, Uttar Pradesh",Ministry of Petroleum & Natural Gas,Ministry of Petroleum & Natural Gas,Energy Storage,Uttar Pradesh,11/2026,09/2022,,11/2026,980.45,980.45,236.22,50.0,FlashReport_July_2025.pdf,49,Table 6: All Ongoing Projects,SUCCESS
2025-07,339,400120,,PRIMARY_IDENTIFIER,KG-DWN-98/2 Cluster - II Development Project - NELP Block,Oil and Natural Gas Corporation Limited [ONGC],Ministry of Petroleum & Natural Gas,Oil & Gas,Andhra Pradesh,06/2020,03/2016,,06/2026,34012.0,34012.0,35498.35,96.0,FlashReport_July_2025.pdf,49,Table 6: All Ongoing Projects,SUCCESS
2025-07,340,709752,,PRIMARY_IDENTIFIER,HP-COAT [Crude to Olefins and Aromatics Technology] demo unit at Visakh Refinery,Hindustan Petroleum Corporation Limited,Ministry of Petroleum & Natural Gas,Oil & Gas,Andhra Pradesh,06/2024,09/2021,,03/2026,160.0,220.0,77.06,64.0,FlashReport_July_2025.pdf,49,Table 6: All Ongoing Projects,SUCCESS
2025-07,341,709761,,PRIMARY_IDENTIFIER,HP Trijet Unit in Visakh Refinery,Hindustan Petroleum Corporation Limited,Ministry of Petroleum & Natural Gas,Oil & Gas,Andhra Pradesh,07/2027,07/2024,,07/2027,193.0,193.0,0.43,23.0,FlashReport_July_2025.pdf,49,Table 6: All Ongoing Projects,SUCCESS
2025-07,342,709766,,PRIMARY_IDENTIFIER,"City Gas Distribution Project at Kurnool, Guntur & Prakasam Districts",MinistryofPetroleumNaturalGas,Ministry of Petroleum & Natural Gas,Oil & Gas,Andhra Pradesh,03/2030,03/2022,,03/2030,1420.0,1420.0,162.47,6.0,FlashReport_July_2025.pdf,49,Table 6: All Ongoing Projects,SUCCESS
2025-07,343,604791,,PRIMARY_IDENTIFIER,Numaligarh Refinery Expansion Project,Ministry of Petroleum & Natural Gas,Ministry of Petroleum & Natural Gas,Oil & Gas,Assam,07/2024,07/2020,,12/2025,12366.0,22494.0,16502.36,75.0,FlashReport_July_2025.pdf,50,Table 6: All Ongoing Projects,SUCCESS
2025-07,344,604792,,PRIMARY_IDENTIFIER,"Assam Bio Refinery, ABRPL",Ministry of Petroleum & Natural Gas,Ministry of Petroleum & Natural Gas,Oil & Gas,Assam,09/2021,02/2018,,07/2025,1750.0,4200.0,4650.0,99.0,FlashReport_July_2025.pdf,50,Table 6: All Ongoing Projects,SUCCESS
2025-07,345,604863,,PRIMARY_IDENTIFIER,Development of Surface Facilities for production and evacuation of Crude Oil and Natural Gas from Nadua and East Khagorija,Ministry of Petroleum & Natural Gas,Ministry of Petroleum & Natural Gas,Oil & Gas,Assam,02/2020,01/2018,,12/2025,682.9,726.93,488.37,94.0,FlashReport_July_2025.pdf,50,Table 6: All Ongoing Projects,SUCCESS
2025-07,346,607701,,PRIMARY_IDENTIFIER,"Guwahati Refinery Expansion [1.0 to 1.2 MMTPA] along with installation of CRU, Guwahati Refinery",Ministry of Petroleum & Natural Gas,Ministry of Petroleum & Natural Gas,Oil & Gas,Assam,10/2023,05/2021,,05/2026,412.3,577.0,430.83,84.0,FlashReport_July_2025.pdf,50,Table 6: All Ongoing Projects,SUCCESS
2025-07,347,616858,,PRIMARY_IDENTIFIER,"Construction of Field Gas Gathering Station at Baghjan area for collection, processing & transportation of natural Gas to be produced from Baghjan Field",Ministry of Petroleum & Natural Gas,Ministry of Petroleum & Natural Gas,Oil & Gas,Assam,03/2024,12/2020,,12/2025,430.76,430.76,326.12,85.0,FlashReport_July_2025.pdf,50,Table 6: All Ongoing Projects,SUCCESS
2025-07,348,709776,,PRIMARY_IDENTIFIER,Augmentation/Revamping of Facilities at existing Guwahati Terminal at Betkuchi,MinistryofPetroleumNaturalGas,Ministry of Petroleum & Natural Gas,Oil & Gas,Assam,09/2026,04/2022,,09/2026,277.0,323.09,185.18,67.0,FlashReport_July_2025.pdf,50,Table 6: All Ongoing Projects,SUCCESS
2025-07,349,709779,,PRIMARY_IDENTIFIER,Capacity Expansion of Digboi Refinery from 0.65 to 1.0 MMTPA,MinistryofPetroleumNaturalGas,Ministry of Petroleum & Natural Gas,Oil & Gas,Assam,03/2026,06/2022,,03/2026,768.0,740.0,99.02,35.0,FlashReport_July_2025.pdf,50,Table 6: All Ongoing Projects,SUCCESS
2025-07,350,709847,,PRIMARY_IDENTIFIER,Pipeline Network Project Rudrasagar,Ministry of Petroleum & Natural Gas,Ministry of Petroleum & Natural Gas,Oil & Gas,Assam,04/2026,01/2023,,04/2026,344.99,344.99,210.89,46.0,FlashReport_July_2025.pdf,50,Table 6: All Ongoing Projects,SUCCESS
2025-07,351,709850,,PRIMARY_IDENTIFIER,Borholla GGS Life Extension Project [BLEP],Ministry of Petroleum & Natural Gas,Ministry of Petroleum & Natural Gas,Oil & Gas,Assam,05/2026,09/2023,,05/2026,198.7,198.7,36.78,29.0,FlashReport_July_2025.pdf,50,Table 6: All Ongoing Projects,SUCCESS
2025-07,352,709864,,PRIMARY_IDENTIFIER,DCU Revamp Project,NRL,Ministry of Petroleum & Natural Gas,Oil & Gas,Assam,07/2024,08/2021,,10/2025,370.0,370.0,249.41,57.0,FlashReport_July_2025.pdf,50,Table 6: All Ongoing Projects,SUCCESS
2025-07,353,709865,,PRIMARY_IDENTIFIER,Power Recovery Turbine [PRT] in PFCCU unit as an Energy Conservation Scheme,NRL,Ministry of Petroleum & Natural Gas,Oil & Gas,Assam,12/2024,04/2023,,10/2025,293.5,293.5,97.22,93.0,FlashReport_July_2025.pdf,50,Table 6: All Ongoing Projects,SUCCESS
2025-07,354,617303,,PRIMARY_IDENTIFIER,"City Gas Distribution Project at Khagaria, Saharsa and Madhepura",Ministry of Petroleum & Natural Gas,Ministry of Petroleum & Natural Gas,Oil & Gas,Bihar,03/2030,03/2019,,03/2030,163.0,163.0,95.54,40.0,FlashReport_July_2025.pdf,50,Table 6: All Ongoing Projects,SUCCESS
2025-07,355,617304,,PRIMARY_IDENTIFIER,"Setting up of LPG Plant with Rail Unloading Facility at Hathua, Dist. Gopalganj, Bihar",MinistryofPetroleumNaturalGas,Ministry of Petroleum & Natural Gas,Oil & Gas,Bihar,03/2027,10/2023,,03/2027,340.15,340.15,88.08,24.0,FlashReport_July_2025.pdf,50,Table 6: All Ongoing Projects,SUCCESS
2025-07,356,701324,,PRIMARY_IDENTIFIER,Barauni Refinery Capacity Expansion from 6.0 to 9.0 MMTPA,Ministry of Petroleum & Natural Gas,Ministry of Petroleum & Natural Gas,Oil & Gas,Bihar,04/2023,01/2020,,08/2026,14810.0,16724.0,11728.01,87.0,FlashReport_July_2025.pdf,50,Table 6: All Ongoing Projects,SUCCESS
2025-07,357,709777,,PRIMARY_IDENTIFIER,Installation of Bitumen Manufacturing Unit along with allied facilities at Barauni Refinery,MinistryofPetroleumNaturalGas,Ministry of Petroleum & Natural Gas,Oil & Gas,Bihar,04/2025,01/2022,,10/2026,389.35,340.0,46.94,37.0,FlashReport_July_2025.pdf,50,Table 6: All Ongoing Projects,SUCCESS
2025-07,358,709792,,PRIMARY_IDENTIFIER,"City Gas Distribution Projects at Darbhanga, Madhubani, Supaul, Sitamarhi and Sheohar districts",Bharat Petroleum Corporation Limited [BPCL],Ministry of Petroleum & Natural Gas,Oil & Gas,Bihar,03/2030,12/2022,,03/2030,3638.0,3638.0,396.42,21.0,FlashReport_July_2025.pdf,50,Table 6: All Ongoing Projects,SUCCESS
2025-07,359,709793,,PRIMARY_IDENTIFIER,"City Gas Distribution Projects at Gopalganj, Siwan, West Champaran, East Champaran and Deoria districts",Bharat Petroleum Corporation Limited [BPCL],Ministry of Petroleum & Natural Gas,Oil & Gas,Bihar,06/2030,12/2022,,06/2030,3919.0,3919.0,392.59,14.0,FlashReport_July_2025.pdf,50,Table 6: All Ongoing Projects,SUCCESS
2025-07,360,400087,,PRIMARY_IDENTIFIER,Redevelopment of Sobhasan Complex,Oil and Natural Gas Corporation Limited [ONGC],Ministry of Petroleum & Natural Gas,Oil & Gas,Gujarat,02/2026,08/2021,,02/2026,885.63,1286.67,765.43,73.0,FlashReport_July_2025.pdf,50,Table 6: All Ongoing Projects,SUCCESS
2025-07,361,400167,,PRIMARY_IDENTIFIER,Redevelopment of Santhal Field [Onshore-Mehsana Asset],Oil and Natural Gas Corporation Limited [ONGC],Ministry of Petroleum & Natural Gas,Oil & Gas,Gujarat,03/2026,02/2017,,03/2026,1162.56,1162.56,1156.9,94.0,FlashReport_July_2025.pdf,50,Table 6: All Ongoing Projects,SUCCESS
2025-07,362,400169,,PRIMARY_IDENTIFIER,Redevelopment of Linch Field,Oil and Natural Gas Corporation Limited [ONGC],Ministry of Petroleum & Natural Gas,Oil & Gas,Gujarat,03/2025,04/2021,,10/2025,631.03,860.04,505.07,77.0,FlashReport_July_2025.pdf,50,Table 6: All Ongoing Projects,SUCCESS
2025-07,363,701329,,PRIMARY_IDENTIFIER,Petrochemical and Lube Integration Project at Gujarat Refinery,Ministry of Petroleum & Natural Gas,Ministry of Petroleum & Natural Gas,Oil & Gas,Gujarat,08/2024,09/2020,,12/2025,18936.0,17825.0,12190.08,83.0,FlashReport_July_2025.pdf,50,Table 6: All Ongoing Projects,SUCCESS
2025-07,364,709778,,PRIMARY_IDENTIFIER,Installation of new Biturox Unit along with allied facilities at Gujarat Refinery,MinistryofPetroleumNaturalGas,Ministry of Petroleum & Natural Gas,Oil & Gas,Gujarat,08/2025,01/2022,,09/2026,328.29,287.0,144.16,55.0,FlashReport_July_2025.pdf,50,Table 6: All Ongoing Projects,SUCCESS
2025-07,365,709838,,PRIMARY_IDENTIFIER,Commercial Polymer Flooding Project in Bechraji field,Oil and Natural Gas Corporation Limited [ONGC],Ministry of Petroleum & Natural Gas,Oil & Gas,Gujarat,11/2024,01/2022,,11/2025,621.4,621.4,137.71,21.0,FlashReport_July_2025.pdf,50,Table 6: All Ongoing Projects,SUCCESS
2025-07,366,709840,,PRIMARY_IDENTIFIER,"Restoration of Gas Terminal, Phase-I [Part-A], Hazira",Oil and Natural Gas Corporation Limited [ONGC],Ministry of Petroleum & Natural Gas,Oil & Gas,Gujarat,02/2025,05/2022,,12/2025,249.43,249.43,209.42,93.0,FlashReport_July_2025.pdf,50,Table 6: All Ongoing Projects,SUCCESS
2025-07,367,709841,,PRIMARY_IDENTIFIER,Old Pipe Line Replacement [OPRP] Group-A,Oil and Natural Gas Corporation Limited [ONGC],Ministry of Petroleum & Natural Gas,Oil & Gas,Gujarat,07/2025,07/2021,,03/2026,173.03,169.84,148.0,87.0,FlashReport_July_2025.pdf,50,Table 6: All Ongoing Projects,SUCCESS
2025-07,368,709842,,PRIMARY_IDENTIFIER,"Kalol Redevelopment Project, Ahmedabad Asset",Oil and Natural Gas Corporation Limited [ONGC],Ministry of Petroleum & Natural Gas,Oil & Gas,Gujarat,03/2027,08/2022,,03/2027,1487.41,1487.41,776.61,61.0,FlashReport_July_2025.pdf,50,Table 6: All Ongoing Projects,SUCCESS
2025-07,369,709845,,PRIMARY_IDENTIFIER,"Revamping of SV Stations, Gas Terminal & Kribhco Terminal",Oil and Natural Gas Corporation Limited [ONGC],Ministry of Petroleum & Natural Gas,Oil & Gas,Gujarat,08/2026,11/2022,,08/2026,837.34,837.34,205.78,49.0,FlashReport_July_2025.pdf,50,Table 6: All Ongoing Projects,SUCCESS
2025-07,370,604853,,PRIMARY_IDENTIFIER,"Indian Oil Technology Development and Deployment Centre at R&D Campus-II, Faridabad",Ministry of Petroleum & Natural Gas,Ministry of Petroleum & Natural Gas,Oil & Gas,Haryana,12/2022,06/2019,,03/2026,2281.94,3200.0,1800.61,63.0,FlashReport_July_2025.pdf,50,Table 6: All Ongoing Projects,SUCCESS
2025-07,371,611917,,PRIMARY_IDENTIFIER,Poly Butadiene Rubber plant at Panipat,Indian Oil Corporation Limited [IOCL],Ministry of Petroleum & Natural Gas,Oil & Gas,Haryana,03/2025,03/2022,,06/2026,1459.0,2531.44,1043.9,70.0,FlashReport_July_2025.pdf,50,Table 6: All Ongoing Projects,SUCCESS
2025-07,372,701289,,PRIMARY_IDENTIFIER,Capacity Expansion of Panipat Refinery from 15 to 25 MMTPA,Ministry of Petroleum & Natural Gas,Ministry of Petroleum & Natural Gas,Oil & Gas,Haryana,09/2024,02/2021,,12/2025,34627.0,36225.0,23977.47,88.0,FlashReport_July_2025.pdf,51,Table 6: All Ongoing Projects,SUCCESS
2025-07,373,709783,,PRIMARY_IDENTIFIER,"Installation of Multiple Effect Evaporator [MEE] for ETP-1, 2 & 4 of Panipat Refinery and Petrochemical Complex.",MinistryofPetroleumNaturalGas,Ministry of Petroleum & Natural Gas,Oil & Gas,Haryana,06/2023,12/2020,,06/2026,165.13,247.69,129.27,70.0,FlashReport_July_2025.pdf,51,Table 6: All Ongoing Projects,SUCCESS
2025-07,374,709773,,PRIMARY_IDENTIFIER,"City Gas Distribution Project at Jammu, Udhampur, Reasi, Samba and Kathua Districts Jammu and",MinistryofPetroleumNaturalGas,Ministry of Petroleum & Natural Gas,Oil & Gas,Kashmir,03/2032,03/2022,,03/2032,538.0,538.0,4.09,0.0,FlashReport_July_2025.pdf,51,Table 6: All Ongoing Projects,SUCCESS
2025-07,375,610984,,PRIMARY_IDENTIFIER,Development of Jharia CBM Block [Phase-1],Oil and Natural Gas Corporation Limited [ONGC],Ministry of Petroleum & Natural Gas,Oil & Gas,Jharkhand,01/2024,11/2019,,08/2025,431.0,431.0,211.34,58.0,FlashReport_July_2025.pdf,51,Table 6: All Ongoing Projects,SUCCESS
2025-07,376,709785,,PRIMARY_IDENTIFIER,Laying of Natural Gas Pipeline from Hazaribagh to Ranchi [HRPL],MinistryofPetroleumNaturalGas,Ministry of Petroleum & Natural Gas,Oil & Gas,Jharkhand,02/2026,02/2023,,02/2026,202.07,202.07,55.46,45.0,FlashReport_July_2025.pdf,51,Table 6: All Ongoing Projects,SUCCESS
2025-07,377,612790,,PRIMARY_IDENTIFIER,Power System Upgradation Project,Mangalore Refinary and Petrochemicals Limited,Ministry of Petroleum & Natural Gas,Oil & Gas,Karnataka,11/2025,10/2023,,11/2025,385.0,385.0,132.73,63.0,FlashReport_July_2025.pdf,51,Table 6: All Ongoing Projects,SUCCESS
2025-07,378,616879,,PRIMARY_IDENTIFIER,Demo Bio-ATF Project,Ministry of Petroleum & Natural Gas,Ministry of Petroleum & Natural Gas,Oil & Gas,Karnataka,01/2027,03/2024,,01/2027,364.0,364.0,22.82,10.0,FlashReport_July_2025.pdf,51,Table 6: All Ongoing Projects,SUCCESS
2025-07,379,709774,,PRIMARY_IDENTIFIER,Revamping/ Augmentation of facilities at existing port terminal at Mangalore,Ministry of Petroleum & Natural Gas,Ministry of Petroleum & Natural Gas,Oil & Gas,Karnataka,12/2025,01/2022,,12/2025,463.0,500.62,264.44,82.0,FlashReport_July_2025.pdf,51,Table 6: All Ongoing Projects,SUCCESS
2025-07,380,709790,,PRIMARY_IDENTIFIER,Replacement and Extension of Jetty Pipelines [REJP] at KR,Bharat Petroleum Corporation Limited [BPCL],Ministry of Petroleum & Natural Gas,Oil & Gas,Kerala,03/2026,03/2023,,03/2026,621.87,621.87,192.66,83.0,FlashReport_July_2025.pdf,51,Table 6: All Ongoing Projects,SUCCESS
2025-07,381,709799,,PRIMARY_IDENTIFIER,Setting up Polypropylene Unit at Kochi Refinery,MinistryofPetroleumNaturalGas,Ministry of Petroleum & Natural Gas,Oil & Gas,Kerala,10/2027,12/2023,,10/2027,4460.0,4460.0,255.64,12.0,FlashReport_July_2025.pdf,51,Table 6: All Ongoing Projects,SUCCESS
2025-07,382,709798,,PRIMARY_IDENTIFIER,Ethylene Cracker Project at Bina Refinery including downstream Petrochemical Plants and expansion of Refinery,MinistryofPetroleumNaturalGas,Ministry of Petroleum & Natural Gas,Oil & Gas,Madhya Pradesh,05/2028,05/2023,,05/2028,43367.0,43367.0,1788.6,13.0,FlashReport_July_2025.pdf,51,Table 6: All Ongoing Projects,SUCCESS
2025-07,383,400158,,PRIMARY_IDENTIFIER,Debottlenecking and Augmentation of Cryogenic facilities at Uran LPG Import Terminal,"Department of Water Resources, River Development & GR",Ministry of Petroleum & Natural Gas,Oil & Gas,Maharashtra,02/2024,04/2021,,12/2025,1164.69,1629.86,901.73,84.0,FlashReport_July_2025.pdf,51,Table 6: All Ongoing Projects,SUCCESS
2025-07,384,400168,,PRIMARY_IDENTIFIER,"500 KTA PDHPP Project, Usar",Ministry of Petroleum & Natural Gas,Ministry of Petroleum & Natural Gas,Oil & Gas,Maharashtra,04/2025,04/2021,,10/2025,8797.0,11256.0,6768.36,85.0,FlashReport_July_2025.pdf,51,Table 6: All Ongoing Projects,SUCCESS
2025-07,385,610985,,PRIMARY_IDENTIFIER,Construction of lube oil blending plant at Rasayani,Ministry of Petroleum & Natural Gas,Ministry of Petroleum & Natural Gas,Oil & Gas,Maharashtra,12/2023,05/2022,,12/2025,423.39,526.26,287.49,78.0,FlashReport_July_2025.pdf,51,Table 6: All Ongoing Projects,SUCCESS
2025-07,386,616933,,PRIMARY_IDENTIFIER,Lube Modernization & Bottom Upgradation Project at Mumbai Refinery,Ministry of Petroleum and Natural Gas,Ministry of Petroleum & Natural Gas,Oil & Gas,Maharashtra,03/2028,12/2024,,03/2028,4679.0,4679.0,188.88,4.0,FlashReport_July_2025.pdf,51,Table 6: All Ongoing Projects,SUCCESS
2025-07,387,709760,,PRIMARY_IDENTIFIER,HP TDAE Unit in Mumbai Refinery,Hindustan Petroleum Corporation Limited,Ministry of Petroleum & Natural Gas,Oil & Gas,Maharashtra,04/2026,06/2024,,04/2026,240.0,240.0,34.4,37.0,FlashReport_July_2025.pdf,51,Table 6: All Ongoing Projects,SUCCESS
2025-07,388,709771,,PRIMARY_IDENTIFIER,"City Gas Distribution Project at Beed, Jalgaon and Jalna Districts",MinistryofPetroleumNaturalGas,Ministry of Petroleum & Natural Gas,Oil & Gas,Maharashtra,09/2031,03/2022,,09/2031,865.0,865.0,68.01,2.0,FlashReport_July_2025.pdf,51,Table 6: All Ongoing Projects,SUCCESS
2025-07,389,709780,,PRIMARY_IDENTIFIER,Construction of Additional Tankages and Allied Facilities at JNPT Terminal,MinistryofPetroleumNaturalGas,Ministry of Petroleum & Natural Gas,Oil & Gas,Maharashtra,08/2026,04/2022,,08/2026,341.43,436.14,279.19,50.0,FlashReport_July_2025.pdf,51,Table 6: All Ongoing Projects,SUCCESS
2025-07,390,709782,,PRIMARY_IDENTIFIER,ATF Pipeline from Jawaharlal Nehru Port Trust to Navi Mumbai International Airport,Indian Oil Corporation Limited [IOCL],Ministry of Petroleum & Natural Gas,Oil & Gas,Maharashtra,08/2025,08/2022,,03/2026,165.0,165.0,89.94,72.0,FlashReport_July_2025.pdf,51,Table 6: All Ongoing Projects,SUCCESS
2025-07,391,709789,,PRIMARY_IDENTIFIER,Installation of Independent De- Aromatized Solvents [DAS] production facilities at MR,Bharat Petroleum Corporation Limited [BPCL],Ministry of Petroleum & Natural Gas,Oil & Gas,Maharashtra,07/2025,03/2023,,12/2025,405.0,343.0,201.28,84.0,FlashReport_July_2025.pdf,51,Table 6: All Ongoing Projects,SUCCESS
2025-07,392,709797,,PRIMARY_IDENTIFIER,POL & LOBS Installations with Receipt Pipelines at Rasayani,Bharat Petroleum Corporation Limited [BPCL],Ministry of Petroleum & Natural Gas,Oil & Gas,Maharashtra,05/2026,05/2023,,05/2026,2585.0,2585.0,564.58,58.0,FlashReport_July_2025.pdf,51,Table 6: All Ongoing Projects,SUCCESS
2025-07,393,709846,,PRIMARY_IDENTIFIER,Part Replacement Pipeline Project [PRPP],Oil and Natural Gas Corporation Limited [ONGC],Ministry of Petroleum & Natural Gas,Oil & Gas,Maharashtra,05/2024,11/2022,,11/2025,1219.48,1145.1,745.24,90.0,FlashReport_July_2025.pdf,51,Table 6: All Ongoing Projects,SUCCESS
2025-07,394,616254,,PRIMARY_IDENTIFIER,"Visakh Raipur Pipeline Project Multi-States (Andhra Pradesh,",Ministry of Petroleum and Natural Gas,Ministry of Petroleum & Natural Gas,Oil & Gas,"Chhattisgarh, 09/2027, Odisha",09/2027,09/2024,,,2212.0,,11.52,7.0,FlashReport_July_2025.pdf,51,Table 6: All Ongoing Projects,SUCCESS
2025-07,395,,,UNKNOWN,Multi-product Pipeline from Krishnapatnam Coastal Installation to the proposed Multi-States Installation at Hyderabad [Malkapur],Ministry of Petroleum & Natural Gas,Ministry of Petroleum & Natural Gas,Oil & Gas,Andhra Pradesh,03/2025,09/2019,,08/2025,1932.0,2208.0,1552.37,98.0,FlashReport_July_2025.pdf,51,Table 6: All Ongoing Projects,PARTIAL
2025-07,396,701346,,PRIMARY_IDENTIFIER,"Telangana) (701341) North East Gas Grid Multi-States (Arunachal Manipur,",Ministry of Petroleum & Natural Gas,Ministry of Petroleum & Natural Gas,Oil & Gas,Meghalaya,03/2024,04/2020,,03/2026,9265.0,9265.0,6375.02,85.0,FlashReport_July_2025.pdf,51,Table 6: All Ongoing Projects,SUCCESS
2025-07,397,,,UNKNOWN,"Mizoram, Nagaland, Sikkim, Tripura, West Bengal) Upgradation of Facilities of Numaligarh-Siliguri Product Pipeline [NSPL] for Multi-States transportation of additional products from existing 1.72 MMTPA to 5.5 MMTPA",Ministry of Petroleum & Natural Gas,Ministry of Petroleum & Natural Gas,Oil & Gas,Assam,12/2024,06/2021,,10/2025,860.0,860.0,566.18,98.0,FlashReport_July_2025.pdf,51,Table 6: All Ongoing Projects,PARTIAL
2025-07,398,709757,,PRIMARY_IDENTIFIER,"Bengal) (701350) CGD Project in Banka, Dumka, Godda, Jamtara, Pakur, Sahibganj GA ID 11A.02 Multi-States",Hindustan Petroleum Corporation Limited,Ministry of Petroleum & Natural Gas,Oil & Gas,,06/2030,06/2022,,06/2030,1377.0,1377.0,329.43,26.0,FlashReport_July_2025.pdf,51,Table 6: All Ongoing Projects,SUCCESS
2025-07,399,,,UNKNOWN,"Mumbai Nagpur Jharsuguda Pipeline Project Multi-States (Chhattisgarh,",701354,Ministry of Petroleum & Natural Gas,Oil & Gas,Madhya Pradesh,05/2023,06/2020,,09/2025,7844.25,8255.0,6495.6,95.0,FlashReport_July_2025.pdf,52,Table 6: All Ongoing Projects,PARTIAL
2025-07,400,701330,,PRIMARY_IDENTIFIER,"Maharashtra, Odisha) Mehsana-Bhatinda & Bhatinda-Jammu Natural Gas Pipeline Multi-States (Gujarat, Haryana,",Ministry of Petroleum & Natural Gas,Ministry of Petroleum & Natural Gas,Oil & Gas,"Punjab, 12/2025, Rajasthan",06/2024,07/2011,,,7392.0,,6304.0,90.0,FlashReport_July_2025.pdf,52,Table 6: All Ongoing Projects,SUCCESS
2025-07,401,612853,,PRIMARY_IDENTIFIER,Gurdaspur Jammu Pipeline Multi-States,Gas Authority of India Limited [GAIL],Ministry of Petroleum & Natural Gas,Oil & Gas,"Kashmir, Punjab",07/2026,07/2023,,07/2026,521.9,521.9,190.1,36.0,FlashReport_July_2025.pdf,52,Table 6: All Ongoing Projects,SUCCESS
2025-07,402,701228,,PRIMARY_IDENTIFIER,"Kochi - Koottanad - Bangalore - Mangalore Pipeline Phase-II Multi-States (Karnataka,",Ministry of Petroleum & Natural Gas,Ministry of Petroleum & Natural Gas,Oil & Gas,"Kerala, Tamil 12/2025, Nadu",12/2012,06/2009,,,2915.0,,4431.9,94.0,FlashReport_July_2025.pdf,52,Table 6: All Ongoing Projects,SUCCESS
2025-07,403,701338,,PRIMARY_IDENTIFIER,City Gas Distribution Maharashtra Natural Gas Limited Multi-States,Ministry of Petroleum & Natural Gas,Ministry of Petroleum & Natural Gas,Oil & Gas,"Karnataka, Maharashtra",06/2031,01/2006,,06/2031,5535.0,5535.0,3836.09,0.0,FlashReport_July_2025.pdf,52,Table 6: All Ongoing Projects,SUCCESS
2025-07,404,701344,,PRIMARY_IDENTIFIER,Dhamra Haldia Pipeline Project Multi-States,Ministry of Petroleum & Natural Gas,Ministry of Petroleum & Natural Gas,Oil & Gas,"Odisha, Bengal",11/2022,03/2020,,12/2025,1030.65,1125.0,853.7,87.0,FlashReport_July_2025.pdf,52,Table 6: All Ongoing Projects,SUCCESS
2025-07,405,,,UNKNOWN,"City Gas Distribution Projects at Fazilka [except area already authorized], Ganganagar Multi-States and Hanumangarh districts",Bharat Petroleum Corporation Limited [BPCL],Ministry of Petroleum & Natural Gas,Oil & Gas,Punjab,06/2030,12/2022,,06/2030,3207.0,3207.0,334.82,22.0,FlashReport_July_2025.pdf,52,Table 6: All Ongoing Projects,PARTIAL
2025-07,406,709786,,PRIMARY_IDENTIFIER,"Rajasthan) (709794) Augmentation/ Revamping of Dimapur Depot, Dimapur",MinistryofPetroleumNaturalGas,Ministry of Petroleum & Natural Gas,Oil & Gas,Nagaland,11/2027,08/2023,,11/2027,227.62,227.62,9.01,20.0,FlashReport_July_2025.pdf,52,Table 6: All Ongoing Projects,SUCCESS
2025-07,407,604859,,PRIMARY_IDENTIFIER,Integrated Para Xylene [PX] and Purified Terephthalic Acid [PTA] Project at Paradip Refinery,Ministry of Petroleum & Natural Gas,Ministry of Petroleum & Natural Gas,Oil & Gas,Odisha,01/2024,07/2020,,08/2026,13805.0,11783.0,8250.46,90.0,FlashReport_July_2025.pdf,52,Table 6: All Ongoing Projects,SUCCESS
2025-07,408,709800,,PRIMARY_IDENTIFIER,"CUF POL Depot at Sadashibpur [Meramundali], Odisha",MinistryofPetroleumNaturalGas,Ministry of Petroleum & Natural Gas,Oil & Gas,Odisha,03/2026,04/2021,,03/2026,393.54,393.54,100.39,43.0,FlashReport_July_2025.pdf,52,Table 6: All Ongoing Projects,SUCCESS
2025-07,409,400119,,PRIMARY_IDENTIFIER,Life Extension of 48 well platforms of Mumbai High & Heera Fields,Oil and Natural Gas Corporation Limited [ONGC],Ministry of Petroleum & Natural Gas,Oil & Gas,,04/2018,12/2015,,12/2025,3190.69,3375.9,3074.01,89.0,FlashReport_July_2025.pdf,52,Table 6: All Ongoing Projects,SUCCESS
2025-07,410,616950,,PRIMARY_IDENTIFIER,PRP-VIII [Group-A],Ministry of Petroleum & Natural Gas,Ministry of Petroleum & Natural Gas,Oil & Gas,,02/2026,09/2024,,02/2026,1486.4,1486.4,184.56,17.0,FlashReport_July_2025.pdf,52,Table 6: All Ongoing Projects,SUCCESS
2025-07,411,709839,,PRIMARY_IDENTIFIER,Daman Upside Development Project,Oil and Natural Gas Corporation Limited [ONGC],Ministry of Petroleum & Natural Gas,Oil & Gas,,10/2025,06/2022,,02/2026,4144.41,6406.9,3770.15,83.0,FlashReport_July_2025.pdf,52,Table 6: All Ongoing Projects,SUCCESS
2025-07,412,709848,,PRIMARY_IDENTIFIER,MHN TCPP PGC BGC Project [MTPBP],Ministry of Petroleum & Natural Gas,Ministry of Petroleum & Natural Gas,Oil & Gas,,05/2026,06/2022,,05/2026,2329.45,2354.23,820.24,48.0,FlashReport_July_2025.pdf,52,Table 6: All Ongoing Projects,SUCCESS
2025-07,413,709849,,PRIMARY_IDENTIFIER,PRP-VIII Group B [NH & BS Asset],Ministry of Petroleum & Natural Gas,Ministry of Petroleum & Natural Gas,Oil & Gas,,02/2026,06/2024,,02/2026,2379.84,3165.53,1652.62,61.0,FlashReport_July_2025.pdf,52,Table 6: All Ongoing Projects,SUCCESS
2025-07,414,709851,,PRIMARY_IDENTIFIER,Integrated Development of 4 Contract Areas under DSF-II,Ministry of Petroleum & Natural Gas,Ministry of Petroleum & Natural Gas,Oil & Gas,,04/2027,05/2023,,04/2027,6183.79,6183.79,360.0,17.0,FlashReport_July_2025.pdf,52,Table 6: All Ongoing Projects,SUCCESS
2025-07,415,400171,,PRIMARY_IDENTIFIER,2G Ethanol Biorefinery at Bathinda,Hindustan Petroleum Corporation Limited [HPCL],Ministry of Petroleum & Natural Gas,Oil & Gas,Punjab,02/2023,05/2020,,03/2026,1421.46,1421.46,1180.91,95.0,FlashReport_July_2025.pdf,52,Table 6: All Ongoing Projects,SUCCESS
2025-07,416,612998,,PRIMARY_IDENTIFIER,Bathinda Sangrur Pipeline,Ministry of Petroleum and Natural Gas,Ministry of Petroleum & Natural Gas,Oil & Gas,Punjab,05/2024,11/2021,,08/2025,367.0,397.0,339.19,93.0,FlashReport_July_2025.pdf,52,Table 6: All Ongoing Projects,SUCCESS
2025-07,417,709770,,PRIMARY_IDENTIFIER,City Gas Distribution Project at Pathankot District,MinistryofPetroleumNaturalGas,Ministry of Petroleum & Natural Gas,Oil & Gas,Punjab,09/2033,03/2022,,09/2033,151.0,151.0,8.77,2.0,FlashReport_July_2025.pdf,52,Table 6: All Ongoing Projects,SUCCESS
2025-07,418,604795,,PRIMARY_IDENTIFIER,CBR 9 MMTPA Project,Chennai Petroleum Corporation Limited [CPCL],Ministry of Petroleum & Natural Gas,Oil & Gas,Tamil Nadu,06/2025,09/2021,,10/2028,31580.0,36354.0,1342.27,10.0,FlashReport_July_2025.pdf,52,Table 6: All Ongoing Projects,SUCCESS
2025-07,419,709750,,PRIMARY_IDENTIFIER,Laying of new 28 inch Desal Water Pipeline and 10 inch Reject Water Pipeline between CPCL Manali Refinery and CPCL Desalination plant at Ennore,Chennai Petroleum Corporation Limited [CPCL],Ministry of Petroleum & Natural Gas,Oil & Gas,Tamil Nadu,09/2025,01/2024,,12/2025,205.0,205.0,19.86,39.0,FlashReport_July_2025.pdf,52,Table 6: All Ongoing Projects,SUCCESS
2025-07,420,709768,,PRIMARY_IDENTIFIER,City Gas Distribution Project at Dharmapuri and Krishnagiri Districts,MinistryofPetroleumNaturalGas,Ministry of Petroleum & Natural Gas,Oil & Gas,Tamil Nadu,12/2030,03/2022,,12/2030,501.0,501.0,111.55,5.0,FlashReport_July_2025.pdf,52,Table 6: All Ongoing Projects,SUCCESS
2025-07,421,709796,,PRIMARY_IDENTIFIER,City Gas Distribution Projects at the Nilgiris and Erode districts,Bharat Petroleum Corporation Limited [BPCL],Ministry of Petroleum & Natural Gas,Oil & Gas,Tamil Nadu,03/2030,12/2022,,03/2030,3685.0,3685.0,234.12,11.0,FlashReport_July_2025.pdf,52,Table 6: All Ongoing Projects,SUCCESS
2025-07,422,709837,,PRIMARY_IDENTIFIER,"Creation of Gas Dehydration Facilities, Tripura Asset",Oil and Natural Gas Corporation Limited [ONGC],Ministry of Petroleum & Natural Gas,Oil & Gas,Tripura,05/2024,03/2022,,12/2025,209.33,131.51,65.97,62.0,FlashReport_July_2025.pdf,52,Table 6: All Ongoing Projects,SUCCESS
2025-07,423,400161,,PRIMARY_IDENTIFIER,"PP Project, Pata",Gas Authority of India Limited [GAIL],Ministry of Petroleum & Natural Gas,Oil & Gas,Uttar Pradesh,01/2024,03/2019,,08/2025,910.56,1299.02,1004.0,97.0,FlashReport_July_2025.pdf,52,Table 6: All Ongoing Projects,SUCCESS
2025-07,424,709781,,PRIMARY_IDENTIFIER,Revamping / Augmentation of Facilities at Mathura Bitumen Plant,MinistryofPetroleumNaturalGas,Ministry of Petroleum & Natural Gas,Oil & Gas,Uttar Pradesh,06/2027,04/2022,,12/2026,260.12,260.12,1.11,25.0,FlashReport_July_2025.pdf,52,Table 6: All Ongoing Projects,SUCCESS
2025-07,425,709795,,PRIMARY_IDENTIFIER,"City Gas Distribution Projects at Lakhimpur Kheri , Sitapur, Bahraich, Shravasti,Balrampur, Siddharth Nagar & Maharajganj districts",Bharat Petroleum Corporation Limited [BPCL],Ministry of Petroleum & Natural Gas,Oil & Gas,Uttar Pradesh,06/2030,12/2022,,06/2030,16654.0,16654.0,603.21,9.0,FlashReport_July_2025.pdf,52,Table 6: All Ongoing Projects,SUCCESS
2025-07,426,709801,,PRIMARY_IDENTIFIER,71 MWp [DC] Solar power project at Prayagraj,Bharat Petroleum Corporation Limited [BPCL],Ministry of Petroleum & Natural Gas,Oil & Gas,Uttar Pradesh,08/2025,02/2024,,,308.32,308.32,183.37,95.0,FlashReport_July_2025.pdf,52,Table 6: All Ongoing Projects,SUCCESS
2025-07,427,617302,,PRIMARY_IDENTIFIER,Durgapur - Haldia Pipeline [Section-3B of JHBDPL Project],Ministry of Petroleum & Natural Gas,Ministry of Petroleum & Natural Gas,Oil & Gas,West Bengal,12/2020,03/2017,,12/2025,1740.0,2493.15,2237.5,90.0,FlashReport_July_2025.pdf,52,Table 6: All Ongoing Projects,SUCCESS
2025-07,428,709753,,PRIMARY_IDENTIFIER,Haldia Panagarh Pipeline Project,Hindustan Petroleum Corporation Limited,Ministry of Petroleum & Natural Gas,Oil & Gas,West Bengal,11/2025,11/2022,,11/2025,1010.0,1010.0,627.12,81.0,FlashReport_July_2025.pdf,53,Table 6: All Ongoing Projects,SUCCESS
2025-07,429,709758,,PRIMARY_IDENTIFIER,"CGD Project in Malda, Birbhum, Murshidabad, Dakshin Dinajpur GA ID 11A.03",Hindustan Petroleum Corporation Limited,Ministry of Petroleum & Natural Gas,Oil & Gas,West Bengal,06/2030,06/2022,,06/2030,2628.0,2628.0,332.52,26.0,FlashReport_July_2025.pdf,53,Table 6: All Ongoing Projects,SUCCESS
2025-07,430,709772,,PRIMARY_IDENTIFIER,"City Gas Distribution Project at East Mednipore, West Mednipore & Jhargram Districts",MinistryofPetroleumNaturalGas,Ministry of Petroleum & Natural Gas,Oil & Gas,West Bengal,06/2031,03/2022,,06/2031,609.0,609.0,58.15,2.0,FlashReport_July_2025.pdf,53,Table 6: All Ongoing Projects,SUCCESS
2025-07,431,709791,,PRIMARY_IDENTIFIER,City Gas Distribution Projects at Alipurduar and Cooch Behar,Bharat Petroleum Corporation Limited [BPCL],Ministry of Petroleum & Natural Gas,Oil & Gas,West Bengal,03/2030,12/2022,,03/2030,1017.0,1017.0,176.15,32.0,FlashReport_July_2025.pdf,53,Table 6: All Ongoing Projects,SUCCESS
2025-07,432,701173,,PRIMARY_IDENTIFIER,AIIMS Majra Rewari Haryana,Ministry of Health & Family Welfare,Ministry of Health & Family Welfare,Healthcare,Haryana,02/2023,02/2019,,12/2026,1299.0,1299.0,349.41,28.0,FlashReport_July_2025.pdf,53,Table 6: All Ongoing Projects,SUCCESS
2025-07,433,,,UNKNOWN,AIIMS Kashmir at Awantipora Jammu & Kashmir Jammu and,Central Public Works Department [CPWD],Ministry of Health & Family Welfare,Healthcare,,01/2025,01/2019,,,1828.0,,1504.91,65.0,FlashReport_July_2025.pdf,53,Table 6: All Ongoing Projects,PARTIAL
2025-07,434,701171,,PRIMARY_IDENTIFIER,Kashmir (1828) (701167) AIIMS Bibinagar,Ministry of Health & Family Welfare,Ministry of Health & Family Welfare,Healthcare,Telangana,12/2025,12/2018,09/2022,12/2025,1028.0,1365.95,792.24,83.0,FlashReport_July_2025.pdf,53,Table 6: All Ongoing Projects,SUCCESS
2025-07,435,708662,,PRIMARY_IDENTIFIER,Establishment of 600 bed super specialty hospital with optional development of Medical college and further expansion on PPP basis.,Mumbai Port Trust [MPT],"Ministry of Ports, Shipping and Waterways",Healthcare,Maharashtra,06/2026,01/2022,,12/2027,693.0,693.0,58.0,0.0,FlashReport_July_2025.pdf,53,Table 6: All Ongoing Projects,SUCCESS
2025-07,436,609424,,PRIMARY_IDENTIFIER,"Development of Container Terminal at Tuna-Tekra, Deendayal Port on BOT Basis Under PPP Mode",,"Ministry of Ports, Shipping and Waterways",Inland Waterways,Gujarat,12/2026,Deendayal Port Trust [DPT],,,4243.64,4243.64,346.2,10.0,FlashReport_July_2025.pdf,53,Table 6: All Ongoing Projects,SUCCESS
2025-07,437,701565,,PRIMARY_IDENTIFIER,"Jal Marg Vikas Project Multi-States (Bihar, Jharkhand,",Inland Waterways Authority of India [IWAI],"Ministry of Ports, Shipping and Waterways",Inland Waterways,"Uttar Pradesh, 12/2025, West Bengal",12/2023,02/2018,,,5369.18,,3432.34,70.0,FlashReport_July_2025.pdf,53,Table 6: All Ongoing Projects,SUCCESS
2025-07,438,701586,,PRIMARY_IDENTIFIER,Setting up of a Floating Storage and Regasification Unit [FSRU] - Mumbai,Mumbai Port Trust [MPT],"Ministry of Ports, Shipping and Waterways",Shipping,Maharashtra,11/2026,04/2021,,11/2026,900.0,900.0,65.0,0.0,FlashReport_July_2025.pdf,53,Table 6: All Ongoing Projects,SUCCESS
2025-07,439,708655,,PRIMARY_IDENTIFIER,Operationalization of Coastal Berth & Shallow Water Berth through PPP,Jawaharlal Nehru Port Authority [JNPA],"Ministry of Ports, Shipping and Waterways",Shipping,Maharashtra,01/2026,07/2021,,,366.8,366.8,188.46,25.0,FlashReport_July_2025.pdf,53,Table 6: All Ongoing Projects,SUCCESS
2025-07,440,701574,,PRIMARY_IDENTIFIER,Deepening and Optimization of Inner Harbour facilities including development of Western Dock on BOT basis to handle Cape size vessels,Paradip Port Trust [PPT],"Ministry of Ports, Shipping and Waterways",Shipping,Odisha,12/2027,01/2023,,10/2028,3004.63,3004.63,1149.79,40.0,FlashReport_July_2025.pdf,53,Table 6: All Ongoing Projects,SUCCESS
2025-07,441,701576,,PRIMARY_IDENTIFIER,Berth No. 2 [previously Berth 3] of HDC Mechanization Project,"Haldia Dock Complex, Syama Prasad Mookerjee Port Authority","Ministry of Ports, Shipping and Waterways",Shipping,West Bengal,09/2025,03/2023,,01/2026,298.26,298.26,399.52,83.0,FlashReport_July_2025.pdf,53,Table 6: All Ongoing Projects,SUCCESS
2025-07,442,701577,,PRIMARY_IDENTIFIER,Shalukkhali Liquid Cargo Handling Facility Development Project,"Haldia Dock Complex, Syama Prasad Mookerjee Port Authority","Ministry of Ports, Shipping and Waterways",Shipping,West Bengal,08/2025,08/2022,,,253.65,253.65,9.28,0.0,FlashReport_July_2025.pdf,53,Table 6: All Ongoing Projects,SUCCESS
2025-07,443,707215,,PRIMARY_IDENTIFIER,National Maritime Heritage Complex [NMHC] Phase-I,Indian Port Rail & Ropeway Corporation Ltd. [IPRCL],"Ministry of Ports, Shipping and Waterways","Tourism, Hospitality & Wellness",Gujarat,03/2024,01/2022,,09/2025,573.0,1238.05,487.35,66.0,FlashReport_July_2025.pdf,53,Table 6: All Ongoing Projects,SUCCESS
2025-07,444,705515,,PRIMARY_IDENTIFIER,3rd & 4th Railway Line Project from Salegaon to Budhapank via Rajathgarh.,East Coast Railway [ECoR] - II,Ministry of Railways,Inland Waterways,Odisha,03/2026,12/2015,,03/2026,1173.0,2092.0,1971.0,80.0,FlashReport_July_2025.pdf,53,Table 6: All Ongoing Projects,SUCCESS
2025-07,445,705741,,PRIMARY_IDENTIFIER,Jeypore-Navarangpur New Rail Line Project,East Coast Railway [ECoR] - II,Ministry of Railways,Inland Waterways,Odisha,07/2028,04/2023,,12/2029,748.0,748.0,10.43,1.0,FlashReport_July_2025.pdf,53,Table 6: All Ongoing Projects,SUCCESS
2025-07,446,705742,,PRIMARY_IDENTIFIER,Jeypore-Malkanagiri New Railway Line Project,East Coast Railway [ECoR] - II,Ministry of Railways,Inland Waterways,Odisha,07/2033,12/2023,,07/2033,2344.0,2344.0,196.75,8.0,FlashReport_July_2025.pdf,53,Table 6: All Ongoing Projects,SUCCESS
2025-07,447,706898,,PRIMARY_IDENTIFIER,Khurda Road - Balangir Electrification of Railway Track Project,CORE,Ministry of Railways,Railways,,03/2021,09/2019,,,267.61,267.61,0.0,0.0,FlashReport_July_2025.pdf,53,Table 6: All Ongoing Projects,SUCCESS
2025-07,448,400298,,PRIMARY_IDENTIFIER,Nadikudi - Srikalahasti New Line,South Central Railway [SCR] - II,Ministry of Railways,Railways,Andhra Pradesh,05/2027,12/2016,,03/2028,2312.0,5200.0,2179.0,54.0,FlashReport_July_2025.pdf,53,Table 6: All Ongoing Projects,SUCCESS
2025-07,449,611615,,PRIMARY_IDENTIFIER,Malugur- Palasamudram New Line Project [17.975 Km],South Western Railway [SWR] - II,Ministry of Railways,Railways,Andhra Pradesh,11/2027,11/2025,,12/2027,342.0,342.14,0.0,0.0,FlashReport_July_2025.pdf,53,Table 6: All Ongoing Projects,SUCCESS
2025-07,450,611752,,PRIMARY_IDENTIFIER,GOOTY-PENDEKALLU DOUBLING 29.225 Km,South Central Railway [SCR] - II,Ministry of Railways,Railways,Andhra Pradesh,03/2027,06/2023,,03/2027,351.83,351.83,18.0,25.0,FlashReport_July_2025.pdf,54,Table 6: All Ongoing Projects,SUCCESS
2025-07,451,611754,,PRIMARY_IDENTIFIER,GUNTAKAL WEST-MALLAPPA GATE RAIL OVER RAIL - ROR TRACK,South Central Railway [SCR] - II,Ministry of Railways,Railways,Andhra Pradesh,07/2026,07/2023,,,293.3,293.3,0.0,0.0,FlashReport_July_2025.pdf,54,Table 6: All Ongoing Projects,SUCCESS
2025-07,452,611927,,PRIMARY_IDENTIFIER,Kurnool - Setting up facilities for coach midlife rehabilitation workshop,WPO/Patna,Ministry of Railways,Railways,Andhra Pradesh,12/2023,10/2017,,,560.72,560.72,276.66,65.0,FlashReport_July_2025.pdf,54,Table 6: All Ongoing Projects,SUCCESS
2025-07,453,612827,,PRIMARY_IDENTIFIER,Flyover between Pendurthi and Simhachalam North to avoid surface crossing at Simhachalam 7.135 km PB 73 of 2023 24 NR,,Ministry of Railways,Railways,Andhra Pradesh,04/2027,East Coast Railway [ECoR] - II,,,183.65,183.65,4.16,11.0,FlashReport_July_2025.pdf,54,Table 6: All Ongoing Projects,SUCCESS
2025-07,454,616697,,PRIMARY_IDENTIFIER,3rd & 4th line between Vadlapudi -Gate Jn. cabin and Tie line between Gate Junction to Gangavaram port,,Ministry of Railways,Railways,Andhra Pradesh,06/2026,East Coast Railway [ECoR] - II,,,154.28,154.28,10.79,16.0,FlashReport_July_2025.pdf,54,Table 6: All Ongoing Projects,SUCCESS
2025-07,455,617210,,PRIMARY_IDENTIFIER,Tiupati Katpadi 104.39 kms,South Central Railway [SCR] - II,Ministry of Railways,Railways,Andhra Pradesh,03/2029,04/2025,,,1215.56,1215.56,0.0,0.0,FlashReport_July_2025.pdf,54,Table 6: All Ongoing Projects,SUCCESS
2025-07,456,617216,,PRIMARY_IDENTIFIER,3rd Line between Gudur Renigunta 83.17 Km,South Central Railway [SCR] - II,Ministry of Railways,Railways,Andhra Pradesh,03/2027,10/2024,,,877.34,877.34,2.97,0.0,FlashReport_July_2025.pdf,54,Table 6: All Ongoing Projects,SUCCESS
2025-07,457,705436,,PRIMARY_IDENTIFIER,Kotapalli - Narasapur New Line,South Central Railway [SCR] - II,Ministry of Railways,Railways,Andhra Pradesh,03/2028,09/2013,,03/2028,2501.0,2501.0,1264.18,29.0,FlashReport_July_2025.pdf,54,Table 6: All Ongoing Projects,SUCCESS
2025-07,458,705633,,PRIMARY_IDENTIFIER,Guntur-Guntakal Doubling Project,South Central Railway [SCR] - II,Ministry of Railways,Railways,Andhra Pradesh,12/2025,11/2017,,12/2026,3733.0,4295.0,4112.59,92.0,FlashReport_July_2025.pdf,54,Table 6: All Ongoing Projects,SUCCESS
2025-07,459,705648,,PRIMARY_IDENTIFIER,Vijaywada-Gudur 3rd Line,RVNL - II,Ministry of Railways,Railways,Andhra Pradesh,11/2024,04/2018,,12/2025,6654.0,6654.0,5922.0,90.0,FlashReport_July_2025.pdf,54,Table 6: All Ongoing Projects,SUCCESS
2025-07,460,705789,,PRIMARY_IDENTIFIER,Penukonda - Dharmavaram Doubling Project [41.5 Km],South Western Railway [SWR] - II,Ministry of Railways,Railways,Andhra Pradesh,03/2026,12/2018,,03/2026,307.66,307.66,267.83,60.0,FlashReport_July_2025.pdf,54,Table 6: All Ongoing Projects,SUCCESS
2025-07,461,613788,,PRIMARY_IDENTIFIER,AGTHORI KAMAKHYA SECTION WITH CONSTRUCTION OF NEW RAIL CUM- ROAD BRIDGE AT SARAIGHAT - 7.062KM,,Ministry of Railways,Railways,Assam,12/2029,Northeast Frontier Railway [NFR],,,1473.77,1473.77,0.0,0.0,FlashReport_July_2025.pdf,54,Table 6: All Ongoing Projects,SUCCESS
2025-07,462,705572,,PRIMARY_IDENTIFIER,Doubling of New Bonggigaon to Kamakhya via Goalpara - 176 km,Northeast Frontier Railway [NFR],Ministry of Railways,Railways,Assam,03/2026,09/2016,,03/2026,4060.0,4961.0,3683.75,93.0,FlashReport_July_2025.pdf,54,Table 6: All Ongoing Projects,SUCCESS
2025-07,463,706922,,PRIMARY_IDENTIFIER,Guwahati-Dibrugarh via Tinsukia & Simaluguri-Dibrugarh,Central Organisation for Railway Electrification [CORE],Ministry of Railways,Railways,Assam,09/2020,09/2018,,06/2024,890.36,889.36,391.73,89.0,FlashReport_July_2025.pdf,54,Table 6: All Ongoing Projects,SUCCESS
2025-07,464,400254,,PRIMARY_IDENTIFIER,Sakri -Hasanpur [via Harnagar - Kusheshwar Asthan] New Railway line,East Central Railway [ECR] - I,Ministry of Railways,Railways,Bihar,12/2024,08/1997,,03/2027,735.2,735.2,585.09,81.0,FlashReport_July_2025.pdf,54,Table 6: All Ongoing Projects,SUCCESS
2025-07,465,617231,,PRIMARY_IDENTIFIER,Construction of Bulb line at Nabinagar Ankorah of East Central Railway,East Central Railway [ECR] - I,Ministry of Railways,Railways,Bihar,06/2028,05/2026,,,611.74,611.74,0.0,0.0,FlashReport_July_2025.pdf,54,Table 6: All Ongoing Projects,SUCCESS
2025-07,466,705363,,PRIMARY_IDENTIFIER,Sakri-Hasanpur Road New Rail Line Project,East Central Railway [ECR] - I,Ministry of Railways,Railways,Bihar,12/2024,03/2011,,03/2025,735.0,735.0,605.0,78.0,FlashReport_July_2025.pdf,54,Table 6: All Ongoing Projects,SUCCESS
2025-07,467,705364,,PRIMARY_IDENTIFIER,Khagaria-Kusheshwar Asthan [42Km] new line project,East Central Railway [ECR] - I,Ministry of Railways,Railways,Bihar,12/2024,12/1998,,03/2027,614.0,1384.0,479.22,55.0,FlashReport_July_2025.pdf,54,Table 6: All Ongoing Projects,SUCCESS
2025-07,468,705366,,PRIMARY_IDENTIFIER,Hajipur-Sagauli New line,East Central Railway [ECR] - I,Ministry of Railways,Railways,Bihar,03/2020,10/2004,,12/2026,2067.0,2087.0,1908.49,74.0,FlashReport_July_2025.pdf,54,Table 6: All Ongoing Projects,SUCCESS
2025-07,469,705368,,PRIMARY_IDENTIFIER,Araria Supaul New BG Line,East Central Railway [ECR] - II,Ministry of Railways,Railways,Bihar,03/2024,03/2009,,01/2027,1605.0,2514.0,1311.39,33.0,FlashReport_July_2025.pdf,54,Table 6: All Ongoing Projects,SUCCESS
2025-07,470,705373,,PRIMARY_IDENTIFIER,"Fatuha-Islampur incl. MM for extn.of NL from Neora to Daniawan , Daniawan to Biharsharif, Biharsharif to Barbigha , Barbigha to Shekhpura",East Central Railway [ECR] - II,Ministry of Railways,Railways,Bihar,03/2023,03/2002,,08/2025,1473.0,2882.0,2824.8,91.0,FlashReport_July_2025.pdf,54,Table 6: All Ongoing Projects,SUCCESS
2025-07,471,705400,,PRIMARY_IDENTIFIER,New B.G. Railway Line- Araria to Galgalia [Thakurgunj],Northeast Frontier Railway [NFR],Ministry of Railways,Railways,Bihar,12/2024,06/2007,,07/2025,2650.0,4412.0,4152.4,96.0,FlashReport_July_2025.pdf,54,Table 6: All Ongoing Projects,SUCCESS
2025-07,472,705450,,PRIMARY_IDENTIFIER,Jogbani-Biratnagar New Rail Line project,Indian Railway Construction International Limited [IRCON],Ministry of Railways,Railways,Bihar,03/2022,01/2011,,12/2026,402.0,486.0,361.0,86.0,FlashReport_July_2025.pdf,54,Table 6: All Ongoing Projects,SUCCESS
2025-07,473,705526,,PRIMARY_IDENTIFIER,Samastipur-Darbhanga Doubling Railway Project,East Central Railway [ECR] - I,Ministry of Railways,Railways,Bihar,03/2025,12/2015,,10/2025,519.0,519.0,337.03,82.0,FlashReport_July_2025.pdf,54,Table 6: All Ongoing Projects,SUCCESS
2025-07,474,705527,,PRIMARY_IDENTIFIER,Sagauli-Valmiknagar,East Central Railway [ECR] - II,Ministry of Railways,Railways,Bihar,12/2025,03/2017,,12/2025,1216.0,2222.0,2039.0,91.0,FlashReport_July_2025.pdf,54,Table 6: All Ongoing Projects,SUCCESS
2025-07,475,705528,,PRIMARY_IDENTIFIER,Muzaffarpur-Sugauli,East Central Railway [ECR] - II,Ministry of Railways,Railways,Bihar,06/2024,03/2017,,08/2025,1586.0,1586.0,1586.82,99.0,FlashReport_July_2025.pdf,54,Table 6: All Ongoing Projects,SUCCESS
2025-07,476,706759,,PRIMARY_IDENTIFIER,Rampur Dumra-Tal-Rajendrapul Additional Bridge and Railway Line Doubling,Indian Railway Construction International Limited [IRCON],Ministry of Railways,Railways,Bihar,12/2024,05/2017,,12/2025,2374.0,2374.0,1777.0,85.0,FlashReport_July_2025.pdf,54,Table 6: All Ongoing Projects,SUCCESS
2025-07,477,400220,,PRIMARY_IDENTIFIER,Kharsia-Dharamjaygarh with Spur line [East Corridor-Phase 1],Indian Railway Construction International Limited [IRCON],Ministry of Railways,Railways,Chhattisgarh,09/2018,01/2014,,03/2026,3055.0,3438.0,2574.54,94.0,FlashReport_July_2025.pdf,54,Table 6: All Ongoing Projects,SUCCESS
2025-07,478,400291,,PRIMARY_IDENTIFIER,Doubling of Kirandul-Jagdalpur Line [150 km],East Coast Railway [ECoR] - II,Ministry of Railways,Railways,Chhattisgarh,03/2020,03/2013,,12/2025,1589.0,1798.0,1541.7,92.0,FlashReport_July_2025.pdf,54,Table 6: All Ongoing Projects,SUCCESS
2025-07,479,602792,,PRIMARY_IDENTIFIER,Gauge Conversion of Kendri-Dhamtari including Abhanpur - Rajim Branch line Kms - 2nd Material Modification to Raipur Titlagarh doubling.,SECR,Ministry of Railways,Railways,Chhattisgarh,02/2025,05/2021,,11/2025,1171.0,1171.0,848.0,82.0,FlashReport_July_2025.pdf,55,Table 6: All Ongoing Projects,SUCCESS
2025-07,480,612815,,PRIMARY_IDENTIFIER,4th line between Nipania Bhatapara 14.4 Km,South East Central Railway [SECR] - II,Ministry of Railways,Railways,Chhattisgarh,03/2027,05/2024,,,170.49,170.49,0.0,0.0,FlashReport_July_2025.pdf,55,Table 6: All Ongoing Projects,SUCCESS
2025-07,481,613003,,PRIMARY_IDENTIFIER,Dharamjaigarh-Korba 63 km,CERL,Ministry of Railways,Railways,Chhattisgarh,08/2026,07/2022,,,1686.26,1686.26,288.83,18.5,FlashReport_July_2025.pdf,55,Table 6: All Ongoing Projects,SUCCESS
2025-07,482,617200,,PRIMARY_IDENTIFIER,KHARSIA- NAYA RAIPUR-PARMALKASA 5th and 6th Line [278KM],CAO/C/SECR,Ministry of Railways,Railways,Chhattisgarh,03/2031,04/2025,,,7853.84,7853.84,0.0,0.0,FlashReport_July_2025.pdf,55,Table 6: All Ongoing Projects,SUCCESS
2025-07,483,705433,,PRIMARY_IDENTIFIER,Dallirajhra- Rowghat New Railway Line - Phase I [95 km],RVNL - II,Ministry of Railways,Railways,Chhattisgarh,09/2025,12/2009,,12/2025,1628.0,1628.0,1440.85,82.0,FlashReport_July_2025.pdf,55,Table 6: All Ongoing Projects,SUCCESS
2025-07,484,705444,,PRIMARY_IDENTIFIER,Gevra Road-Pendra Road New Railway Line [135 km],Indian Railway Construction International Limited [IRCON],Ministry of Railways,Railways,Chhattisgarh,03/2022,04/2014,,12/2025,4970.0,4970.0,4271.55,72.0,FlashReport_July_2025.pdf,55,Table 6: All Ongoing Projects,SUCCESS
2025-07,485,705756,,PRIMARY_IDENTIFIER,Chirimiri-Nagpur Halt New Railway Line Project,South East Central Railway [SECR] - II,Ministry of Railways,Railways,Chhattisgarh,06/2030,06/2020,,06/2030,241.0,656.52,71.0,0.0,FlashReport_July_2025.pdf,55,Table 6: All Ongoing Projects,SUCCESS
2025-07,486,706854,,PRIMARY_IDENTIFIER,Boridand - Ambikapur Doubling Line Project,South East Central Railway [SECR] - II,Ministry of Railways,Railways,Chhattisgarh,06/2030,04/2022,,06/2030,1376.0,1576.23,218.0,18.0,FlashReport_July_2025.pdf,55,Table 6: All Ongoing Projects,SUCCESS
2025-07,487,709814,,PRIMARY_IDENTIFIER,NIPANIA-BHATAPRA [14.4 KM] 4TH LINE [PB-72/NR/2022-23],SECR,Ministry of Railways,Railways,Chhattisgarh,12/2026,05/2024,,12/2026,170.0,184.0,0.0,0.0,FlashReport_July_2025.pdf,55,Table 6: All Ongoing Projects,SUCCESS
2025-07,488,709815,,PRIMARY_IDENTIFIER,4TH LINE - BHATAPARA-HATHBAND [8.8 KM] [PB-72/NR/2022-23],SECR,Ministry of Railways,Railways,Chhattisgarh,01/2027,05/2024,,12/2027,177.03,177.03,0.0,0.0,FlashReport_July_2025.pdf,55,Table 6: All Ongoing Projects,SUCCESS
2025-07,489,709816,,PRIMARY_IDENTIFIER,4TH LINE - BHILAI-BHILAI NAGAR [8.8 KM] [PB-72/NR/2022-23],SECR,Ministry of Railways,Railways,Chhattisgarh,02/2027,05/2024,,02/2027,177.34,177.34,0.76,2.0,FlashReport_July_2025.pdf,55,Table 6: All Ongoing Projects,SUCCESS
2025-07,490,709817,,PRIMARY_IDENTIFIER,4TH LINE - DADHAPARA-BELHA [9.2 KM] [PB-72/NR/2022-23],SECR,Ministry of Railways,Railways,Chhattisgarh,11/2026,05/2024,,11/2026,169.06,169.06,10.13,4.0,FlashReport_July_2025.pdf,55,Table 6: All Ongoing Projects,SUCCESS
2025-07,491,709818,,PRIMARY_IDENTIFIER,4TH LINE RAJNANDGAON-DONGARHGARH [31.2 KM] [PB-72/NR/2022-23],SECR,Ministry of Railways,Railways,Chhattisgarh,01/2027,05/2024,,01/2027,328.34,328.34,48.02,25.0,FlashReport_July_2025.pdf,55,Table 6: All Ongoing Projects,SUCCESS
2025-07,492,709819,,PRIMARY_IDENTIFIER,3RD AND 4TH LINE - SARAGBUNDIA AND MADWARANI,SECR,Ministry of Railways,Railways,Chhattisgarh,12/2026,09/2022,,12/2026,177.0,177.0,0.0,0.0,FlashReport_July_2025.pdf,55,Table 6: All Ongoing Projects,SUCCESS
2025-07,493,613785,,PRIMARY_IDENTIFIER,Redevelopment of New Delhi Railway Station and construction of associated infrastructure,,Ministry of Railways,Railways,Delhi,12/2028,Ministry of Railways,,,4744.0,4744.0,31.77,0.0,FlashReport_July_2025.pdf,55,Table 6: All Ongoing Projects,SUCCESS
2025-07,494,705298,,PRIMARY_IDENTIFIER,North Region Video Surveillance Project,RCIL,Ministry of Railways,Railways,Delhi,03/2024,04/2023,,,274.39,274.39,0.0,0.0,FlashReport_July_2025.pdf,55,Table 6: All Ongoing Projects,SUCCESS
2025-07,495,705694,,PRIMARY_IDENTIFIER,Provision of Work-site Tampers [WST] Railway Project,EDTK[MC]/RB,Ministry of Railways,Railways,Delhi,12/2023,01/2016,,01/2026,187.72,187.72,141.91,100.0,FlashReport_July_2025.pdf,55,Table 6: All Ongoing Projects,SUCCESS
2025-07,496,705708,,PRIMARY_IDENTIFIER,WST Machine Procurement Project,EDTK[MC]/RB,Ministry of Railways,Railways,Delhi,03/2024,06/2018,,12/2027,176.0,176.0,0.0,0.0,FlashReport_July_2025.pdf,55,Table 6: All Ongoing Projects,SUCCESS
2025-07,497,705710,,PRIMARY_IDENTIFIER,PCT Machine Procurement Project,EDTK[MC]/RB,Ministry of Railways,Railways,Delhi,04/2024,04/2019,,06/2027,336.0,336.0,74.32,81.25,FlashReport_July_2025.pdf,55,Table 6: All Ongoing Projects,SUCCESS
2025-07,498,705712,,PRIMARY_IDENTIFIER,RBMV Machine Procurement Project,EDTK[MC]/RB,Ministry of Railways,Railways,Delhi,06/2024,10/2019,,12/2027,480.0,480.0,0.33,3.75,FlashReport_July_2025.pdf,55,Table 6: All Ongoing Projects,SUCCESS
2025-07,499,705717,,PRIMARY_IDENTIFIER,SRGM Machine Procurement Project,EDTK[MC]/RB,Ministry of Railways,Railways,Delhi,12/2023,10/2019,,03/2026,440.0,440.0,390.03,75.0,FlashReport_July_2025.pdf,55,Table 6: All Ongoing Projects,SUCCESS
2025-07,500,705720,,PRIMARY_IDENTIFIER,WST Machine Procurement Project,EDTK[MC]/RB,Ministry of Railways,Railways,Delhi,04/2024,12/2019,,12/2026,384.0,384.0,0.0,0.0,FlashReport_July_2025.pdf,55,Table 6: All Ongoing Projects,SUCCESS
2025-07,501,705721,,PRIMARY_IDENTIFIER,DTS Machine Procurement Project,EDTK[MC]/RB,Ministry of Railways,Railways,Delhi,12/2024,12/2019,,12/2026,447.6,447.6,0.0,0.0,FlashReport_July_2025.pdf,55,Table 6: All Ongoing Projects,SUCCESS
2025-07,502,705722,,PRIMARY_IDENTIFIER,BRM Machine Procurement Project,EDTK[MC]/RB,Ministry of Railways,Railways,Delhi,06/2024,09/2019,,12/2027,210.0,210.0,0.02,0.0,FlashReport_July_2025.pdf,55,Table 6: All Ongoing Projects,SUCCESS
2025-07,503,705726,,PRIMARY_IDENTIFIER,Track Machine Procurement Project,EDTK[MC]/RB,Ministry of Railways,Railways,Delhi,03/2025,04/2020,,01/2028,6339.0,6339.0,4166.47,41.0,FlashReport_July_2025.pdf,55,Table 6: All Ongoing Projects,SUCCESS
2025-07,504,611918,,PRIMARY_IDENTIFIER,Kosamba Umarpada 70 Km,PCE/WR,Ministry of Railways,Railways,Gujarat,03/2027,07/2022,,,468.0,468.0,20.0,0.0,FlashReport_July_2025.pdf,55,Table 6: All Ongoing Projects,SUCCESS
2025-07,505,611937,,PRIMARY_IDENTIFIER,Adraj Moti Vijapur 40 Kms,Western Railway [WR] - II,Ministry of Railways,Railways,Gujarat,05/2026,05/2022,,05/2026,417.53,417.53,223.0,86.0,FlashReport_July_2025.pdf,55,Table 6: All Ongoing Projects,SUCCESS
2025-07,506,611938,,PRIMARY_IDENTIFIER,Vijapur Ambliyasan 42 km,PCE/WR,Ministry of Railways,Railways,Gujarat,05/2026,05/2022,,05/2026,415.38,415.38,364.0,96.0,FlashReport_July_2025.pdf,55,Table 6: All Ongoing Projects,SUCCESS
2025-07,507,611939,,PRIMARY_IDENTIFIER,Himatnagar Khedbrahma 55 km,WR,Ministry of Railways,Railways,Gujarat,06/2001,04/2017,,06/2026,482.42,482.42,461.0,96.0,FlashReport_July_2025.pdf,55,Table 6: All Ongoing Projects,SUCCESS
2025-07,508,611943,,PRIMARY_IDENTIFIER,New broad gauge line between Naliya Jakhau Port 25 Kms,PCE/WR,Ministry of Railways,Railways,Gujarat,01/2028,02/2023,,01/2028,410.26,410.26,6.0,4.0,FlashReport_July_2025.pdf,55,Table 6: All Ongoing Projects,SUCCESS
2025-07,509,611944,,PRIMARY_IDENTIFIER,Quadrupling between Gandhidham Adipur with Y connection at Adipur for providing direct entry towards Mundra Port and Bhuj and high level platform at Gopalpur 11Kms,PCE/WR,Ministry of Railways,Railways,Gujarat,03/2026,02/2023,,03/2026,152.44,152.44,20.0,68.0,FlashReport_July_2025.pdf,56,Table 6: All Ongoing Projects,SUCCESS
2025-07,510,611945,,PRIMARY_IDENTIFIER,Petlad Bhadran 23 Kms,PCE/WR,Ministry of Railways,Railways,Gujarat,05/2030,05/2022,,05/2030,307.11,307.11,82.0,8.0,FlashReport_July_2025.pdf,56,Table 6: All Ongoing Projects,SUCCESS
2025-07,511,611969,,PRIMARY_IDENTIFIER,Choranda Motikoral 18 Kms,PCE/WR,Ministry of Railways,Railways,Gujarat,10/2026,08/2023,,,246.0,246.0,0.0,0.0,FlashReport_July_2025.pdf,56,Table 6: All Ongoing Projects,SUCCESS
2025-07,512,611970,,PRIMARY_IDENTIFIER,Samlaya Timba Road 54 km,PCE/WR,Ministry of Railways,Railways,Gujarat,03/2030,02/2023,,03/2030,670.17,670.17,102.0,12.0,FlashReport_July_2025.pdf,56,Table 6: All Ongoing Projects,SUCCESS
2025-07,513,611971,,PRIMARY_IDENTIFIER,Samni Jambusar 24 km,PCE/WR,Ministry of Railways,Railways,Gujarat,03/2030,05/2022,,03/2030,350.0,349.93,87.0,32.0,FlashReport_July_2025.pdf,56,Table 6: All Ongoing Projects,SUCCESS
2025-07,514,611972,,PRIMARY_IDENTIFIER,Jambusar Kavi 26 Kms,PCE/WR,Ministry of Railways,Railways,Gujarat,12/2026,04/2023,,,318.0,318.0,0.0,0.0,FlashReport_July_2025.pdf,56,Table 6: All Ongoing Projects,SUCCESS
2025-07,515,611973,,PRIMARY_IDENTIFIER,miyagam karjan Choranda maalsar 37 kms,PCE/WR,Ministry of Railways,Railways,Gujarat,12/2026,06/2023,,,450.0,450.0,0.0,0.0,FlashReport_July_2025.pdf,56,Table 6: All Ongoing Projects,SUCCESS
2025-07,516,611974,,PRIMARY_IDENTIFIER,Western Railway Samakhiali Gandhidham Quadrupiling 53 Kms,PCE/WR,Ministry of Railways,Railways,Gujarat,12/2026,08/2023,,,1430.0,1430.0,0.0,0.0,FlashReport_July_2025.pdf,56,Table 6: All Ongoing Projects,SUCCESS
2025-07,517,611977,,PRIMARY_IDENTIFIER,Dahod Creation of Infrastructure facilities for 9000 HP Electric locomotives Manufacturing at,,Ministry of Railways,Railways,Gujarat,02/2025,PCE/WR,,,487.0,487.0,108.69,0.0,FlashReport_July_2025.pdf,56,Table 6: All Ongoing Projects,SUCCESS
2025-07,518,611978,,PRIMARY_IDENTIFIER,Dahod Rolling Stock Workshop Provision of Infrastructure for CBS at,PCE/WR,Ministry of Railways,Railways,Gujarat,03/2025,03/2023,,,158.0,158.0,47.31,0.0,FlashReport_July_2025.pdf,56,Table 6: All Ongoing Projects,SUCCESS
2025-07,519,611979,,PRIMARY_IDENTIFIER,Sabarmati Setting up of Maintenance Facilities for Train Sets Phase ii,PCE/WR,Ministry of Railways,Railways,Gujarat,06/2025,04/2023,,,250.0,250.0,0.0,0.0,FlashReport_July_2025.pdf,56,Table 6: All Ongoing Projects,SUCCESS
2025-07,520,612072,,PRIMARY_IDENTIFIER,4th LINE BETWEEN BAREJADI NANDEJ-SANAND-AHMEDABAD BYPASS,Western Railway,Ministry of Railways,Railways,Gujarat,03/2027,02/2023,,03/2027,961.67,961.67,132.63,16.0,FlashReport_July_2025.pdf,56,Table 6: All Ongoing Projects,SUCCESS
2025-07,521,613786,,PRIMARY_IDENTIFIER,"Redevelopment of Ahmedabad railway station and associated infrastructure on engineering, procurement and construction mode",,Ministry of Railways,Railways,Gujarat,03/2028,Ministry of Railways,,,2379.0,2379.0,607.69,15.0,FlashReport_July_2025.pdf,56,Table 6: All Ongoing Projects,SUCCESS
2025-07,522,705458,,PRIMARY_IDENTIFIER,Miyagam-Karjan-Dabhoi-Samlaya [GC],Western Railway [WR] - II,Ministry of Railways,Railways,Gujarat,03/2021,01/2017,,12/2026,844.0,1600.0,693.0,68.0,FlashReport_July_2025.pdf,56,Table 6: All Ongoing Projects,SUCCESS
2025-07,523,706757,,PRIMARY_IDENTIFIER,Modasa-Shamlaji Road Railway Line Project,SECR,Ministry of Railways,Railways,Gujarat,03/2025,04/2008,,03/2027,262.0,262.0,203.0,58.0,FlashReport_July_2025.pdf,56,Table 6: All Ongoing Projects,SUCCESS
2025-07,524,706763,,PRIMARY_IDENTIFIER,Rajkot - Kanalus Doubling Project [111.2 Kms],Western Railway [WR] - II,Ministry of Railways,Railways,Gujarat,10/2026,12/2021,,10/2026,1080.58,1080.58,731.0,72.0,FlashReport_July_2025.pdf,56,Table 6: All Ongoing Projects,SUCCESS
2025-07,525,709812,,PRIMARY_IDENTIFIER,NADIAD-PETLAD [37.26 KM],WR,Ministry of Railways,Railways,Gujarat,06/2030,,,06/2030,461.91,461.91,75.0,7.0,FlashReport_July_2025.pdf,56,Table 6: All Ongoing Projects,SUCCESS
2025-07,526,709813,,PRIMARY_IDENTIFIER,NEW BG LINE INTERSECTION [5 NOS] BETWEEN GERATPUR-SANAND & BOTAD-AHMEDABAD [16.51 KM] [PB#29/NR/202,SECR,Ministry of Railways,Railways,Gujarat,10/2027,,,10/2027,437.21,437.21,43.0,15.0,FlashReport_July_2025.pdf,56,Table 6: All Ongoing Projects,SUCCESS
2025-07,527,611884,,PRIMARY_IDENTIFIER,Bhiwani - Dobh Bahali Doubling Project [42.30 Km],North Western Railway [NWR],Ministry of Railways,Railways,Haryana,02/2028,02/2023,,02/2028,471.0,471.0,187.33,57.0,FlashReport_July_2025.pdf,56,Table 6: All Ongoing Projects,SUCCESS
2025-07,528,705765,,PRIMARY_IDENTIFIER,Gomoh - Flyover for DN trains,East Central Railway [ECR] - II,Ministry of Railways,Railways,Jharkhand,03/2026,01/2018,,03/2026,686.0,686.0,536.04,59.0,FlashReport_July_2025.pdf,56,Table 6: All Ongoing Projects,SUCCESS
2025-07,529,705785,,PRIMARY_IDENTIFIER,Lodhma - Piska - Link Line bypassing Hatia/Ranchi with Y connection,South Eastern Railway [SER] - I,Ministry of Railways,Railways,Jharkhand,06/2026,03/2019,,05/2027,473.0,473.0,284.26,4.0,FlashReport_July_2025.pdf,56,Table 6: All Ongoing Projects,SUCCESS
2025-07,530,400023,,PRIMARY_IDENTIFIER,Construction of New BG line between Hassan to Belur [27 Km],South Western Railway [SWR] - II,Ministry of Railways,Railways,Karnataka,04/2028,12/2025,,04/2027,749.0,749.0,0.0,0.0,FlashReport_July_2025.pdf,56,Table 6: All Ongoing Projects,SUCCESS
2025-07,531,703585,,PRIMARY_IDENTIFIER,Yeshvanthpur - Channasandra Doubling Project [21.70 Km],Karnataka Rail Infrastructure Development Company Limited [K-RIDE],Ministry of Railways,Railways,Karnataka,12/2024,10/2019,,06/2026,314.0,314.0,144.0,59.0,FlashReport_July_2025.pdf,56,Table 6: All Ongoing Projects,SUCCESS
2025-07,532,705434,,PRIMARY_IDENTIFIER,New Railway Line between Ginigera and Raichur [165.57 km],South Western Railway [SWR] - II,Ministry of Railways,Railways,Karnataka,03/2019,05/2009,,03/2027,2565.0,3034.98,2063.57,66.0,FlashReport_July_2025.pdf,56,Table 6: All Ongoing Projects,SUCCESS
2025-07,533,705490,,PRIMARY_IDENTIFIER,Gadag-Wadi New Railway Line [257 km],South Western Railway [SWR] - II,Ministry of Railways,Railways,Karnataka,03/2027,08/2017,,12/2027,2842.0,6700.0,1721.14,30.0,FlashReport_July_2025.pdf,56,Table 6: All Ongoing Projects,SUCCESS
2025-07,534,705492,,PRIMARY_IDENTIFIER,Kadur - Chickamagalur - Sakleshpur [93km],South Western Railway [SWR] - II,Ministry of Railways,Railways,Karnataka,06/2025,11/2016,,12/2025,825.0,825.0,770.18,83.0,FlashReport_July_2025.pdf,56,Table 6: All Ongoing Projects,SUCCESS
2025-07,535,705495,,PRIMARY_IDENTIFIER,Bagalkot-Kudachi New Railway Line [142 km],South Western Railway [SWR] - II,Ministry of Railways,Railways,Karnataka,03/2027,11/2012,,01/2027,1378.0,1649.0,670.74,35.0,FlashReport_July_2025.pdf,56,Table 6: All Ongoing Projects,SUCCESS
2025-07,536,705496,,PRIMARY_IDENTIFIER,Tumkur-Chitradurga-Davangere New Rail Line Project [191 km],South Western Railway [SWR] - II,Ministry of Railways,Railways,Karnataka,03/2019,01/2017,,12/2027,1876.0,1876.0,516.17,13.0,FlashReport_July_2025.pdf,56,Table 6: All Ongoing Projects,SUCCESS
2025-07,537,705761,,PRIMARY_IDENTIFIER,SHIMOGA - SHIKARIPURA - RANEBENNUR [96 Km],South Western Railway [SWR] - II,Ministry of Railways,Railways,Karnataka,12/2027,02/2023,,06/2028,1454.0,1454.0,69.58,11.0,FlashReport_July_2025.pdf,56,Table 6: All Ongoing Projects,SUCCESS
2025-07,538,706835,,PRIMARY_IDENTIFIER,Belgaum-Dharwad via Kittur [73.10Km],South Western Railway [SWR] - II,Ministry of Railways,Railways,Karnataka,12/2027,03/2025,,03/2029,1591.0,1591.0,0.75,0.0,FlashReport_July_2025.pdf,56,Table 6: All Ongoing Projects,SUCCESS
2025-07,539,705638,,PRIMARY_IDENTIFIER,Kumbalam-Turavur doubling project [15.59 Km],Southern Railway [SR] - II,Ministry of Railways,Railways,Kerala,03/2027,04/2023,,03/2027,813.0,813.0,292.15,15.0,FlashReport_July_2025.pdf,57,Table 6: All Ongoing Projects,SUCCESS
2025-07,540,705639,,PRIMARY_IDENTIFIER,Ernakulam-Kumbalam doubling project [7.71 Km],SR-ERS,Ministry of Railways,Railways,Kerala,03/2028,04/2023,,03/2028,601.0,601.0,283.0,17.0,FlashReport_July_2025.pdf,57,Table 6: All Ongoing Projects,SUCCESS
2025-07,541,705480,,PRIMARY_IDENTIFIER,"Lalitpur-Satna, Rewa-Singrauli & Mahoba-Khajuraho",North Central Railway,Ministry of Railways,Railways,Madhya Pradesh,03/2027,03/1998,,12/2027,8914.0,8914.0,4971.65,70.0,FlashReport_July_2025.pdf,57,Table 6: All Ongoing Projects,SUCCESS
2025-07,542,705651,,PRIMARY_IDENTIFIER,Katni - Bina Third Railway Line [279 km],West Central Railway WCR I,Ministry of Railways,Railways,Madhya Pradesh,03/2022,01/2017,,12/2025,2478.23,4127.23,3295.49,90.0,FlashReport_July_2025.pdf,57,Table 6: All Ongoing Projects,SUCCESS
2025-07,543,705659,,PRIMARY_IDENTIFIER,Satna-Rewa Railway Line Doubling Project,West Central Railway [WCR] - II,Ministry of Railways,Railways,Madhya Pradesh,03/2026,08/2017,,03/2026,500.0,584.0,561.26,80.0,FlashReport_July_2025.pdf,57,Table 6: All Ongoing Projects,SUCCESS
2025-07,544,705660,,PRIMARY_IDENTIFIER,Doubling of Katni - Singrauli Railway Line [261 km],Indian Railway Construction International Limited [IRCON],Ministry of Railways,Railways,Madhya Pradesh,12/2026,03/2017,,12/2027,2445.0,4377.0,3122.0,100.0,FlashReport_July_2025.pdf,57,Table 6: All Ongoing Projects,SUCCESS
2025-07,545,705661,,PRIMARY_IDENTIFIER,Katni Grade Separator/Bye Pass,Indian Railway Construction International Limited [IRCON],Ministry of Railways,Railways,Madhya Pradesh,09/2024,09/2017,,03/2026,1248.0,1248.0,1537.77,92.0,FlashReport_July_2025.pdf,57,Table 6: All Ongoing Projects,SUCCESS
2025-07,546,705763,,PRIMARY_IDENTIFIER,Indore - Budni New Railway Line [198 kms],RVNL - II,Ministry of Railways,Railways,Madhya Pradesh,09/2030,10/2020,,09/2030,7474.0,7474.0,1658.03,22.0,FlashReport_July_2025.pdf,57,Table 6: All Ongoing Projects,SUCCESS
2025-07,547,705933,,PRIMARY_IDENTIFIER,Nimach-Ratlam Doubling [133 Km],Western Railway [WR] - II,Ministry of Railways,Railways,Madhya Pradesh,10/2027,10/2021,,10/2027,1095.88,1095.88,1056.18,89.0,FlashReport_July_2025.pdf,57,Table 6: All Ongoing Projects,SUCCESS
2025-07,548,400019,,PRIMARY_IDENTIFIER,DHULE [BORVIHIR] - NARDANA NEW LINE [50.60 KMS],CR,Ministry of Railways,Railways,Maharashtra,12/2026,04/2023,,09/2027,493.0,1171.0,234.48,9.0,FlashReport_July_2025.pdf,57,Table 6: All Ongoing Projects,SUCCESS
2025-07,549,400271,,PRIMARY_IDENTIFIER,Wardha-Nanded Via Yavatmal New BG Line,Central Railway [CR] - II,Ministry of Railways,Railways,Maharashtra,03/2028,04/2008,,03/2028,3445.0,3445.0,3002.93,50.0,FlashReport_July_2025.pdf,57,Table 6: All Ongoing Projects,SUCCESS
2025-07,550,611751,,PRIMARY_IDENTIFIER,AURANGABAD-ANKAI - DOUBLING PROJECT 98.25 Km,South Central Railway [SCR] - II,Ministry of Railways,Railways,Maharashtra,03/2027,05/2023,,,960.64,960.64,0.0,0.01,FlashReport_July_2025.pdf,57,Table 6: All Ongoing Projects,SUCCESS
2025-07,551,611975,,PRIMARY_IDENTIFIER,Western Railway Vasai bypass double line between Naigaon Juchandra 6 km,PCE/WR,Ministry of Railways,Railways,Maharashtra,03/2026,07/2023,,,176.0,176.0,0.0,0.0,FlashReport_July_2025.pdf,57,Table 6: All Ongoing Projects,SUCCESS
2025-07,552,611976,,PRIMARY_IDENTIFIER,Jogeshwari AT Development of JOS-AT as Trainset Maintenance Depot for energy efficient Vande Bharat Sleeper Trains,,Ministry of Railways,Railways,Maharashtra,10/2025,PCE/WR,,,221.0,221.0,0.0,0.0,FlashReport_July_2025.pdf,57,Table 6: All Ongoing Projects,SUCCESS
2025-07,553,613015,,PRIMARY_IDENTIFIER,Redevelopment of Chhatrapati Shivaji Maharaj Terminus [CSMT] and construction of associated infrastructure,,Ministry of Railways,Railways,Maharashtra,03/2027,Ministry of Railways,,,1813.0,1813.0,525.2,12.0,FlashReport_July_2025.pdf,57,Table 6: All Ongoing Projects,SUCCESS
2025-07,554,617201,,PRIMARY_IDENTIFIER,Gondia-Balharshah [Chanda Fort] Doubling [240 Km],South East Central Railway,Ministry of Railways,Railways,Maharashtra,04/2030,04/2025,,,4373.04,4373.04,0.0,0.0,FlashReport_July_2025.pdf,57,Table 6: All Ongoing Projects,SUCCESS
2025-07,555,617215,,PRIMARY_IDENTIFIER,Doubling between Parbhani Parli Vaijanath stations 64.71 Km,South Central Railway [SCR] - II,Ministry of Railways,Railways,Maharashtra,03/2028,12/2023,,,769.93,769.93,0.0,0.0,FlashReport_July_2025.pdf,57,Table 6: All Ongoing Projects,SUCCESS
2025-07,556,705300,,PRIMARY_IDENTIFIER,Western Region Video Surveillance Project,RCIL,Ministry of Railways,Railways,Maharashtra,12/2023,04/2023,,,227.59,227.59,0.0,0.0,FlashReport_July_2025.pdf,57,Table 6: All Ongoing Projects,SUCCESS
2025-07,557,705356,,PRIMARY_IDENTIFIER,Ahmednagar - Beed - Parli - Vaijnath New Broad Gauge Line Railway Project [261.3 km],Central Railways,Ministry of Railways,Railways,Maharashtra,03/2026,10/2002,,03/2026,2539.0,4957.0,4725.34,92.0,FlashReport_July_2025.pdf,57,Table 6: All Ongoing Projects,SUCCESS
2025-07,558,705357,,PRIMARY_IDENTIFIER,Baramati Lonand New Line Project,Central Railway [CR] - II,Ministry of Railways,Railways,Maharashtra,03/2027,03/1999,,03/2027,736.0,1844.0,712.0,50.0,FlashReport_July_2025.pdf,57,Table 6: All Ongoing Projects,SUCCESS
2025-07,559,705479,,PRIMARY_IDENTIFIER,Wadsa-Gadchiroli,South East Central Railway,Ministry of Railways,Railways,Maharashtra,03/2027,03/2012,,03/2027,1886.0,1886.0,706.28,49.0,FlashReport_July_2025.pdf,57,Table 6: All Ongoing Projects,SUCCESS
2025-07,560,705498,,PRIMARY_IDENTIFIER,3rd Line Kalyan - Kasara [67.35 Kilometres],Central Railway [CR] - II,Ministry of Railways,Railways,Maharashtra,12/2026,09/2015,,12/2026,793.0,1432.0,894.16,50.0,FlashReport_July_2025.pdf,57,Table 6: All Ongoing Projects,SUCCESS
2025-07,561,705500,,PRIMARY_IDENTIFIER,3rd Line Wardha - Sewagram - Nagpur,Central Railway [CR] - II,Ministry of Railways,Railways,Maharashtra,12/2025,05/2016,,12/2025,540.0,698.0,724.75,80.0,FlashReport_July_2025.pdf,57,Table 6: All Ongoing Projects,SUCCESS
2025-07,562,705502,,PRIMARY_IDENTIFIER,3rd Line Wardha - Ballarshah [132 Kilometres],Central Railway [CR] - II,Ministry of Railways,Railways,Maharashtra,12/2025,12/2016,,02/2026,1385.0,1385.0,1102.48,77.0,FlashReport_July_2025.pdf,57,Table 6: All Ongoing Projects,SUCCESS
2025-07,563,705503,,PRIMARY_IDENTIFIER,Pune - Miraj-Londa [467 Kilometres],Central Railway [CR] - II,Ministry of Railways,Railways,Maharashtra,02/2025,06/2016,,08/2025,3627.0,6689.0,6548.0,84.0,FlashReport_July_2025.pdf,57,Table 6: All Ongoing Projects,SUCCESS
2025-07,564,705504,,PRIMARY_IDENTIFIER,Doubling of Daund Manmad Line [247.6 km],Central Railway [CR] - II,Ministry of Railways,Railways,Maharashtra,12/2025,03/2017,,12/2025,2081.0,3075.0,2769.0,88.0,FlashReport_July_2025.pdf,57,Table 6: All Ongoing Projects,SUCCESS
2025-07,565,705505,,PRIMARY_IDENTIFIER,4th Line Wardha - Nagpur [78.7 Kilometres],Central Railway [CR] - II,Ministry of Railways,Railways,Maharashtra,12/2025,05/2018,,02/2026,638.0,1137.0,969.0,80.0,FlashReport_July_2025.pdf,57,Table 6: All Ongoing Projects,SUCCESS
2025-07,566,705506,,PRIMARY_IDENTIFIER,3rd Line Manmad - Jalgaon [160 Kilometres],Central Railway [CR] - II,Ministry of Railways,Railways,Maharashtra,12/2024,04/2018,,08/2025,1035.0,1559.0,1692.0,97.0,FlashReport_July_2025.pdf,57,Table 6: All Ongoing Projects,SUCCESS
2025-07,567,705735,,PRIMARY_IDENTIFIER,Solapur-tuljapur-Osmanabad,WR,Ministry of Railways,Railways,Maharashtra,03/2028,12/2023,,03/2028,905.0,3296.0,1150.0,10.0,FlashReport_July_2025.pdf,57,Table 6: All Ongoing Projects,SUCCESS
2025-07,568,705799,,PRIMARY_IDENTIFIER,Nagpur- Nagbhir Railway Line Gauge Conversion Project,MRIDC,Ministry of Railways,Railways,Maharashtra,12/2025,04/2020,,12/2025,1400.0,1400.0,1472.0,80.0,FlashReport_July_2025.pdf,57,Table 6: All Ongoing Projects,SUCCESS
2025-07,569,706779,,PRIMARY_IDENTIFIER,Mumbai Urban Transport Project [MUTP] - PHASE II,Mumbai Rail Vikas Corporation Ltd.[MRVC],Ministry of Railways,Railways,Maharashtra,03/2014,04/2008,,12/2027,8087.0,8087.0,7364.0,87.0,FlashReport_July_2025.pdf,58,Table 6: All Ongoing Projects,SUCCESS
2025-07,570,706780,,PRIMARY_IDENTIFIER,Mumbai Urban Transport Project [MUTP] Phase-IIIA,Mumbai Rail Vikas Corporation Ltd.[MRVC],Ministry of Railways,Railways,Maharashtra,12/2027,04/2019,,12/2027,33690.0,33690.0,2246.15,16.0,FlashReport_July_2025.pdf,58,Table 6: All Ongoing Projects,SUCCESS
2025-07,571,706781,,PRIMARY_IDENTIFIER,Mumbai Urban Transport Project Phase-III,Mumbai Rail Vikas Corporation Ltd.[MRVC],Ministry of Railways,Railways,Maharashtra,03/2022,12/2016,,12/2026,10947.0,10947.0,5057.67,60.0,FlashReport_July_2025.pdf,58,Table 6: All Ongoing Projects,SUCCESS
2025-07,572,709808,,PRIMARY_IDENTIFIER,PACHORA-JAMNER WITH EXTENSION UPTO MALKAPUR NG TO BG,CR,Ministry of Railways,Railways,Maharashtra,08/2027,01/2022,,03/2028,955.0,2094.0,118.0,2.0,FlashReport_July_2025.pdf,58,Table 6: All Ongoing Projects,SUCCESS
2025-07,573,709809,,PRIMARY_IDENTIFIER,KALYAN-MURBAD VIA ULHASNAGAR [UMBRELLA WORK],Central Railway [CR] - II,Ministry of Railways,Railways,Maharashtra,03/2027,04/2023,,03/2027,836.0,836.0,9.29,1.0,FlashReport_July_2025.pdf,58,Table 6: All Ongoing Projects,SUCCESS
2025-07,574,705491,,PRIMARY_IDENTIFIER,Marikuppam - Kuppam New Line Project [23.70 Km] Multi-States,South Western Railway [SWR] - II,Ministry of Railways,Railways,"Andhra Pradesh, Karnataka",06/2026,10/2018,,06/2026,297.0,297.0,123.17,15.0,FlashReport_July_2025.pdf,58,Table 6: All Ongoing Projects,SUCCESS
2025-07,575,705494,,PRIMARY_IDENTIFIER,Rayadurg-Tumkur via Kalyandurg New Line [207 km] Multi-States,South Western Railway [SWR] - II,Ministry of Railways,Railways,"Andhra Pradesh, Karnataka",09/2015,07/2010,,02/2028,2496.0,2496.0,1691.88,67.0,FlashReport_July_2025.pdf,58,Table 6: All Ongoing Projects,SUCCESS
2025-07,576,705610,,PRIMARY_IDENTIFIER,"Renigunta, Wadi & Gooty Bypass Railway Project Multi-States",South Central Railway [SCR] - I,Ministry of Railways,Railways,"Andhra Pradesh, Karnataka",12/2025,04/2016,,12/2025,302.0,543.0,381.0,50.0,FlashReport_July_2025.pdf,58,Table 6: All Ongoing Projects,SUCCESS
2025-07,577,617212,,PRIMARY_IDENTIFIER,"Doubling between Mudkhed Medchal & Mahbubnagar Dhone section 417.88 Km Multi-States (Andhra Pradesh,",South Central Railway [SCR] - II,Ministry of Railways,Railways,"Maharashtra, Telangana",03/2029,08/2023,,,4686.09,,0.0,0.0,FlashReport_July_2025.pdf,58,Table 6: All Ongoing Projects,SUCCESS
2025-07,578,400253,,PRIMARY_IDENTIFIER,Vizianagaram - Titlagarh 3rd line [272 Km including By - pass line of 7.68 KM] Multi-States,RVNL - II,Ministry of Railways,Railways,"Andhra Pradesh, Odisha",12/2026,11/2016,,12/2026,4803.0,6670.0,5722.01,89.0,FlashReport_July_2025.pdf,58,Table 6: All Ongoing Projects,SUCCESS
2025-07,579,705512,,PRIMARY_IDENTIFIER,Doubling of Kottavalasa-Koraput Rail Line [189 KM] Multi-States,East Coast Railway [ECoR] - II,Ministry of Railways,Railways,"Andhra Pradesh, Odisha",03/2022,01/2016,,03/2028,2500.0,2500.0,2033.31,70.0,FlashReport_July_2025.pdf,58,Table 6: All Ongoing Projects,SUCCESS
2025-07,580,616702,,PRIMARY_IDENTIFIER,"Malkangiri Pandurangapuram new railway line project Multi-States (Andhra Pradesh,",Indian Railways,Ministry of Railways,Railways,"Odisha, Telangana",11/2031,01/2027,,,3591.76,,0.0,0.0,FlashReport_July_2025.pdf,58,Table 6: All Ongoing Projects,SUCCESS
2025-07,581,400275,,PRIMARY_IDENTIFIER,Tindivanam-Nagari New Line Project [184.5 km] Multi-States,Southern Railway [SR] - II,Ministry of Railways,Railways,"Andhra Pradesh, Tamil Nadu",09/2016,10/2008,,03/2028,3631.0,3631.0,1113.53,18.0,FlashReport_July_2025.pdf,58,Table 6: All Ongoing Projects,SUCCESS
2025-07,582,,,UNKNOWN,Doubling between Motumari Vishnupuram - 88.81 Km and Rail over Rail - RoR at Multi-States Motumari - 10.877 Km,,Ministry of Railways,Railways,Andhra Pradesh,03/2029,South Central Railway [SCR] - II,,,1595.55,1595.55,7.69,1.0,FlashReport_July_2025.pdf,58,Table 6: All Ongoing Projects,PARTIAL
2025-07,583,617211,,PRIMARY_IDENTIFIER,Telangana) (616857) Doubling of Guntur Bibinagar 239 Km Multi-States,South Central Railway [SCR] - II,Ministry of Railways,Railways,"Andhra Pradesh, Telangana",03/2029,08/2023,,,2853.23,2853.23,43.88,1.0,FlashReport_July_2025.pdf,58,Table 6: All Ongoing Projects,SUCCESS
2025-07,584,617214,,PRIMARY_IDENTIFIER,Rail Connectivity to Errupalem Amravati Namburu 57 Km Multi-States,South Central Railway [SCR] - II,Ministry of Railways,Railways,"Andhra Pradesh, Telangana",03/2027,11/2024,,,2047.4,2047.4,0.0,0.0,FlashReport_July_2025.pdf,58,Table 6: All Ongoing Projects,SUCCESS
2025-07,585,705612,,PRIMARY_IDENTIFIER,Kazipet-Vijayawada 3rd line with electrification [220 km] Multi-States,South Central Railway [SCR] - II,Ministry of Railways,Railways,"Andhra Pradesh, Telangana",02/2025,08/2014,,12/2025,1953.0,3363.0,2915.49,90.0,FlashReport_July_2025.pdf,58,Table 6: All Ongoing Projects,SUCCESS
2025-07,586,705632,,PRIMARY_IDENTIFIER,Vijayawada - Kazipet Byepass line Multi-States,South Central Railway [SCR] - II,Ministry of Railways,Railways,"Andhra Pradesh, Telangana",01/2025,04/2016,,12/2025,647.0,904.0,870.0,91.0,FlashReport_July_2025.pdf,58,Table 6: All Ongoing Projects,SUCCESS
2025-07,587,705401,,PRIMARY_IDENTIFIER,Murkongselek-Pasighat Multi-States,Northeast Frontier Railway [NFR],Ministry of Railways,Railways,"Pradesh, Assam",03/2025,03/2012,,12/2025,435.0,1250.0,901.0,56.0,FlashReport_July_2025.pdf,58,Table 6: All Ongoing Projects,SUCCESS
2025-07,588,616701,,PRIMARY_IDENTIFIER,Lumding Furkating Doubling Project 140 km Multi-States,Northeast Frontier Railway [NFR],Ministry of Railways,Railways,"Assam, Nagaland",02/2028,01/2025,,,2123.7,2123.7,13.74,0.0,FlashReport_July_2025.pdf,58,Table 6: All Ongoing Projects,SUCCESS
2025-07,589,705392,,PRIMARY_IDENTIFIER,Dimapur [Dhansiri]-Sukhobi Kohima [Zubza] NL [82.5 Km] Multi-States,Northeast Frontier Railway [NFR],Ministry of Railways,Railways,"Assam, Nagaland",03/2025,02/2016,,12/2025,6663.0,6663.0,5202.29,79.0,FlashReport_July_2025.pdf,58,Table 6: All Ongoing Projects,SUCCESS
2025-07,590,,,UNKNOWN,"New Delhi- Howrah Speed Booster[160Kmph] Project Multi-States (Bihar, Delhi,",705794,Ministry of Railways,Railways,Jharkhand,03/2024,09/2019,,,6684.81,6684.81,127.03,0.0,FlashReport_July_2025.pdf,58,Table 6: All Ongoing Projects,PARTIAL
2025-07,591,400234,,PRIMARY_IDENTIFIER,"Pradesh, West Bengal) Third Railway Line between Patratu-Sonnagar [281 kms] Multi-States",RVNL - II,Ministry of Railways,Railways,,03/2026,08/2018,,07/2026,8975.0,8975.0,4950.0,88.0,FlashReport_July_2025.pdf,58,Table 6: All Ongoing Projects,SUCCESS
2025-07,592,616699,,PRIMARY_IDENTIFIER,Multi tracking of Son Nagar-Andal [374.53 rkm & 814.38 tkm] Multi-States,East Central Railway [ECR] - I,Ministry of Railways,Railways,,03/2028,"Bihar, Jharkhand",,,12333.57,12333.6,444.74,10.0,FlashReport_July_2025.pdf,58,Table 6: All Ongoing Projects,SUCCESS
2025-07,593,705375,,PRIMARY_IDENTIFIER,Koderma-Tilaiya New Line Multi-States,East Central Railway [ECR] - II,Ministry of Railways,Railways,,02/2025,03/2002,,02/2026,1626.0,2020.0,2060.97,92.0,FlashReport_July_2025.pdf,58,Table 6: All Ongoing Projects,SUCCESS
2025-07,594,705385,,PRIMARY_IDENTIFIER,Pirpainti - Jasidih [100.52 Km] New BG line Multi-States,Eastern Railway [ER] - I,Ministry of Railways,Railways,,03/2028,03/2022,,03/2028,2555.0,2555.0,763.08,48.0,FlashReport_July_2025.pdf,58,Table 6: All Ongoing Projects,SUCCESS
2025-07,595,,,UNKNOWN,NER Provision of Automatic Block Signalling on Gorakhpur Cantt[Excl] Chhapra Multi-States Gramin & Burhwal Jn [Excl] Sitapur Jn section of high density routes,,Ministry of Railways,Railways,Bihar,03/2027,North Eastern Railway [NER],,,380.47,380.47,24.53,0.0,FlashReport_July_2025.pdf,58,Table 6: All Ongoing Projects,PARTIAL
2025-07,596,617224,,PRIMARY_IDENTIFIER,Pradesh) (611669) Gorakhpur-Valmikinagar Doubling project Multi-States,NER,Ministry of Railways,Railways,"Bihar, Pradesh",12/2027,03/2024,,,1120.0,1120.0,181.86,20.0,FlashReport_July_2025.pdf,58,Table 6: All Ongoing Projects,SUCCESS
2025-07,597,705562,,PRIMARY_IDENTIFIER,Chhapra-Ballia Patch Doubling Multi-States,North Eastern Railway [NER],Ministry of Railways,Railways,"Bihar, Pradesh",02/2025,11/2015,,03/2026,963.0,1046.0,906.0,95.4,FlashReport_July_2025.pdf,58,Table 6: All Ongoing Projects,SUCCESS
2025-07,598,705617,,PRIMARY_IDENTIFIER,Rajnandgaon - Nagpur [Kalumna] Third Railway Line [228.30 km] Multi-States,South East Central Railway [SECR] - II,Ministry of Railways,Railways,"Chhattisgarh, Maharashtra",12/2024,12/2016,,06/2026,3545.0,3545.0,3163.08,95.0,FlashReport_July_2025.pdf,59,Table 6: All Ongoing Projects,SUCCESS
2025-07,599,705511,,PRIMARY_IDENTIFIER,Jagdalpur-Koraput Multi-States,East Coast Railway [ECoR] - II,Ministry of Railways,Railways,"Chhattisgarh, Odisha",03/2024,03/2016,,12/2026,1547.0,1547.0,1308.2,90.0,FlashReport_July_2025.pdf,59,Table 6: All Ongoing Projects,SUCCESS
2025-07,600,705616,,PRIMARY_IDENTIFIER,Jharsuguda-Bilaspur Fourth Railway Line [206 km] Multi-States,SECR,Ministry of Railways,Railways,"Chhattisgarh, Odisha",10/2024,09/2016,,12/2025,2140.0,2979.0,2124.15,88.0,FlashReport_July_2025.pdf,59,Table 6: All Ongoing Projects,SUCCESS
2025-07,601,,,UNKNOWN,Mumbai-Ahmedabad High Speed Rail Project- 508 km Multi-States (Dadra & Nagar,705728,Ministry of Railways,Railways,,08/2027,09/2017,,12/2029,108000.0,108000.0,78690.89,53.0,FlashReport_July_2025.pdf,59,Table 6: All Ongoing Projects,PARTIAL
2025-07,602,,,UNKNOWN,"& Diu, Gujarat, Maharashtra) New Delhi- Mumbai Speed Booster[160Kmph] Project Multi-States (Delhi, Gujarat, Madhya",705793,Ministry of Railways,Railways,,03/2024,09/2019,,,6806.44,6806.44,135.65,0.0,FlashReport_July_2025.pdf,59,Table 6: All Ongoing Projects,PARTIAL
2025-07,603,,,UNKNOWN,"Maharashtra, Rajasthan) Hospet - Tinaighat - Vasco Rail Doubling Project Multi-States (Goa,",RVNL - II,Ministry of Railways,Railways,,03/2027,07/2012,,,5060.0,,5007.82,86.0,FlashReport_July_2025.pdf,59,Table 6: All Ongoing Projects,PARTIAL
2025-07,604,,,UNKNOWN,"Karnataka) (5060) (705650) Hospet-Hubli-Vasco da Gama Line Electrification Project Multi-States (Goa,",RVNL,Ministry of Railways,Railways,,12/2027,05/2018,03/2023,,744.49,,969.05,95.0,FlashReport_July_2025.pdf,59,Table 6: All Ongoing Projects,PARTIAL
2025-07,605,,,UNKNOWN,"Karnataka) (1122.62) (706950) Western Dedicated Freight Corridor Multi-States (Gujarat, Haryana,",705237,Ministry of Railways,Railways,Maharashtra,03/2024,01/2012,03/2022,12/2025,51101.0,124005.0,124623.0,96.0,FlashReport_July_2025.pdf,59,Table 6: All Ongoing Projects,PARTIAL
2025-07,606,705453,,PRIMARY_IDENTIFIER,"Rajasthan, Uttar Pradesh) New line Dahod-Indore via Sardarpur, Jabuwa and Dhar Multi-States",Western Railway [WR] - II,Ministry of Railways,Railways,"Gujarat, Pradesh",02/2027,06/2012,,02/2027,1942.0,2691.0,3412.98,67.0,FlashReport_July_2025.pdf,59,Table 6: All Ongoing Projects,SUCCESS
2025-07,607,705454,,PRIMARY_IDENTIFIER,Chhota Udaipur - Dhar New Line Project [157 km] Multi-States,Western Railway [WR] - II,Ministry of Railways,Railways,"Gujarat, Pradesh",12/2025,01/2014,,12/2025,1794.0,1794.0,1800.85,80.0,FlashReport_July_2025.pdf,59,Table 6: All Ongoing Projects,SUCCESS
2025-07,608,,,UNKNOWN,MUMBAI CENTRAL VIRAR VADODARA AHMEDABAAD TRAIN PROTECTION Multi-States SYSTEM 500 RKM,Western Railway,Ministry of Railways,Railways,Gujarat,12/2025,03/2023,,06/2025,311.0,311.0,208.0,92.0,FlashReport_July_2025.pdf,59,Table 6: All Ongoing Projects,PARTIAL
2025-07,609,400022,,PRIMARY_IDENTIFIER,Maharashtra) (611452) Taranga Hill-Abu Road via Ambaji Multi-States,North Western Railway [NWR],Ministry of Railways,Railways,"Gujarat, Rajasthan",07/2030,07/2022,,07/2030,2798.0,2798.0,1891.9,14.0,FlashReport_July_2025.pdf,59,Table 6: All Ongoing Projects,SUCCESS
2025-07,610,616842,,PRIMARY_IDENTIFIER,LUNI- SAMDARI- BHILDI DOUBLING Multi-States,North Western Railway [NWR],Ministry of Railways,Railways,"Gujarat, Rajasthan",07/2027,02/2024,,,3085.59,3085.59,154.46,7.0,FlashReport_July_2025.pdf,59,Table 6: All Ongoing Projects,SUCCESS
2025-07,611,705424,,PRIMARY_IDENTIFIER,Chandigarh-Baddi New Rail Line- 36 km Multi-States,Northen Railway [NR],Ministry of Railways,Railways,"Haryana, Himachal Pradesh",12/2026,02/2018,,12/2026,1540.0,1540.0,506.73,31.0,FlashReport_July_2025.pdf,59,Table 6: All Ongoing Projects,SUCCESS
2025-07,612,611861,,PRIMARY_IDENTIFIER,Rewari - Kathuwas Doubling Project [27.72 Km] Multi-States,North Western Railway [NWR],Ministry of Railways,Railways,"Haryana, Rajasthan",06/2027,12/2022,,06/2027,352.0,352.0,239.01,59.0,FlashReport_July_2025.pdf,59,Table 6: All Ongoing Projects,SUCCESS
2025-07,613,,,UNKNOWN,Nangal Dam-Talwara New Broad Gauge Line [84 KM] and Taking Over Siding Multi-States Mukerian-Talwara [29 KM],Northen Railway [NR],Ministry of Railways,Railways,,12/2025,05/1985,,01/2027,2018.0,2018.0,1848.0,74.0,FlashReport_July_2025.pdf,59,Table 6: All Ongoing Projects,PARTIAL
2025-07,614,705428,,PRIMARY_IDENTIFIER,"Pradesh, Punjab) (705410) Bhanupalli-Bilaspur-Beri New Railway Line Project Multi-States",RVNL - II,Ministry of Railways,Railways,"Pradesh, Punjab",12/2026,04/2015,,12/2027,13447.0,13447.0,6391.15,59.0,FlashReport_July_2025.pdf,59,Table 6: All Ongoing Projects,SUCCESS
2025-07,615,705628,,PRIMARY_IDENTIFIER,Doubling of Hatia [Ranchi]-Bondamunda Rail Line - 159 km Multi-States,South Eastern Railway - JH,Ministry of Railways,Railways,"Jharkhand, Odisha",06/2025,02/2017,,06/2026,3029.0,3029.0,2458.15,85.0,FlashReport_July_2025.pdf,59,Table 6: All Ongoing Projects,SUCCESS
2025-07,616,616588,,PRIMARY_IDENTIFIER,"Buramara-Chakulia new line [59.96 km] Multi-States (Jharkhand,",South Eastern Railway [SER] - I,Ministry of Railways,Railways,"Odisha, West, Bengal",12/2029,12/2024,,,1459.13,,1.04,0.0,FlashReport_July_2025.pdf,59,Table 6: All Ongoing Projects,SUCCESS
2025-07,617,616227,,PRIMARY_IDENTIFIER,Chandil - Anara - Damodar - 3rd line [121.26 km] Multi-States,CAO/C/SER,Ministry of Railways,Railways,"Jharkhand, Bengal",09/2029,07/2025,,,1932.01,1932.01,0.03,0.0,FlashReport_July_2025.pdf,59,Table 6: All Ongoing Projects,SUCCESS
2025-07,618,617240,,PRIMARY_IDENTIFIER,Murarai - Barharwa 3rd line Multi-States,Eastern Railway [ER] - II,Ministry of Railways,Railways,"Jharkhand, Bengal",05/2028,01/2026,,,935.19,935.19,0.0,0.0,FlashReport_July_2025.pdf,59,Table 6: All Ongoing Projects,SUCCESS
2025-07,619,705668,,PRIMARY_IDENTIFIER,KHARAGPUR-ADITYAPUR THIRD RAIL LINE- 132 KM Multi-States,RVNL - II,Ministry of Railways,Railways,"Jharkhand, Bengal",03/2025,01/2018,,12/2025,3250.0,3250.0,3176.46,97.0,FlashReport_July_2025.pdf,59,Table 6: All Ongoing Projects,SUCCESS
2025-07,620,705662,,PRIMARY_IDENTIFIER,Hotgi-Kudgi-Gadag Doubling Project Multi-States,South Western Railway [SWR] - II,Ministry of Railways,Railways,"Karnataka, Maharashtra",12/2024,01/2016,,03/2026,1878.0,2459.0,2628.8,89.0,FlashReport_July_2025.pdf,59,Table 6: All Ongoing Projects,SUCCESS
2025-07,621,703586,,PRIMARY_IDENTIFIER,Baiyyappanahalli - Hosur Doubling Project [48 km] Multi-States,Karnataka Rail Infrastructure Development Company Limited [K-RIDE],Ministry of Railways,Railways,"Karnataka, Nadu",12/2024,02/2019,,01/2026,499.0,499.0,595.0,97.0,FlashReport_July_2025.pdf,59,Table 6: All Ongoing Projects,SUCCESS
2025-07,622,705635,,PRIMARY_IDENTIFIER,Trivandrum- Kanyakumari Multi-States,SR-ERS,Ministry of Railways,Railways,"Kerala, Nadu",03/2024,03/2016,,12/2027,1432.0,3785.0,2451.0,46.0,FlashReport_July_2025.pdf,59,Table 6: All Ongoing Projects,SUCCESS
2025-07,623,705457,,PRIMARY_IDENTIFIER,Ratlam-Mhow-Khandwa-Akola Gauge Conversion Multi-States,Western Railway [WR] - II,Ministry of Railways,Railways,"Madhya Pradesh, Maharashtra",03/2027,03/2010,,09/2028,5678.0,6531.9,4314.0,87.0,FlashReport_July_2025.pdf,59,Table 6: All Ongoing Projects,SUCCESS
2025-07,624,705507,,PRIMARY_IDENTIFIER,Itarsi - Nagpur Third Railway Line [280 km] Multi-States,Central Railway [CR] - II,Ministry of Railways,Railways,"Madhya Pradesh, Maharashtra",03/2027,09/2016,,03/2027,2450.0,2450.0,1815.49,52.0,FlashReport_July_2025.pdf,59,Table 6: All Ongoing Projects,SUCCESS
2025-07,625,705419,,PRIMARY_IDENTIFIER,Gwalior - Seopurkala with extension to Kota [Gauge Conversion] Multi-States,North Central Railway,Ministry of Railways,Railways,"Madhya Pradesh, Rajasthan",03/2025,07/2018,,02/2026,2913.0,2913.0,2751.0,83.0,FlashReport_July_2025.pdf,59,Table 6: All Ongoing Projects,SUCCESS
2025-07,626,705481,,PRIMARY_IDENTIFIER,Ramganjmandi-Bhopal New Line Project [262 km] Multi-States,West Central Railway [WCR] - II,Ministry of Railways,Railways,"Madhya Pradesh, Rajasthan",12/2025,10/2004,,12/2027,3032.0,5073.0,3592.92,70.0,FlashReport_July_2025.pdf,60,Table 6: All Ongoing Projects,SUCCESS
2025-07,627,705764,,PRIMARY_IDENTIFIER,Nimach-Badi Sadri New Rail Line Project Multi-States,Western Railway [WR] - II,Ministry of Railways,Railways,"Madhya Pradesh, Rajasthan",03/2026,09/2021,,12/2025,495.0,825.0,306.0,46.0,FlashReport_July_2025.pdf,60,Table 6: All Ongoing Projects,SUCCESS
2025-07,628,705667,,PRIMARY_IDENTIFIER,"Mathura-Jhansi Third Railway Line [274 Km] Multi-States (Madhya Pradesh,",RVNL - II,Ministry of Railways,Railways,"Rajasthan, Uttar 12/2026, Pradesh",12/2024,03/2018,,,5961.0,,4928.62,94.0,FlashReport_July_2025.pdf,60,Table 6: All Ongoing Projects,SUCCESS
2025-07,629,705598,,PRIMARY_IDENTIFIER,Jhansi - Bina Third Railway Line [153 Km] Multi-States,CAO/C/NCR,Ministry of Railways,Railways,"Madhya Pradesh, Uttar Pradesh",03/2022,03/2018,,03/2026,2002.0,2002.0,1884.84,93.0,FlashReport_July_2025.pdf,60,Table 6: All Ongoing Projects,SUCCESS
2025-07,630,705608,,PRIMARY_IDENTIFIER,Jhansi-Khairar-Manikpur & Khirar-Bhimsen Multi-States,North Central Railway,Ministry of Railways,Railways,"Madhya Pradesh, Uttar Pradesh",03/2026,03/2017,,03/2026,4330.0,4330.0,1989.0,53.0,FlashReport_July_2025.pdf,60,Table 6: All Ongoing Projects,SUCCESS
2025-07,631,705613,,PRIMARY_IDENTIFIER,Third Line [new] between Kazipet - Balharshah with electrification [201.04 Km] Multi-States,South Central Railway [SCR] - II,Ministry of Railways,Railways,"Maharashtra, Telangana",01/2025,10/2016,,11/2025,2595.0,3071.0,3142.35,92.0,FlashReport_July_2025.pdf,60,Table 6: All Ongoing Projects,SUCCESS
2025-07,632,705629,,PRIMARY_IDENTIFIER,Narayangarh-Bhadrak 3rd line Multi-States,South Eastern Railway [SER] - I,Ministry of Railways,Railways,"Odisha, Bengal",12/2025,03/2017,,06/2026,2400.0,2400.0,2188.0,65.0,FlashReport_July_2025.pdf,60,Table 6: All Ongoing Projects,SUCCESS
2025-07,633,400223,,PRIMARY_IDENTIFIER,Nagapattinam-Tiruturaipundi and Karaikal-Peralam New Line Multi-States,Southern Railway [SR] - II,Ministry of Railways,Railways,"Puducherry, Nadu",03/2026,01/2019,,03/2027,713.0,981.0,598.38,80.0,FlashReport_July_2025.pdf,60,Table 6: All Ongoing Projects,SUCCESS
2025-07,634,705432,,PRIMARY_IDENTIFIER,Sivok-Rangpo New Rail Line Multi-States,Indian Railway Construction International Limited [IRCON],Ministry of Railways,Railways,"Sikkim, Bengal",05/2015,05/2010,,12/2027,7877.0,12133.0,8883.6,80.0,FlashReport_July_2025.pdf,60,Table 6: All Ongoing Projects,SUCCESS
2025-07,635,602797,,PRIMARY_IDENTIFIER,"Sainthia, Sitarampur, Mughalsarai, Allahabad & Etawah - Bypass Line Project Multi-States (Uttar",Eastern Railway [ER] - I,Ministry of Railways,Railways,Bengal,03/2027,12/2017,,03/2027,461.64,461.64,178.45,6.0,FlashReport_July_2025.pdf,60,Table 6: All Ongoing Projects,SUCCESS
2025-07,636,400045,,PRIMARY_IDENTIFIER,Proposed 6 nos Road Over Bridge [ROB] at different locations under MCL Talcher Under Deposit Scheme.,East Coast Railway [ECoR] - II,Ministry of Railways,Railways,Odisha,03/2025,07/2022,,01/2025,168.32,168.32,69.85,82.0,FlashReport_July_2025.pdf,60,Table 6: All Ongoing Projects,SUCCESS
2025-07,637,400232,,PRIMARY_IDENTIFIER,Brundamal-Jharsuguda- flyover connection for joining downline,East Coast Railway [ECoR] - II,Ministry of Railways,Railways,Odisha,12/2026,01/2014,,12/2026,297.0,297.0,193.22,30.0,FlashReport_July_2025.pdf,60,Table 6: All Ongoing Projects,SUCCESS
2025-07,638,612834,,PRIMARY_IDENTIFIER,3rd & 4th line between Sarla - Sason [8 km] [PB -24/NR],East Coast Railway [ECoR] - II,Ministry of Railways,Railways,Odisha,73/2023,04/2023,12/2025,,252.0,252.0,79.55,45.0,FlashReport_July_2025.pdf,60,Table 6: All Ongoing Projects,SUCCESS
2025-07,639,616586,,PRIMARY_IDENTIFIER,Bangriposi-Gorumahisani new line [ 85.60 km ],CAO/C/SER,Ministry of Railways,Railways,Odisha,12/2029,09/2025,,,2269.49,2269.49,0.0,0.0,FlashReport_July_2025.pdf,60,Table 6: All Ongoing Projects,SUCCESS
2025-07,640,616587,,PRIMARY_IDENTIFIER,Badampahar-Kendujhargarh new line [82.06 km],CAO/C/SER,Ministry of Railways,Railways,Odisha,12/2029,09/2025,,,1875.72,1875.72,0.0,0.0,FlashReport_July_2025.pdf,60,Table 6: All Ongoing Projects,SUCCESS
2025-07,641,616694,,PRIMARY_IDENTIFIER,Flyover between Siju and Paradeep coaching Yard to avoid Surface crossing of trains,East Coast Railway [ECoR] - II,Ministry of Railways,Railways,Odisha,07/2028,10/2025,,,200.77,200.77,0.0,0.0,FlashReport_July_2025.pdf,60,Table 6: All Ongoing Projects,SUCCESS
2025-07,642,616695,,PRIMARY_IDENTIFIER,Paradeep - Badabandha 3rd & 4th Line / 18.51kms,East Coast Railway [ECoR] - II,Ministry of Railways,Railways,Odisha,11/2028,04/2025,,,300.15,300.15,0.01,0.0,FlashReport_July_2025.pdf,60,Table 6: All Ongoing Projects,SUCCESS
2025-07,643,705358,,PRIMARY_IDENTIFIER,Khurda-Bolangir New Broad Gauge Rail Link [301km],East Coast Railway [ECoR] - II,Ministry of Railways,Railways,Odisha,12/2026,03/2001,,12/2026,3792.0,5089.0,4983.45,89.0,FlashReport_July_2025.pdf,60,Table 6: All Ongoing Projects,SUCCESS
2025-07,644,705359,,PRIMARY_IDENTIFIER,Talcher-Bimlagarh New Railway Line,East Coast Railway [ECoR] - II,Ministry of Railways,Railways,Odisha,03/2025,12/2004,,03/2027,1928.0,1928.0,1902.91,47.0,FlashReport_July_2025.pdf,60,Table 6: All Ongoing Projects,SUCCESS
2025-07,645,705510,,PRIMARY_IDENTIFIER,Bhadrak-Nergundi Third Line,East Coast Railway [ECoR] - II,Ministry of Railways,Railways,Odisha,11/2024,04/2015,,01/2026,1284.0,1284.0,1298.0,80.0,FlashReport_July_2025.pdf,60,Table 6: All Ongoing Projects,SUCCESS
2025-07,646,705513,,PRIMARY_IDENTIFIER,Koraput - Singapur Railway Doubling,East Coast Railway [ECoR] - II,Ministry of Railways,Railways,Odisha,12/2027,12/2015,,03/2028,2362.0,2362.0,1787.49,68.0,FlashReport_July_2025.pdf,60,Table 6: All Ongoing Projects,SUCCESS
2025-07,647,705514,,PRIMARY_IDENTIFIER,Jarapada- Budhapank with flyover at Talcher road 3rd and 4th Line,East Coast Railway [ECoR] - II,Ministry of Railways,Railways,Odisha,11/2018,12/2015,,03/2026,1000.0,810.02,401.61,36.0,FlashReport_July_2025.pdf,60,Table 6: All Ongoing Projects,SUCCESS
2025-07,648,705743,,PRIMARY_IDENTIFIER,Talcher-Angul New Line with Y-Connection at Talcher,CAO/C/ECoR,Ministry of Railways,Railways,Odisha,05/2027,,,05/2028,495.0,495.0,29.5,1.0,FlashReport_July_2025.pdf,60,Table 6: All Ongoing Projects,SUCCESS
2025-07,649,705767,,PRIMARY_IDENTIFIER,Baghuapal Flyover Construction Project,CAO/C/ECoR,Ministry of Railways,Railways,Odisha,03/2028,10/2022,,03/2028,257.97,258.0,0.83,0.0,FlashReport_July_2025.pdf,60,Table 6: All Ongoing Projects,SUCCESS
2025-07,650,706856,,PRIMARY_IDENTIFIER,Rourkela - Bondamunda 5th Line Doubling Project,South Eastern Railway [SER] - I,Ministry of Railways,Railways,Odisha,09/2026,03/2022,,09/2026,245.0,245.0,82.0,35.0,FlashReport_July_2025.pdf,60,Table 6: All Ongoing Projects,SUCCESS
2025-07,651,709810,,PRIMARY_IDENTIFIER,KODINGAMALI BAUXITE MINES TO SINGARAM RAILWAY STATION,Indian Railway,Ministry of Railways,Railways,Odisha,08/2027,01/2026,,08/2027,190.9,190.9,0.0,0.0,FlashReport_July_2025.pdf,60,Table 6: All Ongoing Projects,SUCCESS
2025-07,652,709811,,PRIMARY_IDENTIFIER,GANDHAMARDAN IRON ORE MINES TO GOALDIH STATION/12.76kms,East Coast Railway [ECoR] - II,Ministry of Railways,Railways,Odisha,09/2027,05/2025,,09/2027,190.0,190.0,0.0,0.0,FlashReport_July_2025.pdf,60,Table 6: All Ongoing Projects,SUCCESS
2025-07,653,611980,,PRIMARY_IDENTIFIER,Junagarh Visavadar 42 Kms,WR,Ministry of Railways,Railways,,09/2028,02/2023,,09/2028,492.83,492.83,3.0,1.0,FlashReport_July_2025.pdf,60,Table 6: All Ongoing Projects,SUCCESS
2025-07,654,705362,,PRIMARY_IDENTIFIER,"Jaynagar-Bijalpura, incl. extn. Bet, Bijalpura-Bardibas [Nepal]",East Central Railway [ECR] - I,Ministry of Railways,Railways,,03/2022,03/2011,,03/2026,819.0,819.0,588.32,75.0,FlashReport_July_2025.pdf,60,Table 6: All Ongoing Projects,SUCCESS
2025-07,655,705783,,PRIMARY_IDENTIFIER,Ludhiana- Killa Raipur Railway Doubling Project,CAO/C/NR,Ministry of Railways,Railways,Punjab,03/2025,12/2022,,03/2026,237.64,237.64,118.0,55.0,FlashReport_July_2025.pdf,60,Table 6: All Ongoing Projects,SUCCESS
2025-07,656,611614,,PRIMARY_IDENTIFIER,Dedicated Test Track for RDSO Phase II,North Western Railway [NWR],Ministry of Railways,Railways,Rajasthan,11/2026,11/2021,,11/2026,819.48,967.06,471.0,86.0,FlashReport_July_2025.pdf,61,Table 6: All Ongoing Projects,SUCCESS
2025-07,657,611849,,PRIMARY_IDENTIFIER,Devgarh Madariya - Nathdwara Gauge Conversion [82.54 Km] part of Marwar - Mavli Gauge Conversion [152 Km],North Western Railway [NWR],Ministry of Railways,Railways,Rajasthan,06/2028,01/2023,,06/2028,969.0,969.0,411.0,45.0,FlashReport_July_2025.pdf,61,Table 6: All Ongoing Projects,SUCCESS
2025-07,658,611929,,PRIMARY_IDENTIFIER,Maintenance cum workshop depot for Vande Bharat Sleeper Trains as per conditions under WTA 527,,Ministry of Railways,Railways,Rajasthan,12/2024,WPO/Patna,,,166.86,166.86,0.0,0.0,FlashReport_July_2025.pdf,61,Table 6: All Ongoing Projects,SUCCESS
2025-07,659,616696,,PRIMARY_IDENTIFIER,RINGUS KHATUSHYAMJI NEW LINE,North Western Railway [NWR],Ministry of Railways,Railways,Rajasthan,03/2028,03/2024,,,254.06,254.06,1.65,0.0,FlashReport_July_2025.pdf,61,Table 6: All Ongoing Projects,SUCCESS
2025-07,660,616840,,PRIMARY_IDENTIFIER,RAS- MERTA CITY NEW LINE INCL BYPASS AT MERTA ROAD,North Western Railway [NWR],Ministry of Railways,Railways,Rajasthan,03/2028,02/2024,,,947.0,947.0,1.36,0.0,FlashReport_July_2025.pdf,61,Table 6: All Ongoing Projects,SUCCESS
2025-07,661,616841,,PRIMARY_IDENTIFIER,PUSHKAR- MERTA CITY NEW LINE,North Western Railway [NWR],Ministry of Railways,Railways,Rajasthan,12/2026,02/2024,,,799.64,799.64,13.91,3.0,FlashReport_July_2025.pdf,61,Table 6: All Ongoing Projects,SUCCESS
2025-07,662,616843,,PRIMARY_IDENTIFIER,AJMER- CHANDERIYA DOUBLING,North Western Railway [NWR],Ministry of Railways,Railways,Rajasthan,06/2027,02/2024,,,1634.79,1634.79,59.51,5.0,FlashReport_July_2025.pdf,61,Table 6: All Ongoing Projects,SUCCESS
2025-07,663,705482,,PRIMARY_IDENTIFIER,Dholpur - Sirmuttra Gauge Conversion,North Central Railway,Ministry of Railways,Railways,Rajasthan,02/2019,04/2020,,02/2027,747.0,747.0,392.0,39.0,FlashReport_July_2025.pdf,61,Table 6: All Ongoing Projects,SUCCESS
2025-07,664,705752,,PRIMARY_IDENTIFIER,Gudha-Thatha Mithri Construction of Railway Track Project,North Western Railway [NWR],Ministry of Railways,Railways,Rajasthan,11/2026,04/2019,,11/2026,819.48,967.06,471.0,98.0,FlashReport_July_2025.pdf,61,Table 6: All Ongoing Projects,SUCCESS
2025-07,665,705912,,PRIMARY_IDENTIFIER,Sawai Madhopur-Jaipur Railway Line Project,North Western Railway [NWR],Ministry of Railways,Railways,Rajasthan,03/2027,04/2023,,,1203.89,1203.89,35.05,9.0,FlashReport_July_2025.pdf,61,Table 6: All Ongoing Projects,SUCCESS
2025-07,666,705919,,PRIMARY_IDENTIFIER,Agra Fort-Bandikui Doubling Line Project,CAO/C/NCR,Ministry of Railways,Railways,Rajasthan,06/2027,02/2021,,06/2027,1390.0,1390.0,123.0,25.0,FlashReport_July_2025.pdf,61,Table 6: All Ongoing Projects,SUCCESS
2025-07,667,706866,,PRIMARY_IDENTIFIER,Sawaimadhopur Bye Pass Line Project,North Western Railway [NWR],Ministry of Railways,Railways,Rajasthan,03/2026,01/2023,,05/2027,304.0,304.0,134.0,35.0,FlashReport_July_2025.pdf,61,Table 6: All Ongoing Projects,SUCCESS
2025-07,668,400280,,PRIMARY_IDENTIFIER,Ph II extension of MRTS from Velachery to St Thomas Mount,Southern Railways [SR] - construction,Ministry of Railways,Railways,Tamil Nadu,07/2024,11/2008,,08/2025,734.0,982.0,475.73,99.0,FlashReport_July_2025.pdf,61,Table 6: All Ongoing Projects,SUCCESS
2025-07,669,613002,,PRIMARY_IDENTIFIER,Redevelopment of Chennai Egmore Station,WR,Ministry of Railways,Railways,Tamil Nadu,03/2026,10/2022,,,842.0,842.0,340.0,0.0,FlashReport_July_2025.pdf,61,Table 6: All Ongoing Projects,SUCCESS
2025-07,670,705244,,PRIMARY_IDENTIFIER,Coach Production Factory Upgradation Project,CPM/ICF,Ministry of Railways,Railways,Tamil Nadu,12/2021,07/2018,,,520.0,520.0,192.25,0.0,FlashReport_July_2025.pdf,61,Table 6: All Ongoing Projects,SUCCESS
2025-07,671,705755,,PRIMARY_IDENTIFIER,Morappur - Dharmpuri New Railway Line Project,Southern Railway [SR] - I,Ministry of Railways,Railways,Tamil Nadu,03/2028,12/2016,,03/2028,359.0,359.0,40.0,1.0,FlashReport_July_2025.pdf,61,Table 6: All Ongoing Projects,SUCCESS
2025-07,672,616856,,PRIMARY_IDENTIFIER,Doubling between Bhadrachalam Road and Dornakal,South Central Railway [SCR] - II,Ministry of Railways,Railways,Telangana,04/2029,04/2025,,,770.12,770.12,0.0,0.0,FlashReport_July_2025.pdf,61,Table 6: All Ongoing Projects,SUCCESS
2025-07,673,705437,,PRIMARY_IDENTIFIER,Manoharabad-Kothapalli New Rail Line [151 km],South Central Railway [SCR] - II,Ministry of Railways,Railways,Telangana,03/2027,01/2017,,12/2027,1160.0,2781.0,1713.38,71.0,FlashReport_July_2025.pdf,61,Table 6: All Ongoing Projects,SUCCESS
2025-07,674,400204,,PRIMARY_IDENTIFIER,Bahraich-Shravasti-Balrampur-Siddharthnagar -Santkabir nagar,North Eastern Railway [NER],Ministry of Railways,Railways,Uttar Pradesh,10/2030,03/2017,,10/2030,4939.78,4939.78,1217.13,8.0,FlashReport_July_2025.pdf,61,Table 6: All Ongoing Projects,SUCCESS
2025-07,675,400205,,PRIMARY_IDENTIFIER,Sahjanwa-Dohrighat,North Eastern Railway [NER],Ministry of Railways,Railways,Uttar Pradesh,03/2029,03/2017,,03/2029,1319.75,1319.75,457.35,3.0,FlashReport_July_2025.pdf,61,Table 6: All Ongoing Projects,SUCCESS
2025-07,676,617252,,PRIMARY_IDENTIFIER,Anandnagar - Ghugli via Maharajganj 50 km,Construction NER,Ministry of Railways,Railways,Uttar Pradesh,03/2028,11/2023,,,958.27,958.27,432.01,23.0,FlashReport_July_2025.pdf,61,Table 6: All Ongoing Projects,SUCCESS
2025-07,677,617284,,PRIMARY_IDENTIFIER,Chunar-Chopan doubling project,North Central Railway,Ministry of Railways,Railways,Uttar Pradesh,03/2028,01/2025,,,1423.96,1423.96,26.0,2.0,FlashReport_July_2025.pdf,61,Table 6: All Ongoing Projects,SUCCESS
2025-07,678,705566,,PRIMARY_IDENTIFIER,Domingarh-Gorakhpur-Gorakhpur Cantt.-Kusumhi - 3rd Railway Line Project,North Eastern Railway [NER],Ministry of Railways,Railways,Uttar Pradesh,02/2025,06/2018,,09/2025,351.0,521.47,494.0,98.0,FlashReport_July_2025.pdf,61,Table 6: All Ongoing Projects,SUCCESS
2025-07,679,705567,,PRIMARY_IDENTIFIER,Burhwal Gonda 3rd line,North Eastern Railway [NER],Ministry of Railways,Railways,Uttar Pradesh,03/2025,07/2019,,09/2025,1016.0,1118.0,1113.75,70.0,FlashReport_July_2025.pdf,61,Table 6: All Ongoing Projects,SUCCESS
2025-07,680,705588,,PRIMARY_IDENTIFIER,Janghai-Pratapgarh- Amethi,CAO/C/II/NR,Ministry of Railways,Railways,Uttar Pradesh,03/2025,03/2017,,03/2026,722.0,1194.0,1100.0,70.0,FlashReport_July_2025.pdf,61,Table 6: All Ongoing Projects,SUCCESS
2025-07,681,705766,,PRIMARY_IDENTIFIER,Lalitpur-Birari with flyover at Lalitpur- 16 Km,North Central Railway,Ministry of Railways,Railways,Uttar Pradesh,12/2024,03/2017,,11/2025,304.44,356.0,214.0,65.0,FlashReport_July_2025.pdf,61,Table 6: All Ongoing Projects,SUCCESS
2025-07,682,705772,,PRIMARY_IDENTIFIER,"Mughalsarai-Allahabad, 3rd line",North Central Railway,Ministry of Railways,Railways,Uttar Pradesh,12/2026,03/2016,,03/2027,2649.0,2649.0,1399.0,62.0,FlashReport_July_2025.pdf,61,Table 6: All Ongoing Projects,SUCCESS
2025-07,683,705774,,PRIMARY_IDENTIFIER,Aligarh -Daud Khan Flyover Construction & 3rd Railway Line Project,CAO/C/NCR,Ministry of Railways,Railways,Uttar Pradesh,01/2025,09/2020,,03/2027,758.0,779.49,315.37,55.0,FlashReport_July_2025.pdf,61,Table 6: All Ongoing Projects,SUCCESS
2025-07,684,705777,,PRIMARY_IDENTIFIER,Bhandai Flyover Construction Project,CAO/C/NCR,Ministry of Railways,Railways,Uttar Pradesh,02/2026,04/2021,,02/2027,250.18,250.18,118.0,15.0,FlashReport_July_2025.pdf,61,Table 6: All Ongoing Projects,SUCCESS
2025-07,685,705779,,PRIMARY_IDENTIFIER,"Phephna-Indara, Mau-Shahganj doubling excluding Indara-Mau",South Eastern Railway [SER] - I,Ministry of Railways,Railways,Uttar Pradesh,12/2024,03/2017,,03/2026,1178.0,1777.0,1489.5,85.0,FlashReport_July_2025.pdf,61,Table 6: All Ongoing Projects,SUCCESS
2025-07,686,705780,,PRIMARY_IDENTIFIER,Bhatni-Aurnihar with electrification excluding Indara-Mau,RVNL - II,Ministry of Railways,Railways,Uttar Pradesh,12/2024,03/2017,,10/2025,2529.0,2529.46,2051.69,94.0,FlashReport_July_2025.pdf,62,Table 6: All Ongoing Projects,SUCCESS
2025-07,687,705782,,PRIMARY_IDENTIFIER,Barabanki-Malhaur 3rd & 4th Railway Line Project,CAO/C/NR,Ministry of Railways,Railways,Uttar Pradesh,03/2025,04/2017,,03/2026,407.0,407.0,317.0,75.0,FlashReport_July_2025.pdf,62,Table 6: All Ongoing Projects,SUCCESS
2025-07,688,705784,,PRIMARY_IDENTIFIER,Janghai-Phaphamau Doubling Rail Line Project,RVNL,Ministry of Railways,Railways,Uttar Pradesh,03/2025,03/2020,,03/2025,357.0,978.77,579.0,95.0,FlashReport_July_2025.pdf,62,Table 6: All Ongoing Projects,SUCCESS
2025-07,689,705863,,PRIMARY_IDENTIFIER,Bahraich - Nanpara - Nepalganj Road Gauge Conversion,North Eastern Railway [NER],Ministry of Railways,Railways,Uttar Pradesh,07/2025,04/2021,,08/2025,950.0,950.0,507.02,86.0,FlashReport_July_2025.pdf,62,Table 6: All Ongoing Projects,SUCCESS
2025-07,690,705918,,PRIMARY_IDENTIFIER,Allahabad division - Aligarh - Harduaganj Flyover,North Central Railway,Ministry of Railways,Railways,Uttar Pradesh,06/2026,02/2021,,03/2027,1457.0,1457.0,50.0,8.0,FlashReport_July_2025.pdf,62,Table 6: All Ongoing Projects,SUCCESS
2025-07,691,705429,,PRIMARY_IDENTIFIER,Rishikesh-Karnaprayag New Rail Line- 125 km,RVNL - II,Ministry of Railways,Railways,Uttarakhand,12/2025,08/2018,,03/2027,38953.0,38953.0,24645.15,65.0,FlashReport_July_2025.pdf,62,Table 6: All Ongoing Projects,SUCCESS
2025-07,692,400247,,PRIMARY_IDENTIFIER,Kalinarayanpur-Krishnanagar Doubling Alongwith Krishnanagar - Chapra New Line And Naihati-Ranaghat 3rd Line.,Eastern Railway [ER] - I,Ministry of Railways,Railways,West Bengal,02/2027,11/2005,,02/2027,1000.0,1000.0,1029.97,67.0,FlashReport_July_2025.pdf,62,Table 6: All Ongoing Projects,SUCCESS
2025-07,693,400273,,PRIMARY_IDENTIFIER,Tarakeshwar-Bishnupur New Line [82.47 km],Eastern Railway [ER] - I,Ministry of Railways,Railways,West Bengal,03/2019,02/2008,,02/2026,1189.0,1542.0,1287.05,90.0,FlashReport_July_2025.pdf,62,Table 6: All Ongoing Projects,SUCCESS
2025-07,694,400277,,PRIMARY_IDENTIFIER,Dum Dum Airport-New Garia via Rajarhat-Construction of Metro Railway,RVNL - II,Ministry of Railways,Railways,West Bengal,12/2025,10/2011,,03/2026,8964.0,8964.0,8097.47,80.0,FlashReport_July_2025.pdf,62,Table 6: All Ongoing Projects,SUCCESS
2025-07,695,612096,,PRIMARY_IDENTIFIER,Construction of Balurghat-Hilli new BG Line,Northeast Frontier Railway [NFR],Ministry of Railways,Railways,West Bengal,03/2027,12/2010,,03/2025,1209.0,1209.0,405.31,9.0,FlashReport_July_2025.pdf,62,Table 6: All Ongoing Projects,SUCCESS
2025-07,696,617322,,PRIMARY_IDENTIFIER,Kalipahari Bakhtarnagar 5th line,Eastern Railway [ER] - I,Ministry of Railways,Railways,West Bengal,06/2027,07/2025,,06/2027,350.46,350.46,0.0,0.0,FlashReport_July_2025.pdf,62,Table 6: All Ongoing Projects,SUCCESS
2025-07,697,705730,,PRIMARY_IDENTIFIER,Joka-BBD Bag new metro project,RVNL - II,Ministry of Railways,Railways,West Bengal,12/2026,04/2010,,12/2028,4835.0,10362.0,4361.23,59.0,FlashReport_July_2025.pdf,62,Table 6: All Ongoing Projects,SUCCESS
2025-07,698,706776,,PRIMARY_IDENTIFIER,Noapara-Barasat via Bimanbandar - Construction of Metro railway [18 km],"Metro Railway, Kolkata",Ministry of Railways,Railways,West Bengal,08/2026,03/2010,,03/2029,4830.0,4830.0,2764.13,32.0,FlashReport_July_2025.pdf,62,Table 6: All Ongoing Projects,SUCCESS
2025-07,699,705663,,PRIMARY_IDENTIFIER,Bangalore-Whitefield-Bangalore City-Krishnarajapuram [23.08 km] - Quadrupling,South Western Railway [SWR] - II,Ministry of Railways,Real Estate,Karnataka,02/2026,06/2022,,02/2026,493.0,493.0,252.45,82.0,FlashReport_July_2025.pdf,62,Table 6: All Ongoing Projects,SUCCESS
2025-07,700,706777,,PRIMARY_IDENTIFIER,Baranagar-Barrackpore and Dakshineshwar- Construction of Metro Railway,RVNL - II,Ministry of Railways,Urban Public Transport,West Bengal,12/2026,03/2010,,12/2025,2298.0,2734.0,393.0,17.0,FlashReport_July_2025.pdf,62,Table 6: All Ongoing Projects,SUCCESS
2025-07,701,615202,,PRIMARY_IDENTIFIER,Capacity expansion of Deposit-14 and 14 NMZ at Kirandul,National Mineral Development Corporation Limited [NMDC],Ministry of Steel,Metals & Mining,Chhattisgarh,12/2028,07/2022,,03/2028,1700.0,1756.2,65.44,2.0,FlashReport_July_2025.pdf,62,Table 6: All Ongoing Projects,SUCCESS
2025-07,702,617243,,PRIMARY_IDENTIFIER,Replacement of Hot Leveller No.1 of Plate Mill at Bhilai Steel Plant,Steel Authority of India Limited [SAIL],Ministry of Steel,Steel,Chhattisgarh,07/2026,08/2024,,,198.62,198.62,10.53,8.0,FlashReport_July_2025.pdf,62,Table 6: All Ongoing Projects,SUCCESS
2025-07,703,617255,,PRIMARY_IDENTIFIER,"Replacement of Converter Vessels, Trunnion Rings, Support System & Installation of Secondary Emission at Bhilai Steel Plant",,Ministry of Steel,Steel,Chhattisgarh,06/2026,Steel Authority of India Limited [SAIL],,,471.83,471.83,111.75,35.0,FlashReport_July_2025.pdf,62,Table 6: All Ongoing Projects,SUCCESS
2025-07,704,617256,,PRIMARY_IDENTIFIER,Rebuilding of Coke Oven Battery No.7 & 8 at Bhilai Steel Plant,Steel Authority of India Limited [SAIL],Ministry of Steel,Steel,Chhattisgarh,10/2025,01/2024,,,884.1,884.1,453.2,75.0,FlashReport_July_2025.pdf,62,Table 6: All Ongoing Projects,SUCCESS
2025-07,705,706811,,PRIMARY_IDENTIFIER,NMDC Slurry Pipeline Project Phase-1,National Mineral Development Corporation Limited [NMDC],Ministry of Steel,Steel,Chhattisgarh,06/2023,09/2020,,12/2025,2907.0,5427.0,3012.02,84.0,FlashReport_July_2025.pdf,62,Table 6: All Ongoing Projects,SUCCESS
2025-07,706,709826,,PRIMARY_IDENTIFIER,SCREENING PLANT-III AT KIRANDUL,National Mineral Development Corporation Limited [NMDC],Ministry of Steel,Steel,Chhattisgarh,01/2026,10/2021,,,2718.84,2718.84,1327.11,72.0,FlashReport_July_2025.pdf,62,Table 6: All Ongoing Projects,SUCCESS
2025-07,707,709827,,PRIMARY_IDENTIFIER,CONSTRUCTION OF RESIDENTIAL TOWERS AT BIOM KIRANDUL COMPLEX,National Mineral Development Corporation Limited [NMDC],Ministry of Steel,Steel,Chhattisgarh,12/2025,10/2022,,,349.75,349.75,247.42,85.0,FlashReport_July_2025.pdf,62,Table 6: All Ongoing Projects,SUCCESS
2025-07,708,400174,,PRIMARY_IDENTIFIER,"New Sinter Plant at BSL, SAIL",Steel Authority of India Limited [SAIL],Ministry of Steel,Steel,Jharkhand,10/2017,05/2015,,06/2027,1034.01,1752.3,883.23,51.0,FlashReport_July_2025.pdf,62,Table 6: All Ongoing Projects,SUCCESS
2025-07,709,617249,,PRIMARY_IDENTIFIER,Replacement of existing Grinders in CRM-I & II at Bokaro Steel Plant,Steel Authority of India Limited [SAIL],Ministry of Steel,Steel,Jharkhand,01/2027,02/2025,,,211.94,211.94,7.52,6.0,FlashReport_July_2025.pdf,62,Table 6: All Ongoing Projects,SUCCESS
2025-07,710,617250,,PRIMARY_IDENTIFIER,Secondary Emission Control in Converters of SMS-II at Bokaro Steel Plant,Steel Authority of India Limited [SAIL],Ministry of Steel,Steel,Jharkhand,10/2026,02/2025,,,207.13,207.13,7.91,6.0,FlashReport_July_2025.pdf,62,Table 6: All Ongoing Projects,SUCCESS
2025-07,711,617253,,PRIMARY_IDENTIFIER,Revamping of old sub-systems of Blast Furnace 3 at Bokaro Steel Plant,Steel Authority of India Limited [SAIL],Ministry of Steel,Steel,Jharkhand,07/2025,10/2023,,11/2025,513.82,513.82,220.42,69.0,FlashReport_July_2025.pdf,62,Table 6: All Ongoing Projects,SUCCESS
2025-07,712,617254,,PRIMARY_IDENTIFIER,Replacement of remaining 04 sets of Battery Cyclones with 04 Nos. of ESPs in Sinter Plant-1 at Bokaro Steel Plant,,Ministry of Steel,Steel,Jharkhand,06/2026,Steel Authority of India Limited [SAIL],,,260.37,260.37,44.22,22.0,FlashReport_July_2025.pdf,63,Table 6: All Ongoing Projects,SUCCESS
2025-07,713,617257,,PRIMARY_IDENTIFIER,Rebuilding of Coke Oven Battery No.6 at Bokaro Steel Plant,Steel Authority of India Limited [SAIL],Ministry of Steel,Steel,Jharkhand,11/2026,12/2023,,,627.31,627.31,88.21,37.0,FlashReport_July_2025.pdf,63,Table 6: All Ongoing Projects,SUCCESS
2025-07,714,400121,,PRIMARY_IDENTIFIER,"Construction of Screening Plant-II for Donimalai and Kumaraswamy Iron Ore Mining Complex of NMDC Limited at Ballari Dt, Karnataka.",,Ministry of Steel,Steel,Karnataka,08/2026,National Mineral Development Corporation Limited [NMDC],,,1043.63,1043.63,214.48,25.0,FlashReport_July_2025.pdf,63,Table 6: All Ongoing Projects,SUCCESS
2025-07,715,400065,,PRIMARY_IDENTIFIER,Installation of 4th Slab Caster along with its Auxiliaries and a New Ladle Furnace in SMS-II at Rourkela Steel Plant,Steel Authority of India Limited [SAIL],Ministry of Steel,Steel,Odisha,05/2025,02/2022,,07/2025,1105.23,1105.23,736.47,96.0,FlashReport_July_2025.pdf,63,Table 6: All Ongoing Projects,SUCCESS
2025-07,716,612781,,PRIMARY_IDENTIFIER,Rebuilding of COB 4 at Durgapur Steel Plant,Steel Authority of India Limited [SAIL],Ministry of Steel,Steel,West Bengal,12/2026,12/2023,,,916.78,916.78,118.63,12.0,FlashReport_July_2025.pdf,63,Table 6: All Ongoing Projects,SUCCESS
2025-07,717,617242,,PRIMARY_IDENTIFIER,Installation of New Bar Mill at Durgapur Steel Plant,Steel Authority of India Limited [SAIL],Ministry of Steel,Steel,West Bengal,06/2027,10/2024,,,2115.44,2115.44,206.67,24.0,FlashReport_July_2025.pdf,63,Table 6: All Ongoing Projects,SUCCESS
2025-07,718,617246,,PRIMARY_IDENTIFIER,Up-gradation of Blast Furnace No. 3 at Durgapur Steel Plant,Steel Authority of India Limited [SAIL],Ministry of Steel,Steel,West Bengal,06/2026,10/2024,,,758.09,758.09,53.31,3.0,FlashReport_July_2025.pdf,63,Table 6: All Ongoing Projects,SUCCESS
2025-07,719,617248,,PRIMARY_IDENTIFIER,Third Ladle Furnace in Secondary Refinery Unit at IISCO Steel Plant,Steel Authority of India Limited [SAIL],Ministry of Steel,Steel,West Bengal,07/2026,12/2024,,,227.96,227.96,16.24,29.0,FlashReport_July_2025.pdf,63,Table 6: All Ongoing Projects,SUCCESS
2025-07,720,617251,,PRIMARY_IDENTIFIER,Revamping of Air Pollution Control Systems of SP-1 at Durgapur Steel Plant,Steel Authority of India Limited [SAIL],Ministry of Steel,Steel,West Bengal,05/2026,12/2024,,,196.4,196.4,0.19,2.0,FlashReport_July_2025.pdf,63,Table 6: All Ongoing Projects,SUCCESS
2025-07,721,701658,,PRIMARY_IDENTIFIER,Department for Promotion of Industry & Internal Trade Krishnapatnam Node - Phase 1 - Roads and Services Development,National Industrial Corridor Development Corporation,Ministry of Steel,Real Estate,Andhra Pradesh,02/2028,02/2024,,,2139.44,2139.44,327.99,14.0,FlashReport_July_2025.pdf,63,Table 6: All Ongoing Projects,SUCCESS
2025-07,722,701657,,PRIMARY_IDENTIFIER,Tumakuru Node - Phase 1 - Roads and Services Development,National Highways & Infrastructure Development Corporation Ltd. [NHIDCL],Ministry of Steel,Real Estate,Karnataka,09/2026,02/2023,,,1701.81,1701.81,95.0,8.0,FlashReport_July_2025.pdf,63,Table 6: All Ongoing Projects,SUCCESS
2025-07,723,400429,,PRIMARY_IDENTIFIER,Exhibition cum Convention Centre Dwarka [Phase I],India International Convention & Expo Centre,Ministry of Steel,"Tourism, Hospitality & Wellness",Delhi,10/2019,12/2017,,01/2025,5178.0,5401.0,4470.0,97.4,FlashReport_July_2025.pdf,63,Table 6: All Ongoing Projects,SUCCESS
2025-07,724,,,UNKNOWN,SETTING UP OF PHYSICAL INFRASTRUCTURE FOR THE NATIONAL INSTITUTE OF COMMUNICATION FINANCE [NICF] AT GHITORNI,,Department of Telecommunications,Telecommunication,Delhi,02/2020,04/2018,,,248.2,,236.91,98.0,FlashReport_July_2025.pdf,63,Table 6: All Ongoing Projects,PARTIAL
2025-07,725,701598,,PRIMARY_IDENTIFIER,) (248.2) (709859) Provision of 4G based Mobile Services in Uncovered Villages and National Highways of Meghalaya,National Communication Academy - Finance (Erstwhile NICF,Department of Telecommunications,Telecommunication,Meghalaya,10/2025,09/2020,03/2022,03/2025,971.96,971.96,208.25,98.0,FlashReport_July_2025.pdf,63,Table 6: All Ongoing Projects,SUCCESS
2025-07,726,701599,,PRIMARY_IDENTIFIER,"Mobile connectivity in Left Wing Extremism [LWE] affected areas-Phase2 Multi-States (Andhra Pradesh, Chhattisgarh, Jharkhand,",Department of Telecommunications [DoT],Department of Telecommunications,Telecommunication,Madhya Pradesh,03/2023,09/2021,,11/2025,1577.57,1577.57,596.17,87.0,FlashReport_July_2025.pdf,63,Table 6: All Ongoing Projects,SUCCESS
2025-07,727,701602,,PRIMARY_IDENTIFIER,"Maharashtra, Odisha, Telangana, Uttar Pradesh, West Bengal) Provision of 4G based mobile services in 7,287 uncovered villages of 44 Aspirational Multi-States District across 5 states of Andhra Pradesh, Chhattisgarh, Jharkhand, Maharashtra & (Andhra Pradesh, Odisha Chhattisgarh,",Department of Telecommunications [DoT],Department of Telecommunications,Telecommunication,"Jharkhand, Maharashtra, Odisha",11/2023,05/2022,,11/2025,3685.0,3685.0,1101.39,79.0,FlashReport_July_2025.pdf,63,Table 6: All Ongoing Projects,SUCCESS
2025-07,728,,,UNKNOWN,Provision of 4G Mobile Services in Uncovered Villages of Arunachal Pradesh and Multi-States Districts of Assam,Department of Telecommunications [DoT],Department of Telecommunications,Telecommunication,,04/2023,10/2021,,09/2025,1255.49,1255.49,284.04,89.0,FlashReport_July_2025.pdf,63,Table 6: All Ongoing Projects,PARTIAL
2025-07,729,701600,,PRIMARY_IDENTIFIER,"Pradesh, Assam) (701597) 354 Uncovered Villages Scheme Multi-States (Bihar, Gujarat,",Department of Telecommunications [DoT],Department of Telecommunications,Telecommunication,"Himachal Pradesh,",10/2021,04/2020,,08/2025,336.89,301.13,225.71,97.0,FlashReport_July_2025.pdf,63,Table 6: All Ongoing Projects,SUCCESS
2025-07,730,704495,,PRIMARY_IDENTIFIER,"Kashmir, Ladakh, Rajasthan, Uttar Pradesh) 502 Aspirational District Scheme in Four states - Bihar, Madhya Pradesh, Rajastha Multi-States and Uttar Pradesh (Bihar, Madhya",Department of Telecommunications [DoT],Department of Telecommunications,Telecommunication,"Rajasthan, Uttar, Pradesh",03/2022,03/2021,,12/2025,421.65,228.94,126.45,96.0,FlashReport_July_2025.pdf,63,Table 6: All Ongoing Projects,SUCCESS
2025-07,731,,,UNKNOWN,PHASE-I OF CONSOLIDATION OF EXISTING CDR DATA CENTERS AND NIB-P3 Multi-States DATA CENTERS WITH STATE OF THE ART,BSNL,Department of Telecommunications,Telecommunication,Maharashtra,06/2021,03/2020,,12/2025,461.42,461.42,166.02,81.0,FlashReport_July_2025.pdf,63,Table 6: All Ongoing Projects,PARTIAL
2025-07,732,400013,,PRIMARY_IDENTIFIER,Telangana) (709749) Saturation 4G mobile coverage of Uncovered Villages through USOF,Department of Telecommunications [DoT],Department of Telecommunications,Telecommunication,,06/2024,07/2022,,03/2026,26316.0,30620.0,9291.8,72.0,FlashReport_July_2025.pdf,64,Table 6: All Ongoing Projects,SUCCESS
2025-07,733,701593,,PRIMARY_IDENTIFIER,4G Services by BSNL,Department of Telecommunications [DoT],Department of Telecommunications,Telecommunication,,03/2024,11/2020,,03/2026,28466.0,19592.0,8332.52,92.0,FlashReport_July_2025.pdf,64,Table 6: All Ongoing Projects,SUCCESS
2025-07,734,706775,,PRIMARY_IDENTIFIER,BharatNet,Department of Telecommunications [DoT],Department of Telecommunications,Telecommunication,,08/2023,10/2011,,03/2027,61109.0,188000.0,41486.14,80.52,FlashReport_July_2025.pdf,64,Table 6: All Ongoing Projects,SUCCESS
2025-07,735,709855,,PRIMARY_IDENTIFIER,SUPER EDGE ROUTERS FOR BSNL INTERNET PROTOCOL - MULTI PROTOCOL LEBEL SWITCHING [IPMPLS] NETWORK,BSNL,Department of Telecommunications,Telecommunication,,03/2024,03/2023,,03/2025,239.6,239.6,179.63,100.0,FlashReport_July_2025.pdf,64,Table 6: All Ongoing Projects,SUCCESS
2025-07,736,709856,,PRIMARY_IDENTIFIER,MPLS-IP BASED ACCESS AND AGGREGATION NETWORK [MAAN] IN BSNL ALONG WITH TEST AND MEASURING EQUIPMENT,BSNL,Department of Telecommunications,Telecommunication,,08/2024,05/2023,,08/2025,645.13,645.13,522.88,90.0,FlashReport_July_2025.pdf,64,Table 6: All Ongoing Projects,SUCCESS
2025-07,737,709857,,PRIMARY_IDENTIFIER,"Planning, Engineering, Supply, Installation, Testing, Commissioning, Integration & Annual Maintenance of 4G mobile network at 1 Lakh sites on PAN India basis",BSNL,Department of Telecommunications,Telecommunication,Delhi,06/2025,06/2023,,03/2026,24544.55,24544.5,8333.37,96.0,FlashReport_July_2025.pdf,64,Table 6: All Ongoing Projects,SUCCESS
2025-07,738,709858,,PRIMARY_IDENTIFIER,OPTICAL TRANSPORT NETWORK [OTN] PH-4 IN BSNL,BSNL,Department of Telecommunications,Telecommunication,,08/2025,02/2024,,,810.99,810.99,741.9,100.0,FlashReport_July_2025.pdf,64,Table 6: All Ongoing Projects,SUCCESS
2025-07,739,616600,,PRIMARY_IDENTIFIER,Interception and Diversion and STP works in Bhagalpur under Hybrid annuity based PPP mode-Namami Gange Programme,National Mission for Clean Ganga,"Department of Water Resources, River Development & GR",Waste & Water,Bihar,02/2025,03/2022,,12/2025,413.29,413.29,126.67,0.0,FlashReport_July_2025.pdf,64,Table 6: All Ongoing Projects,SUCCESS
2025-07,740,616611,,PRIMARY_IDENTIFIER,Sewage Treatment Plant 100MLD and Sewerage Network 288 km in Digha-Patna under Hybrid annuity based PPP mode-Namami Gange Programme,,"Department of Water Resources, River Development & GR",Waste & Water,Bihar,12/2025,National Mission for Clean Ganga,,,824.0,824.0,385.32,55.0,FlashReport_July_2025.pdf,64,Table 6: All Ongoing Projects,SUCCESS
2025-07,741,616612,,PRIMARY_IDENTIFIER,Sewage Treatment Plant 50MLD and Sewerage Network 150 km in Kankarbagh- Patna under Hybrid annuity based PPP mode-Namami Gange Programme,,"Department of Water Resources, River Development & GR",Waste & Water,Bihar,12/2025,National Mission for Clean Ganga,,,578.89,578.89,165.84,53.0,FlashReport_July_2025.pdf,64,Table 6: All Ongoing Projects,SUCCESS
2025-07,742,616615,,PRIMARY_IDENTIFIER,"Sewer Network, SPS and STP at Begusarai",National Mission for Clean Ganga,"Department of Water Resources, River Development & GR",Waste & Water,Bihar,04/2025,03/2018,,12/2025,230.06,230.06,261.48,97.0,FlashReport_July_2025.pdf,64,Table 6: All Ongoing Projects,SUCCESS
2025-07,743,616616,,PRIMARY_IDENTIFIER,"Sewer Networks, SPS and STP at Hajipur",National Mission for Clean Ganga,"Department of Water Resources, River Development & GR",Waste & Water,Bihar,06/2025,03/2018,,12/2025,305.19,305.19,346.44,95.0,FlashReport_July_2025.pdf,64,Table 6: All Ongoing Projects,SUCCESS
2025-07,744,616594,,PRIMARY_IDENTIFIER,Interception & Diversion with Rehabilitation of sewerage scheme at Agra under Hybrid annuity based PPP model-Namami Gange Programme,National Mission for Clean Ganga,"Department of Water Resources, River Development & GR",Waste & Water,Uttar Pradesh,04/2025,04/2023,,12/2025,842.25,842.25,208.64,69.0,FlashReport_July_2025.pdf,64,Table 6: All Ongoing Projects,SUCCESS
2025-07,745,616605,,PRIMARY_IDENTIFIER,Pollution Abatement Works for River Kali Meerut under Meerut Municipality Interception & Diversion with STP,National Mission for Clean Ganga,"Department of Water Resources, River Development & GR",Waste & Water,Uttar Pradesh,12/2024,11/2024,,05/2027,690.71,690.71,0.0,27.0,FlashReport_July_2025.pdf,64,Table 6: All Ongoing Projects,SUCCESS
2025-07,746,616604,,PRIMARY_IDENTIFIER,Pollution Abatement works for River Ganga at Hooghly Chinsurah- Municipal Town Interception & Diversion with STP,National Mission for Clean Ganga,"Department of Water Resources, River Development & GR",Waste & Water,West Bengal,03/2025,12/2021,,12/2025,154.73,154.73,96.17,92.0,FlashReport_July_2025.pdf,64,Table 6: All Ongoing Projects,SUCCESS
2025-07,747,400100,,PRIMARY_IDENTIFIER,Sardar Gouthu Latchanna Thotapalli Barrage Project,Water Resources-AP,"Department of Water Resources, River Development & GR",Water Resources,Andhra Pradesh,12/2019,01/2006,,03/2025,353.05,1023.24,869.11,95.0,FlashReport_July_2025.pdf,64,Table 6: All Ongoing Projects,SUCCESS
2025-07,748,400101,,PRIMARY_IDENTIFIER,Gundlakamma project,Water Resources-AP,"Department of Water Resources, River Development & GR",Water Resources,Andhra Pradesh,12/2019,04/2005,,03/2027,397.41,697.39,610.89,98.0,FlashReport_July_2025.pdf,64,Table 6: All Ongoing Projects,SUCCESS
2025-07,749,701415,,PRIMARY_IDENTIFIER,Polavaram Irrigation Project,Water Resources-AP,"Department of Water Resources, River Development & GR",Water Resources,Andhra Pradesh,04/2022,11/2004,,03/2026,10151.04,55548.9,24347.76,83.0,FlashReport_July_2025.pdf,64,Table 6: All Ongoing Projects,SUCCESS
2025-07,750,701370,,PRIMARY_IDENTIFIER,Borolia Irrigation Project,"Department of Water Resources, River Development & GR","Department of Water Resources, River Development & GR",Water Resources,Assam,12/2022,12/1996,,03/2025,256.16,256.16,0.0,0.0,FlashReport_July_2025.pdf,64,Table 6: All Ongoing Projects,SUCCESS
2025-07,751,400104,,PRIMARY_IDENTIFIER,Punpun Barrage Project,Water Resources-BR,"Department of Water Resources, River Development & GR",Water Resources,Bihar,12/2019,04/2007,,03/2026,571.07,658.12,469.66,44.0,FlashReport_July_2025.pdf,64,Table 6: All Ongoing Projects,SUCCESS
2025-07,752,701371,,PRIMARY_IDENTIFIER,Durgawati Reservoir Project,Irrigation and CAD-TG,"Department of Water Resources, River Development & GR",Water Resources,Bihar,12/2019,04/1997,,12/2024,691.15,971.96,978.51,87.0,FlashReport_July_2025.pdf,64,Table 6: All Ongoing Projects,SUCCESS
2025-07,753,400111,,PRIMARY_IDENTIFIER,Kelo Irrigation Project,Water Resources-CT,"Department of Water Resources, River Development & GR",Water Resources,Chhattisgarh,12/2019,04/2008,,06/2025,459.97,727.04,616.93,71.0,FlashReport_July_2025.pdf,64,Table 6: All Ongoing Projects,SUCCESS
2025-07,754,701399,,PRIMARY_IDENTIFIER,Kudali Irrigation Project,"Department of Water Resources, River Development & GR","Department of Water Resources, River Development & GR",Water Resources,Chhattisgarh,12/2022,12/2009,,,382.29,382.29,0.0,81.8,FlashReport_July_2025.pdf,64,Table 6: All Ongoing Projects,SUCCESS
2025-07,755,400097,,PRIMARY_IDENTIFIER,Sardar Sarovar CADWM Project,"Narmada and Water Resources, Water Supply and Kalpsar Department-GJ","Department of Water Resources, River Development & GR",Water Resources,Gujarat,12/2019,04/2004,,03/2025,5021.76,6670.31,4954.99,90.3,FlashReport_July_2025.pdf,64,Table 6: All Ongoing Projects,SUCCESS
2025-07,756,701372,,PRIMARY_IDENTIFIER,Sardar Sarovar Project,"Narmada and Water Resources, Water Supply and Kalpsar Department-GJ","Department of Water Resources, River Development & GR",Water Resources,Gujarat,12/2019,04/1996,,03/2025,20718.17,33412.5,31767.59,93.0,FlashReport_July_2025.pdf,64,Table 6: All Ongoing Projects,SUCCESS
2025-07,757,701376,,PRIMARY_IDENTIFIER,"Subernarekha Multipurpose Project, Jharkhand",Department of Water Resources-JH,"Department of Water Resources, River Development & GR",Water Resources,Jharkhand,12/2019,01/2012,,04/2025,3807.77,9579.58,5550.74,69.0,FlashReport_July_2025.pdf,64,Table 6: All Ongoing Projects,SUCCESS
2025-07,758,701377,,PRIMARY_IDENTIFIER,Upper Tunga Irrigation Project,Water Resources-KA,"Department of Water Resources, River Development & GR",Water Resources,Karnataka,12/2019,04/2014,,03/2025,770.16,1606.07,1511.22,99.0,FlashReport_July_2025.pdf,65,Table 6: All Ongoing Projects,SUCCESS
2025-07,759,400096,,PRIMARY_IDENTIFIER,Omkareshwar CADWM Project,Water resource-mp,"Department of Water Resources, River Development & GR",Water Resources,Madhya Pradesh,12/2019,04/2015,,03/2026,648.09,648.09,172.56,3.0,FlashReport_July_2025.pdf,65,Table 6: All Ongoing Projects,SUCCESS
2025-07,760,400115,,PRIMARY_IDENTIFIER,Bargi Diversion Project Phase - IV [km. 154 to km 197],Water Resources-MP,"Department of Water Resources, River Development & GR",Water Resources,Madhya Pradesh,12/2019,01/2009,,07/2025,751.03,893.35,777.99,74.0,FlashReport_July_2025.pdf,65,Table 6: All Ongoing Projects,SUCCESS
2025-07,761,400116,,PRIMARY_IDENTIFIER,Bargi Diversion Project Phase - III [km. 104 to km 154],Water Resources-MP,"Department of Water Resources, River Development & GR",Water Resources,Madhya Pradesh,12/2019,04/2007,,07/2025,1229.15,1399.7,1807.2,79.0,FlashReport_July_2025.pdf,65,Table 6: All Ongoing Projects,SUCCESS
2025-07,762,400095,,PRIMARY_IDENTIFIER,Gosikhurd CADWM Project,Department of water resources-MH - II,"Department of Water Resources, River Development & GR",Water Resources,Maharashtra,12/2019,04/2017,,06/2026,743.73,743.73,252.0,50.0,FlashReport_July_2025.pdf,65,Table 6: All Ongoing Projects,SUCCESS
2025-07,763,400105,,PRIMARY_IDENTIFIER,Urmodi Irrigation Project,Department of water resources-MH - II,"Department of Water Resources, River Development & GR",Water Resources,Maharashtra,06/2022,04/2018,,06/2025,580.79,895.81,713.46,76.22,FlashReport_July_2025.pdf,65,Table 6: All Ongoing Projects,SUCCESS
2025-07,764,400107,,PRIMARY_IDENTIFIER,Sulwade-Jamphal-Kanoli Lift Irrigation Scheme,Department of water resources-MH - II,"Department of Water Resources, River Development & GR",Water Resources,Maharashtra,06/2023,02/2019,,06/2027,2407.67,2407.67,2436.43,80.0,FlashReport_July_2025.pdf,65,Table 6: All Ongoing Projects,SUCCESS
2025-07,765,400109,,PRIMARY_IDENTIFIER,Purna Barrage-2 [Ner Dhamana] Medium Irrigation Project,Department of water resources-MH - II,"Department of Water Resources, River Development & GR",Water Resources,Maharashtra,06/2020,04/2018,,06/2025,848.07,888.43,690.49,69.0,FlashReport_July_2025.pdf,65,Table 6: All Ongoing Projects,SUCCESS
2025-07,766,400112,,PRIMARY_IDENTIFIER,Jigaon Irrigation Project,Department of water resources-MH - II,"Department of Water Resources, River Development & GR",Water Resources,Maharashtra,06/2028,04/2018,,,7222.95,7222.95,8501.45,90.0,FlashReport_July_2025.pdf,65,Table 6: All Ongoing Projects,SUCCESS
2025-07,767,701383,,PRIMARY_IDENTIFIER,Waghur Project,Department of water resources-MH - II,"Department of Water Resources, River Development & GR",Water Resources,Maharashtra,12/2019,04/1996,,03/2026,1058.99,1758.51,1530.36,89.0,FlashReport_July_2025.pdf,65,Table 6: All Ongoing Projects,SUCCESS
2025-07,768,701384,,PRIMARY_IDENTIFIER,Tillari Irrigation Project,Department of water resources-MH - II,"Department of Water Resources, River Development & GR",Water Resources,Maharashtra,12/2019,01/2006,,01/2025,368.34,649.6,724.36,99.0,FlashReport_July_2025.pdf,65,Table 6: All Ongoing Projects,SUCCESS
2025-07,769,701386,,PRIMARY_IDENTIFIER,Gosikhurd Project,Department of water resources-MH - II,"Department of Water Resources, River Development & GR",Water Resources,Maharashtra,12/2019,04/2008,,06/2026,7196.47,12770.1,13533.29,72.0,FlashReport_July_2025.pdf,65,Table 6: All Ongoing Projects,SUCCESS
2025-07,770,701388,,PRIMARY_IDENTIFIER,Bembla Irrigation Project,Department of water resources-MH - II,"Department of Water Resources, River Development & GR",Water Resources,Maharashtra,12/2019,04/2007,,06/2025,1352.53,2685.41,2689.7,98.0,FlashReport_July_2025.pdf,65,Table 6: All Ongoing Projects,SUCCESS
2025-07,771,701390,,PRIMARY_IDENTIFIER,Arjuna Medium Irrigation project,Department of water resources-MH - II,"Department of Water Resources, River Development & GR",Water Resources,Maharashtra,12/2019,01/2008,,12/2024,333.87,611.0,803.89,100.0,FlashReport_July_2025.pdf,65,Table 6: All Ongoing Projects,SUCCESS
2025-07,772,701391,,PRIMARY_IDENTIFIER,Aruna Medium Irrigation Project,Department of water resources-MH - II,"Department of Water Resources, River Development & GR",Water Resources,Maharashtra,12/2019,01/2010,,01/2025,210.45,1472.14,1697.94,97.0,FlashReport_July_2025.pdf,65,Table 6: All Ongoing Projects,SUCCESS
2025-07,773,701392,,PRIMARY_IDENTIFIER,Krishna Koyana Lift Irrigation Project,Department of water resources-MH - II,"Department of Water Resources, River Development & GR",Water Resources,Maharashtra,12/2019,04/2009,,12/2023,973.62,2774.9,1069.82,90.0,FlashReport_July_2025.pdf,65,Table 6: All Ongoing Projects,SUCCESS
2025-07,774,701396,,PRIMARY_IDENTIFIER,Lower Pedhi Project,Department of water resources-MH - II,"Department of Water Resources, River Development & GR",Water Resources,Maharashtra,12/2019,04/2008,,06/2026,255.97,1480.7,1324.78,64.0,FlashReport_July_2025.pdf,65,Table 6: All Ongoing Projects,SUCCESS
2025-07,775,701398,,PRIMARY_IDENTIFIER,Nardave Medium Irrigation Project,Department of water resources-MH - II,"Department of Water Resources, River Development & GR",Water Resources,Maharashtra,12/2019,04/2009,,03/2025,211.46,781.85,623.5,72.59,FlashReport_July_2025.pdf,65,Table 6: All Ongoing Projects,SUCCESS
2025-07,776,701400,,PRIMARY_IDENTIFIER,Thoubal Multipurpose Project,Water Resources Department-MN,"Department of Water Resources, River Development & GR",Water Resources,Manipur,12/2019,04/1997,,03/2026,1449.44,1822.24,1837.91,98.0,FlashReport_July_2025.pdf,65,Table 6: All Ongoing Projects,SUCCESS
2025-07,777,701412,,PRIMARY_IDENTIFIER,North Koel Reservoir Project Multi-States,"Department of Water Resources, River Development & GR","Department of Water Resources, River Development & GR",Water Resources,,03/2021,01/2021,,03/2026,1622.27,2430.76,142.1,32.0,FlashReport_July_2025.pdf,65,Table 6: All Ongoing Projects,SUCCESS
2025-07,778,603945,,PRIMARY_IDENTIFIER,Integrated Anandpur Barrage Project,Water Resources-OR,"Department of Water Resources, River Development & GR",Water Resources,Odisha,12/2019,01/1998,,06/2025,567.03,2990.05,2629.74,62.0,FlashReport_July_2025.pdf,65,Table 6: All Ongoing Projects,SUCCESS
2025-07,779,701404,,PRIMARY_IDENTIFIER,Kanupur Irrigation Project,Irrigation and CAD-TG,"Department of Water Resources, River Development & GR",Water Resources,Odisha,12/2019,01/2004,,12/2024,989.43,2301.28,2563.56,79.0,FlashReport_July_2025.pdf,65,Table 6: All Ongoing Projects,SUCCESS
2025-07,780,701410,,PRIMARY_IDENTIFIER,Relining of Rajasthan feeder and Sirhind Feeder canal,Department of Water Resources-PB,"Department of Water Resources, River Development & GR",Water Resources,Punjab,06/2021,04/2018,,06/2025,1441.26,2462.16,2962.99,80.0,FlashReport_July_2025.pdf,65,Table 6: All Ongoing Projects,SUCCESS
2025-07,781,701411,,PRIMARY_IDENTIFIER,Shahpur Kandi Dam Project,Department of Water Resources-PB,"Department of Water Resources, River Development & GR",Water Resources,Punjab,06/2022,04/2018,,10/2025,2285.81,2715.7,2072.33,80.0,FlashReport_July_2025.pdf,65,Table 6: All Ongoing Projects,SUCCESS
2025-07,782,400094,,PRIMARY_IDENTIFIER,J. ChokhaRao LIS CADWM Project,Irrigation and CAD-TG,"Department of Water Resources, River Development & GR",Water Resources,Telangana,12/2019,04/2016,,03/2023,759.94,13445.4,0.0,0.0,FlashReport_July_2025.pdf,65,Table 6: All Ongoing Projects,SUCCESS
2025-07,783,400102,,PRIMARY_IDENTIFIER,Sri Ram Sagar Project Stage - II,Irrigation and CAD-TG,"Department of Water Resources, River Development & GR",Water Resources,Telangana,12/2019,04/2005,,12/2024,736.13,949.87,940.7,96.0,FlashReport_July_2025.pdf,65,Table 6: All Ongoing Projects,SUCCESS
2025-07,784,400103,,PRIMARY_IDENTIFIER,Indiramma Flood Flow Canal Project,Irrigation and CAD-TG,"Department of Water Resources, River Development & GR",Water Resources,Telangana,12/2019,01/2006,,03/2025,1331.3,5940.09,4491.08,92.0,FlashReport_July_2025.pdf,65,Table 6: All Ongoing Projects,SUCCESS
2025-07,785,701405,,PRIMARY_IDENTIFIER,J. Chokka Rao Devadula Lift Irrigation Scheme,Irrigation and CAD-TG,"Department of Water Resources, River Development & GR",Water Resources,Telangana,12/2019,04/2006,,12/2025,8200.71,14730.0,4558.89,87.0,FlashReport_July_2025.pdf,65,Table 6: All Ongoing Projects,SUCCESS
2025-07,786,701406,,PRIMARY_IDENTIFIER,Rajiv Bhima Lift Irrigation Scheme,Irrigation and CAD-TG,"Department of Water Resources, River Development & GR",Water Resources,Telangana,12/2019,01/2008,,03/2026,1402.0,2509.66,1839.76,100.0,FlashReport_July_2025.pdf,65,Table 6: All Ongoing Projects,SUCCESS
2025-07,787,400093,,PRIMARY_IDENTIFIER,Saryu Nahar CADWM Project,Irrigation & Water Resources-UP,"Department of Water Resources, River Development & GR",Water Resources,Uttar Pradesh,12/2019,04/2017,,03/2026,1672.7,1672.7,0.0,0.0,FlashReport_July_2025.pdf,65,Table 6: All Ongoing Projects,SUCCESS
2025-07,788,400117,,PRIMARY_IDENTIFIER,Arjun Sahayak Project,Irrigation & Water Resources-UP,"Department of Water Resources, River Development & GR",Water Resources,Uttar Pradesh,12/2019,04/2009,,12/2019,741.38,2465.68,3218.3,100.0,FlashReport_July_2025.pdf,65,Table 6: All Ongoing Projects,SUCCESS
2025-07,789,701395,,PRIMARY_IDENTIFIER,Morna [Gureghar] Irrigation Project,"Department of Water Resources, River Development & GR","Department of Water Resources, River Development & GR",Water Resources,Uttar Pradesh,06/2023,12/2007,,,219.9,219.9,0.0,0.0,FlashReport_July_2025.pdf,66,Table 6: All Ongoing Projects,SUCCESS
2025-07,790,701408,,PRIMARY_IDENTIFIER,Madhya Ganga canal Phase-II,Irrigation & Water Resources-UP,"Department of Water Resources, River Development & GR",Water Resources,Uttar Pradesh,12/2019,07/2007,,12/2024,1060.67,4417.21,4415.24,82.0,FlashReport_July_2025.pdf,66,Table 6: All Ongoing Projects,SUCCESS
2025-07,791,613787,,PRIMARY_IDENTIFIER,Jamrani Dam Multipurpose Project,Irrigation-UK,"Department of Water Resources, River Development & GR",Water Resources,Uttarakhand,06/2029,04/2023,,,2584.1,2584.1,486.52,16.0,FlashReport_July_2025.pdf,66,Table 6: All Ongoing Projects,SUCCESS
